bot,side,entry_time,time,pnl,reason,layer,lot,entry_px,exit_px,sl_initial,sl_final,be_done,mfe,mae,bars_held,atr_entry,risk_pct
ichi,BUY,2021-09-27 10:15:00,2021-09-27 10:25:00,0.05,sl,kijun_pullback,0.01,1758.75,1758.8,1755.402821947913,1758.8,True,2.0,0.41,3,1.674,0.694
ichi,SELL,2021-09-27 17:45:00,2021-09-28 04:35:00,0.05,sl,kijun_pullback,0.01,1750.98,1750.93,1756.5629661414564,1750.93,True,3.55,3.33,117,2.791,1.157
ichi,SELL,2021-09-28 11:15:00,2021-09-28 12:45:00,1.57,sl,tenkan_momentum,0.01,1741.29,1739.72,1745.790371126092,1739.72,True,3.37,2.81,19,2.25,0.932
ichi,SELL,2021-09-28 16:45:00,2021-09-29 05:50:00,-8.51,sl,tenkan_momentum,0.01,1732.85,1741.361959438352,1741.361959438352,1741.361959438352,False,2.91,8.81,144,4.256,1.758
ichi,BUY,2021-09-29 15:00:00,2021-09-29 15:20:00,-3.62,sl,tenkan_momentum,0.01,1743.78,1740.1598935528548,1740.1598935528548,1740.1598935528548,False,0.0,5.16,5,1.81,0.761
ichi,SELL,2021-09-29 16:30:00,2021-09-29 17:15:00,7.33,tp,tenkan_momentum,0.01,1736.53,1729.202543540524,1741.414970972984,1731.96,True,8.85,4.18,10,2.442,1.035
ichi,SELL,2021-09-29 18:45:00,2021-09-29 20:40:00,6.46,sl,tenkan_momentum,0.01,1730.8,1724.34,1736.8758255126563,1724.34,True,8.89,0.89,24,3.038,1.267
ichi,SELL,2021-09-30 13:00:00,2021-09-30 13:45:00,3.16,sl,kijun_pullback,0.01,1729.37,1726.21,1733.1670972674933,1726.21,True,4.68,0.79,10,1.899,0.782
ichi,BUY,2021-10-01 10:00:00,2021-10-01 10:50:00,-3.71,sl,tenkan_momentum,0.01,1756.02,1752.3098198366026,1752.3098198366026,1752.3098198366026,False,1.22,3.96,11,1.855,0.759
ichi,BUY,2021-10-01 16:15:00,2021-10-01 17:25:00,1.31,gap,kijun_pullback,0.01,1757.31,1758.62,1751.9592294178037,1758.95,True,3.78,4.59,15,2.675,1.103
ichi,BUY,2021-10-01 18:00:00,2021-10-01 20:00:00,0.05,sl,kijun_pullback,0.01,1758.92,1758.97,1752.173951578158,1758.97,True,3.91,3.1,25,3.373,1.386
ichi,SELL,2021-10-05 12:45:00,2021-10-05 13:35:00,1.32,sl,kijun_pullback,0.01,1757.9,1756.58,1761.4418583870133,1756.58,True,2.74,0.67,11,1.771,0.728
ichi,SELL,2021-10-05 16:15:00,2021-10-05 17:00:00,0.05,sl,kijun_pullback,0.01,1753.35,1753.3,1758.2398089633757,1753.3,True,3.12,3.36,10,2.445,1.002
ichi,SELL,2021-10-06 08:30:00,2021-10-06 09:00:00,0.93,sl,tenkan_momentum,0.01,1753.47,1752.54,1756.397229420458,1752.54,True,2.69,0.36,7,1.464,0.6
ichi,SELL,2021-10-06 10:00:00,2021-10-06 10:15:00,2.91,sl,tenkan_momentum,0.01,1752.39,1749.48,1756.4173094320463,1749.48,True,4.52,0.96,4,2.014,0.824
ichi,SELL,2021-10-06 13:45:00,2021-10-06 14:15:00,-4.32,sl,kijun_pullback,0.01,1749.07,1753.3931379709506,1753.3931379709506,1753.3931379709506,False,0.23,4.89,7,2.162,0.879
ichi,BUY,2021-10-06 17:00:00,2021-10-06 17:55:00,2.84,sl,tenkan_momentum,0.01,1758.99,1761.83,1752.8479673200354,1761.83,True,5.3,1.64,12,3.071,1.26
ichi,BUY,2021-10-06 18:30:00,2021-10-06 20:25:00,2.47,sl,kijun_pullback,0.01,1758.72,1761.19,1752.313887613002,1761.19,True,5.03,0.44,24,3.203,1.306
ichi,BUY,2021-10-07 02:30:00,2021-10-07 04:10:00,-4.86,sl,kijun_pullback,0.02,1763.93,1761.5000159887597,1761.5000159887597,1761.5000159887597,False,0.5,5.16,21,1.215,0.986
ichi,SELL,2021-10-07 18:00:00,2021-10-08 03:55:00,0.05,sl,kijun_pullback,0.01,1756.63,1756.58,1762.188430889857,1756.58,True,2.92,3.61,106,2.779,1.139
ichi,BUY,2021-10-08 15:45:00,2021-10-08 16:30:00,3.52,sl,kijun_pullback,0.01,1774.93,1778.45,1768.632371151312,1778.45,True,6.34,4.5,10,3.149,1.29
ichi,SELL,2021-10-11 01:30:00,2021-10-11 03:05:00,-4.17,sl,kijun_pullback,0.01,1752.83,1757.0013738012335,1757.0013738012335,1757.0013738012335,False,1.42,5.27,20,2.086,0.849
ichi,SELL,2021-10-11 08:45:00,2021-10-11 10:05:00,0.05,sl,tenkan_momentum,0.01,1755.48,1755.43,1758.697426236208,1755.43,True,1.66,2.15,17,1.609,0.66
ichi,SELL,2021-10-11 11:30:00,2021-10-11 12:40:00,0.88,sl,kijun_pullback,0.01,1754.81,1753.93,1758.234424622878,1753.93,True,2.25,0.87,15,1.712,0.703
ichi,SELL,2021-10-11 13:00:00,2021-10-11 15:15:00,-3.33,sl,kijun_pullback,0.01,1754.75,1758.0763504961699,1758.0763504961699,1758.0763504961699,False,1.43,3.47,28,1.663,0.681
ichi,SELL,2021-10-12 04:00:00,2021-10-12 04:10:00,-2.79,sl,tenkan_momentum,0.01,1752.0,1754.793970741101,1754.793970741101,1754.793970741101,False,0.94,4.18,3,1.397,0.576
ichi,BUY,2021-10-12 14:30:00,2021-10-12 15:20:00,-3.63,sl,tenkan_momentum,0.01,1764.02,1760.387072051254,1760.387072051254,1760.387072051254,False,0.6,4.31,11,1.816,0.753
ichi,BUY,2021-10-12 17:00:00,2021-10-12 18:15:00,-6.62,sl,kijun_pullback,0.01,1768.58,1761.9615370164165,1761.9615370164165,1761.9615370164165,False,0.73,6.8,16,3.309,1.383
ichi,BUY,2021-10-13 05:00:00,2021-10-13 09:55:00,0.1,sl,tenkan_momentum,0.02,1762.49,1762.54,1760.1840184623377,1762.54,True,2.56,4.5,60,1.153,0.977
ichi,BUY,2021-10-13 10:15:00,2021-10-13 10:45:00,1.99,sl,kijun_pullback,0.01,1762.79,1764.78,1760.361070659077,1764.78,True,2.96,0.47,7,1.214,0.515
ichi,BUY,2021-10-13 16:45:00,2021-10-13 17:15:00,3.35,gap,kijun_pullback,0.01,1779.22,1782.57,1770.8455603035688,1783.65,True,7.78,1.07,7,4.187,1.767
ichi,BUY,2021-10-14 01:45:00,2021-10-14 04:50:00,-3.57,sl,kijun_pullback,0.01,1793.76,1790.1882075064184,1790.1882075064184,1790.1882075064184,False,0.05,4.68,38,1.786,0.748
ichi,BUY,2021-10-14 10:45:00,2021-10-14 11:40:00,2.08,gap,kijun_pullback,0.01,1794.12,1796.2,1790.886752246846,1796.26,True,3.43,1.32,12,1.617,0.682
ichi,BUY,2021-10-14 15:30:00,2021-10-14 15:50:00,0.05,sl,kijun_pullback,0.01,1796.96,1797.01,1792.6886980392821,1797.01,True,2.77,0.93,5,2.136,0.898
ichi,BUY,2021-10-14 17:15:00,2021-10-15 08:15:00,-5.18,sl,kijun_pullback,0.01,1798.3,1793.1184234790805,1793.1184234790805,1793.1184234790805,False,1.08,5.62,167,2.591,1.089
ichi,SELL,2021-10-18 09:15:00,2021-10-18 09:30:00,-3.54,sl,kijun_pullback,0.01,1762.39,1765.9269640178543,1765.9269640178543,1765.9269640178543,False,0.13,3.73,4,1.768,0.751
ichi,SELL,2021-10-18 10:45:00,2021-10-18 11:30:00,1.83,sl,kijun_pullback,0.01,1764.93,1763.1,1768.9665177846357,1763.1,True,3.44,2.27,10,2.018,0.864
ichi,BUY,2021-10-19 12:45:00,2021-10-19 14:05:00,-3.2,sl,kijun_pullback,0.01,1780.4,1777.1969651436543,1777.1969651436543,1777.1969651436543,False,0.0,4.3,17,1.602,0.683
ichi,BUY,2021-10-19 14:45:00,2021-10-19 15:20:00,2.05,sl,tenkan_momentum,0.01,1781.04,1783.09,1777.5331288100194,1783.09,True,3.45,2.98,8,1.753,0.753
ichi,BUY,2021-10-19 16:30:00,2021-10-19 17:15:00,-5.56,sl,kijun_pullback,0.01,1781.2,1775.644054093285,1775.644054093285,1775.644054093285,False,0.0,8.87,10,2.778,1.187
ichi,SELL,2021-10-20 01:45:00,2021-10-20 03:15:00,0.73,gap,kijun_pullback,0.01,1769.52,1768.79,1771.9303045862753,1768.75,True,1.73,0.27,19,1.205,0.521
ichi,SELL,2021-10-20 03:30:00,2021-10-20 04:00:00,-4.5,sl,tenkan_momentum,0.02,1767.39,1769.6389294909225,1769.6389294909225,1769.6389294909225,False,0.46,5.8,7,1.124,0.971
ichi,BUY,2021-10-20 15:15:00,2021-10-20 15:40:00,2.15,sl,kijun_pullback,0.01,1783.9,1786.05,1780.1052715036571,1786.05,True,4.54,2.5,6,1.897,0.827
ichi,BUY,2021-10-20 17:30:00,2021-10-20 20:00:00,1.75,sl,kijun_pullback,0.01,1782.24,1783.99,1776.032676703659,1783.99,True,5.28,0.88,31,3.104,1.347
ichi,BUY,2021-10-21 06:30:00,2021-10-21 08:30:00,-3.17,sl,tenkan_momentum,0.01,1786.76,1783.5922198306876,1783.5922198306876,1783.5922198306876,False,0.0,3.44,25,1.584,0.685
ichi,BUY,2021-10-22 09:30:00,2021-10-22 09:45:00,4.3,tp,tenkan_momentum,0.01,1788.52,1792.8204603676759,1785.6530264215494,1791.63,True,4.71,0.26,4,1.433,0.624
ichi,BUY,2021-10-22 15:15:00,2021-10-22 15:25:00,3.22,gap,tenkan_momentum,0.01,1793.99,1797.21,1789.9277991548097,1797.4,True,5.88,0.8,3,2.031,0.876
ichi,BUY,2021-10-25 10:30:00,2021-10-25 11:25:00,1.07,sl,tenkan_momentum,0.01,1799.22,1800.29,1795.4059038564353,1800.29,True,2.6,2.36,12,1.907,0.817
ichi,BUY,2021-10-25 15:45:00,2021-10-25 16:35:00,0.05,sl,tenkan_momentum,0.01,1803.56,1803.61,1799.719226023585,1803.61,True,2.99,1.89,11,1.92,0.821
ichi,BUY,2021-10-25 18:00:00,2021-10-26 07:15:00,-4.69,sl,tenkan_momentum,0.01,1807.31,1802.6170157525767,1802.6170157525767,1802.6170157525767,False,1.42,4.71,146,2.346,1.003
ichi,SELL,2021-10-26 16:30:00,2021-10-26 16:40:00,3.03,gap,kijun_pullback,0.01,1796.02,1792.99,1801.7969904936667,1791.9,True,6.43,0.32,3,2.888,1.247
ichi,SELL,2021-10-27 10:15:00,2021-10-27 10:25:00,1.0,sl,kijun_pullback,0.01,1788.47,1787.47,1791.7522806670981,1787.47,True,2.46,0.35,3,1.641,0.704
ichi,SELL,2021-10-27 12:30:00,2021-10-27 13:40:00,-3.93,sl,tenkan_momentum,0.01,1785.47,1789.3956897429498,1789.3956897429498,1789.3956897429498,False,1.39,4.51,15,1.963,0.84
ichi,BUY,2021-10-28 02:30:00,2021-10-28 03:35:00,-2.72,sl,kijun_pullback,0.01,1797.26,1794.5445061779458,1794.5445061779458,1794.5445061779458,False,0.0,2.74,14,1.358,0.586
ichi,BUY,2021-10-28 05:15:00,2021-10-28 05:45:00,2.21,sl,kijun_pullback,0.01,1799.74,1801.95,1796.5631183418961,1801.95,True,3.48,0.65,7,1.588,0.69
ichi,BUY,2021-10-28 11:15:00,2021-10-28 12:10:00,-3.21,sl,tenkan_momentum,0.01,1803.08,1799.8671300085475,1799.8671300085475,1799.8671300085475,False,0.13,4.03,12,1.606,0.694
ichi,BUY,2021-10-28 16:15:00,2021-10-28 16:35:00,1.87,gap,tenkan_momentum,0.01,1804.6299999999999,1806.5,1798.43768801666,1807.9,True,5.75,3.81,5,3.096,1.347
ichi,SELL,2021-10-29 08:45:00,2021-10-29 10:00:00,1.53,sl,kijun_pullback,0.01,1796.12,1794.59,1799.1833730012327,1794.59,True,2.85,1.66,16,1.532,0.664
ichi,SELL,2021-10-29 11:00:00,2021-10-29 11:45:00,2.81,sl,kijun_pullback,0.01,1795.63,1792.82,1799.4171897333524,1792.82,True,4.36,1.0,10,1.894,0.818
ichi,SELL,2021-10-29 15:15:00,2021-10-29 15:30:00,-4.8,sl,kijun_pullback,0.01,1786.74,1791.5402129375632,1791.5402129375632,1791.5402129375632,False,4.05,6.18,4,2.4,1.03
ichi,SELL,2021-10-29 21:00:00,2021-11-01 08:00:00,-5.93,sl,kijun_pullback,0.01,1781.72,1787.6491275015728,1787.6491275015728,1787.6491275015728,False,2.34,6.11,131,2.965,1.286
ichi,BUY,2021-11-02 11:00:00,2021-11-02 12:30:00,-3.1,sl,kijun_pullback,0.01,1795.03,1791.929184625231,1791.929184625231,1791.929184625231,False,0.61,3.63,19,1.55,0.681
ichi,BUY,2021-11-02 12:35:00,2021-11-02 13:45:00,-3.22,sl,kijun_pullback,0.01,1792.16,1788.9378494507134,1788.9378494507134,1788.9378494507134,False,1.2,3.82,15,1.611,0.713
ichi,SELL,2021-11-02 16:15:00,2021-11-03 02:35:00,3.42,gap,kijun_pullback,0.01,1788.5,1785.08,1793.7749183773547,1784.89,True,5.72,4.98,111,2.637,1.175
ichi,SELL,2021-11-03 02:40:00,2021-11-03 04:10:00,4.18,tp,kijun_pullback,0.01,1785.45,1781.266735317884,1788.2388431214108,1783.01,True,4.21,1.87,19,1.394,0.617
ichi,SELL,2021-11-03 08:45:00,2021-11-03 10:25:00,-3.06,sl,tenkan_momentum,0.01,1780.16,1783.2209972536887,1783.2209972536887,1783.2209972536887,False,0.41,3.59,21,1.53,0.671
ichi,SELL,2021-11-03 14:45:00,2021-11-03 15:30:00,7.11,tp,kijun_pullback,0.01,1776.1,1768.9894396607226,1780.8403735595182,1771.2,True,9.18,1.58,10,2.37,1.046
ichi,BUY,2021-11-04 21:00:00,2021-11-05 03:50:00,1.12,sl,kijun_pullback,0.01,1792.76,1793.88,1788.9904544659412,1793.88,True,2.63,2.69,69,1.885,0.819
ichi,BUY,2021-11-05 07:45:00,2021-11-05 09:10:00,0.85,sl,tenkan_momentum,0.01,1795.98,1796.83,1793.3657105854686,1796.83,True,1.9,1.08,18,1.307,0.566
ichi,BUY,2021-11-05 10:15:00,2021-11-05 10:30:00,1.52,gap,kijun_pullback,0.01,1796.96,1798.48,1793.7785921255681,1798.87,True,3.18,0.34,4,1.591,0.688
ichi,BUY,2021-11-05 15:30:00,2021-11-05 17:45:00,6.83,sl,kijun_pullback,0.01,1802.06,1808.89,1794.8514486460924,1808.89,True,9.71,6.27,28,3.604,1.554
ichi,BUY,2021-11-08 03:15:00,2021-11-08 10:35:00,-4.69,sl,kijun_pullback,0.01,1819.3,1814.6119861916848,1814.6119861916848,1814.6119861916848,False,2.18,4.7,89,2.344,0.996
ichi,BUY,2021-11-08 15:30:00,2021-11-08 15:35:00,-4.99,sl,kijun_pullback,0.01,1823.8799999999999,1818.8934491436705,1818.8934491436705,1818.8934491436705,False,0.03,5.88,2,2.493,1.07
ichi,BUY,2021-11-08 18:15:00,2021-11-08 22:45:00,1.61,sl,kijun_pullback,0.01,1822.77,1824.38,1817.6130041714193,1824.38,True,3.67,0.33,55,2.578,1.118
ichi,BUY,2021-11-09 01:45:00,2021-11-09 03:25:00,2.4,sl,kijun_pullback,0.02,1825.07,1826.27,1822.7565744618137,1826.27,True,4.26,3.3,21,1.157,1.0
ichi,BUY,2021-11-09 03:30:00,2021-11-09 03:40:00,-2.58,sl,kijun_pullback,0.01,1826.28,1823.6982701898314,1823.6982701898314,1823.6982701898314,False,0.0,2.84,3,1.291,0.555
ichi,BUY,2021-11-09 15:15:00,2021-11-09 15:35:00,-0.16,gap,tenkan_momentum,0.01,1826.55,1826.39,1822.194336349547,1828.14,True,3.33,2.67,5,2.178,0.942
ichi,BUY,2021-11-09 16:45:00,2021-11-09 17:05:00,-5.43,sl,kijun_pullback,0.01,1828.64,1823.2144823201618,1823.2144823201618,1823.2144823201618,False,1.02,8.29,5,2.713,1.173
ichi,BUY,2021-11-10 02:00:00,2021-11-10 04:20:00,-2.97,sl,kijun_pullback,0.01,1830.15,1827.1762377831196,1827.1762377831196,1827.1762377831196,False,0.88,3.0,29,1.487,0.651
ichi,BUY,2021-11-10 15:45:00,2021-11-10 16:35:00,11.03,tp,kijun_pullback,0.01,1851.33,1862.3596450772109,1843.9769032818592,1859.14,True,15.58,5.91,11,3.677,1.62
ichi,BUY,2021-11-11 15:45:00,2021-11-11 16:00:00,0.05,sl,kijun_pullback,0.01,1862.7,1862.75,1856.9813475058675,1862.75,True,3.3,0.97,4,2.859,1.23
ichi,BUY,2021-11-11 17:15:00,2021-11-12 04:35:00,-6.09,sl,tenkan_momentum,0.01,1862.62,1856.5254213610835,1856.5254213610835,1856.5254213610835,False,1.11,6.83,123,3.047,1.31
ichi,BUY,2021-11-12 16:15:00,2021-11-12 17:10:00,4.26,sl,tenkan_momentum,0.01,1856.73,1860.99,1851.6200155178217,1860.99,True,6.33,1.4,12,2.555,1.113
ichi,BUY,2021-11-15 02:00:00,2021-11-15 03:15:00,-3.55,sl,kijun_pullback,0.01,1865.7,1862.1492324670799,1862.1492324670799,1862.1492324670799,False,0.3,4.72,16,1.775,0.767
ichi,BUY,2021-11-15 13:00:00,2021-11-15 15:15:00,3.21,sl,tenkan_momentum,0.01,1863.43,1866.64,1859.8227103116085,1866.64,True,6.87,2.84,28,1.804,0.785
ichi,BUY,2021-11-15 15:45:00,2021-11-15 16:40:00,-4.93,sl,kijun_pullback,0.01,1865.28,1860.350008304159,1860.350008304159,1860.350008304159,False,0.21,5.25,12,2.465,1.065
ichi,BUY,2021-11-16 06:00:00,2021-11-16 06:35:00,-3.18,sl,tenkan_momentum,0.01,1867.29,1864.112883916352,1864.112883916352,1864.112883916352,False,0.29,3.29,8,1.589,0.694
ichi,BUY,2021-11-16 11:00:00,2021-11-16 11:20:00,0.05,sl,kijun_pullback,0.01,1872.34,1872.39,1867.7681566186432,1872.39,True,2.51,1.78,5,2.286,1.005
ichi,BUY,2021-11-16 15:45:00,2021-11-16 15:55:00,-6.0,sl,kijun_pullback,0.01,1872.05,1866.0467592879313,1866.0467592879313,1866.0467592879313,False,2.1,6.62,3,3.002,1.32
ichi,BUY,2021-11-17 15:30:00,2021-11-17 16:40:00,1.12,sl,tenkan_momentum,0.01,1863.84,1864.96,1859.4682332084533,1864.96,True,2.87,3.8,15,2.186,0.974
ichi,BUY,2021-11-17 18:30:00,2021-11-17 21:00:00,0.05,sl,tenkan_momentum,0.01,1865.22,1865.27,1860.2524423830557,1865.27,True,2.81,2.17,31,2.484,1.104
ichi,BUY,2021-11-18 04:15:00,2021-11-18 04:45:00,-3.09,sl,tenkan_momentum,0.01,1869.22,1866.129293011097,1866.129293011097,1866.129293011097,False,0.74,3.75,7,1.545,0.687
ichi,SELL,2021-11-18 17:30:00,2021-11-19 11:20:00,5.87,sl,kijun_pullback,0.01,1860.42,1854.55,1867.2721845208252,1854.55,True,8.61,3.56,201,3.426,1.533
ichi,SELL,2021-11-19 19:45:00,2021-11-22 13:05:00,3.14,sl,kijun_pullback,0.01,1843.73,1840.59,1851.2573441137827,1840.59,True,6.15,7.11,195,3.764,1.662
ichi,SELL,2021-11-22 14:15:00,2021-11-22 15:35:00,1.66,sl,kijun_pullback,0.01,1840.1,1838.44,1844.7977384536177,1838.44,True,4.91,2.9,17,2.349,1.03
ichi,SELL,2021-11-22 16:00:00,2021-11-22 16:10:00,6.13,sl,kijun_pullback,0.01,1837.96,1831.83,1844.7981565126456,1831.83,True,9.71,0.92,3,3.419,1.494
ichi,SELL,2021-11-23 02:15:00,2021-11-23 09:05:00,3.57,sl,kijun_pullback,0.01,1808.67,1805.1,1813.5745998193481,1805.1,True,5.53,4.04,83,2.452,1.058
ichi,SELL,2021-11-23 10:15:00,2021-11-23 10:55:00,6.77,tp,tenkan_momentum,0.01,1806.12,1799.3458455832208,1810.6361029445193,1803.54,True,7.0,1.57,9,2.258,0.966
ichi,SELL,2021-11-23 17:15:00,2021-11-23 18:30:00,2.26,sl,tenkan_momentum,0.01,1787.56,1785.3,1794.9876414381201,1785.3,True,5.23,1.65,16,3.714,1.567
ichi,SELL,2021-11-24 12:15:00,2021-11-24 13:10:00,1.99,sl,kijun_pullback,0.01,1789.79,1787.8,1793.8610197477904,1787.8,True,3.93,1.76,12,2.036,0.855
ichi,SELL,2021-11-24 13:45:00,2021-11-24 15:00:00,2.69,sl,tenkan_momentum,0.01,1788.91,1786.22,1793.1501088616633,1786.22,True,4.39,0.45,16,2.12,0.886
ichi,SELL,2021-11-24 16:00:00,2021-11-24 16:15:00,2.19,gap,tenkan_momentum,0.01,1784.64,1782.45,1790.5834701249792,1781.18,True,5.84,1.47,4,2.972,1.236
ichi,SELL,2021-11-25 19:00:00,2021-11-26 01:25:00,-2.44,sl,kijun_pullback,0.01,1789.52,1791.9589754922363,1791.9589754922363,1791.9589754922363,False,1.19,2.46,17,1.219,0.505
ichi,BUY,2021-11-26 11:00:00,2021-11-26 11:30:00,2.77,sl,kijun_pullback,0.01,1803.07,1805.84,1797.0985572689772,1805.84,True,5.16,1.06,7,2.986,1.242
ichi,SELL,2021-11-29 14:30:00,2021-11-29 16:05:00,2.87,sl,tenkan_momentum,0.01,1791.23,1788.36,1795.6808623215004,1788.36,True,4.65,3.17,20,2.225,0.921
ichi,BUY,2021-11-30 11:15:00,2021-11-30 12:00:00,3.78,sl,kijun_pullback,0.01,1792.85,1796.63,1788.1749439105724,1796.63,True,5.65,0.6,10,2.338,0.961
ichi,BUY,2021-11-30 17:00:00,2021-11-30 17:20:00,3.54,sl,kijun_pullback,0.01,1802.6299999999999,1806.17,1796.2027534115996,1806.17,True,6.11,0.41,5,3.214,1.311
ichi,SELL,2021-12-01 01:45:00,2021-12-01 03:00:00,-5.03,sl,kijun_pullback,0.01,1773.55,1778.5796449055945,1778.5796449055945,1778.5796449055945,False,1.12,5.11,16,2.515,1.019
ichi,BUY,2021-12-01 08:45:00,2021-12-01 10:05:00,-5.38,sl,tenkan_momentum,0.01,1788.21,1782.8325483396582,1782.8325483396582,1782.8325483396582,False,1.0,5.79,17,2.689,1.1
ichi,BUY,2021-12-01 15:30:00,2021-12-01 17:10:00,1.64,sl,tenkan_momentum,0.01,1788.24,1789.88,1782.366100152075,1789.88,True,3.99,5.06,21,2.937,1.215
ichi,SELL,2021-12-02 02:15:00,2021-12-02 07:20:00,1.23,sl,kijun_pullback,0.01,1779.79,1778.56,1784.2776336756406,1778.56,True,3.22,2.44,62,2.244,0.925
ichi,SELL,2021-12-02 10:30:00,2021-12-02 12:05:00,-4.43,sl,kijun_pullback,0.01,1770.03,1774.464446025505,1774.464446025505,1774.464446025505,False,0.0,4.96,20,2.217,0.912
ichi,SELL,2021-12-02 16:45:00,2021-12-02 17:00:00,3.8,sl,kijun_pullback,0.01,1770.29,1766.49,1777.3980723343625,1766.49,True,6.64,0.7,4,3.554,1.476
ichi,SELL,2021-12-03 15:30:00,2021-12-03 15:30:00,-5.18,sl,kijun_pullback,0.01,1769.73,1774.9144847247344,1774.9144847247344,1774.9144847247344,False,0.0,9.12,1,2.592,1.068
ichi,BUY,2021-12-06 03:00:00,2021-12-06 05:00:00,2.6,sl,kijun_pullback,0.01,1783.55,1786.15,1779.6411524873802,1786.15,True,4.16,1.43,25,1.954,0.814
ichi,SELL,2021-12-06 18:00:00,2021-12-06 18:45:00,-4.85,sl,tenkan_momentum,0.01,1778.32,1783.1652185466303,1783.1652185466303,1783.1652185466303,False,0.35,5.03,10,2.423,1.003
ichi,BUY,2021-12-08 03:30:00,2021-12-08 04:10:00,3.75,tp,kijun_pullback,0.01,1785.7,1789.4526802139342,1783.1982131907105,1788.23,True,3.97,0.72,9,1.251,0.523
ichi,BUY,2021-12-08 09:30:00,2021-12-08 09:50:00,0.84,sl,tenkan_momentum,0.01,1789.59,1790.43,1786.7657303718884,1790.43,True,1.97,0.27,5,1.412,0.586
ichi,BUY,2021-12-08 12:45:00,2021-12-08 13:15:00,-3.17,sl,kijun_pullback,0.01,1792.33,1789.1553671931392,1789.1553671931392,1789.1553671931392,False,0.29,3.47,7,1.587,0.658
ichi,SELL,2021-12-08 17:30:00,2021-12-08 22:15:00,-5.02,sl,tenkan_momentum,0.01,1781.88,1786.9030541095506,1786.9030541095506,1786.9030541095506,False,1.37,5.1,58,2.512,1.048
ichi,BUY,2021-12-09 10:30:00,2021-12-09 11:35:00,-3.1,sl,kijun_pullback,0.01,1785.5,1782.3995415563681,1782.3995415563681,1782.3995415563681,False,0.45,3.23,14,1.55,0.653
ichi,SELL,2021-12-09 13:00:00,2021-12-09 14:15:00,4.84,tp,tenkan_momentum,0.01,1782.96,1778.124736552768,1786.1835089648214,1780.3,True,6.12,1.31,16,1.612,0.684
ichi,SELL,2021-12-09 16:45:00,2021-12-09 20:45:00,0.05,sl,kijun_pullback,0.01,1777.17,1777.12,1783.1598357434434,1777.12,True,3.64,4.0,49,2.995,1.258
ichi,SELL,2021-12-10 08:15:00,2021-12-10 08:25:00,1.38,gap,kijun_pullback,0.01,1774.42,1773.04,1777.2412652935716,1772.88,True,2.67,0.36,3,1.411,0.592
ichi,BUY,2021-12-10 17:15:00,2021-12-10 19:00:00,2.21,sl,tenkan_momentum,0.01,1781.83,1784.04,1775.789640096725,1784.04,True,4.63,1.11,22,3.02,1.265
ichi,BUY,2021-12-13 01:30:00,2021-12-13 03:50:00,1.19,sl,kijun_pullback,0.01,1784.62,1785.81,1782.2153310005735,1785.81,True,2.23,2.11,29,1.202,0.501
ichi,BUY,2021-12-13 07:30:00,2021-12-13 08:15:00,-4.37,sl,kijun_pullback,0.02,1786.49,1784.302635909349,1784.302635909349,1784.302635909349,False,0.0,4.64,10,1.094,0.909
ichi,BUY,2021-12-13 09:30:00,2021-12-13 10:45:00,0.84,sl,kijun_pullback,0.01,1785.94,1786.78,1783.5506413913288,1786.78,True,1.89,0.8,16,1.195,0.501
ichi,BUY,2021-12-13 12:15:00,2021-12-13 14:15:00,0.79,sl,tenkan_momentum,0.01,1786.6299999999999,1787.42,1783.9375694771836,1787.42,True,1.87,2.27,25,1.346,0.564
ichi,BUY,2021-12-14 04:00:00,2021-12-14 04:55:00,-4.71,sl,kijun_pullback,0.02,1788.6299999999999,1786.273023608869,1786.273023608869,1786.273023608869,False,1.8,4.78,12,1.178,0.986
ichi,BUY,2021-12-14 09:00:00,2021-12-14 09:35:00,-4.05,sl,kijun_pullback,0.02,1788.3,1786.2742964457955,1786.2742964457955,1786.2742964457955,False,0.2,4.82,8,1.013,0.855
ichi,SELL,2021-12-14 12:30:00,2021-12-14 15:25:00,2.2,gap,tenkan_momentum,0.01,1783.6,1781.4,1786.377008580431,1781.08,True,4.36,2.39,36,1.389,0.591
ichi,SELL,2021-12-14 15:30:00,2021-12-14 15:40:00,6.22,tp,kijun_pullback,0.01,1779.9,1773.6848622982786,1784.0434251344811,1778.3,True,6.58,1.74,3,2.072,0.878
ichi,SELL,2021-12-14 17:00:00,2021-12-14 17:50:00,1.67,sl,kijun_pullback,0.01,1775.87,1774.2,1781.842745097432,1774.2,True,4.31,1.0,11,2.986,1.25
ichi,SELL,2021-12-15 03:30:00,2021-12-15 06:00:00,1.42,sl,kijun_pullback,0.02,1771.58,1770.87,1773.912300558404,1770.87,True,3.28,3.88,31,1.166,0.973
ichi,SELL,2021-12-15 07:30:00,2021-12-15 07:45:00,0.1,sl,tenkan_momentum,0.02,1769.68,1769.63,1771.8809076757263,1769.63,True,2.44,1.08,4,1.1,0.915
ichi,SELL,2021-12-15 12:30:00,2021-12-15 14:00:00,-2.75,sl,kijun_pullback,0.01,1768.08,1770.8256155472031,1770.8256155472031,1770.8256155472031,False,0.1,3.06,19,1.373,0.571
ichi,SELL,2021-12-15 16:45:00,2021-12-15 17:45:00,-0.01,gap,kijun_pullback,0.01,1767.2,1767.21,1771.899559914682,1767.15,True,2.41,3.47,13,2.35,0.982
ichi,BUY,2021-12-16 10:45:00,2021-12-16 13:25:00,1.15,sl,tenkan_momentum,0.01,1786.05,1787.2,1783.069923656317,1787.2,True,2.34,1.33,33,1.49,0.623
ichi,BUY,2021-12-16 14:00:00,2021-12-16 14:00:00,-3.16,sl,tenkan_momentum,0.01,1787.64,1784.483867935521,1784.483867935521,1784.483867935521,False,0.0,3.43,1,1.578,0.658
ichi,BUY,2021-12-16 15:45:00,2021-12-16 16:15:00,2.29,sl,kijun_pullback,0.01,1786.72,1789.01,1782.1054744257224,1789.01,True,4.29,1.01,7,2.307,0.969
ichi,BUY,2021-12-17 07:30:00,2021-12-17 08:45:00,1.65,sl,tenkan_momentum,0.01,1803.59,1805.24,1800.6276878623808,1805.24,True,2.83,0.73,16,1.481,0.619
ichi,BUY,2021-12-17 12:30:00,2021-12-17 14:40:00,2.32,sl,tenkan_momentum,0.01,1808.39,1810.71,1805.196902877975,1810.71,True,3.6,2.46,27,1.597,0.665
ichi,BUY,2021-12-17 14:45:00,2021-12-17 15:35:00,0.87,sl,tenkan_momentum,0.01,1811.7,1812.57,1808.326086429425,1812.57,True,2.58,0.79,11,1.687,0.699
ichi,SELL,2021-12-20 15:00:00,2021-12-20 15:30:00,1.51,sl,kijun_pullback,0.01,1797.54,1796.03,1800.8145047561293,1796.03,True,3.07,2.96,7,1.637,0.677
ichi,SELL,2021-12-20 16:45:00,2021-12-20 17:00:00,0.05,sl,tenkan_momentum,0.01,1794.6,1794.55,1799.283331929812,1794.55,True,2.6,2.35,4,2.342,0.966
ichi,SELL,2021-12-20 18:15:00,2021-12-20 22:20:00,4.32,sl,kijun_pullback,0.01,1795.3,1790.98,1800.2066885514332,1790.98,True,6.28,1.03,50,2.453,1.012
ichi,SELL,2021-12-21 02:45:00,2021-12-21 07:30:00,-2.81,sl,kijun_pullback,0.01,1790.55,1793.3572643293255,1793.3572643293255,1793.3572643293255,False,0.95,3.02,58,1.404,0.574
ichi,SELL,2021-12-21 09:00:00,2021-12-21 09:20:00,0.05,sl,kijun_pullback,0.01,1790.97,1790.92,1793.6523066400932,1790.92,True,1.35,1.42,5,1.341,0.551
ichi,BUY,2021-12-21 16:00:00,2021-12-21 16:15:00,-3.58,sl,kijun_pullback,0.01,1798.18,1794.595174916057,1794.595174916057,1794.595174916057,False,0.22,3.81,4,1.792,0.737
ichi,SELL,2021-12-22 08:45:00,2021-12-22 09:15:00,1.26,sl,kijun_pullback,0.02,1787.99,1787.36,1789.941183153962,1787.36,True,2.82,1.28,7,0.976,0.808
ichi,SELL,2021-12-22 10:30:00,2021-12-22 12:00:00,-2.44,sl,kijun_pullback,0.01,1786.84,1789.2838579312047,1789.2838579312047,1789.2838579312047,False,0.72,2.48,19,1.222,0.505
ichi,BUY,2021-12-23 05:00:00,2021-12-23 07:45:00,0.05,sl,tenkan_momentum,0.01,1806.96,1807.01,1804.3383928417752,1807.01,True,1.33,2.0,34,1.311,0.544
ichi,BUY,2021-12-23 08:15:00,2021-12-23 11:55:00,0.1,sl,kijun_pullback,0.02,1806.82,1806.87,1804.4381976820105,1806.87,True,2.42,4.06,45,1.191,0.988
ichi,BUY,2021-12-23 15:30:00,2021-12-23 15:40:00,0.05,sl,kijun_pullback,0.01,1808.39,1808.44,1805.3834211892881,1808.44,True,1.64,1.72,3,1.503,0.624
ichi,BUY,2021-12-27 01:15:00,2021-12-27 03:35:00,2.4,sl,kijun_pullback,0.01,1808.31,1810.71,1805.8592337418813,1810.71,True,3.38,1.75,29,1.225,0.508
ichi,BUY,2021-12-27 07:15:00,2021-12-27 09:30:00,-4.68,sl,tenkan_momentum,0.02,1810.83,1808.4881128330237,1808.4881128330237,1808.4881128330237,False,0.0,5.98,28,1.171,0.967
ichi,BUY,2021-12-28 15:30:00,2021-12-28 16:05:00,-2.8,sl,kijun_pullback,0.01,1818.98,1816.183603720328,1816.183603720328,1816.183603720328,False,1.2,7.53,8,1.398,0.583
ichi,SELL,2021-12-29 04:30:00,2021-12-29 04:55:00,-2.47,sl,kijun_pullback,0.01,1805.1,1807.5683247665752,1807.5683247665752,1807.5683247665752,False,0.0,2.77,6,1.234,0.517
ichi,SELL,2021-12-29 10:15:00,2021-12-29 12:25:00,3.57,tp,kijun_pullback,0.01,1802.55,1798.9783306207821,1804.9311129194784,1801.29,True,3.66,2.11,27,1.191,0.502
ichi,BUY,2021-12-31 04:00:00,2021-12-31 05:25:00,1.03,sl,kijun_pullback,0.01,1816.72,1817.75,1814.1317657081186,1817.75,True,2.1,2.15,18,1.294,0.541
ichi,BUY,2021-12-31 10:45:00,2021-12-31 11:30:00,1.09,sl,tenkan_momentum,0.01,1818.03,1819.12,1815.5408336468374,1819.12,True,2.09,0.34,10,1.245,0.52
ichi,BUY,2021-12-31 15:15:00,2021-12-31 15:40:00,4.53,tp,kijun_pullback,0.01,1822.78,1827.3067851894011,1819.762143207066,1826.03,True,4.69,1.21,6,1.509,0.628
ichi,BUY,2021-12-31 18:45:00,2022-01-03 01:15:00,4.44,sl,kijun_pullback,0.01,1825.66,1830.1,1821.3591606336715,1830.1,True,6.16,1.01,30,2.15,0.887
ichi,SELL,2022-01-04 14:15:00,2022-01-04 14:30:00,1.69,sl,kijun_pullback,0.01,1801.99,1800.3,1805.8250822639138,1800.3,True,3.22,0.69,4,1.918,0.784
ichi,BUY,2022-01-05 02:30:00,2022-01-05 04:35:00,1.66,sl,kijun_pullback,0.02,1814.31,1815.14,1812.0323145338314,1815.14,True,3.88,3.24,26,1.139,0.928
ichi,BUY,2022-01-05 05:15:00,2022-01-05 08:35:00,0.1,sl,kijun_pullback,0.02,1815.62,1815.67,1813.3274715471168,1815.67,True,2.9,2.82,41,1.146,0.931
ichi,BUY,2022-01-05 15:30:00,2022-01-05 15:45:00,4.16,sl,kijun_pullback,0.01,1821.4,1825.56,1816.8424896526708,1825.56,True,6.49,0.26,4,2.279,0.925
ichi,BUY,2022-01-05 17:30:00,2022-01-05 21:05:00,-5.08,sl,kijun_pullback,0.01,1823.06,1817.9759716097176,1817.9759716097176,1817.9759716097176,False,2.52,6.51,44,2.542,1.023
ichi,SELL,2022-01-06 07:45:00,2022-01-06 08:25:00,1.25,sl,kijun_pullback,0.01,1804.26,1803.01,1807.3561863236994,1803.01,True,2.49,0.35,9,1.548,0.63
ichi,SELL,2022-01-06 14:15:00,2022-01-06 14:55:00,7.32,tp,kijun_pullback,0.01,1799.47,1792.1479500742967,1804.3513666171357,1796.64,True,7.47,1.25,9,2.441,0.99
ichi,SELL,2022-01-06 19:45:00,2022-01-06 21:25:00,2.65,sl,kijun_pullback,0.01,1791.62,1788.97,1797.1414468463904,1788.97,True,4.86,0.77,21,2.761,1.104
ichi,SELL,2022-01-07 09:45:00,2022-01-07 10:25:00,0.1,sl,tenkan_momentum,0.02,1789.35,1789.3,1791.8574421345165,1789.3,True,2.54,2.28,9,1.254,0.997
ichi,SELL,2022-01-07 11:15:00,2022-01-07 11:40:00,-2.95,sl,tenkan_momentum,0.01,1789.69,1792.6431725888374,1792.6431725888374,1792.6431725888374,False,0.08,3.78,6,1.477,0.587
ichi,SELL,2022-01-07 16:00:00,2022-01-07 19:00:00,-5.95,sl,kijun_pullback,0.01,1789.21,1795.1560595452956,1795.1560595452956,1795.1560595452956,False,2.4,6.25,37,2.973,1.189
ichi,SELL,2022-01-10 10:15:00,2022-01-10 10:30:00,-3.02,sl,kijun_pullback,0.01,1792.56,1795.5791251741643,1795.5791251741643,1795.5791251741643,False,0.14,3.29,4,1.51,0.611
ichi,SELL,2022-01-10 17:00:00,2022-01-10 18:00:00,0.05,sl,kijun_pullback,0.01,1794.23,1794.18,1799.1167649182223,1794.18,True,2.46,1.96,13,2.443,0.995
ichi,BUY,2022-01-11 03:15:00,2022-01-11 05:35:00,1.48,sl,kijun_pullback,0.01,1805.02,1806.5,1802.0136893734077,1806.5,True,2.82,0.65,29,1.503,0.612
ichi,BUY,2022-01-11 10:30:00,2022-01-11 11:45:00,-2.8,sl,tenkan_momentum,0.01,1809.68,1806.8750733622835,1806.8750733622835,1806.8750733622835,False,0.55,3.14,16,1.402,0.569
ichi,BUY,2022-01-11 18:00:00,2022-01-11 19:00:00,2.6,sl,kijun_pullback,0.01,1811.98,1814.58,1806.5269261894266,1814.58,True,4.78,1.91,13,2.727,1.113
ichi,BUY,2022-01-12 15:45:00,2022-01-12 16:00:00,-4.03,sl,kijun_pullback,0.01,1823.99,1819.9584571124503,1819.9584571124503,1819.9584571124503,False,0.0,4.53,4,2.016,0.819
ichi,BUY,2022-01-12 17:15:00,2022-01-12 20:55:00,1.98,sl,tenkan_momentum,0.01,1824.12,1826.1,1819.5559608196959,1826.1,True,3.81,4.0,45,2.282,0.934
ichi,BUY,2022-01-13 07:45:00,2022-01-13 07:55:00,-4.45,sl,tenkan_momentum,0.02,1827.98,1825.7537543674862,1825.7537543674862,1825.7537543674862,False,0.0,4.64,3,1.113,0.908
ichi,BUY,2022-01-14 03:15:00,2022-01-14 03:40:00,1.43,sl,kijun_pullback,0.01,1822.06,1823.49,1819.3281188001479,1823.49,True,2.52,1.0,6,1.366,0.562
ichi,SELL,2022-01-17 01:45:00,2022-01-17 02:35:00,1.11,sl,kijun_pullback,0.01,1817.17,1816.06,1820.0289815177814,1816.06,True,2.26,0.41,11,1.429,0.587
ichi,SELL,2022-01-17 03:45:00,2022-01-17 04:55:00,-3.02,sl,kijun_pullback,0.01,1815.69,1818.7079590657877,1818.7079590657877,1818.7079590657877,False,0.21,3.06,15,1.509,0.618
ichi,BUY,2022-01-17 12:00:00,2022-01-17 14:20:00,-4.22,sl,kijun_pullback,0.02,1821.77,1819.6597032863874,1819.6597032863874,1819.6597032863874,False,0.36,4.46,29,1.055,0.869
ichi,SELL,2022-01-17 17:15:00,2022-01-18 03:40:00,-4.71,sl,kijun_pullback,0.02,1819.24,1821.5972317031624,1821.5972317031624,1821.5972317031624,False,1.7,5.54,83,1.179,0.98
ichi,BUY,2022-01-18 03:45:00,2022-01-18 05:30:00,-3.57,sl,kijun_pullback,0.02,1821.9,1820.1173930635973,1820.1173930635973,1820.1173930635973,False,1.76,6.02,22,0.891,0.748
ichi,SELL,2022-01-18 09:15:00,2022-01-18 09:45:00,-3.15,sl,kijun_pullback,0.01,1814.25,1817.4013853158694,1817.4013853158694,1817.4013853158694,False,0.28,3.22,7,1.576,0.666
ichi,SELL,2022-01-18 15:15:00,2022-01-18 15:30:00,-4.63,sl,kijun_pullback,0.01,1807.88,1812.5117411350793,1812.5117411350793,1812.5117411350793,False,1.83,9.45,4,2.316,0.986
ichi,SELL,2022-01-19 02:15:00,2022-01-19 05:40:00,1.08,sl,kijun_pullback,0.01,1812.79,1811.71,1815.7801356296106,1811.71,True,2.28,1.72,42,1.495,0.643
ichi,SELL,2022-01-19 06:45:00,2022-01-19 07:35:00,-4.59,sl,kijun_pullback,0.02,1811.73,1814.0243428863341,1814.0243428863341,1814.0243428863341,False,0.68,5.54,11,1.147,0.984
ichi,BUY,2022-01-19 17:15:00,2022-01-19 18:20:00,0.05,sl,kijun_pullback,0.01,1837.25,1837.3,1831.9580252531982,1837.3,True,3.0,1.6,14,2.646,1.146
ichi,BUY,2022-01-20 03:30:00,2022-01-20 04:15:00,-3.21,sl,kijun_pullback,0.01,1843.71,1840.500971947383,1840.500971947383,1840.500971947383,False,0.39,3.27,10,1.605,0.695
ichi,BUY,2022-01-20 15:30:00,2022-01-20 15:40:00,1.9,gap,kijun_pullback,0.01,1842.33,1844.23,1838.4178555194994,1844.84,True,4.59,0.38,3,1.956,0.853
ichi,BUY,2022-01-21 15:15:00,2022-01-21 16:25:00,3.96,sl,tenkan_momentum,0.01,1837.51,1841.47,1833.0772771010222,1841.47,True,5.73,0.67,15,2.216,0.963
ichi,BUY,2022-01-24 10:15:00,2022-01-24 11:15:00,2.38,gap,kijun_pullback,0.01,1840.36,1842.74,1837.249231667915,1843.14,True,4.02,0.71,13,1.555,0.67
ichi,BUY,2022-01-24 12:15:00,2022-01-24 12:30:00,-3.48,sl,kijun_pullback,0.01,1841.92,1838.438667545116,1838.438667545116,1838.438667545116,False,0.34,4.1,4,1.741,0.746
ichi,SELL,2022-01-24 16:45:00,2022-01-24 17:30:00,1.6,sl,kijun_pullback,0.01,1833.93,1832.33,1839.8146048062479,1832.33,True,3.95,2.34,10,2.942,1.27
ichi,BUY,2022-01-25 06:45:00,2022-01-25 10:25:00,-2.35,sl,kijun_pullback,0.01,1842.25,1839.90483530638,1839.90483530638,1839.90483530638,False,1.13,2.61,45,1.173,0.504
ichi,SELL,2022-01-25 13:15:00,2022-01-25 15:00:00,-3.17,sl,kijun_pullback,0.01,1837.7,1840.8707871128804,1840.8707871128804,1840.8707871128804,False,0.38,4.19,22,1.585,0.686
ichi,BUY,2022-01-25 15:30:00,2022-01-25 16:45:00,5.85,tp,tenkan_momentum,0.01,1841.3799999999999,1847.229608954126,1837.4802606972492,1837.4802606972492,False,11.22,2.04,16,1.95,0.849
ichi,BUY,2022-01-25 17:00:00,2022-01-25 17:00:00,-6.5,sl,kijun_pullback,0.01,1850.64,1844.1385748120242,1844.1385748120242,1844.1385748120242,False,0.68,7.57,1,3.251,1.398
ichi,BUY,2022-01-26 15:45:00,2022-01-26 16:00:00,-3.8,sl,kijun_pullback,0.01,1846.56,1842.7585941928467,1842.7585941928467,1842.7585941928467,False,0.63,4.82,4,1.901,0.829
ichi,SELL,2022-01-27 05:30:00,2022-01-27 09:00:00,3.92,sl,kijun_pullback,0.01,1816.17,1812.25,1820.8874518455884,1812.25,True,5.96,1.27,43,2.359,1.037
ichi,SELL,2022-01-27 09:30:00,2022-01-27 10:20:00,0.05,sl,kijun_pullback,0.01,1812.38,1812.33,1816.7475293512127,1812.33,True,2.57,1.38,11,2.184,0.952
ichi,SELL,2022-01-27 14:00:00,2022-01-27 14:50:00,2.3,gap,kijun_pullback,0.01,1811.43,1809.1299999999999,1815.8528611414483,1808.99,True,4.21,2.56,11,2.211,0.964
ichi,SELL,2022-01-27 17:30:00,2022-01-27 18:25:00,4.47,sl,tenkan_momentum,0.01,1800.96,1796.49,1808.8892604534349,1796.49,True,8.42,0.31,12,3.965,1.719
ichi,SELL,2022-01-28 15:00:00,2022-01-28 15:15:00,-5.17,sl,kijun_pullback,0.01,1786.06,1791.2268317807059,1791.2268317807059,1791.2268317807059,False,1.15,6.91,4,2.583,1.11
ichi,SELL,2022-01-28 17:00:00,2022-01-28 17:45:00,0.05,sl,kijun_pullback,0.01,1786.56,1786.51,1793.9177126352135,1786.51,True,4.5,6.79,10,3.679,1.598
ichi,SELL,2022-01-31 09:30:00,2022-01-31 09:55:00,-2.6,sl,tenkan_momentum,0.01,1786.39,1788.9859050882076,1788.9859050882076,1788.9859050882076,False,0.0,3.16,6,1.298,0.564
ichi,BUY,2022-02-01 01:30:00,2022-02-01 07:45:00,4.62,tp,kijun_pullback,0.01,1798.1299999999999,1802.7541564914184,1795.047229005721,1801.19,True,4.9,2.36,76,1.541,0.673
ichi,BUY,2022-02-01 15:15:00,2022-02-01 15:30:00,-4.0,sl,kijun_pullback,0.01,1806.51,1802.510086512721,1802.510086512721,1802.510086512721,False,1.18,4.19,4,2.0,0.865
ichi,SELL,2022-02-02 09:30:00,2022-02-02 09:50:00,1.59,sl,tenkan_momentum,0.01,1797.45,1795.86,1799.9892986509124,1795.86,True,2.68,0.9,5,1.27,0.554
ichi,BUY,2022-02-02 17:15:00,2022-02-02 17:30:00,2.29,gap,kijun_pullback,0.01,1804.1,1806.39,1798.6337907793218,1808.46,True,6.55,0.3,4,2.733,1.188
ichi,BUY,2022-02-03 04:00:00,2022-02-03 04:25:00,-4.35,sl,tenkan_momentum,0.02,1808.83,1806.6539999652086,1806.6539999652086,1806.6539999652086,False,0.2,4.7,6,1.088,0.941
ichi,SELL,2022-02-03 15:15:00,2022-02-03 16:40:00,1.08,gap,kijun_pullback,0.01,1802.2,1801.12,1805.715607600438,1801.06,True,6.0,3.25,18,1.758,0.767
ichi,SELL,2022-02-03 16:45:00,2022-02-03 16:55:00,4.84,sl,kijun_pullback,0.01,1795.98,1791.14,1801.5287485053877,1791.14,True,7.06,0.64,3,2.774,1.208
ichi,BUY,2022-02-04 02:00:00,2022-02-04 04:50:00,0.05,sl,kijun_pullback,0.01,1806.06,1806.11,1803.4816941000117,1806.11,True,1.51,1.06,35,1.289,0.556
ichi,BUY,2022-02-04 07:15:00,2022-02-04 09:10:00,3.26,sl,kijun_pullback,0.02,1806.83,1808.46,1804.9634054879969,1808.46,True,4.76,2.1,24,0.933,0.804
ichi,BUY,2022-02-04 11:00:00,2022-02-04 12:05:00,3.69,tp,kijun_pullback,0.01,1808.87,1812.556132236341,1806.4125785091057,1811.07,True,3.96,0.49,14,1.229,0.526
ichi,BUY,2022-02-04 15:15:00,2022-02-04 15:30:00,-3.13,sl,kijun_pullback,0.01,1813.92,1810.7866139279156,1810.7866139279156,1810.7866139279156,False,0.96,12.93,4,1.567,0.665
ichi,BUY,2022-02-07 03:15:00,2022-02-07 10:10:00,0.05,sl,kijun_pullback,0.01,1812.05,1812.1,1808.241097631508,1812.1,True,2.11,3.26,84,1.904,0.814
ichi,BUY,2022-02-07 12:00:00,2022-02-07 15:00:00,0.05,sl,tenkan_momentum,0.01,1812.7,1812.75,1809.820686976903,1812.75,True,2.37,2.44,37,1.44,0.615
ichi,BUY,2022-02-07 16:15:00,2022-02-07 17:10:00,-3.87,sl,kijun_pullback,0.01,1816.05,1812.1819672204508,1812.1819672204508,1812.1819672204508,False,0.03,4.16,12,1.934,0.827
ichi,BUY,2022-02-07 18:30:00,2022-02-07 22:05:00,4.54,sl,kijun_pullback,0.01,1817.26,1821.8,1812.9096800619882,1821.8,True,6.28,0.52,44,2.175,0.937
ichi,BUY,2022-02-08 03:30:00,2022-02-08 07:10:00,-4.45,sl,kijun_pullback,0.02,1822.25,1820.0227367178604,1820.0227367178604,1820.0227367178604,False,2.12,5.32,45,1.114,0.951
ichi,BUY,2022-02-08 15:15:00,2022-02-08 15:40:00,1.51,gap,tenkan_momentum,0.01,1820.05,1821.56,1817.2692970476178,1821.9,True,2.96,1.26,6,1.39,0.599
ichi,BUY,2022-02-08 16:45:00,2022-02-08 17:35:00,4.11,sl,kijun_pullback,0.01,1822.72,1826.83,1818.9653221690041,1826.83,True,5.61,2.34,11,1.877,0.806
ichi,BUY,2022-02-08 18:15:00,2022-02-09 08:25:00,0.05,sl,tenkan_momentum,0.01,1826.69,1826.74,1822.4819972111493,1826.74,True,2.57,1.82,157,2.104,0.896
ichi,BUY,2022-02-09 10:45:00,2022-02-09 13:35:00,-4.54,sl,kijun_pullback,0.02,1828.05,1825.7776073936386,1825.7776073936386,1825.7776073936386,False,0.6,4.6,35,1.136,0.967
ichi,BUY,2022-02-09 15:15:00,2022-02-09 15:30:00,0.05,sl,kijun_pullback,0.01,1830.54,1830.59,1827.6064065254795,1830.59,True,1.65,1.45,4,1.467,0.63
ichi,BUY,2022-02-10 01:45:00,2022-02-10 03:10:00,1.18,sl,kijun_pullback,0.02,1833.07,1833.66,1830.9970167727517,1833.66,True,2.84,3.04,18,1.036,0.891
ichi,BUY,2022-02-10 08:45:00,2022-02-10 09:45:00,0.58,gap,tenkan_momentum,0.02,1834.82,1835.11,1833.2646041425749,1835.4,True,2.4,2.12,13,0.778,0.667
ichi,SELL,2022-02-11 06:45:00,2022-02-11 07:00:00,0.05,sl,kijun_pullback,0.01,1824.82,1824.77,1827.6510646576357,1824.77,True,1.46,0.26,4,1.416,0.606
ichi,SELL,2022-02-11 08:45:00,2022-02-11 09:50:00,-2.72,sl,tenkan_momentum,0.01,1822.41,1825.1303030709635,1825.1303030709635,1825.1303030709635,False,1.23,4.11,14,1.36,0.582
ichi,BUY,2022-02-14 15:30:00,2022-02-14 16:25:00,3.38,sl,tenkan_momentum,0.01,1857.54,1860.92,1851.8925436020193,1860.92,True,5.64,2.21,12,2.824,1.216
ichi,BUY,2022-02-15 03:45:00,2022-02-15 04:45:00,5.41,tp,kijun_pullback,0.01,1871.37,1876.7792663107948,1867.76382245947,1875.25,True,5.46,0.92,13,1.803,0.771
ichi,SELL,2022-02-15 17:30:00,2022-02-15 18:35:00,0.05,sl,kijun_pullback,0.01,1850.85,1850.8,1858.9624808738415,1850.8,True,4.06,0.88,14,4.056,1.714
ichi,SELL,2022-02-15 19:30:00,2022-02-16 09:05:00,-6.8,sl,kijun_pullback,0.01,1850.14,1856.9382601708612,1856.9382601708612,1856.9382601708612,False,0.0,6.87,150,3.399,1.436
ichi,SELL,2022-02-16 15:30:00,2022-02-16 15:45:00,-4.24,sl,kijun_pullback,0.01,1853.5,1857.7381014755242,1857.7381014755242,1857.7381014755242,False,1.66,4.91,4,2.119,0.909
ichi,BUY,2022-02-17 06:00:00,2022-02-17 07:05:00,-4.03,sl,kijun_pullback,0.01,1875.16,1871.1279022629326,1871.1279022629326,1871.1279022629326,False,1.09,4.69,14,2.016,0.872
ichi,BUY,2022-02-17 07:45:00,2022-02-17 08:25:00,0.05,sl,tenkan_momentum,0.01,1874.82,1874.87,1870.2200706433207,1874.87,True,2.32,1.56,9,2.3,1.004
ichi,BUY,2022-02-17 10:30:00,2022-02-17 11:35:00,6.13,sl,kijun_pullback,0.01,1884.62,1890.75,1877.9123312812449,1890.75,True,8.81,3.36,14,3.354,1.464
ichi,BUY,2022-02-17 14:15:00,2022-02-17 15:30:00,8.5,tp,kijun_pullback,0.01,1886.04,1894.5427237712058,1880.3715174858628,1891.09,True,9.05,0.87,16,2.834,1.221
ichi,BUY,2022-02-17 16:15:00,2022-02-17 16:35:00,0.05,sl,kijun_pullback,0.01,1889.61,1889.66,1881.667609966195,1889.66,True,4.41,3.4,5,3.971,1.68
ichi,BUY,2022-02-18 16:45:00,2022-02-18 17:40:00,-5.59,sl,tenkan_momentum,0.01,1897.8,1892.2108731248354,1892.2108731248354,1892.2108731248354,False,0.4,7.42,12,2.795,1.182
ichi,BUY,2022-02-18 18:15:00,2022-02-21 01:25:00,9.47,tp,tenkan_momentum,0.01,1895.5,1904.9677938062555,1889.1881374624963,1901.92,True,9.76,2.94,73,3.156,1.351
ichi,BUY,2022-02-21 16:00:00,2022-02-21 20:05:00,0.94,gap,kijun_pullback,0.01,1896.21,1897.15,1891.2955431460882,1897.57,True,3.33,3.73,50,2.457,1.031
ichi,BUY,2022-02-22 03:45:00,2022-02-22 09:45:00,0.05,sl,tenkan_momentum,0.01,1910.26,1910.31,1904.1830372870972,1910.31,True,3.1,3.9,73,3.038,1.272
ichi,BUY,2022-02-22 10:15:00,2022-02-22 10:25:00,-5.27,sl,kijun_pullback,0.01,1910.99,1905.717867124244,1905.717867124244,1905.717867124244,False,0.08,7.17,3,2.636,1.103
ichi,SELL,2022-02-23 08:15:00,2022-02-23 09:00:00,-2.85,sl,tenkan_momentum,0.01,1894.88,1897.732406606834,1897.732406606834,1897.732406606834,False,0.0,3.76,10,1.426,0.604
ichi,SELL,2022-02-23 10:00:00,2022-02-23 10:55:00,1.19,sl,tenkan_momentum,0.01,1894.84,1893.65,1898.0605384169737,1893.65,True,2.48,3.07,12,1.61,0.686
ichi,SELL,2022-02-23 12:30:00,2022-02-23 15:00:00,-4.14,sl,kijun_pullback,0.01,1893.94,1898.077742495377,1898.077742495377,1898.077742495377,False,0.19,4.24,31,2.069,0.879
ichi,BUY,2022-02-24 03:30:00,2022-02-24 04:50:00,6.3,tp,tenkan_momentum,0.01,1912.66,1918.9582024517472,1908.461198365502,1916.31,True,8.28,0.6,17,2.099,0.9
ichi,BUY,2022-02-24 14:45:00,2022-02-24 16:30:00,-12.33,sl,kijun_pullback,0.01,1963.6,1951.2663477928813,1951.2663477928813,1951.2663477928813,False,3.59,21.37,22,6.167,2.607
ichi,SELL,2022-02-28 11:15:00,2022-02-28 12:50:00,-7.22,sl,kijun_pullback,0.01,1899.23,1906.4481123755077,1906.4481123755077,1906.4481123755077,False,0.5,9.72,20,3.609,1.567
ichi,BUY,2022-02-28 17:15:00,2022-02-28 17:50:00,-9.23,sl,kijun_pullback,0.01,1914.83,1905.5995668346943,1905.5995668346943,1905.5995668346943,False,2.05,9.42,8,4.615,2.035
ichi,BUY,2022-03-01 09:00:00,2022-03-01 10:35:00,5.08,tp,tenkan_momentum,0.01,1908.04,1913.1165569211414,1904.655628719239,1910.99,True,5.55,1.78,20,1.692,0.762
ichi,BUY,2022-03-01 15:15:00,2022-03-01 17:00:00,4.56,sl,kijun_pullback,0.01,1919.48,1924.04,1912.0067123937993,1924.04,True,7.55,7.12,22,3.737,1.663
ichi,BUY,2022-03-02 09:15:00,2022-03-02 09:55:00,4.23,sl,tenkan_momentum,0.01,1941.27,1945.5,1935.3393830804464,1945.5,True,6.6,2.1,9,2.965,1.307
ichi,BUY,2022-03-02 17:15:00,2022-03-02 18:05:00,-10.65,sl,tenkan_momentum,0.01,1931.77,1921.1185210778685,1921.1185210778685,1921.1185210778685,False,3.81,10.98,11,5.326,2.325
ichi,BUY,2022-03-03 04:45:00,2022-03-03 06:40:00,-4.65,sl,kijun_pullback,0.01,1928.86,1924.21307204916,1924.21307204916,1924.21307204916,False,1.75,5.18,24,2.323,1.038
ichi,BUY,2022-03-03 09:45:00,2022-03-03 10:05:00,2.58,gap,tenkan_momentum,0.01,1929.79,1932.37,1924.5956936078082,1932.51,True,4.8,1.59,5,2.597,1.173
ichi,BUY,2022-03-03 11:15:00,2022-03-03 12:35:00,2.84,sl,kijun_pullback,0.01,1930.06,1932.9,1923.5287091604862,1932.9,True,5.45,6.36,17,3.266,1.466
ichi,SELL,2022-03-03 17:00:00,2022-03-03 20:30:00,-8.12,sl,tenkan_momentum,0.01,1926.72,1934.844062531082,1934.844062531082,1934.844062531082,False,3.17,8.73,43,4.062,1.812
ichi,BUY,2022-03-04 02:15:00,2022-03-04 02:25:00,1.76,sl,kijun_pullback,0.01,1939.46,1941.22,1934.195163960306,1941.22,True,3.87,0.28,3,2.632,1.196
ichi,BUY,2022-03-04 11:15:00,2022-03-04 12:05:00,3.23,sl,kijun_pullback,0.01,1941.62,1944.85,1935.8453378975416,1944.85,True,5.54,1.45,11,2.887,1.307
ichi,BUY,2022-03-04 16:00:00,2022-03-04 16:35:00,10.15,tp,tenkan_momentum,0.01,1947.22,1957.3721782654245,1940.4518811563837,1953.08,True,11.99,1.74,8,3.384,1.521
ichi,BUY,2022-03-08 10:30:00,2022-03-08 14:50:00,4.75,sl,kijun_pullback,0.01,2006.23,2010.98,1994.617958652005,2010.98,True,9.39,7.06,53,5.806,2.551
ichi,BUY,2022-03-09 04:00:00,2022-03-09 05:00:00,8.46,sl,kijun_pullback,0.01,2042.19,2050.65,2030.3245179794153,2050.65,True,13.21,1.74,13,5.933,2.579
ichi,SELL,2022-03-10 03:15:00,2022-03-10 05:20:00,0.05,sl,tenkan_momentum,0.01,1977.01,1976.96,1987.2920506725984,1976.96,True,6.49,0.78,26,5.141,2.195
ichi,SELL,2022-03-11 04:00:00,2022-03-11 07:20:00,6.03,sl,kijun_pullback,0.01,1992.46,1986.43,1999.4177112496818,1986.43,True,8.81,4.19,41,3.479,1.485
ichi,SELL,2022-03-11 13:30:00,2022-03-11 13:45:00,6.77,gap,kijun_pullback,0.01,1980.82,1974.05,1990.561240386922,1973.58,True,11.19,2.92,4,4.871,2.053
ichi,SELL,2022-03-14 01:30:00,2022-03-14 02:35:00,0.05,sl,tenkan_momentum,0.01,1975.04,1974.99,1984.3853326066042,1974.99,True,4.88,2.01,14,4.673,1.942
ichi,SELL,2022-03-14 07:45:00,2022-03-14 10:10:00,2.8,gap,kijun_pullback,0.01,1973.4,1970.6,1979.1818098042513,1970.38,True,5.33,5.36,30,2.891,1.201
ichi,SELL,2022-03-14 10:15:00,2022-03-14 11:05:00,2.3,sl,kijun_pullback,0.01,1969.81,1967.51,1976.2516724710697,1967.51,True,4.88,3.34,11,3.221,1.33
ichi,SELL,2022-03-14 15:15:00,2022-03-14 15:55:00,0.05,sl,tenkan_momentum,0.01,1959.53,1959.48,1968.740901654839,1959.48,True,9.57,4.23,9,4.605,1.893
ichi,SELL,2022-03-14 16:45:00,2022-03-15 02:05:00,6.44,gap,kijun_pullback,0.01,1956.77,1950.33,1967.2458358955575,1950.07,True,10.89,5.46,99,5.238,2.153
ichi,SELL,2022-03-15 02:15:00,2022-03-15 03:00:00,0.05,sl,tenkan_momentum,0.01,1949.4,1949.35,1955.0446331984015,1949.35,True,3.21,2.59,10,2.822,1.145
ichi,SELL,2022-03-15 10:00:00,2022-03-15 13:05:00,5.21,gap,tenkan_momentum,0.01,1929.23,1924.02,1937.0747759660526,1923.69,True,8.68,6.26,38,3.922,1.591
ichi,SELL,2022-03-15 13:10:00,2022-03-15 14:40:00,0.05,sl,kijun_pullback,0.01,1924.27,1924.22,1933.096648206482,1924.22,True,4.68,4.73,19,4.413,1.772
ichi,SELL,2022-03-15 16:15:00,2022-03-15 17:55:00,-11.44,sl,kijun_pullback,0.01,1912.23,1923.6710045574646,1923.6710045574646,1923.6710045574646,False,4.92,15.23,21,5.721,2.296
ichi,SELL,2022-03-16 08:15:00,2022-03-16 08:40:00,2.91,sl,tenkan_momentum,0.01,1917.59,1914.68,1921.8985839647617,1914.68,True,4.75,0.48,6,2.154,0.885
ichi,SELL,2022-03-16 09:45:00,2022-03-16 10:20:00,1.45,sl,tenkan_momentum,0.01,1915.68,1914.23,1920.7032692450596,1914.23,True,3.75,1.59,8,2.512,1.026
ichi,SELL,2022-03-16 16:15:00,2022-03-16 16:25:00,2.26,sl,kijun_pullback,0.01,1911.32,1909.06,1920.0749929626572,1909.06,True,7.18,0.81,3,4.377,1.782
ichi,SELL,2022-03-16 20:15:00,2022-03-16 20:25:00,5.49,gap,kijun_pullback,0.01,1909.38,1903.89,1919.607181578579,1899.36,True,14.11,0.26,3,5.114,2.073
ichi,BUY,2022-03-17 09:45:00,2022-03-17 10:35:00,7.65,tp,kijun_pullback,0.01,1933.98,1941.6306622902696,1928.8795584731536,1938.82,True,8.11,0.96,11,2.55,1.022
ichi,BUY,2022-03-17 11:15:00,2022-03-17 11:50:00,3.61,sl,kijun_pullback,0.01,1937.35,1940.96,1931.7269246357603,1940.96,True,5.86,2.59,8,2.812,1.11
ichi,BUY,2022-03-17 15:45:00,2022-03-17 17:05:00,3.06,sl,tenkan_momentum,0.01,1943.09,1946.15,1934.1272957878732,1946.15,True,6.65,3.42,17,4.481,1.757
ichi,SELL,2022-03-18 08:15:00,2022-03-18 10:30:00,-5.06,sl,tenkan_momentum,0.01,1932.22,1937.2768450694934,1937.2768450694934,1937.2768450694934,False,0.46,5.21,28,2.528,0.985
ichi,SELL,2022-03-18 15:30:00,2022-03-18 15:30:00,-8.79,sl,kijun_pullback,0.01,1927.17,1935.964761177491,1935.964761177491,1935.964761177491,False,0.58,8.92,1,4.397,1.731
ichi,SELL,2022-03-21 11:30:00,2022-03-21 12:00:00,-4.16,sl,tenkan_momentum,0.01,1923.28,1927.437013667479,1927.437013667479,1927.437013667479,False,0.46,4.74,7,2.079,0.832
ichi,SELL,2022-03-21 15:15:00,2022-03-21 15:30:00,1.3,gap,tenkan_momentum,0.01,1922.97,1921.67,1928.331227823067,1920.09,True,5.02,1.82,4,2.681,1.083
ichi,SELL,2022-03-22 15:00:00,2022-03-22 15:35:00,4.55,sl,kijun_pullback,0.01,1927.99,1923.44,1933.5476295128374,1923.44,True,6.77,0.44,8,2.779,1.119
ichi,SELL,2022-03-23 03:15:00,2022-03-23 04:20:00,-4.3,sl,kijun_pullback,0.01,1919.05,1923.346372403491,1923.346372403491,1923.346372403491,False,0.55,4.34,14,2.148,0.857
ichi,BUY,2022-03-23 16:30:00,2022-03-23 17:00:00,0.05,sl,kijun_pullback,0.01,1930.8799999999999,1930.93,1924.6394525288765,1930.93,True,3.34,2.5,7,3.12,1.256
ichi,BUY,2022-03-24 12:30:00,2022-03-24 13:40:00,6.81,tp,kijun_pullback,0.01,1946.46,1953.274994928525,1941.91667004765,1941.91667004765,False,7.09,3.66,15,2.272,0.914
ichi,BUY,2022-03-24 15:00:00,2022-03-24 15:35:00,4.15,sl,kijun_pullback,0.01,1949.54,1953.69,1942.2743245761183,1953.69,True,7.67,3.09,8,3.633,1.443
ichi,BUY,2022-03-25 04:15:00,2022-03-25 07:05:00,-4.18,sl,tenkan_momentum,0.01,1962.99,1958.8141004466877,1958.8141004466877,1958.8141004466877,False,1.38,4.59,35,2.088,0.822
ichi,BUY,2022-03-25 18:15:00,2022-03-28 04:15:00,-7.7,sl,tenkan_momentum,0.01,1959.02,1951.3154860661994,1951.3154860661994,1951.3154860661994,False,0.0,8.27,95,3.852,1.53
ichi,SELL,2022-03-28 14:45:00,2022-03-28 15:10:00,-6.4,sl,tenkan_momentum,0.01,1929.51,1935.911293761457,1935.911293761457,1935.911293761457,False,2.01,9.19,6,3.201,1.291
ichi,SELL,2022-03-29 15:30:00,2022-03-29 15:40:00,3.4,sl,kijun_pullback,0.01,1897.45,1894.05,1906.8813524969403,1894.05,True,7.17,0.74,3,4.716,1.927
ichi,SELL,2022-03-30 12:00:00,2022-03-30 14:35:00,-5.65,sl,tenkan_momentum,0.01,1919.35,1924.9971672353124,1924.9971672353124,1924.9971672353124,False,1.85,6.04,32,2.824,1.146
ichi,BUY,2022-03-30 16:45:00,2022-03-30 18:05:00,2.7,sl,kijun_pullback,0.01,1932.85,1935.55,1925.6907598109046,1935.55,True,5.6,3.23,17,3.58,1.469
ichi,SELL,2022-03-31 07:00:00,2022-03-31 07:30:00,2.48,sl,tenkan_momentum,0.01,1925.07,1922.59,1929.4345955351291,1922.59,True,4.26,0.7,7,2.182,0.891
ichi,SELL,2022-04-01 16:00:00,2022-04-01 16:20:00,0.05,sl,kijun_pullback,0.01,1927.35,1927.3,1934.576978728779,1927.3,True,4.55,1.1,5,3.613,1.467
ichi,SELL,2022-04-01 17:30:00,2022-04-01 17:40:00,0.05,sl,tenkan_momentum,0.01,1924.88,1924.83,1933.6488742003332,1924.83,True,5.88,0.71,3,4.384,1.78
ichi,SELL,2022-04-01 19:00:00,2022-04-01 20:50:00,4.33,sl,kijun_pullback,0.01,1925.87,1921.54,1933.9179285031687,1921.54,True,7.55,1.42,23,4.024,1.634
ichi,SELL,2022-04-04 01:15:00,2022-04-04 06:35:00,2.55,sl,kijun_pullback,0.01,1923.19,1920.64,1928.2379058865768,1920.64,True,4.68,3.95,65,2.524,1.016
ichi,BUY,2022-04-04 16:30:00,2022-04-04 16:45:00,0.85,gap,kijun_pullback,0.01,1931.87,1932.72,1925.824731911055,1934.4,True,4.95,1.12,4,3.023,1.21
ichi,BUY,2022-04-05 01:15:00,2022-04-05 04:35:00,-3.78,sl,kijun_pullback,0.01,1933.43,1929.6512105802406,1929.6512105802406,1929.6512105802406,False,0.42,3.91,41,1.889,0.755
ichi,SELL,2022-04-05 11:30:00,2022-04-05 11:55:00,-3.77,sl,kijun_pullback,0.01,1928.19,1931.958262007262,1931.958262007262,1931.958262007262,False,1.46,4.18,6,1.884,0.759
ichi,SELL,2022-04-05 15:15:00,2022-04-05 15:25:00,-4.71,sl,tenkan_momentum,0.01,1926.18,1930.8939418587722,1930.8939418587722,1930.8939418587722,False,0.99,4.91,3,2.357,0.957
ichi,BUY,2022-04-05 17:15:00,2022-04-05 17:45:00,-7.46,sl,kijun_pullback,0.01,1934.8799999999999,1927.4175681057168,1927.4175681057168,1927.4175681057168,False,0.44,7.66,7,3.731,1.529
ichi,SELL,2022-04-06 02:15:00,2022-04-06 04:00:00,2.28,gap,kijun_pullback,0.01,1922.19,1919.91,1926.4735635887932,1919.69,True,4.97,0.89,22,2.142,0.891
ichi,SELL,2022-04-06 10:15:00,2022-04-06 10:40:00,-4.78,sl,kijun_pullback,0.01,1916.83,1921.6074533250141,1921.6074533250141,1921.6074533250141,False,0.53,6.58,6,2.389,0.989
ichi,BUY,2022-04-06 17:15:00,2022-04-06 21:00:00,-7.54,sl,kijun_pullback,0.01,1927.1299999999999,1919.5917332004653,1919.5917332004653,1919.5917332004653,False,2.39,7.97,46,3.769,1.577
ichi,SELL,2022-04-07 06:30:00,2022-04-07 10:20:00,-4.24,sl,tenkan_momentum,0.01,1922.81,1927.0453376170908,1927.0453376170908,1927.0453376170908,False,2.08,5.59,47,2.118,0.9
ichi,BUY,2022-04-07 11:15:00,2022-04-07 11:45:00,0.05,sl,tenkan_momentum,0.01,1926.42,1926.47,1922.5454236575622,1926.47,True,2.02,0.5,7,1.937,0.831
ichi,BUY,2022-04-07 14:15:00,2022-04-07 14:35:00,1.48,sl,kijun_pullback,0.01,1927.49,1928.97,1923.624873822415,1928.97,True,3.03,0.36,5,1.933,0.829
ichi,BUY,2022-04-07 16:15:00,2022-04-07 16:45:00,0.05,sl,kijun_pullback,0.01,1929.28,1929.33,1923.9049339294618,1929.33,True,2.94,2.52,7,2.688,1.149
ichi,BUY,2022-04-08 04:15:00,2022-04-08 05:25:00,-3.83,sl,tenkan_momentum,0.01,1934.55,1930.720957180929,1930.720957180929,1930.720957180929,False,0.74,4.2,15,1.915,0.818
ichi,BUY,2022-04-08 12:00:00,2022-04-08 13:45:00,1.34,sl,tenkan_momentum,0.01,1931.85,1933.19,1928.2885903665326,1933.19,True,2.76,0.83,22,1.781,0.767
ichi,BUY,2022-04-08 14:15:00,2022-04-08 15:10:00,5.26,tp,kijun_pullback,0.01,1932.36,1937.616947663186,1928.8553682245424,1934.22,True,6.44,0.84,12,1.752,0.753
ichi,BUY,2022-04-08 16:30:00,2022-04-08 16:45:00,3.59,sl,kijun_pullback,0.01,1934.89,1938.48,1928.6872869674378,1938.48,True,6.07,0.35,4,3.101,1.318
ichi,BUY,2022-04-11 04:15:00,2022-04-11 04:35:00,-3.95,sl,kijun_pullback,0.01,1946.77,1942.823317998443,1942.823317998443,1942.823317998443,False,0.57,4.14,5,1.973,0.832
ichi,BUY,2022-04-11 11:15:00,2022-04-11 11:25:00,4.13,sl,tenkan_momentum,0.01,1949.01,1953.14,1943.483410167449,1953.14,True,6.34,0.88,3,2.763,1.175
ichi,BUY,2022-04-12 15:15:00,2022-04-12 15:30:00,8.43,tp,tenkan_momentum,0.01,1959.62,1968.045621781656,1954.002918812229,1954.002918812229,False,8.7,4.36,4,2.809,1.184
ichi,BUY,2022-04-12 17:30:00,2022-04-12 18:00:00,7.85,sl,tenkan_momentum,0.01,1967.26,1975.11,1958.359292275678,1975.11,True,11.42,0.31,7,4.45,1.843
ichi,BUY,2022-04-13 10:45:00,2022-04-13 11:00:00,0.05,sl,kijun_pullback,0.01,1970.11,1970.16,1965.4187142595085,1970.16,True,2.7,0.43,4,2.346,0.956
ichi,BUY,2022-04-13 15:30:00,2022-04-13 16:40:00,0.05,sl,kijun_pullback,0.01,1975.96,1976.01,1969.5680295915074,1976.01,True,4.68,3.3,15,3.196,1.302
ichi,BUY,2022-04-13 17:15:00,2022-04-14 09:45:00,-7.0,sl,kijun_pullback,0.01,1978.27,1971.2700190119779,1971.2700190119779,1971.2700190119779,False,3.32,7.72,185,3.5,1.426
ichi,BUY,2022-04-14 15:30:00,2022-04-14 16:30:00,0.05,sl,kijun_pullback,0.01,1974.62,1974.67,1968.8332331070194,1974.67,True,3.27,4.68,13,2.893,1.196
ichi,BUY,2022-04-18 09:00:00,2022-04-18 09:55:00,3.75,sl,kijun_pullback,0.01,1985.26,1989.01,1980.838366140934,1989.01,True,5.52,1.6,12,2.211,0.914
ichi,BUY,2022-04-18 14:30:00,2022-04-18 15:15:00,2.57,sl,kijun_pullback,0.01,1990.3799999999999,1992.95,1986.6198588574719,1992.95,True,4.24,0.26,10,1.88,0.771
ichi,BUY,2022-04-18 16:00:00,2022-04-18 16:30:00,-4.69,sl,kijun_pullback,0.01,1995.37,1990.6753172057315,1990.6753172057315,1990.6753172057315,False,1.07,5.27,7,2.347,0.958
ichi,SELL,2022-04-19 08:45:00,2022-04-19 10:05:00,-3.39,sl,kijun_pullback,0.01,1973.52,1976.9132043670284,1976.9132043670284,1976.9132043670284,False,0.19,3.45,17,1.697,0.699
ichi,BUY,2022-04-19 15:15:00,2022-04-19 15:35:00,-4.69,sl,kijun_pullback,0.01,1979.98,1975.287040285215,1975.287040285215,1975.287040285215,False,2.02,5.39,5,2.346,0.973
ichi,SELL,2022-04-20 05:45:00,2022-04-20 07:05:00,3.39,sl,kijun_pullback,0.01,1946.09,1942.7,1951.103424430207,1942.7,True,5.4,2.3,17,2.507,1.05
ichi,SELL,2022-04-20 09:00:00,2022-04-20 10:00:00,0.05,sl,kijun_pullback,0.01,1942.31,1942.26,1947.329848041636,1942.26,True,2.73,1.33,13,2.51,1.044
ichi,SELL,2022-04-20 10:45:00,2022-04-20 12:25:00,-4.91,sl,kijun_pullback,0.01,1942.64,1947.5484550210763,1947.5484550210763,1947.5484550210763,False,2.17,5.5,21,2.454,1.021
ichi,SELL,2022-04-21 09:30:00,2022-04-21 11:25:00,5.14,tp,tenkan_momentum,0.01,1951.44,1946.3028159822081,1954.8647893451946,1947.85,True,5.5,2.27,24,1.712,0.72
ichi,SELL,2022-04-21 13:45:00,2022-04-21 14:20:00,2.16,gap,tenkan_momentum,0.01,1944.18,1942.02,1948.8859244770263,1941.98,True,4.33,1.4,8,2.353,0.978
ichi,SELL,2022-04-21 17:15:00,2022-04-21 18:50:00,0.05,sl,kijun_pullback,0.01,1941.92,1941.87,1948.8022588704443,1941.87,True,3.66,5.2,20,3.441,1.424
ichi,SELL,2022-04-21 18:55:00,2022-04-21 20:30:00,-7.03,sl,tenkan_momentum,0.01,1940.76,1947.7919166116199,1947.7919166116199,1947.7919166116199,False,2.17,8.14,20,3.516,1.455
ichi,BUY,2022-04-22 09:00:00,2022-04-22 09:15:00,0.05,sl,tenkan_momentum,0.01,1953.42,1953.47,1949.5606094203881,1953.47,True,2.21,0.37,4,1.93,0.81
ichi,SELL,2022-04-22 13:30:00,2022-04-22 15:35:00,-6.08,sl,kijun_pullback,0.01,1932.45,1938.525106259313,1938.525106259313,1938.525106259313,False,2.58,7.37,26,3.038,1.275
ichi,SELL,2022-04-22 17:45:00,2022-04-22 18:15:00,8.15,sl,kijun_pullback,0.01,1938.57,1930.42,1947.2741726568456,1930.42,True,11.63,0.58,7,4.352,1.851
ichi,SELL,2022-04-25 01:15:00,2022-04-25 02:10:00,1.48,sl,kijun_pullback,0.01,1933.3,1931.82,1938.8290623597122,1931.82,True,3.69,1.22,12,2.765,1.156
ichi,SELL,2022-04-25 10:45:00,2022-04-25 13:40:00,3.37,sl,kijun_pullback,0.01,1916.15,1912.78,1922.3302134107398,1912.78,True,5.84,5.29,36,3.09,1.288
ichi,SELL,2022-04-25 13:45:00,2022-04-25 14:10:00,2.96,gap,tenkan_momentum,0.01,1911.27,1908.31,1917.64514584512,1907.95,True,5.87,0.56,6,3.188,1.319
ichi,SELL,2022-04-26 11:30:00,2022-04-26 13:05:00,-5.89,sl,kijun_pullback,0.01,1900.37,1906.2610195976383,1906.2610195976383,1906.2610195976383,False,0.0,6.94,20,2.946,1.212
ichi,SELL,2022-04-27 09:45:00,2022-04-27 10:30:00,-4.37,sl,kijun_pullback,0.01,1898.65,1903.0199819805769,1903.0199819805769,1903.0199819805769,False,1.68,5.13,10,2.185,0.91
ichi,SELL,2022-04-27 11:15:00,2022-04-27 12:35:00,-6.82,sl,kijun_pullback,0.01,1891.27,1898.0934073884082,1898.0934073884082,1898.0934073884082,False,0.87,6.98,17,3.412,1.434
ichi,SELL,2022-04-28 03:45:00,2022-04-28 04:15:00,1.16,sl,tenkan_momentum,0.01,1884.46,1883.3,1888.2984497891516,1883.3,True,2.7,1.5,7,1.919,0.818
ichi,SELL,2022-04-28 05:15:00,2022-04-28 06:20:00,1.53,sl,tenkan_momentum,0.01,1881.14,1879.61,1885.0992920079439,1879.61,True,3.39,3.58,14,1.98,0.842
ichi,SELL,2022-04-28 07:00:00,2022-04-28 07:45:00,0.05,sl,tenkan_momentum,0.01,1878.95,1878.9,1883.3106822331647,1878.9,True,2.69,0.27,10,2.18,0.924
ichi,BUY,2022-04-29 06:00:00,2022-04-29 06:40:00,1.59,sl,kijun_pullback,0.01,1901.04,1902.63,1896.8181690386104,1902.63,True,3.28,0.69,9,2.111,0.895
ichi,SELL,2022-05-02 10:15:00,2022-05-02 11:50:00,2.31,sl,tenkan_momentum,0.01,1884.14,1881.83,1889.319577096792,1881.83,True,4.38,2.47,20,2.59,1.094
ichi,SELL,2022-05-02 14:15:00,2022-05-02 15:05:00,3.89,sl,kijun_pullback,0.01,1879.46,1875.57,1884.4024650329743,1875.57,True,5.87,0.81,11,2.471,1.039
ichi,SELL,2022-05-02 21:00:00,2022-05-02 22:15:00,3.33,sl,kijun_pullback,0.01,1866.25,1862.92,1873.031769453212,1862.92,True,6.04,0.64,16,3.391,1.414
ichi,SELL,2022-05-03 07:45:00,2022-05-03 08:10:00,1.77,sl,tenkan_momentum,0.01,1861.03,1859.26,1864.8214100565442,1859.26,True,3.29,0.28,6,1.896,0.785
ichi,SELL,2022-05-03 10:45:00,2022-05-03 11:50:00,4.38,gap,kijun_pullback,0.01,1858.26,1853.8799999999999,1863.9355405344963,1852.91,True,7.62,0.31,14,2.838,1.171
ichi,SELL,2022-05-03 12:30:00,2022-05-03 14:35:00,-5.58,sl,kijun_pullback,0.01,1856.39,1861.9734618267983,1861.9734618267983,1861.9734618267983,False,1.04,7.06,26,2.792,1.142
ichi,SELL,2022-05-04 03:30:00,2022-05-04 04:20:00,1.21,sl,tenkan_momentum,0.01,1865.78,1864.57,1869.3123191699938,1864.57,True,2.76,1.06,11,1.766,0.731
ichi,SELL,2022-05-04 09:15:00,2022-05-04 09:55:00,-3.46,sl,tenkan_momentum,0.01,1863.06,1866.520933283007,1866.520933283007,1866.520933283007,False,0.07,3.97,9,1.73,0.714
ichi,SELL,2022-05-04 17:00:00,2022-05-04 18:05:00,-5.96,sl,kijun_pullback,0.01,1862.85,1868.8079836649256,1868.8079836649256,1868.8079836649256,False,0.89,5.96,14,2.979,1.238
ichi,BUY,2022-05-05 14:15:00,2022-05-05 15:20:00,0.05,sl,tenkan_momentum,0.01,1900.05,1900.1,1894.5006223627713,1900.1,True,3.07,4.35,14,2.775,1.168
ichi,BUY,2022-05-05 16:30:00,2022-05-05 16:45:00,-7.53,sl,kijun_pullback,0.01,1903.76,1896.2303461170134,1896.2303461170134,1896.2303461170134,False,0.14,9.04,4,3.765,1.584
ichi,SELL,2022-05-06 01:45:00,2022-05-06 03:15:00,2.44,sl,kijun_pullback,0.01,1877.81,1875.37,1882.7899996682404,1875.37,True,4.43,0.66,19,2.49,1.064
ichi,SELL,2022-05-06 03:45:00,2022-05-06 04:05:00,2.88,sl,tenkan_momentum,0.01,1874.74,1871.86,1879.341273937563,1871.86,True,4.72,0.26,5,2.301,0.978
ichi,BUY,2022-05-06 17:15:00,2022-05-06 18:35:00,5.05,sl,tenkan_momentum,0.01,1883.9,1888.95,1875.834662815775,1888.95,True,8.66,1.79,17,4.033,1.705
ichi,SELL,2022-05-09 11:30:00,2022-05-09 12:05:00,3.28,sl,kijun_pullback,0.01,1870.06,1866.78,1875.4073105267155,1866.78,True,5.61,0.4,8,2.674,1.118
ichi,SELL,2022-05-09 16:45:00,2022-05-09 17:35:00,2.86,sl,kijun_pullback,0.01,1864.13,1861.27,1871.6842718727378,1861.27,True,5.88,2.94,11,3.777,1.569
ichi,SELL,2022-05-10 03:45:00,2022-05-10 05:20:00,-3.74,sl,kijun_pullback,0.01,1854.73,1858.466498614572,1858.466498614572,1858.466498614572,False,1.48,3.75,20,1.868,0.771
ichi,SELL,2022-05-10 13:00:00,2022-05-10 14:30:00,-4.98,sl,kijun_pullback,0.01,1857.63,1862.607995038972,1862.607995038972,1862.607995038972,False,1.11,6.94,19,2.489,1.036
ichi,SELL,2022-05-10 17:00:00,2022-05-10 17:45:00,9.01,tp,kijun_pullback,0.01,1857.13,1848.117411572611,1863.1383922849263,1857.08,True,10.65,3.04,10,3.004,1.263
ichi,SELL,2022-05-11 15:45:00,2022-05-11 16:00:00,1.59,gap,kijun_pullback,0.01,1841.04,1839.45,1848.4362987062696,1838.71,True,5.29,2.43,4,3.698,1.526
ichi,BUY,2022-05-12 02:30:00,2022-05-12 02:55:00,1.05,sl,kijun_pullback,0.01,1853.65,1854.7,1850.0389288698275,1854.7,True,2.49,0.28,6,1.806,0.743
ichi,BUY,2022-05-12 04:15:00,2022-05-12 04:55:00,1.61,sl,kijun_pullback,0.01,1855.43,1857.04,1851.2533234089265,1857.04,True,3.34,0.26,9,2.088,0.857
ichi,SELL,2022-05-12 11:45:00,2022-05-12 14:30:00,0.05,sl,kijun_pullback,0.01,1848.44,1848.39,1854.1436378250532,1848.39,True,3.53,3.81,34,2.852,1.167
ichi,SELL,2022-05-12 16:30:00,2022-05-12 17:05:00,6.3,sl,kijun_pullback,0.01,1845.15,1838.85,1852.217583205635,1838.85,True,9.13,3.53,8,3.534,1.445
ichi,SELL,2022-05-12 18:15:00,2022-05-12 19:25:00,3.93,sl,tenkan_momentum,0.01,1840.94,1837.01,1849.0483005992069,1837.01,True,7.36,0.88,15,4.054,1.637
ichi,SELL,2022-05-13 14:15:00,2022-05-13 15:10:00,3.19,sl,tenkan_momentum,0.01,1818.44,1815.25,1823.4515268581456,1815.25,True,5.19,0.9,12,2.506,1.004
ichi,SELL,2022-05-13 19:15:00,2022-05-16 10:00:00,2.72,sl,kijun_pullback,0.01,1811.22,1808.5,1819.191287465951,1808.5,True,6.08,6.65,164,3.986,1.587
ichi,SELL,2022-05-16 10:45:00,2022-05-16 10:55:00,4.61,gap,kijun_pullback,0.01,1794.99,1790.3799999999999,1802.377453728743,1790.05,True,7.89,3.76,3,3.694,1.463
ichi,SELL,2022-05-16 12:15:00,2022-05-16 12:25:00,-7.87,sl,kijun_pullback,0.01,1798.51,1806.3813522088187,1806.3813522088187,1806.3813522088187,False,0.0,8.37,3,3.936,1.544
ichi,BUY,2022-05-17 05:30:00,2022-05-17 06:40:00,-4.21,sl,kijun_pullback,0.01,1826.19,1821.9814544990838,1821.9814544990838,1821.9814544990838,False,0.79,4.33,15,2.104,0.839
ichi,BUY,2022-05-17 09:45:00,2022-05-17 10:20:00,-3.77,sl,tenkan_momentum,0.01,1829.0,1825.2347989413286,1825.2347989413286,1825.2347989413286,False,1.36,4.84,8,1.883,0.757
ichi,BUY,2022-05-17 11:30:00,2022-05-17 12:20:00,0.05,sl,tenkan_momentum,0.01,1827.57,1827.62,1823.0556532404191,1827.62,True,2.4,2.63,11,2.257,0.914
ichi,BUY,2022-05-17 13:30:00,2022-05-17 15:00:00,4.64,sl,kijun_pullback,0.01,1829.53,1834.17,1824.9493997097395,1834.17,True,6.52,2.82,19,2.29,0.927
ichi,BUY,2022-05-17 16:00:00,2022-05-17 16:15:00,-5.92,sl,tenkan_momentum,0.01,1832.68,1826.7609509552826,1826.7609509552826,1826.7609509552826,False,0.26,6.34,4,2.96,1.187
ichi,SELL,2022-05-18 04:45:00,2022-05-18 07:10:00,3.03,sl,tenkan_momentum,0.01,1812.57,1809.54,1816.445939135908,1809.54,True,4.65,1.48,30,1.938,0.787
ichi,SELL,2022-05-18 09:45:00,2022-05-18 10:20:00,-3.95,sl,tenkan_momentum,0.01,1811.06,1815.014799028345,1815.014799028345,1815.014799028345,False,1.22,4.02,8,1.977,0.798
ichi,SELL,2022-05-18 16:00:00,2022-05-18 18:25:00,-5.96,sl,kijun_pullback,0.01,1811.34,1817.3041113052986,1817.3041113052986,1817.3041113052986,False,1.26,6.8,30,2.982,1.213
ichi,SELL,2022-05-19 06:00:00,2022-05-19 08:20:00,0.05,sl,kijun_pullback,0.01,1815.57,1815.52,1818.8142640594494,1815.52,True,1.68,2.38,29,1.622,0.668
ichi,SELL,2022-05-19 10:30:00,2022-05-19 11:40:00,-3.44,sl,kijun_pullback,0.01,1812.77,1816.2112583798198,1816.2112583798198,1816.2112583798198,False,1.55,5.16,15,1.721,0.708
ichi,BUY,2022-05-20 10:45:00,2022-05-20 13:25:00,1.36,sl,kijun_pullback,0.01,1844.69,1846.05,1840.3535368193668,1846.05,True,3.09,1.62,33,2.168,0.899
ichi,BUY,2022-05-20 14:00:00,2022-05-20 14:55:00,-4.14,sl,kijun_pullback,0.01,1845.74,1841.5998253525484,1841.5998253525484,1841.5998253525484,False,1.08,4.52,12,2.07,0.856
ichi,BUY,2022-05-23 01:30:00,2022-05-23 03:50:00,6.34,tp,kijun_pullback,0.01,1847.29,1853.625789087228,1843.0661406085146,1850.15,True,6.34,1.7,29,2.112,0.881
ichi,BUY,2022-05-23 09:15:00,2022-05-23 10:35:00,0.83,gap,kijun_pullback,0.01,1854.74,1855.57,1850.7697984217273,1855.75,True,2.6,2.34,17,1.985,0.817
ichi,BUY,2022-05-23 11:00:00,2022-05-23 11:25:00,4.52,sl,tenkan_momentum,0.01,1856.76,1861.28,1852.4305045531198,1861.28,True,6.25,0.81,6,2.165,0.89
ichi,BUY,2022-05-24 12:15:00,2022-05-24 15:15:00,0.05,sl,kijun_pullback,0.01,1857.35,1857.4,1853.3613050718907,1857.4,True,2.32,2.66,37,1.994,0.812
ichi,BUY,2022-05-24 16:00:00,2022-05-24 16:20:00,0.05,sl,kijun_pullback,0.01,1860.43,1860.48,1855.830913447233,1860.48,True,2.3,0.88,5,2.3,0.936
ichi,BUY,2022-05-24 17:30:00,2022-05-24 19:15:00,1.64,sl,kijun_pullback,0.01,1865.51,1867.15,1859.2087371778719,1867.15,True,4.16,1.95,22,3.151,1.282
ichi,SELL,2022-05-25 15:00:00,2022-05-25 15:55:00,2.0,sl,kijun_pullback,0.01,1855.15,1853.15,1859.4454352920095,1853.15,True,3.72,2.28,12,2.148,0.871
ichi,SELL,2022-05-25 16:30:00,2022-05-25 17:05:00,1.98,gap,kijun_pullback,0.01,1852.65,1850.67,1858.0023383547657,1849.49,True,5.3,1.99,8,2.676,1.081
ichi,SELL,2022-05-26 10:15:00,2022-05-26 10:30:00,-3.51,sl,kijun_pullback,0.01,1847.01,1850.5157714459706,1850.5157714459706,1850.5157714459706,False,0.48,3.56,4,1.753,0.705
ichi,SELL,2022-05-26 13:45:00,2022-05-26 14:00:00,0.05,sl,kijun_pullback,0.01,1845.92,1845.87,1849.9943989153462,1845.87,True,2.43,0.95,4,2.037,0.826
ichi,SELL,2022-05-26 16:00:00,2022-05-26 16:45:00,-5.28,sl,tenkan_momentum,0.01,1843.3,1848.5848020082735,1848.5848020082735,1848.5848020082735,False,1.61,5.73,10,2.642,1.071
ichi,BUY,2022-05-27 08:45:00,2022-05-27 10:20:00,2.51,sl,tenkan_momentum,0.01,1854.86,1857.37,1851.388958346615,1857.37,True,3.9,2.27,20,1.736,0.711
ichi,BUY,2022-05-27 12:15:00,2022-05-27 12:45:00,0.05,sl,tenkan_momentum,0.01,1858.43,1858.48,1854.574174492724,1858.48,True,1.95,0.41,7,1.928,0.786
ichi,BUY,2022-05-27 14:15:00,2022-05-27 15:05:00,1.38,sl,tenkan_momentum,0.01,1859.14,1860.52,1855.4324740858763,1860.52,True,2.86,1.61,11,1.854,0.755
ichi,SELL,2022-05-30 01:30:00,2022-05-30 02:05:00,4.24,tp,kijun_pullback,0.01,1852.82,1848.5829257647886,1855.6447161568076,1852.77,True,4.34,0.41,8,1.412,0.574
ichi,SELL,2022-05-30 03:45:00,2022-05-30 04:35:00,-3.05,sl,tenkan_momentum,0.01,1849.73,1852.7792439118127,1852.7792439118127,1852.7792439118127,False,0.77,6.2,11,1.525,0.614
ichi,SELL,2022-05-31 12:45:00,2022-05-31 13:40:00,1.07,sl,kijun_pullback,0.01,1850.2,1849.13,1853.9340273129258,1849.13,True,2.56,1.22,12,1.867,0.757
ichi,SELL,2022-05-31 14:30:00,2022-05-31 15:00:00,0.22,gap,tenkan_momentum,0.01,1849.32,1849.1,1853.4982876433326,1846.53,True,4.46,1.59,7,2.089,0.845
ichi,SELL,2022-05-31 17:15:00,2022-05-31 17:30:00,3.66,gap,kijun_pullback,0.01,1846.54,1842.8799999999999,1853.118947087518,1842.57,True,6.6,0.41,4,3.289,1.33
ichi,SELL,2022-06-01 07:15:00,2022-06-01 07:55:00,0.89,sl,tenkan_momentum,0.01,1834.42,1833.53,1837.6836776768596,1833.53,True,2.2,0.61,9,1.632,0.655
ichi,SELL,2022-06-01 09:15:00,2022-06-01 10:05:00,-3.51,sl,kijun_pullback,0.01,1833.38,1836.8910945879086,1836.8910945879086,1836.8910945879086,False,0.32,3.72,11,1.756,0.703
ichi,SELL,2022-06-01 10:45:00,2022-06-01 11:10:00,-4.07,sl,tenkan_momentum,0.01,1832.69,1836.7632790834348,1836.7632790834348,1836.7632790834348,False,0.0,4.43,6,2.037,0.822
ichi,BUY,2022-06-02 01:45:00,2022-06-02 04:00:00,0.05,sl,kijun_pullback,0.01,1847.08,1847.13,1843.9339403686913,1847.13,True,1.86,1.58,28,1.573,0.64
ichi,BUY,2022-06-02 15:45:00,2022-06-02 15:55:00,1.81,gap,kijun_pullback,0.01,1854.65,1856.46,1850.3130536397557,1856.78,True,3.86,0.77,3,2.168,0.882
ichi,BUY,2022-06-03 03:30:00,2022-06-03 03:40:00,1.57,gap,tenkan_momentum,0.01,1870.6,1872.17,1867.724487568541,1872.6,True,3.49,0.5,3,1.438,0.583
ichi,BUY,2022-06-03 05:15:00,2022-06-03 06:15:00,-2.96,sl,kijun_pullback,0.01,1872.1,1869.1425950793825,1869.1425950793825,1869.1425950793825,False,0.3,3.05,13,1.479,0.597
ichi,SELL,2022-06-07 02:30:00,2022-06-07 04:20:00,0.99,sl,kijun_pullback,0.01,1839.38,1838.39,1842.123056948368,1838.39,True,2.09,1.31,23,1.372,0.557
ichi,BUY,2022-06-07 17:15:00,2022-06-07 23:10:00,2.38,sl,kijun_pullback,0.01,1850.81,1853.19,1845.166646586133,1853.19,True,4.71,3.69,72,2.822,1.145
ichi,SELL,2022-06-08 08:00:00,2022-06-08 09:00:00,-2.67,sl,tenkan_momentum,0.01,1847.53,1850.2021822331646,1850.2021822331646,1850.2021822331646,False,0.27,3.01,13,1.336,0.539
ichi,BUY,2022-06-09 04:45:00,2022-06-09 07:55:00,1.04,sl,tenkan_momentum,0.01,1853.12,1854.16,1850.5386248045888,1854.16,True,2.2,2.24,39,1.291,0.524
ichi,SELL,2022-06-09 10:30:00,2022-06-09 11:30:00,1.34,sl,kijun_pullback,0.01,1850.51,1849.17,1853.6320073108454,1849.17,True,2.61,1.69,13,1.561,0.632
ichi,SELL,2022-06-09 15:00:00,2022-06-09 15:20:00,-0.09,gap,kijun_pullback,0.01,1846.38,1846.47,1850.2546638525926,1846.33,True,2.24,3.14,5,1.937,0.783
ichi,SELL,2022-06-09 16:45:00,2022-06-09 17:20:00,3.68,sl,tenkan_momentum,0.01,1846.23,1842.55,1851.888156123941,1842.55,True,5.94,3.61,8,2.829,1.143
ichi,SELL,2022-06-10 10:00:00,2022-06-10 10:25:00,-2.67,sl,tenkan_momentum,0.01,1844.44,1847.1085061540637,1847.1085061540637,1847.1085061540637,False,0.34,3.02,6,1.334,0.535
ichi,SELL,2022-06-10 12:30:00,2022-06-10 14:25:00,1.72,sl,kijun_pullback,0.01,1843.0,1841.28,1846.2300893746099,1841.28,True,3.01,1.29,24,1.615,0.651
ichi,SELL,2022-06-10 14:30:00,2022-06-10 14:50:00,5.78,tp,kijun_pullback,0.01,1840.81,1835.034940178783,1844.6600398808112,1836.58,True,6.45,0.37,5,1.925,0.773
ichi,SELL,2022-06-10 16:30:00,2022-06-10 17:25:00,-8.6,sl,tenkan_momentum,0.01,1832.8,1841.3972616804613,1841.3972616804613,1841.3972616804613,False,4.12,9.47,12,4.299,1.707
ichi,SELL,2022-06-14 14:15:00,2022-06-14 14:55:00,5.07,sl,kijun_pullback,0.01,1823.69,1818.62,1829.305461090919,1818.62,True,7.32,0.87,9,2.808,1.134
ichi,BUY,2022-06-16 12:15:00,2022-06-16 12:45:00,-5.82,sl,kijun_pullback,0.01,1836.04,1830.2235297970574,1830.2235297970574,1830.2235297970574,False,0.0,6.4,7,2.908,1.163
ichi,BUY,2022-06-16 17:30:00,2022-06-16 18:20:00,12.17,tp,tenkan_momentum,0.01,1830.29,1842.4563536836768,1822.1790975442154,1836.92,True,12.99,2.06,11,4.055,1.641
ichi,BUY,2022-06-17 15:45:00,2022-06-17 16:25:00,-5.06,sl,tenkan_momentum,0.01,1850.85,1845.788946285831,1845.788946285831,1845.788946285831,False,2.2,5.14,9,2.531,0.999
ichi,SELL,2022-06-20 02:15:00,2022-06-20 05:25:00,1.13,sl,kijun_pullback,0.01,1838.34,1837.21,1842.8053377759115,1837.21,True,2.92,3.96,39,2.233,0.891
ichi,BUY,2022-06-20 09:45:00,2022-06-20 11:05:00,-4.23,sl,tenkan_momentum,0.01,1843.6299999999999,1839.4032121351588,1839.4032121351588,1839.4032121351588,False,0.54,4.6,17,2.113,0.841
ichi,SELL,2022-06-20 16:45:00,2022-06-20 17:05:00,0.79,gap,kijun_pullback,0.01,1839.16,1838.37,1843.201167702151,1837.97,True,2.81,1.35,5,2.021,0.811
ichi,BUY,2022-06-21 04:45:00,2022-06-21 07:50:00,-2.94,sl,tenkan_momentum,0.01,1841.12,1838.1808122576736,1838.1808122576736,1838.1808122576736,False,1.14,3.05,38,1.47,0.589
ichi,SELL,2022-06-21 11:30:00,2022-06-21 14:10:00,1.37,sl,tenkan_momentum,0.01,1834.92,1833.55,1838.7603528402465,1833.55,True,2.91,3.75,33,1.92,0.774
ichi,SELL,2022-06-21 15:15:00,2022-06-21 15:30:00,-4.62,sl,kijun_pullback,0.01,1833.82,1838.4370904133236,1838.4370904133236,1838.4370904133236,False,0.0,6.01,4,2.309,0.928
ichi,BUY,2022-06-21 18:30:00,2022-06-21 19:10:00,-6.01,sl,tenkan_momentum,0.01,1839.72,1833.7136989232338,1833.7136989232338,1833.7136989232338,False,0.51,6.06,9,3.003,1.219
ichi,SELL,2022-06-22 04:45:00,2022-06-22 05:50:00,1.05,sl,kijun_pullback,0.01,1828.63,1827.58,1832.6843326798298,1827.58,True,2.67,0.8,14,2.027,0.833
ichi,SELL,2022-06-22 07:00:00,2022-06-22 09:05:00,1.18,sl,tenkan_momentum,0.01,1827.57,1826.39,1831.538898817164,1826.39,True,2.77,1.16,26,1.984,0.813
ichi,SELL,2022-06-22 10:15:00,2022-06-22 10:40:00,-4.3,sl,kijun_pullback,0.01,1824.86,1829.1598284374666,1829.1598284374666,1829.1598284374666,False,0.67,5.75,6,2.15,0.879
ichi,SELL,2022-06-23 06:45:00,2022-06-23 08:30:00,0.05,sl,tenkan_momentum,0.01,1833.09,1833.04,1836.1510368744596,1833.04,True,1.71,0.88,22,1.531,0.631
ichi,SELL,2022-06-24 05:00:00,2022-06-24 10:00:00,0.41,gap,kijun_pullback,0.01,1823.96,1823.55,1827.427906293675,1823.07,True,2.43,3.37,61,1.734,0.715
ichi,SELL,2022-06-24 10:15:00,2022-06-24 10:35:00,-3.63,sl,kijun_pullback,0.01,1823.06,1826.6852050587295,1826.6852050587295,1826.6852050587295,False,0.0,4.38,5,1.813,0.747
ichi,SELL,2022-06-24 15:15:00,2022-06-24 16:05:00,3.46,sl,tenkan_momentum,0.01,1823.73,1820.27,1828.4612238933048,1820.27,True,6.55,2.56,11,2.366,0.982
ichi,BUY,2022-06-27 11:30:00,2022-06-27 14:50:00,-4.19,sl,kijun_pullback,0.01,1838.84,1834.6472866128884,1834.6472866128884,1834.6472866128884,False,1.64,4.24,41,2.096,0.864
ichi,SELL,2022-06-28 16:00:00,2022-06-28 16:55:00,1.48,sl,tenkan_momentum,0.01,1822.59,1821.11,1827.0113603620198,1821.11,True,3.48,3.9,12,2.211,0.919
ichi,SELL,2022-06-28 17:45:00,2022-06-29 10:00:00,1.44,sl,tenkan_momentum,0.01,1819.94,1818.5,1825.3013600323857,1818.5,True,3.75,4.09,182,2.681,1.112
ichi,SELL,2022-06-29 12:30:00,2022-06-29 13:00:00,1.19,sl,tenkan_momentum,0.01,1816.55,1815.36,1820.1343031547126,1815.36,True,4.13,0.64,7,1.792,0.741
ichi,SELL,2022-06-30 10:30:00,2022-06-30 10:50:00,2.21,gap,tenkan_momentum,0.01,1816.16,1813.95,1819.1574658974066,1813.87,True,3.49,1.12,5,1.499,0.618
ichi,SELL,2022-06-30 12:15:00,2022-06-30 12:50:00,2.24,sl,tenkan_momentum,0.01,1814.86,1812.62,1818.2717131309887,1812.62,True,3.6,0.54,8,1.706,0.7
ichi,SELL,2022-06-30 14:30:00,2022-06-30 14:40:00,6.81,tp,tenkan_momentum,0.01,1810.49,1803.6806747115297,1815.0295501923135,1806.81,True,7.15,0.31,3,2.27,0.928
ichi,SELL,2022-07-01 03:45:00,2022-07-01 07:05:00,1.62,sl,kijun_pullback,0.01,1804.27,1802.65,1807.9787448464158,1802.65,True,3.1,2.94,41,1.854,0.747
ichi,SELL,2022-07-01 08:45:00,2022-07-01 10:15:00,2.08,gap,kijun_pullback,0.01,1796.5,1794.42,1800.57986083066,1794.29,True,3.84,3.49,19,2.04,0.819
ichi,SELL,2022-07-01 10:45:00,2022-07-01 12:00:00,1.15,gap,tenkan_momentum,0.01,1796.31,1795.16,1801.1902580077772,1794.77,True,3.49,0.46,16,2.44,0.976
ichi,SELL,2022-07-01 15:15:00,2022-07-01 15:30:00,0.05,sl,tenkan_momentum,0.01,1788.33,1788.28,1794.0550506925733,1788.28,True,3.46,0.39,4,2.863,1.143
ichi,BUY,2022-07-04 05:15:00,2022-07-04 06:35:00,1.29,sl,kijun_pullback,0.01,1810.37,1811.66,1805.9592013216075,1811.66,True,3.89,1.47,17,2.205,0.88
ichi,BUY,2022-07-04 10:15:00,2022-07-04 10:35:00,-3.46,sl,tenkan_momentum,0.01,1812.19,1808.7250560772104,1808.7250560772104,1808.7250560772104,False,0.0,3.74,5,1.732,0.69
ichi,SELL,2022-07-04 14:45:00,2022-07-04 15:40:00,-3.42,sl,tenkan_momentum,0.01,1806.12,1809.5428786695356,1809.5428786695356,1809.5428786695356,False,0.73,3.68,12,1.711,0.686
ichi,BUY,2022-07-05 01:30:00,2022-07-05 04:20:00,0.1,sl,kijun_pullback,0.02,1808.91,1808.96,1806.5349002675139,1808.96,True,2.94,4.62,35,1.188,0.959
ichi,BUY,2022-07-05 06:00:00,2022-07-05 07:50:00,1.14,sl,kijun_pullback,0.01,1809.85,1810.99,1807.0976857122166,1810.99,True,2.24,0.41,23,1.376,0.555
ichi,SELL,2022-07-05 15:30:00,2022-07-05 16:15:00,4.48,sl,kijun_pullback,0.01,1800.6,1796.12,1805.8093114540197,1796.12,True,7.06,4.36,10,2.605,1.049
ichi,SELL,2022-07-05 17:15:00,2022-07-05 18:45:00,5.48,sl,kijun_pullback,0.01,1774.35,1768.87,1783.3361409717568,1768.87,True,9.07,1.83,19,4.493,1.793
ichi,SELL,2022-07-06 09:30:00,2022-07-06 11:10:00,-4.34,sl,kijun_pullback,0.01,1766.31,1770.6547745217604,1770.6547745217604,1770.6547745217604,False,0.32,5.79,21,2.172,0.857
ichi,SELL,2022-07-06 12:45:00,2022-07-06 13:25:00,2.83,sl,kijun_pullback,0.01,1765.31,1762.48,1770.2402799462488,1762.48,True,4.8,0.33,9,2.465,0.981
ichi,SELL,2022-07-06 16:30:00,2022-07-06 16:55:00,4.82,sl,tenkan_momentum,0.01,1763.1,1758.28,1769.5649989762144,1758.28,True,7.41,2.59,6,3.232,1.28
ichi,SELL,2022-07-07 13:30:00,2022-07-07 15:15:00,-4.16,sl,tenkan_momentum,0.01,1742.02,1746.1798985473827,1746.1798985473827,1746.1798985473827,False,0.89,4.19,22,2.08,0.816
ichi,SELL,2022-07-07 15:30:00,2022-07-07 16:10:00,1.28,sl,kijun_pullback,0.01,1741.37,1740.09,1745.9410838086628,1740.09,True,3.11,1.02,9,2.286,0.904
ichi,SELL,2022-07-08 01:45:00,2022-07-08 03:00:00,-2.63,sl,kijun_pullback,0.01,1739.57,1742.2023431904115,1742.2023431904115,1742.2023431904115,False,0.39,2.82,16,1.316,0.519
ichi,SELL,2022-07-08 07:30:00,2022-07-08 08:50:00,-2.95,sl,tenkan_momentum,0.01,1740.54,1743.4875124068008,1743.4875124068008,1743.4875124068008,False,0.36,3.21,17,1.474,0.584
ichi,SELL,2022-07-08 10:30:00,2022-07-08 10:45:00,4.24,sl,kijun_pullback,0.01,1740.07,1735.83,1744.2299085387788,1735.83,True,6.57,0.74,4,2.08,0.829
ichi,SELL,2022-07-08 12:00:00,2022-07-08 15:10:00,-5.95,sl,kijun_pullback,0.01,1737.92,1743.8744343362134,1743.8744343362134,1743.8744343362134,False,2.78,6.75,39,2.977,1.177
ichi,SELL,2022-07-11 03:00:00,2022-07-11 03:30:00,0.05,sl,kijun_pullback,0.01,1741.97,1741.92,1745.1832889487246,1741.92,True,1.91,0.63,7,1.607,0.643
ichi,SELL,2022-07-11 04:30:00,2022-07-11 05:30:00,-3.64,sl,kijun_pullback,0.01,1739.36,1742.9974437146332,1742.9974437146332,1742.9974437146332,False,0.5,4.49,13,1.819,0.728
ichi,SELL,2022-07-11 08:45:00,2022-07-11 10:05:00,0.99,sl,kijun_pullback,0.01,1740.9,1739.91,1743.7558333239099,1739.91,True,2.13,0.56,17,1.428,0.575
ichi,SELL,2022-07-11 10:30:00,2022-07-11 10:55:00,0.88,sl,tenkan_momentum,0.01,1738.43,1737.55,1741.609555143661,1737.55,True,2.15,1.02,6,1.59,0.639
ichi,SELL,2022-07-11 12:15:00,2022-07-11 12:35:00,1.21,sl,kijun_pullback,0.01,1738.71,1737.5,1742.2384834250881,1737.5,True,2.62,0.83,5,1.764,0.708
ichi,SELL,2022-07-11 14:00:00,2022-07-11 15:10:00,0.05,sl,tenkan_momentum,0.01,1736.18,1736.13,1739.8359093630295,1736.13,True,2.31,2.2,15,1.828,0.732
ichi,SELL,2022-07-11 15:30:00,2022-07-11 16:35:00,-3.77,sl,kijun_pullback,0.01,1735.46,1739.2258215959994,1739.2258215959994,1739.2258215959994,False,0.9,4.03,14,1.883,0.754
ichi,SELL,2022-07-12 02:45:00,2022-07-12 04:00:00,7.25,tp,kijun_pullback,0.02,1733.67,1730.0449490224498,1736.0867006517003,1733.62,True,13.36,4.54,16,1.208,0.975
ichi,SELL,2022-07-12 04:15:00,2022-07-12 04:25:00,-4.62,sl,kijun_pullback,0.01,1724.69,1729.3103923636108,1729.3103923636108,1729.3103923636108,False,1.2,6.96,3,2.31,0.919
ichi,SELL,2022-07-13 09:30:00,2022-07-13 09:45:00,-3.41,sl,tenkan_momentum,0.01,1723.5,1726.9100333012268,1726.9100333012268,1726.9100333012268,False,0.3,3.93,4,1.705,0.684
ichi,SELL,2022-07-13 15:45:00,2022-07-13 15:50:00,-7.82,sl,kijun_pullback,0.01,1709.15,1716.9672326199413,1716.9672326199413,1716.9672326199413,False,1.53,10.97,2,3.909,1.58
ichi,SELL,2022-07-14 09:15:00,2022-07-14 09:45:00,0.05,sl,kijun_pullback,0.01,1725.87,1725.82,1730.5862458750164,1725.82,True,2.76,0.26,7,2.358,0.968
ichi,SELL,2022-07-14 18:15:00,2022-07-14 18:50:00,-8.8,sl,kijun_pullback,0.01,1705.77,1714.5742937743546,1714.5742937743546,1714.5742937743546,False,1.79,9.03,8,4.402,1.808
ichi,SELL,2022-07-14 19:45:00,2022-07-15 05:00:00,-8.49,sl,kijun_pullback,0.01,1706.28,1714.7666424476486,1714.7666424476486,1714.7666424476486,False,0.95,9.64,100,4.243,1.774
ichi,SELL,2022-07-15 15:00:00,2022-07-15 15:35:00,2.57,sl,tenkan_momentum,0.01,1704.52,1701.95,1708.6516477733112,1701.95,True,4.22,6.59,8,2.066,0.879
ichi,SELL,2022-07-15 17:30:00,2022-07-15 18:05:00,0.05,sl,kijun_pullback,0.01,1705.86,1705.81,1714.225598379777,1705.81,True,5.41,0.83,8,4.183,1.771
ichi,SELL,2022-07-19 01:45:00,2022-07-19 03:30:00,1.83,sl,kijun_pullback,0.01,1708.66,1706.83,1711.6449854142486,1706.83,True,3.02,0.44,22,1.492,0.632
ichi,SELL,2022-07-19 05:00:00,2022-07-19 06:45:00,-3.09,sl,tenkan_momentum,0.01,1706.01,1709.097316589196,1709.097316589196,1709.097316589196,False,0.04,3.12,22,1.544,0.651
ichi,SELL,2022-07-19 17:00:00,2022-07-20 10:00:00,2.74,sl,tenkan_momentum,0.01,1710.99,1708.25,1715.8658435765906,1708.25,True,4.69,4.58,193,2.438,1.035
ichi,SELL,2022-07-20 11:30:00,2022-07-20 12:15:00,-2.9,sl,tenkan_momentum,0.01,1707.12,1710.0209819803695,1710.0209819803695,1710.0209819803695,False,0.0,3.15,10,1.45,0.612
ichi,SELL,2022-07-21 08:30:00,2022-07-21 09:35:00,2.3,sl,kijun_pullback,0.01,1692.57,1690.27,1695.5442000007652,1690.27,True,3.53,1.54,14,1.487,0.631
ichi,SELL,2022-07-21 10:15:00,2022-07-21 10:30:00,-4.16,sl,kijun_pullback,0.01,1688.3,1692.458610076081,1692.458610076081,1692.458610076081,False,1.16,5.41,4,2.079,0.879
ichi,SELL,2022-07-21 13:00:00,2022-07-21 13:45:00,1.21,sl,tenkan_momentum,0.01,1684.56,1683.35,1688.9985326786602,1683.35,True,3.18,1.62,10,2.219,0.946
ichi,BUY,2022-07-22 04:15:00,2022-07-22 05:55:00,-3.13,sl,kijun_pullback,0.01,1717.8,1714.6669320853734,1714.6669320853734,1714.6669320853734,False,0.39,4.07,21,1.567,0.666
ichi,BUY,2022-07-22 11:15:00,2022-07-22 12:30:00,5.99,tp,kijun_pullback,0.01,1717.93,1723.9173781526513,1713.9384145648992,1721.24,True,7.34,0.66,16,1.996,0.854
ichi,BUY,2022-07-22 16:15:00,2022-07-22 16:45:00,7.92,tp,tenkan_momentum,0.01,1726.78,1734.700784968513,1721.499476687658,1721.499476687658,False,10.71,4.62,7,2.64,1.116
ichi,BUY,2022-07-25 09:45:00,2022-07-25 10:40:00,1.73,sl,tenkan_momentum,0.01,1726.22,1727.95,1723.0955361676156,1727.95,True,2.98,1.13,12,1.562,0.649
ichi,BUY,2022-07-25 11:15:00,2022-07-25 11:45:00,1.53,sl,kijun_pullback,0.01,1727.47,1729.0,1724.1225083555844,1729.0,True,2.87,1.0,7,1.674,0.693
ichi,BUY,2022-07-25 13:00:00,2022-07-25 13:25:00,-4.69,sl,kijun_pullback,0.01,1735.29,1730.6007894795246,1730.6007894795246,1730.6007894795246,False,0.13,5.31,6,2.345,0.968
ichi,BUY,2022-07-26 09:30:00,2022-07-26 09:55:00,1.55,sl,kijun_pullback,0.01,1723.8799999999999,1725.43,1720.8254631027073,1725.43,True,2.77,0.91,6,1.527,0.637
ichi,BUY,2022-07-26 11:00:00,2022-07-26 11:40:00,-3.3,sl,kijun_pullback,0.01,1725.05,1721.7548063590261,1721.7548063590261,1721.7548063590261,False,0.76,3.58,9,1.648,0.685
ichi,SELL,2022-07-26 17:45:00,2022-07-27 08:25:00,1.68,sl,kijun_pullback,0.01,1718.15,1716.47,1723.6792176740234,1716.47,True,4.22,2.71,165,2.765,1.157
ichi,BUY,2022-07-27 14:15:00,2022-07-27 15:30:00,-3.52,sl,tenkan_momentum,0.01,1722.68,1719.1556215465848,1719.1556215465848,1719.1556215465848,False,0.56,4.47,16,1.762,0.735
ichi,BUY,2022-07-28 06:00:00,2022-07-28 10:00:00,1.91,sl,kijun_pullback,0.01,1738.16,1740.07,1733.7091591378173,1740.07,True,3.69,2.71,49,2.225,0.935
ichi,BUY,2022-07-28 10:45:00,2022-07-28 11:10:00,6.68,tp,kijun_pullback,0.01,1740.4,1747.0800563624416,1735.9466290917057,1743.32,True,7.23,0.61,6,2.227,0.932
ichi,BUY,2022-07-28 16:15:00,2022-07-28 16:30:00,5.1,sl,kijun_pullback,0.01,1745.68,1750.78,1738.0671338687164,1750.78,True,8.15,0.96,4,3.806,1.571
ichi,BUY,2022-07-29 05:15:00,2022-07-29 06:20:00,4.46,tp,kijun_pullback,0.01,1754.77,1759.2324078527972,1751.7950614314684,1757.32,True,5.36,1.41,14,1.487,0.607
ichi,BUY,2022-08-01 01:30:00,2022-08-01 03:00:00,-3.74,sl,kijun_pullback,0.01,1764.39,1760.6501686366553,1760.6501686366553,1760.6501686366553,False,0.0,3.76,19,1.87,0.757
ichi,BUY,2022-08-01 10:15:00,2022-08-01 11:00:00,-3.61,sl,kijun_pullback,0.01,1766.75,1763.14335214475,1763.14335214475,1763.14335214475,False,0.67,4.44,10,1.803,0.735
ichi,BUY,2022-08-01 16:15:00,2022-08-01 17:25:00,-5.78,sl,kijun_pullback,0.01,1773.02,1767.2390324374048,1767.2390324374048,1767.2390324374048,False,1.75,6.75,15,2.89,1.187
ichi,BUY,2022-08-02 14:15:00,2022-08-02 15:15:00,1.19,sl,kijun_pullback,0.01,1777.16,1778.35,1772.9355645476828,1778.35,True,4.43,0.53,13,2.112,0.878
ichi,BUY,2022-08-02 17:15:00,2022-08-02 17:55:00,-7.05,sl,kijun_pullback,0.01,1783.54,1776.4875276598136,1776.4875276598136,1776.4875276598136,False,2.61,7.71,9,3.526,1.462
ichi,BUY,2022-08-02 18:45:00,2022-08-02 20:25:00,-7.69,sl,kijun_pullback,0.01,1780.87,1773.1845813495197,1773.1845813495197,1773.1845813495197,False,0.31,8.06,21,3.843,1.617
ichi,BUY,2022-08-03 10:45:00,2022-08-03 13:15:00,-4.38,sl,kijun_pullback,0.01,1768.1299999999999,1763.7532634029933,1763.7532634029933,1763.7532634029933,False,0.23,5.38,31,2.188,0.936
ichi,SELL,2022-08-03 17:15:00,2022-08-03 17:55:00,0.05,sl,kijun_pullback,0.01,1758.48,1758.43,1765.202517670007,1758.43,True,3.88,1.67,9,3.361,1.451
ichi,BUY,2022-08-04 05:30:00,2022-08-04 06:20:00,2.25,sl,tenkan_momentum,0.01,1768.14,1770.39,1765.2376244764807,1770.39,True,3.41,0.86,11,1.451,0.627
ichi,BUY,2022-08-04 09:45:00,2022-08-04 10:50:00,1.88,sl,kijun_pullback,0.01,1771.54,1773.42,1768.3983358396629,1773.42,True,3.31,0.39,14,1.571,0.675
ichi,BUY,2022-08-04 17:00:00,2022-08-04 17:45:00,0.05,sl,kijun_pullback,0.01,1783.76,1783.81,1777.6121588470487,1783.81,True,3.99,1.6,10,3.074,1.315
ichi,BUY,2022-08-05 02:15:00,2022-08-05 04:00:00,1.15,sl,kijun_pullback,0.01,1792.48,1793.63,1789.3288272633781,1793.63,True,2.41,0.56,22,1.576,0.674
ichi,SELL,2022-08-05 17:30:00,2022-08-05 19:50:00,1.97,sl,kijun_pullback,0.01,1777.07,1775.1,1784.4532975687437,1775.1,True,5.21,1.79,29,3.692,1.576
ichi,SELL,2022-08-08 01:15:00,2022-08-08 10:20:00,-4.2,sl,kijun_pullback,0.01,1773.48,1777.6768220680674,1777.6768220680674,1777.6768220680674,False,2.03,4.23,110,2.098,0.892
ichi,BUY,2022-08-09 01:15:00,2022-08-09 02:45:00,1.12,sl,kijun_pullback,0.01,1788.45,1789.57,1785.7896391712084,1789.57,True,2.18,0.61,19,1.33,0.57
ichi,BUY,2022-08-09 02:50:00,2022-08-09 04:05:00,-2.43,sl,kijun_pullback,0.01,1789.58,1787.1493946623457,1787.1493946623457,1787.1493946623457,False,0.57,2.79,16,1.215,0.52
ichi,BUY,2022-08-09 09:00:00,2022-08-09 09:15:00,-2.45,sl,tenkan_momentum,0.01,1788.84,1786.3867027615136,1786.3867027615136,1786.3867027615136,False,0.4,2.52,4,1.227,0.528
ichi,BUY,2022-08-09 11:00:00,2022-08-09 11:10:00,1.9,gap,tenkan_momentum,0.01,1787.33,1789.23,1783.6642666606426,1790.19,True,4.33,0.9,3,1.833,0.792
ichi,BUY,2022-08-09 13:00:00,2022-08-09 13:30:00,0.05,sl,tenkan_momentum,0.01,1791.22,1791.27,1787.267847439934,1791.27,True,2.12,0.93,7,1.976,0.851
ichi,BUY,2022-08-09 14:30:00,2022-08-09 16:05:00,6.11,tp,tenkan_momentum,0.01,1791.87,1797.9837532059676,1787.7941645293547,1791.92,True,6.25,3.84,20,2.038,0.877
ichi,BUY,2022-08-09 17:45:00,2022-08-09 18:00:00,-5.73,sl,kijun_pullback,0.01,1796.11,1790.3789909431077,1790.3789909431077,1790.3789909431077,False,0.0,5.93,4,2.866,1.218
ichi,BUY,2022-08-10 15:00:00,2022-08-10 15:25:00,-3.17,sl,tenkan_momentum,0.01,1792.62,1789.4504882854765,1789.4504882854765,1789.4504882854765,False,0.94,4.68,6,1.585,0.682
ichi,SELL,2022-08-11 09:45:00,2022-08-11 10:20:00,-3.38,sl,tenkan_momentum,0.01,1784.83,1788.208764499256,1788.208764499256,1788.208764499256,False,0.0,3.75,8,1.689,0.732
ichi,BUY,2022-08-11 16:30:00,2022-08-11 16:55:00,2.85,sl,kijun_pullback,0.01,1794.32,1797.17,1789.2062323723906,1797.17,True,4.9,3.18,6,2.557,1.116
ichi,SELL,2022-08-12 02:00:00,2022-08-12 06:30:00,-3.01,sl,kijun_pullback,0.01,1787.81,1790.824364266156,1790.824364266156,1790.824364266156,False,1.26,3.27,55,1.507,0.654
ichi,BUY,2022-08-12 08:30:00,2022-08-12 10:05:00,1.13,sl,tenkan_momentum,0.01,1791.34,1792.47,1788.8706578346823,1792.47,True,2.14,0.95,20,1.235,0.539
ichi,SELL,2022-08-12 14:30:00,2022-08-12 15:20:00,-4.07,sl,kijun_pullback,0.01,1786.9,1790.9725854934757,1790.9725854934757,1790.9725854934757,False,1.76,5.86,11,2.036,0.887
ichi,BUY,2022-08-12 17:15:00,2022-08-12 20:20:00,4.77,sl,kijun_pullback,0.01,1794.6299999999999,1799.4,1788.8911403245643,1799.4,True,7.3,4.2,38,2.869,1.261
ichi,BUY,2022-08-15 04:00:00,2022-08-15 04:10:00,-3.03,sl,kijun_pullback,0.01,1801.49,1798.4644964078414,1798.4644964078414,1798.4644964078414,False,0.27,3.16,3,1.513,0.658
ichi,SELL,2022-08-15 15:45:00,2022-08-15 15:55:00,0.05,sl,kijun_pullback,0.01,1780.33,1780.28,1787.40616890782,1780.28,True,4.98,1.65,3,3.538,1.548
ichi,SELL,2022-08-15 18:15:00,2022-08-16 11:30:00,2.08,sl,kijun_pullback,0.01,1778.66,1776.58,1784.5348781220275,1776.58,True,4.43,5.74,196,2.937,1.285
ichi,SELL,2022-08-16 14:15:00,2022-08-16 15:35:00,1.04,gap,tenkan_momentum,0.01,1775.56,1774.52,1779.1532049434816,1773.17,True,3.83,3.26,17,1.797,0.783
ichi,SELL,2022-08-16 15:45:00,2022-08-16 16:00:00,1.36,sl,kijun_pullback,0.01,1775.2,1773.84,1779.9598462986353,1773.84,True,3.26,1.04,4,2.38,1.034
ichi,SELL,2022-08-16 17:15:00,2022-08-17 08:30:00,-5.23,sl,kijun_pullback,0.01,1774.75,1779.9755527927443,1779.9755527927443,1779.9755527927443,False,1.7,6.14,172,2.613,1.132
ichi,SELL,2022-08-17 16:15:00,2022-08-17 16:40:00,1.38,sl,kijun_pullback,0.01,1769.68,1768.3,1774.9770454651073,1768.3,True,4.35,4.07,6,2.649,1.161
ichi,SELL,2022-08-18 05:15:00,2022-08-18 07:10:00,1.65,sl,kijun_pullback,0.01,1764.91,1763.26,1767.8563438496255,1763.26,True,2.83,1.22,24,1.473,0.644
ichi,SELL,2022-08-18 09:00:00,2022-08-18 10:05:00,1.02,sl,tenkan_momentum,0.01,1763.36,1762.34,1765.9503881133257,1762.34,True,2.2,0.42,14,1.295,0.564
ichi,SELL,2022-08-19 02:15:00,2022-08-19 03:15:00,1.49,sl,kijun_pullback,0.01,1758.0,1756.51,1760.7638412555275,1756.51,True,2.6,1.4,13,1.382,0.6
ichi,SELL,2022-08-19 04:30:00,2022-08-19 04:45:00,1.08,sl,kijun_pullback,0.01,1756.24,1755.16,1759.4955897284856,1755.16,True,2.38,0.32,4,1.628,0.705
ichi,SELL,2022-08-19 06:15:00,2022-08-19 07:25:00,2.69,sl,kijun_pullback,0.01,1756.01,1753.32,1759.1829664235704,1753.32,True,3.96,0.43,15,1.586,0.685
ichi,SELL,2022-08-19 10:15:00,2022-08-19 11:25:00,0.05,sl,kijun_pullback,0.01,1753.81,1753.76,1756.9345926346316,1753.76,True,1.65,0.95,15,1.562,0.671
ichi,SELL,2022-08-19 12:15:00,2022-08-19 13:30:00,2.07,sl,tenkan_momentum,0.01,1753.47,1751.4,1756.6835430238475,1751.4,True,3.43,1.04,16,1.607,0.69
ichi,SELL,2022-08-19 15:15:00,2022-08-19 15:30:00,-3.99,sl,tenkan_momentum,0.01,1751.03,1755.0201886017626,1755.0201886017626,1755.0201886017626,False,0.92,4.17,4,1.995,0.853
ichi,SELL,2022-08-22 04:00:00,2022-08-22 05:20:00,-2.83,sl,tenkan_momentum,0.01,1745.38,1748.2050900076465,1748.2050900076465,1748.2050900076465,False,0.12,2.84,17,1.413,0.609
ichi,SELL,2022-08-22 09:00:00,2022-08-22 10:15:00,4.15,tp,tenkan_momentum,0.01,1743.59,1739.436770705188,1746.3588195298746,1740.57,True,4.69,0.45,16,1.384,0.601
ichi,SELL,2022-08-22 17:00:00,2022-08-22 17:15:00,-6.18,sl,kijun_pullback,0.01,1733.2,1739.3758758751499,1739.3758758751499,1739.3758758751499,False,1.1,6.61,4,3.088,1.328
ichi,SELL,2022-08-23 09:30:00,2022-08-23 10:15:00,-2.92,sl,tenkan_momentum,0.01,1735.09,1738.0069188636076,1738.0069188636076,1738.0069188636076,False,0.0,3.5,10,1.458,0.636
ichi,SELL,2022-08-23 15:15:00,2022-08-23 15:25:00,1.63,sl,tenkan_momentum,0.01,1736.1,1734.47,1740.403216701128,1734.47,True,3.35,0.5,3,2.152,0.944
ichi,BUY,2022-08-24 10:00:00,2022-08-24 10:20:00,-2.57,sl,tenkan_momentum,0.01,1747.46,1744.8918368793009,1744.8918368793009,1744.8918368793009,False,0.02,3.23,5,1.284,0.561
ichi,BUY,2022-08-25 03:30:00,2022-08-25 04:35:00,2.64,sl,tenkan_momentum,0.01,1752.47,1755.11,1749.8132927401812,1755.11,True,3.7,0.63,14,1.328,0.584
ichi,BUY,2022-08-26 09:15:00,2022-08-26 09:35:00,0.69,sl,tenkan_momentum,0.01,1757.12,1757.81,1754.607156098086,1757.81,True,1.7,0.3,5,1.256,0.549
ichi,SELL,2022-08-26 17:30:00,2022-08-26 18:20:00,11.35,tp,kijun_pullback,0.01,1746.09,1734.7430015237533,1753.654665650831,1738.27,True,11.48,1.75,11,3.782,1.65
ichi,SELL,2022-08-29 01:45:00,2022-08-29 02:25:00,0.89,gap,kijun_pullback,0.01,1735.94,1735.05,1739.9634482626748,1734.54,True,3.01,1.03,9,2.012,0.857
ichi,SELL,2022-08-29 12:30:00,2022-08-29 13:25:00,-3.53,sl,kijun_pullback,0.01,1722.69,1726.2175593178695,1726.2175593178695,1726.2175593178695,False,0.86,4.38,12,1.764,0.75
ichi,BUY,2022-08-30 04:00:00,2022-08-30 04:30:00,-2.66,sl,tenkan_momentum,0.01,1739.87,1737.2113920016916,1737.2113920016916,1737.2113920016916,False,0.37,3.25,7,1.329,0.569
ichi,SELL,2022-08-30 09:00:00,2022-08-30 10:05:00,1.71,sl,tenkan_momentum,0.01,1734.53,1732.82,1737.4817933993502,1732.82,True,2.89,1.53,14,1.476,0.636
ichi,SELL,2022-08-30 11:00:00,2022-08-30 11:10:00,-3.93,sl,kijun_pullback,0.01,1731.35,1735.2793461750234,1735.2793461750234,1735.2793461750234,False,0.0,5.33,3,1.965,0.843
ichi,SELL,2022-08-30 15:45:00,2022-08-30 17:30:00,4.45,sl,tenkan_momentum,0.01,1730.49,1726.04,1734.946153513081,1726.04,True,7.29,2.67,22,2.228,0.964
ichi,SELL,2022-08-31 03:15:00,2022-08-31 04:55:00,2.7,sl,kijun_pullback,0.02,1723.18,1721.83,1725.4726993434874,1721.83,True,4.6,3.12,21,1.146,0.983
ichi,SELL,2022-08-31 05:15:00,2022-08-31 07:05:00,-2.54,sl,kijun_pullback,0.01,1722.71,1725.2525030981387,1725.2525030981387,1725.2525030981387,False,0.87,2.75,23,1.271,0.542
ichi,SELL,2022-08-31 10:15:00,2022-08-31 11:20:00,4.83,tp,kijun_pullback,0.01,1720.12,1715.2941747005336,1723.3372168663107,1720.07,True,5.32,2.83,14,1.609,0.689
ichi,SELL,2022-09-01 09:15:00,2022-09-01 11:20:00,2.69,sl,kijun_pullback,0.01,1705.38,1702.69,1708.6889039757762,1702.69,True,4.01,2.36,26,1.654,0.702
ichi,SELL,2022-09-01 11:30:00,2022-09-01 11:40:00,1.16,sl,kijun_pullback,0.01,1703.56,1702.4,1707.512695537948,1702.4,True,2.74,0.58,3,1.976,0.833
ichi,SELL,2022-09-01 15:00:00,2022-09-01 15:40:00,6.38,tp,tenkan_momentum,0.01,1701.81,1695.4257575437055,1706.0661616375296,1706.0661616375296,False,6.5,2.55,9,2.128,0.895
ichi,SELL,2022-09-01 18:30:00,2022-09-02 08:55:00,-7.68,sl,kijun_pullback,0.01,1694.21,1701.8905761623034,1701.8905761623034,1701.8905761623034,False,1.13,7.75,162,3.84,1.594
ichi,BUY,2022-09-02 16:30:00,2022-09-02 18:10:00,5.12,sl,kijun_pullback,0.01,1710.72,1715.84,1705.378461509946,1715.84,True,7.26,2.27,21,2.671,1.126
ichi,BUY,2022-09-05 09:00:00,2022-09-05 09:25:00,-3.08,sl,tenkan_momentum,0.01,1713.6,1710.5234236975593,1710.5234236975593,1710.5234236975593,False,0.0,3.41,6,1.538,0.642
ichi,BUY,2022-09-05 12:45:00,2022-09-05 13:30:00,0.05,sl,tenkan_momentum,0.01,1714.04,1714.09,1710.6360248363899,1714.09,True,1.71,1.11,10,1.702,0.715
ichi,SELL,2022-09-06 17:00:00,2022-09-06 17:10:00,3.12,gap,kijun_pullback,0.01,1708.91,1705.79,1714.3849529334796,1704.92,True,6.32,0.26,3,2.737,1.149
ichi,SELL,2022-09-07 03:30:00,2022-09-07 04:20:00,-4.05,sl,kijun_pullback,0.01,1694.91,1698.9579667010833,1698.9579667010833,1698.9579667010833,False,1.98,4.05,11,2.024,0.844
ichi,BUY,2022-09-08 04:30:00,2022-09-08 04:55:00,-3.07,sl,tenkan_momentum,0.01,1718.72,1715.6470574940618,1715.6470574940618,1715.6470574940618,False,0.59,3.43,6,1.536,0.646
ichi,BUY,2022-09-08 10:30:00,2022-09-08 13:00:00,1.07,sl,kijun_pullback,0.01,1718.92,1719.99,1715.5218004849135,1719.99,True,2.43,2.73,31,1.699,0.719
ichi,BUY,2022-09-09 13:00:00,2022-09-09 14:50:00,-4.15,sl,tenkan_momentum,0.01,1727.59,1723.4399367967983,1723.4399367967983,1723.4399367967983,False,1.79,6.14,23,2.075,0.877
ichi,SELL,2022-09-12 09:00:00,2022-09-12 09:30:00,-2.83,sl,tenkan_momentum,0.01,1713.13,1715.9596867501075,1715.9596867501075,1715.9596867501075,False,0.71,3.02,7,1.415,0.603
ichi,BUY,2022-09-12 18:00:00,2022-09-12 19:20:00,2.49,sl,kijun_pullback,0.01,1730.35,1732.84,1724.61342381451,1732.84,True,4.78,1.89,17,2.868,1.23
ichi,BUY,2022-09-13 11:45:00,2022-09-13 12:55:00,2.1,sl,tenkan_momentum,0.01,1724.51,1726.61,1721.0941479672842,1726.61,True,3.62,0.4,15,1.708,0.728
ichi,BUY,2022-09-13 13:45:00,2022-09-13 14:15:00,1.08,sl,tenkan_momentum,0.01,1727.46,1728.54,1723.8987805765132,1728.54,True,2.57,0.26,7,1.781,0.756
ichi,SELL,2022-09-14 04:00:00,2022-09-14 04:40:00,1.2,sl,tenkan_momentum,0.01,1700.21,1699.01,1704.0418167765597,1699.01,True,2.73,1.55,9,1.916,0.812
ichi,SELL,2022-09-15 03:45:00,2022-09-15 04:15:00,1.6,sl,kijun_pullback,0.01,1696.6,1695.0,1699.1241893740566,1695.0,True,2.61,0.32,7,1.262,0.533
ichi,SELL,2022-09-15 05:15:00,2022-09-15 06:00:00,4.06,tp,tenkan_momentum,0.01,1695.12,1691.0627880359953,1697.8248079760028,1695.07,True,4.68,0.36,10,1.352,0.57
ichi,SELL,2022-09-15 12:00:00,2022-09-15 13:00:00,-3.64,sl,tenkan_momentum,0.01,1687.31,1690.948700768381,1690.948700768381,1690.948700768381,False,0.84,3.89,13,1.819,0.76
ichi,SELL,2022-09-15 13:45:00,2022-09-15 15:25:00,1.67,sl,tenkan_momentum,0.01,1686.29,1684.62,1690.1214116664091,1684.62,True,3.2,1.54,21,1.916,0.806
ichi,SELL,2022-09-15 15:30:00,2022-09-15 15:45:00,-4.92,sl,kijun_pullback,0.01,1685.28,1690.1986251004773,1690.1986251004773,1690.1986251004773,False,2.8,7.27,4,2.459,1.031
ichi,SELL,2022-09-15 18:00:00,2022-09-15 19:20:00,4.28,sl,kijun_pullback,0.01,1668.57,1664.29,1677.7595999450127,1664.29,True,7.96,3.07,17,4.595,1.947
ichi,SELL,2022-09-16 04:45:00,2022-09-16 10:00:00,1.7,sl,kijun_pullback,0.01,1663.1,1661.4,1667.1398768917452,1661.4,True,3.33,2.58,64,2.02,0.848
ichi,SELL,2022-09-16 11:00:00,2022-09-16 11:45:00,-3.86,sl,kijun_pullback,0.01,1655.74,1659.60339555634,1659.60339555634,1659.60339555634,False,1.32,4.01,10,1.932,0.808
ichi,SELL,2022-09-19 12:00:00,2022-09-19 15:25:00,-4.5,sl,kijun_pullback,0.01,1662.61,1667.114035374314,1667.114035374314,1667.114035374314,False,1.58,5.24,42,2.252,0.95
ichi,BUY,2022-09-20 05:30:00,2022-09-20 07:45:00,-2.98,sl,kijun_pullback,0.01,1676.56,1673.5787699104783,1673.5787699104783,1673.5787699104783,False,1.33,3.37,28,1.491,0.635
ichi,SELL,2022-09-20 10:00:00,2022-09-20 10:25:00,-3.12,sl,kijun_pullback,0.01,1673.02,1676.1406537621663,1676.1406537621663,1676.1406537621663,False,0.06,3.13,6,1.56,0.669
ichi,SELL,2022-09-20 13:45:00,2022-09-20 15:35:00,1.26,sl,tenkan_momentum,0.01,1668.25,1666.99,1672.0857994715907,1666.99,True,2.79,2.22,23,1.918,0.827
ichi,SELL,2022-09-20 17:15:00,2022-09-21 09:00:00,-5.1,sl,tenkan_momentum,0.01,1663.27,1668.3728383847042,1668.3728383847042,1668.3728383847042,False,2.3,6.23,178,2.551,1.098
ichi,BUY,2022-09-21 16:15:00,2022-09-21 17:20:00,-4.06,sl,kijun_pullback,0.01,1674.3,1670.2377627459848,1670.2377627459848,1670.2377627459848,False,0.78,4.26,14,2.031,0.884
ichi,SELL,2022-09-22 08:45:00,2022-09-22 10:10:00,4.54,sl,kijun_pullback,0.01,1662.25,1657.71,1666.7108662832868,1657.71,True,6.32,0.94,18,2.23,0.979
ichi,SELL,2022-09-22 10:30:00,2022-09-22 11:00:00,-4.61,sl,kijun_pullback,0.01,1658.68,1663.2942377903646,1663.2942377903646,1663.2942377903646,False,0.45,6.89,7,2.307,1.003
ichi,BUY,2022-09-22 14:45:00,2022-09-22 15:20:00,1.97,gap,tenkan_momentum,0.01,1670.46,1672.43,1663.1839741732585,1672.66,True,5.11,1.8,8,3.638,1.597
ichi,BUY,2022-09-22 17:15:00,2022-09-23 10:15:00,-8.78,sl,kijun_pullback,0.01,1676.27,1667.4903622135544,1667.4903622135544,1667.4903622135544,False,1.74,9.39,193,4.39,1.919
ichi,SELL,2022-09-23 16:30:00,2022-09-23 17:10:00,5.57,sl,kijun_pullback,0.01,1652.65,1647.08,1661.336259774651,1647.08,True,9.04,0.93,9,4.343,1.936
ichi,SELL,2022-09-26 02:15:00,2022-09-26 03:55:00,7.02,tp,kijun_pullback,0.01,1643.19,1636.1653719176095,1647.8730853882605,1639.76,True,16.12,2.67,21,2.342,1.031
ichi,SELL,2022-09-26 13:15:00,2022-09-26 15:20:00,-6.92,sl,tenkan_momentum,0.01,1636.77,1643.6928672543222,1643.6928672543222,1643.6928672543222,False,0.28,8.02,26,3.461,1.501
ichi,SELL,2022-09-27 17:30:00,2022-09-27 20:05:00,4.58,sl,tenkan_momentum,0.01,1634.19,1629.61,1640.860358845289,1629.61,True,7.25,4.01,32,3.335,1.468
ichi,SELL,2022-09-28 03:45:00,2022-09-28 05:25:00,1.34,sl,tenkan_momentum,0.01,1626.2,1624.86,1629.852895197099,1624.86,True,2.94,1.42,21,1.826,0.796
ichi,SELL,2022-09-28 10:15:00,2022-09-28 10:25:00,0.05,sl,kijun_pullback,0.01,1618.12,1618.07,1622.913294063591,1618.07,True,3.05,0.95,3,2.397,1.041
ichi,SELL,2022-09-28 11:45:00,2022-09-28 13:00:00,0.05,sl,tenkan_momentum,0.01,1619.31,1619.26,1624.7333389023954,1619.26,True,3.14,6.46,16,2.712,1.178
ichi,BUY,2022-09-29 16:15:00,2022-09-29 17:15:00,-6.81,sl,tenkan_momentum,0.01,1654.84,1648.0293112873771,1648.0293112873771,1648.0293112873771,False,3.32,9.66,13,3.405,1.479
ichi,BUY,2022-09-29 18:00:00,2022-09-29 18:15:00,2.82,sl,kijun_pullback,0.01,1653.6,1656.42,1644.9238541850793,1656.42,True,6.59,0.58,4,4.338,1.913
ichi,BUY,2022-09-30 03:00:00,2022-09-30 05:00:00,-4.15,sl,kijun_pullback,0.01,1664.86,1660.7118121855867,1660.7118121855867,1660.7118121855867,False,0.44,4.26,25,2.074,0.909
ichi,BUY,2022-09-30 06:00:00,2022-09-30 09:15:00,3.59,sl,kijun_pullback,0.01,1663.56,1667.15,1659.7205493967258,1667.15,True,5.2,2.32,40,1.92,0.849
ichi,BUY,2022-10-03 15:30:00,2022-10-03 16:20:00,3.46,gap,kijun_pullback,0.01,1668.97,1672.43,1663.858580488927,1672.57,True,5.64,3.62,11,2.556,1.121
ichi,BUY,2022-10-03 17:15:00,2022-10-03 17:30:00,12.48,tp,kijun_pullback,0.01,1678.44,1690.9236355744047,1670.1175762837304,1683.11,True,12.87,1.86,4,4.161,1.812
ichi,BUY,2022-10-04 09:00:00,2022-10-04 10:00:00,1.55,sl,kijun_pullback,0.01,1703.52,1705.07,1699.2034019492762,1705.07,True,3.28,1.62,13,2.158,0.915
ichi,BUY,2022-10-04 15:30:00,2022-10-04 16:00:00,1.75,sl,kijun_pullback,0.01,1709.1299999999999,1710.88,1703.2905624452223,1710.88,True,4.09,1.7,7,2.92,1.234
ichi,BUY,2022-10-04 17:00:00,2022-10-04 17:10:00,3.73,gap,tenkan_momentum,0.01,1710.31,1714.04,1703.064582592561,1714.78,True,7.37,0.26,3,3.623,1.525
ichi,BUY,2022-10-05 01:30:00,2022-10-05 03:50:00,-4.24,sl,kijun_pullback,0.01,1725.99,1721.7514427992303,1721.7514427992303,1721.7514427992303,False,0.0,4.47,29,2.119,0.885
ichi,BUY,2022-10-06 05:00:00,2022-10-06 06:30:00,1.19,sl,tenkan_momentum,0.01,1721.52,1722.71,1717.5678143235575,1722.71,True,2.77,1.4,19,1.976,0.833
ichi,BUY,2022-10-06 08:45:00,2022-10-06 10:00:00,-3.41,sl,tenkan_momentum,0.01,1723.79,1720.3784991654345,1720.3784991654345,1720.3784991654345,False,0.73,4.11,16,1.706,0.717
ichi,BUY,2022-10-06 10:15:00,2022-10-06 11:20:00,-4.09,sl,kijun_pullback,0.01,1723.71,1719.6239313084116,1719.6239313084116,1719.6239313084116,False,1.86,6.24,14,2.043,0.865
ichi,SELL,2022-10-06 18:45:00,2022-10-07 13:45:00,0.05,sl,tenkan_momentum,0.01,1710.38,1710.33,1717.0185388319396,1710.33,True,3.85,5.09,217,3.319,1.417
ichi,SELL,2022-10-07 15:45:00,2022-10-07 15:55:00,6.0,gap,kijun_pullback,0.01,1701.29,1695.29,1708.6569552760507,1693.86,True,10.38,1.89,3,3.683,1.573
ichi,SELL,2022-10-10 04:45:00,2022-10-10 06:20:00,6.89,tp,kijun_pullback,0.01,1694.56,1687.6743244882161,1699.150450341189,1691.58,True,7.16,1.93,20,2.295,0.968
ichi,SELL,2022-10-10 17:30:00,2022-10-10 18:20:00,4.8,sl,kijun_pullback,0.01,1673.61,1668.81,1680.5586225087604,1668.81,True,7.64,3.99,11,3.474,1.444
ichi,SELL,2022-10-11 01:15:00,2022-10-11 03:45:00,-3.46,sl,kijun_pullback,0.01,1668.34,1671.8039068933963,1671.8039068933963,1671.8039068933963,False,0.36,3.64,31,1.732,0.713
ichi,SELL,2022-10-11 05:15:00,2022-10-11 05:50:00,-4.76,sl,kijun_pullback,0.01,1662.48,1667.23629374174,1667.23629374174,1667.23629374174,False,0.83,5.12,8,2.378,0.986
ichi,SELL,2022-10-11 13:30:00,2022-10-11 14:00:00,-5.05,sl,kijun_pullback,0.01,1663.3,1668.3534740036964,1668.3534740036964,1668.3534740036964,False,0.32,5.23,7,2.527,1.058
ichi,SELL,2022-10-12 06:45:00,2022-10-12 07:00:00,-3.83,sl,kijun_pullback,0.01,1663.84,1667.665823385817,1667.665823385817,1667.665823385817,False,0.0,7.84,4,1.913,0.809
ichi,SELL,2022-10-12 16:15:00,2022-10-12 21:05:00,-5.94,sl,kijun_pullback,0.01,1668.01,1673.9482135601725,1673.9482135601725,1673.9482135601725,False,0.52,7.39,59,2.969,1.266
ichi,BUY,2022-10-13 03:30:00,2022-10-13 05:00:00,-3.07,sl,kijun_pullback,0.01,1674.7,1671.6277396751263,1671.6277396751263,1671.6277396751263,False,0.76,3.18,19,1.536,0.664
ichi,SELL,2022-10-13 10:45:00,2022-10-13 11:05:00,-3.12,sl,kijun_pullback,0.01,1669.66,1672.7821099822222,1672.7821099822222,1672.7821099822222,False,0.02,3.16,5,1.561,0.679
ichi,SELL,2022-10-14 16:30:00,2022-10-14 17:05:00,4.41,gap,kijun_pullback,0.01,1654.61,1650.2,1662.2678545506235,1648.53,True,9.14,1.79,8,3.829,1.676
ichi,SELL,2022-10-17 01:45:00,2022-10-17 03:35:00,-4.26,sl,kijun_pullback,0.01,1644.44,1648.7012500516187,1648.7012500516187,1648.7012500516187,False,0.0,4.63,23,2.131,0.924
ichi,BUY,2022-10-17 15:30:00,2022-10-17 16:00:00,2.05,sl,kijun_pullback,0.01,1664.01,1666.06,1658.6758402816906,1666.06,True,4.18,0.77,7,2.667,1.167
ichi,BUY,2022-10-17 17:30:00,2022-10-17 20:00:00,-5.47,sl,kijun_pullback,0.01,1662.66,1657.1857894720386,1657.1857894720386,1657.1857894720386,False,1.88,5.94,31,2.737,1.193
ichi,SELL,2022-10-18 15:00:00,2022-10-18 15:30:00,-4.52,sl,kijun_pullback,0.01,1652.93,1657.4525264488384,1657.4525264488384,1657.4525264488384,False,0.56,4.72,7,2.261,0.997
ichi,SELL,2022-10-18 18:15:00,2022-10-18 18:25:00,2.56,sl,tenkan_momentum,0.01,1651.7,1649.14,1657.0005381693004,1649.14,True,4.68,0.26,3,2.65,1.18
ichi,SELL,2022-10-19 10:45:00,2022-10-19 11:40:00,1.62,sl,kijun_pullback,0.01,1643.02,1641.4,1647.8120169841584,1641.4,True,3.54,4.34,12,2.396,1.061
ichi,SELL,2022-10-19 17:45:00,2022-10-20 03:15:00,6.07,sl,kijun_pullback,0.01,1634.83,1628.76,1641.0235688112825,1628.76,True,8.57,1.23,103,3.097,1.367
ichi,SELL,2022-10-20 03:20:00,2022-10-20 04:15:00,2.03,sl,kijun_pullback,0.01,1628.64,1626.61,1631.3019379911887,1626.61,True,3.29,1.01,12,1.331,0.58
ichi,SELL,2022-10-20 05:00:00,2022-10-20 05:40:00,0.05,sl,kijun_pullback,0.01,1624.71,1624.66,1627.8302050254686,1624.66,True,2.02,1.03,9,1.56,0.676
ichi,SELL,2022-10-21 04:30:00,2022-10-21 06:40:00,4.88,tp,kijun_pullback,0.01,1626.46,1621.580089765393,1629.713273489738,1624.29,True,4.98,1.49,27,1.627,0.705
ichi,SELL,2022-10-21 09:00:00,2022-10-21 10:15:00,2.46,sl,tenkan_momentum,0.01,1621.4,1618.94,1624.8760045530266,1618.94,True,3.85,1.72,16,1.738,0.746
ichi,SELL,2022-10-21 11:30:00,2022-10-21 12:50:00,-4.81,sl,kijun_pullback,0.01,1621.18,1625.9939389271149,1625.9939389271149,1625.9939389271149,False,1.66,4.92,17,2.407,1.027
ichi,BUY,2022-10-24 02:45:00,2022-10-24 03:45:00,-7.56,sl,kijun_pullback,0.01,1665.37,1657.8126171984063,1657.8126171984063,1657.8126171984063,False,5.16,7.58,13,3.779,1.629
ichi,BUY,2022-10-25 03:15:00,2022-10-25 03:50:00,0.05,sl,kijun_pullback,0.01,1652.65,1652.7,1649.7144926650828,1652.7,True,1.48,0.45,8,1.468,0.643
ichi,SELL,2022-10-25 11:30:00,2022-10-25 12:20:00,1.96,sl,tenkan_momentum,0.01,1645.96,1644.0,1649.7967416714257,1644.0,True,3.49,1.34,11,1.918,0.841
ichi,SELL,2022-10-25 15:30:00,2022-10-25 16:10:00,-4.62,sl,tenkan_momentum,0.01,1641.46,1646.077504135373,1646.077504135373,1646.077504135373,False,2.1,5.31,9,2.309,1.007
ichi,BUY,2022-10-27 03:45:00,2022-10-27 04:15:00,2.19,sl,kijun_pullback,0.01,1667.34,1669.53,1664.2468188891448,1669.53,True,3.49,1.01,7,1.547,0.682
ichi,SELL,2022-10-27 17:00:00,2022-10-27 17:15:00,-7.07,sl,tenkan_momentum,0.01,1658.37,1665.4444167600102,1665.4444167600102,1665.4444167600102,False,0.0,7.39,4,3.537,1.552
ichi,BUY,2022-10-28 03:30:00,2022-10-28 04:15:00,1.19,sl,kijun_pullback,0.01,1661.33,1662.52,1658.120244079899,1662.52,True,2.47,0.43,10,1.605,0.715
ichi,BUY,2022-10-28 06:00:00,2022-10-28 08:35:00,-3.81,sl,kijun_pullback,0.01,1665.68,1661.8748140500493,1661.8748140500493,1661.8748140500493,False,0.53,3.88,32,1.903,0.846
ichi,SELL,2022-10-28 15:45:00,2022-10-28 16:00:00,0.05,sl,kijun_pullback,0.01,1646.16,1646.11,1653.1788487806427,1646.11,True,4.91,0.67,4,3.509,1.573
ichi,SELL,2022-10-28 17:15:00,2022-10-28 18:20:00,3.58,sl,kijun_pullback,0.01,1644.99,1641.41,1652.7520555747453,1641.41,True,6.68,0.64,14,3.881,1.739
ichi,SELL,2022-10-31 05:00:00,2022-10-31 05:55:00,-3.05,sl,tenkan_momentum,0.01,1641.52,1644.5744447363716,1644.5744447363716,1644.5744447363716,False,0.08,3.5,12,1.527,0.679
ichi,SELL,2022-10-31 08:45:00,2022-10-31 09:30:00,0.76,sl,kijun_pullback,0.01,1642.69,1641.93,1645.5827275632344,1641.93,True,1.92,2.19,10,1.446,0.647
ichi,SELL,2022-10-31 12:15:00,2022-10-31 13:00:00,-3.39,sl,tenkan_momentum,0.01,1637.74,1641.1347869533276,1641.1347869533276,1641.1347869533276,False,0.82,3.93,10,1.697,0.759
ichi,SELL,2022-10-31 14:30:00,2022-10-31 15:35:00,2.5,gap,kijun_pullback,0.01,1638.08,1635.58,1642.4834968720668,1635.49,True,4.35,1.62,14,2.202,0.991
ichi,SELL,2022-10-31 16:00:00,2022-10-31 16:45:00,-4.7,sl,kijun_pullback,0.01,1637.39,1642.0862060973698,1642.0862060973698,1642.0862060973698,False,0.0,5.03,10,2.348,1.051
ichi,SELL,2022-11-01 02:45:00,2022-11-01 03:20:00,-2.57,sl,kijun_pullback,0.01,1633.21,1635.7840322567495,1635.7840322567495,1635.7840322567495,False,0.0,2.82,8,1.287,0.582
ichi,BUY,2022-11-01 10:00:00,2022-11-01 10:20:00,1.24,sl,kijun_pullback,0.01,1645.57,1646.81,1640.883750439755,1646.81,True,3.11,0.3,5,2.343,1.067
ichi,SELL,2022-11-01 18:30:00,2022-11-01 20:00:00,-6.02,sl,tenkan_momentum,0.01,1644.58,1650.597129470315,1650.597129470315,1650.597129470315,False,1.35,6.43,19,3.009,1.366
ichi,BUY,2022-11-02 03:00:00,2022-11-02 04:05:00,-2.94,sl,kijun_pullback,0.01,1650.69,1647.7509787888894,1647.7509787888894,1647.7509787888894,False,0.69,3.23,14,1.47,0.676
ichi,BUY,2022-11-02 04:45:00,2022-11-02 05:25:00,1.61,sl,tenkan_momentum,0.01,1650.45,1652.06,1647.133178494012,1652.06,True,2.94,0.31,9,1.658,0.768
ichi,BUY,2022-11-02 07:15:00,2022-11-02 07:50:00,0.05,sl,kijun_pullback,0.01,1650.91,1650.96,1648.0259593218323,1650.96,True,1.86,0.35,8,1.442,0.666
ichi,BUY,2022-11-02 09:00:00,2022-11-02 10:05:00,0.98,gap,kijun_pullback,0.01,1651.59,1652.57,1648.4912602366135,1652.63,True,2.28,1.49,14,1.549,0.715
ichi,BUY,2022-11-02 11:15:00,2022-11-02 11:50:00,0.05,sl,kijun_pullback,0.01,1654.3,1654.35,1650.8404585270455,1654.35,True,2.01,0.71,8,1.73,0.797
ichi,BUY,2022-11-02 14:30:00,2022-11-02 15:55:00,-4.27,sl,kijun_pullback,0.01,1656.93,1652.6636808641506,1652.6636808641506,1652.6636808641506,False,1.19,4.32,18,2.133,0.982
ichi,BUY,2022-11-02 20:15:00,2022-11-02 20:35:00,-5.89,sl,kijun_pullback,0.01,1664.47,1658.5804757541705,1658.5804757541705,1658.5804757541705,False,4.86,9.24,5,2.945,1.369
ichi,SELL,2022-11-03 05:00:00,2022-11-03 09:35:00,6.42,tp,kijun_pullback,0.01,1636.27,1629.8466524574128,1640.552231695058,1631.73,True,6.52,2.94,56,2.141,1.009
ichi,SELL,2022-11-03 15:45:00,2022-11-03 16:45:00,-6.85,sl,kijun_pullback,0.01,1620.83,1627.6841314783642,1627.6841314783642,1627.6841314783642,False,2.54,7.51,13,3.427,1.592
ichi,BUY,2022-11-04 12:30:00,2022-11-04 12:55:00,0.05,sl,kijun_pullback,0.01,1649.08,1649.13,1644.2060542345225,1649.13,True,2.96,0.62,6,2.437,1.15
ichi,BUY,2022-11-04 14:45:00,2022-11-04 15:15:00,9.7,tp,kijun_pullback,0.01,1656.41,1666.1129866756453,1649.9413422162368,1663.0,True,10.6,0.98,7,3.234,1.526
ichi,BUY,2022-11-07 01:15:00,2022-11-07 01:50:00,-5.42,sl,kijun_pullback,0.01,1678.52,1673.0977172195983,1673.0977172195983,1673.0977172195983,False,0.37,5.49,8,2.711,1.251
ichi,BUY,2022-11-07 16:45:00,2022-11-07 17:20:00,-4.9,sl,tenkan_momentum,0.01,1680.51,1675.6071946537143,1675.6071946537143,1675.6071946537143,False,1.39,5.37,8,2.451,1.145
ichi,BUY,2022-11-08 17:15:00,2022-11-08 17:25:00,4.61,gap,kijun_pullback,0.01,1699.05,1703.66,1691.1343965328635,1705.25,True,9.51,1.32,3,3.958,1.87
ichi,BUY,2022-11-09 01:30:00,2022-11-09 03:00:00,-4.37,sl,kijun_pullback,0.01,1713.14,1708.7697461548892,1708.7697461548892,1708.7697461548892,False,0.0,5.1,19,2.185,1.022
ichi,BUY,2022-11-09 10:15:00,2022-11-09 11:05:00,-3.99,sl,kijun_pullback,0.01,1715.1299999999999,1711.1435924558684,1711.1435924558684,1711.1435924558684,False,0.7,4.04,11,1.993,0.941
ichi,BUY,2022-11-09 17:15:00,2022-11-09 17:35:00,-7.03,sl,kijun_pullback,0.01,1716.6,1709.5685037765516,1709.5685037765516,1709.5685037765516,False,1.01,7.76,5,3.516,1.676
ichi,BUY,2022-11-10 08:45:00,2022-11-10 09:10:00,-3.55,sl,kijun_pullback,0.01,1711.43,1707.876802486414,1707.876802486414,1707.876802486414,False,0.0,3.68,6,1.777,0.862
ichi,BUY,2022-11-10 15:30:00,2022-11-10 15:30:00,10.98,tp,tenkan_momentum,0.01,1711.91,1722.8855508188863,1704.5929661207426,1704.5929661207426,False,23.17,0.32,1,3.659,1.79
ichi,BUY,2022-11-11 09:00:00,2022-11-11 09:40:00,2.04,sl,tenkan_momentum,0.01,1758.43,1760.47,1753.0639606150942,1760.47,True,4.19,2.68,9,2.683,1.278
ichi,BUY,2022-11-11 10:30:00,2022-11-11 11:00:00,3.56,sl,tenkan_momentum,0.01,1760.17,1763.73,1754.1385706586145,1763.73,True,5.97,0.6,7,3.016,1.43
ichi,BUY,2022-11-14 10:15:00,2022-11-14 11:00:00,-5.02,sl,tenkan_momentum,0.01,1765.92,1760.8984940154105,1760.8984940154105,1760.8984940154105,False,0.22,6.14,10,2.511,1.18
ichi,BUY,2022-11-15 09:15:00,2022-11-15 09:30:00,5.78,tp,tenkan_momentum,0.01,1771.98,1777.759941641241,1768.126705572506,1775.91,True,7.21,0.46,4,1.927,0.916
ichi,BUY,2022-11-15 11:00:00,2022-11-15 15:30:00,7.79,tp,kijun_pullback,0.01,1777.84,1785.6308762421409,1772.6460825052393,1772.6460825052393,False,8.73,4.82,55,2.597,1.219
ichi,BUY,2022-11-16 02:45:00,2022-11-16 05:45:00,-5.4,sl,kijun_pullback,0.01,1778.37,1772.9689061357637,1772.9689061357637,1772.9689061357637,False,1.9,5.73,37,2.701,1.244
ichi,BUY,2022-11-16 15:30:00,2022-11-16 16:35:00,-5.34,sl,tenkan_momentum,0.01,1779.64,1774.295793760518,1774.295793760518,1774.295793760518,False,1.86,5.86,14,2.672,1.247
ichi,SELL,2022-11-17 14:45:00,2022-11-17 15:10:00,3.19,gap,tenkan_momentum,0.01,1762.96,1759.77,1767.5533601533994,1758.83,True,5.97,1.97,6,2.297,1.085
ichi,SELL,2022-11-17 17:45:00,2022-11-17 19:00:00,0.05,sl,kijun_pullback,0.01,1759.36,1759.31,1765.6669275993352,1759.31,True,3.61,1.37,16,3.153,1.479
ichi,SELL,2022-11-18 16:00:00,2022-11-18 16:30:00,3.37,sl,tenkan_momentum,0.01,1760.26,1756.89,1764.863190074456,1756.89,True,6.31,1.26,7,2.302,1.079
ichi,SELL,2022-11-18 17:45:00,2022-11-18 19:35:00,2.25,sl,tenkan_momentum,0.01,1754.95,1752.7,1760.6461440966923,1752.7,True,4.53,3.97,23,2.848,1.325
ichi,SELL,2022-11-21 02:30:00,2022-11-21 03:15:00,4.39,tp,kijun_pullback,0.01,1750.41,1746.0192368537791,1753.3371754308139,1749.35,True,4.67,0.84,10,1.464,0.677
ichi,SELL,2022-11-21 09:30:00,2022-11-21 09:55:00,1.08,sl,kijun_pullback,0.01,1744.79,1743.71,1748.27376658186,1743.71,True,2.47,1.23,6,1.742,0.798
ichi,SELL,2022-11-21 12:15:00,2022-11-21 15:25:00,-4.33,sl,kijun_pullback,0.01,1741.38,1745.7119894154146,1745.7119894154146,1745.7119894154146,False,1.9,5.89,39,2.166,0.99
ichi,SELL,2022-11-21 17:15:00,2022-11-21 19:00:00,1.81,sl,kijun_pullback,0.01,1736.75,1734.94,1742.0902199154325,1734.94,True,3.95,2.22,22,2.67,1.233
ichi,SELL,2022-11-22 17:00:00,2022-11-22 18:25:00,1.16,sl,kijun_pullback,0.01,1742.89,1741.73,1747.2159453084216,1741.73,True,2.89,2.04,18,2.163,0.994
ichi,SELL,2022-11-23 15:45:00,2022-11-23 16:45:00,-5.81,sl,kijun_pullback,0.01,1734.23,1740.0424493464873,1740.0424493464873,1740.0424493464873,False,1.82,10.7,13,2.906,1.332
ichi,BUY,2022-11-24 09:00:00,2022-11-24 09:35:00,0.53,gap,kijun_pullback,0.01,1755.65,1756.18,1752.7238087423304,1756.49,True,2.01,0.59,8,1.463,0.68
ichi,BUY,2022-11-24 11:45:00,2022-11-24 12:25:00,0.05,sl,kijun_pullback,0.01,1756.55,1756.6,1753.33292413383,1756.6,True,2.06,0.55,9,1.609,0.747
ichi,BUY,2022-11-24 13:45:00,2022-11-24 20:20:00,-3.3,sl,tenkan_momentum,0.01,1758.17,1754.865091745373,1754.865091745373,1754.865091745373,False,0.44,3.37,80,1.652,0.767
ichi,SELL,2022-11-25 16:30:00,2022-11-25 19:10:00,-3.91,sl,kijun_pullback,0.01,1749.58,1753.4853796716388,1753.4853796716388,1753.4853796716388,False,0.87,6.3,33,1.953,0.913
ichi,SELL,2022-11-28 03:15:00,2022-11-28 03:55:00,1.6,sl,tenkan_momentum,0.01,1749.31,1747.71,1752.9364010390427,1747.71,True,3.05,0.71,9,1.813,0.856
ichi,SELL,2022-11-28 07:30:00,2022-11-28 08:35:00,-3.12,sl,kijun_pullback,0.01,1750.17,1753.2948412538683,1753.2948412538683,1753.2948412538683,False,1.49,3.22,14,1.562,0.735
ichi,SELL,2022-11-29 02:45:00,2022-11-29 03:35:00,-2.87,sl,kijun_pullback,0.01,1741.65,1744.516482390876,1744.516482390876,1744.516482390876,False,1.15,3.12,11,1.433,0.679
ichi,BUY,2022-11-29 12:30:00,2022-11-29 14:05:00,0.05,sl,kijun_pullback,0.01,1755.42,1755.47,1751.672840645711,1755.47,True,2.12,2.06,20,1.874,0.893
ichi,SELL,2022-11-30 02:30:00,2022-11-30 03:10:00,-2.73,sl,kijun_pullback,0.01,1749.33,1752.0603716665194,1752.0603716665194,1752.0603716665194,False,0.0,2.74,9,1.365,0.651
ichi,BUY,2022-11-30 05:00:00,2022-11-30 06:55:00,0.91,sl,tenkan_momentum,0.01,1753.59,1754.5,1750.5719662362444,1754.5,True,2.17,0.54,24,1.509,0.724
ichi,BUY,2022-11-30 09:15:00,2022-11-30 11:00:00,4.15,tp,kijun_pullback,0.01,1755.94,1760.0946916467933,1753.1702055688047,1758.82,True,4.86,1.68,22,1.385,0.663
ichi,BUY,2022-11-30 13:30:00,2022-11-30 14:35:00,0.05,sl,tenkan_momentum,0.01,1761.11,1761.16,1757.5356411539874,1761.16,True,2.25,1.35,14,1.787,0.847
ichi,BUY,2022-12-01 12:30:00,2022-12-01 15:05:00,6.53,tp,kijun_pullback,0.01,1779.8799999999999,1786.41182896547,1775.525447356353,1784.18,True,7.35,3.39,32,2.177,1.032
ichi,BUY,2022-12-02 10:30:00,2022-12-02 10:55:00,0.05,sl,tenkan_momentum,0.01,1801.05,1801.1,1797.5433769873403,1801.1,True,2.05,0.76,6,1.753,0.819
ichi,SELL,2022-12-06 07:45:00,2022-12-06 10:40:00,-3.94,sl,tenkan_momentum,0.01,1769.29,1773.234754017476,1773.234754017476,1773.234754017476,False,1.76,4.15,36,1.972,0.921
ichi,SELL,2022-12-06 11:15:00,2022-12-06 12:35:00,-4.46,sl,kijun_pullback,0.01,1770.92,1775.3799812846328,1775.3799812846328,1775.3799812846328,False,0.4,4.47,17,2.23,1.051
ichi,SELL,2022-12-07 02:15:00,2022-12-07 03:30:00,0.05,sl,kijun_pullback,0.01,1770.52,1770.47,1773.013490656285,1770.47,True,1.52,1.26,16,1.247,0.594
ichi,BUY,2022-12-07 16:45:00,2022-12-07 17:15:00,-0.42,gap,kijun_pullback,0.01,1784.69,1784.27,1779.1105740257606,1784.74,True,3.19,3.79,7,2.79,1.328
ichi,BUY,2022-12-08 14:15:00,2022-12-08 15:10:00,1.07,sl,tenkan_momentum,0.01,1786.23,1787.3,1782.7935635441645,1787.3,True,2.44,1.75,12,1.718,0.819
ichi,BUY,2022-12-08 15:45:00,2022-12-08 16:10:00,1.38,sl,kijun_pullback,0.01,1787.8,1789.18,1783.4364068658472,1789.18,True,3.13,1.11,6,2.182,1.037
ichi,BUY,2022-12-08 18:45:00,2022-12-09 03:20:00,3.15,sl,kijun_pullback,0.01,1790.04,1793.19,1784.4862428881777,1793.19,True,5.37,3.44,92,2.777,1.316
ichi,BUY,2022-12-09 03:25:00,2022-12-09 07:00:00,1.37,sl,kijun_pullback,0.01,1794.73,1796.1,1791.5696982508555,1796.1,True,2.78,2.6,44,1.58,0.743
ichi,BUY,2022-12-09 13:30:00,2022-12-09 14:45:00,1.35,sl,kijun_pullback,0.01,1798.72,1800.07,1794.599130993126,1800.07,True,3.0,1.32,16,2.06,0.966
ichi,BUY,2022-12-09 16:00:00,2022-12-09 17:20:00,-6.39,sl,kijun_pullback,0.01,1798.34,1791.948454022364,1791.948454022364,1791.948454022364,False,2.06,8.2,17,3.196,1.493
ichi,SELL,2022-12-12 17:00:00,2022-12-12 17:45:00,2.99,sl,kijun_pullback,0.01,1788.17,1785.18,1792.737095434481,1785.18,True,4.82,2.3,10,2.284,1.083
ichi,BUY,2022-12-13 15:00:00,2022-12-13 15:25:00,5.18,tp,tenkan_momentum,0.01,1789.33,1794.5069480936784,1785.8787012708808,1785.8787012708808,False,5.48,2.69,6,1.726,0.813
ichi,BUY,2022-12-14 03:00:00,2022-12-14 09:45:00,-3.92,sl,kijun_pullback,0.01,1811.47,1807.5491664749102,1807.5491664749102,1807.5491664749102,False,1.72,4.01,82,1.96,0.912
ichi,BUY,2022-12-14 16:45:00,2022-12-14 19:10:00,-3.95,sl,kijun_pullback,0.01,1811.87,1807.918351569268,1807.918351569268,1807.918351569268,False,1.18,3.97,30,1.976,0.928
ichi,SELL,2022-12-16 03:30:00,2022-12-16 04:15:00,-3.02,sl,kijun_pullback,0.01,1777.02,1780.040429772798,1780.040429772798,1780.040429772798,False,0.33,3.17,10,1.51,0.716
ichi,BUY,2022-12-16 18:15:00,2022-12-19 05:20:00,4.01,sl,tenkan_momentum,0.01,1790.53,1794.54,1784.3995941325063,1794.54,True,6.46,3.39,122,3.065,1.464
ichi,BUY,2022-12-19 05:25:00,2022-12-19 07:20:00,-3.36,sl,tenkan_momentum,0.01,1794.76,1791.395069177894,1791.395069177894,1791.395069177894,False,0.52,3.39,24,1.682,0.796
ichi,SELL,2022-12-19 20:45:00,2022-12-20 02:55:00,2.01,sl,kijun_pullback,0.01,1788.48,1786.47,1792.3735075908178,1786.47,True,3.61,1.85,63,1.947,0.928
ichi,SELL,2022-12-20 03:45:00,2022-12-20 05:00:00,-2.64,sl,kijun_pullback,0.01,1786.76,1789.396081629571,1789.396081629571,1789.396081629571,False,1.21,5.87,16,1.318,0.625
ichi,BUY,2022-12-20 15:45:00,2022-12-20 16:45:00,8.17,tp,kijun_pullback,0.01,1804.26,1812.430962062541,1798.812691958306,1806.65,True,8.29,1.49,13,2.724,1.301
ichi,BUY,2022-12-21 01:15:00,2022-12-21 03:25:00,0.05,sl,kijun_pullback,0.01,1818.02,1818.07,1814.609219841074,1818.07,True,1.84,1.42,27,1.705,0.799
ichi,BUY,2022-12-21 16:15:00,2022-12-21 16:55:00,1.28,sl,kijun_pullback,0.01,1817.26,1818.54,1813.7756325316889,1818.54,True,2.67,1.05,9,1.742,0.816
ichi,BUY,2022-12-21 17:45:00,2022-12-21 18:05:00,-4.72,sl,tenkan_momentum,0.01,1821.99,1817.2681159695164,1817.2681159695164,1817.2681159695164,False,0.4,5.99,5,2.361,1.102
ichi,BUY,2022-12-22 05:00:00,2022-12-22 06:35:00,0.05,sl,tenkan_momentum,0.01,1818.67,1818.72,1815.8109162706612,1818.72,True,1.56,0.66,20,1.43,0.675
ichi,BUY,2022-12-22 08:15:00,2022-12-22 08:35:00,-2.55,sl,tenkan_momentum,0.01,1819.62,1817.0725260288943,1817.0725260288943,1817.0725260288943,False,0.0,3.47,5,1.274,0.601
ichi,SELL,2022-12-23 16:00:00,2022-12-23 16:55:00,0.05,sl,kijun_pullback,0.01,1794.26,1794.21,1798.6066948695116,1794.21,True,2.82,1.68,12,2.173,1.032
ichi,BUY,2022-12-27 08:00:00,2022-12-27 09:05:00,1.2,gap,tenkan_momentum,0.01,1806.19,1807.39,1803.5542417877623,1807.41,True,2.27,1.13,14,1.318,0.626
ichi,BUY,2022-12-27 10:45:00,2022-12-27 11:35:00,1.43,sl,kijun_pullback,0.01,1807.3,1808.73,1804.524066167099,1808.73,True,2.54,0.98,11,1.388,0.657
ichi,BUY,2022-12-27 17:15:00,2022-12-27 17:30:00,8.62,tp,kijun_pullback,0.01,1815.23,1823.8542794200691,1809.4804803866205,1819.58,True,12.68,0.63,4,2.875,1.357
ichi,SELL,2022-12-28 16:00:00,2022-12-28 16:35:00,-4.35,sl,tenkan_momentum,0.01,1803.76,1808.1086773526436,1808.1086773526436,1808.1086773526436,False,0.03,4.4,8,2.174,1.006
ichi,BUY,2022-12-29 03:15:00,2022-12-29 03:50:00,0.05,sl,kijun_pullback,0.01,1807.05,1807.1,1804.0799749474006,1807.1,True,1.65,1.21,8,1.485,0.694
ichi,BUY,2022-12-29 09:00:00,2022-12-29 09:20:00,-2.88,sl,kijun_pullback,0.01,1808.6299999999999,1805.753781890811,1805.753781890811,1805.753781890811,False,0.59,3.0,5,1.438,0.672
ichi,SELL,2022-12-29 14:00:00,2022-12-29 15:35:00,-3.35,sl,tenkan_momentum,0.01,1806.78,1810.1343981995492,1810.1343981995492,1810.1343981995492,False,1.29,5.42,20,1.677,0.789
ichi,BUY,2022-12-29 15:45:00,2022-12-29 16:35:00,0.05,sl,tenkan_momentum,0.01,1811.86,1811.91,1807.8797538141869,1811.91,True,3.21,3.15,11,1.99,0.943
ichi,BUY,2022-12-30 05:00:00,2022-12-30 06:50:00,-2.47,sl,tenkan_momentum,0.01,1818.3,1815.8300087202995,1815.8300087202995,1815.8300087202995,False,0.88,2.69,23,1.235,0.585
ichi,BUY,2022-12-30 16:45:00,2022-12-30 17:00:00,-4.9,sl,kijun_pullback,0.01,1820.98,1816.0844265459914,1816.0844265459914,1816.0844265459914,False,0.99,5.35,4,2.448,1.167
ichi,BUY,2022-12-30 19:30:00,2022-12-30 20:05:00,3.55,sl,kijun_pullback,0.01,1820.42,1823.97,1815.24349461385,1823.97,True,5.62,0.72,8,2.588,1.249
ichi,BUY,2023-01-04 03:30:00,2023-01-04 04:10:00,3.99,sl,kijun_pullback,0.01,1840.21,1844.2,1836.366462365244,1844.2,True,5.53,0.98,9,1.922,0.919
ichi,BUY,2023-01-04 15:30:00,2023-01-04 15:55:00,0.05,sl,kijun_pullback,0.01,1859.45,1859.5,1853.8040389643872,1859.5,True,3.29,0.8,6,2.823,1.337
ichi,BUY,2023-01-05 05:00:00,2023-01-05 06:00:00,-4.32,sl,kijun_pullback,0.01,1857.1299999999999,1852.808342496901,1852.808342496901,1852.808342496901,False,0.0,4.57,13,2.161,1.024
ichi,SELL,2023-01-05 15:30:00,2023-01-05 15:50:00,8.34,tp,tenkan_momentum,0.01,1844.39,1836.0538911868466,1849.9474058754358,1841.59,True,9.14,2.49,5,2.779,1.33
ichi,SELL,2023-01-06 12:30:00,2023-01-06 13:15:00,-3.97,sl,tenkan_momentum,0.01,1834.85,1838.8218688933257,1838.8218688933257,1838.8218688933257,False,0.09,4.63,10,1.986,0.932
ichi,BUY,2023-01-06 16:30:00,2023-01-06 17:05:00,11.51,tp,kijun_pullback,0.01,1846.19,1857.699929674407,1838.5167135503955,1851.65,True,14.13,5.53,8,3.837,1.817
ichi,BUY,2023-01-09 17:00:00,2023-01-09 17:35:00,-5.13,sl,kijun_pullback,0.01,1877.35,1872.2181474082925,1872.2181474082925,1872.2181474082925,False,1.98,5.18,8,2.566,1.183
ichi,BUY,2023-01-10 09:15:00,2023-01-10 11:00:00,1.83,sl,kijun_pullback,0.01,1873.15,1874.98,1870.03746000211,1874.98,True,3.08,2.51,22,1.556,0.726
ichi,BUY,2023-01-10 13:30:00,2023-01-10 14:15:00,-3.91,sl,tenkan_momentum,0.01,1876.75,1872.843450354474,1872.843450354474,1872.843450354474,False,0.27,4.21,10,1.953,0.908
ichi,BUY,2023-01-10 16:15:00,2023-01-10 16:35:00,1.37,sl,kijun_pullback,0.01,1876.81,1878.18,1872.2141674604595,1878.18,True,3.21,1.0,5,2.298,1.077
ichi,BUY,2023-01-11 13:00:00,2023-01-11 14:10:00,-3.81,sl,tenkan_momentum,0.01,1885.1,1881.2926387649663,1881.2926387649663,1881.2926387649663,False,0.94,5.94,15,1.904,0.89
ichi,BUY,2023-01-12 02:30:00,2023-01-12 04:15:00,2.87,sl,kijun_pullback,0.01,1877.59,1880.46,1874.5402145642831,1880.46,True,4.09,0.48,22,1.525,0.719
ichi,BUY,2023-01-12 10:00:00,2023-01-12 11:45:00,1.47,sl,kijun_pullback,0.01,1882.78,1884.25,1879.9059164249395,1884.25,True,2.62,1.64,22,1.437,0.673
ichi,BUY,2023-01-12 11:50:00,2023-01-12 14:20:00,4.59,tp,kijun_pullback,0.01,1884.35,1888.9365763978744,1881.292282401417,1884.4,True,5.74,1.82,31,1.529,0.714
ichi,BUY,2023-01-12 15:00:00,2023-01-12 15:10:00,0.05,sl,tenkan_momentum,0.01,1887.71,1887.76,1884.245986185055,1887.76,True,1.85,0.84,3,1.732,0.8
ichi,BUY,2023-01-12 16:30:00,2023-01-12 16:50:00,-10.15,sl,kijun_pullback,0.01,1892.43,1882.2845387792688,1882.2845387792688,1882.2845387792688,False,2.22,12.4,5,5.073,2.343
ichi,BUY,2023-01-13 02:45:00,2023-01-13 07:30:00,-4.38,sl,kijun_pullback,0.01,1898.09,1893.7148871783115,1893.7148871783115,1893.7148871783115,False,1.74,5.31,58,2.188,1.034
ichi,BUY,2023-01-13 10:15:00,2023-01-13 10:25:00,0.05,sl,kijun_pullback,0.01,1903.15,1903.2,1898.582987003282,1903.2,True,2.32,1.0,3,2.284,1.091
ichi,BUY,2023-01-16 03:00:00,2023-01-16 03:25:00,1.48,sl,kijun_pullback,0.01,1919.12,1920.6,1915.1601966855972,1920.6,True,3.06,0.88,6,1.98,0.946
ichi,SELL,2023-01-17 11:15:00,2023-01-17 12:45:00,2.61,sl,kijun_pullback,0.01,1908.63,1906.02,1912.5007474274014,1906.02,True,4.16,1.04,19,1.935,0.921
ichi,BUY,2023-01-17 17:00:00,2023-01-17 19:25:00,-5.66,sl,tenkan_momentum,0.01,1913.76,1908.1037162761293,1908.1037162761293,1908.1037162761293,False,2.0,6.75,30,2.828,1.338
ichi,SELL,2023-01-18 01:15:00,2023-01-18 04:40:00,5.51,tp,kijun_pullback,0.01,1908.29,1902.7780189773168,1911.964654015122,1911.964654015122,False,7.48,2.35,42,1.837,0.881
ichi,SELL,2023-01-18 04:45:00,2023-01-18 05:45:00,3.36,sl,kijun_pullback,0.01,1904.63,1901.27,1909.0648642284364,1901.27,True,5.13,1.06,13,2.217,1.05
ichi,SELL,2023-01-19 15:00:00,2023-01-19 15:25:00,-4.36,sl,tenkan_momentum,0.01,1908.08,1912.4354284226386,1912.4354284226386,1912.4354284226386,False,0.99,4.59,6,2.178,1.023
ichi,BUY,2023-01-19 18:15:00,2023-01-19 21:25:00,9.41,tp,tenkan_momentum,0.01,1920.59,1929.9984236951113,1914.3177175365922,1923.78,True,9.85,2.86,39,3.136,1.488
ichi,SELL,2023-01-23 11:00:00,2023-01-23 12:10:00,-4.7,sl,kijun_pullback,0.01,1924.03,1928.729626706046,1928.729626706046,1928.729626706046,False,1.7,5.28,15,2.35,1.09
ichi,BUY,2023-01-23 14:45:00,2023-01-23 15:30:00,-4.23,sl,tenkan_momentum,0.01,1927.96,1923.7280013164036,1923.7280013164036,1923.7280013164036,False,0.0,4.81,10,2.116,0.993
ichi,SELL,2023-01-23 16:15:00,2023-01-23 16:50:00,0.57,gap,kijun_pullback,0.01,1917.57,1917.0,1923.3755018866993,1915.85,True,4.04,3.29,8,2.903,1.376
ichi,BUY,2023-01-24 10:30:00,2023-01-24 11:25:00,-3.83,sl,tenkan_momentum,0.01,1940.01,1936.1811195625344,1936.1811195625344,1936.1811195625344,False,0.25,4.01,12,1.914,0.906
ichi,BUY,2023-01-24 13:00:00,2023-01-24 15:20:00,-4.02,sl,kijun_pullback,0.01,1938.71,1934.6905712120297,1934.6905712120297,1934.6905712120297,False,0.76,4.35,29,2.01,0.96
ichi,BUY,2023-01-25 03:00:00,2023-01-25 03:20:00,0.05,sl,kijun_pullback,0.01,1937.08,1937.13,1934.064243099373,1937.13,True,1.78,0.59,5,1.508,0.727
ichi,SELL,2023-01-25 11:00:00,2023-01-25 12:20:00,4.41,sl,tenkan_momentum,0.01,1929.22,1924.81,1933.7365305712942,1924.81,True,6.22,2.45,17,2.258,1.089
ichi,SELL,2023-01-25 14:15:00,2023-01-25 16:00:00,1.39,gap,tenkan_momentum,0.01,1923.97,1922.58,1928.7431225941916,1922.05,True,3.83,3.89,22,2.387,1.139
ichi,BUY,2023-01-25 17:15:00,2023-01-25 19:55:00,4.19,sl,kijun_pullback,0.01,1933.3,1937.49,1926.4174094364685,1937.49,True,7.22,4.44,33,3.441,1.636
ichi,BUY,2023-01-26 03:45:00,2023-01-26 06:05:00,1.86,sl,kijun_pullback,0.01,1945.52,1947.38,1941.8198083049224,1947.38,True,3.34,1.83,29,1.85,0.871
ichi,BUY,2023-01-26 08:00:00,2023-01-26 09:00:00,-3.28,sl,tenkan_momentum,0.01,1947.73,1944.4541088258263,1944.4541088258263,1944.4541088258263,False,1.26,3.87,13,1.638,0.768
ichi,SELL,2023-01-26 15:45:00,2023-01-26 15:50:00,-5.73,sl,kijun_pullback,0.01,1933.46,1939.1945676882733,1939.1945676882733,1939.1945676882733,False,1.59,6.37,2,2.867,1.354
ichi,SELL,2023-01-26 17:45:00,2023-01-26 18:05:00,2.17,sl,kijun_pullback,0.01,1928.66,1926.49,1936.2920007085881,1926.49,True,5.22,1.23,5,3.816,1.827
ichi,SELL,2023-01-27 10:00:00,2023-01-27 11:00:00,-3.67,sl,tenkan_momentum,0.01,1923.14,1926.806209650266,1926.806209650266,1926.806209650266,False,0.0,4.09,13,1.833,0.873
ichi,SELL,2023-01-27 17:15:00,2023-01-27 17:45:00,9.86,tp,kijun_pullback,0.01,1927.1,1917.2425402399103,1933.6716398400597,1927.05,True,10.25,0.67,7,3.286,1.579
ichi,SELL,2023-01-30 03:15:00,2023-01-30 06:10:00,-4.41,sl,kijun_pullback,0.01,1925.6,1930.0055809399958,1930.0055809399958,1930.0055809399958,False,0.96,5.18,36,2.203,1.034
ichi,SELL,2023-01-30 14:30:00,2023-01-30 15:50:00,-4.58,sl,kijun_pullback,0.01,1925.94,1930.5163874226944,1930.5163874226944,1930.5163874226944,False,0.9,4.69,17,2.288,1.085
ichi,SELL,2023-01-30 18:15:00,2023-01-30 21:20:00,1.32,sl,tenkan_momentum,0.01,1924.41,1923.09,1929.5838552810462,1923.09,True,3.39,1.27,38,2.587,1.241
ichi,SELL,2023-01-31 02:00:00,2023-01-31 03:35:00,-3.01,sl,kijun_pullback,0.01,1922.21,1925.224497460167,1925.224497460167,1925.224497460167,False,0.87,3.93,20,1.507,0.721
ichi,SELL,2023-01-31 05:45:00,2023-01-31 07:00:00,0.95,sl,kijun_pullback,0.01,1921.46,1920.51,1924.6982599885253,1920.51,True,2.3,0.69,16,1.619,0.78
ichi,SELL,2023-01-31 15:00:00,2023-01-31 15:30:00,-5.56,sl,kijun_pullback,0.01,1907.2,1912.7573726665687,1912.7573726665687,1912.7573726665687,False,0.49,10.1,7,2.779,1.335
ichi,BUY,2023-02-01 13:30:00,2023-02-01 14:15:00,0.05,sl,tenkan_momentum,0.01,1929.92,1929.97,1926.5421632429022,1929.97,True,1.7,1.34,10,1.689,0.822
ichi,BUY,2023-02-01 15:45:00,2023-02-01 16:35:00,0.05,sl,kijun_pullback,0.01,1930.49,1930.54,1926.1503310914095,1930.54,True,2.46,2.51,11,2.17,1.056
ichi,SELL,2023-02-01 19:45:00,2023-02-01 21:05:00,0.05,sl,tenkan_momentum,0.01,1924.66,1924.61,1930.4026265981738,1924.61,True,3.07,4.06,17,2.871,1.398
ichi,BUY,2023-02-02 06:45:00,2023-02-02 09:20:00,4.23,sl,kijun_pullback,0.01,1953.68,1957.91,1949.3265873509508,1957.91,True,6.0,2.4,32,2.177,1.06
ichi,BUY,2023-02-02 09:25:00,2023-02-02 10:20:00,1.34,sl,kijun_pullback,0.01,1956.31,1957.65,1951.5038503960009,1957.65,True,3.33,1.5,12,2.403,1.158
ichi,BUY,2023-02-02 11:00:00,2023-02-02 12:50:00,-5.03,sl,tenkan_momentum,0.01,1957.5,1952.4654004578856,1952.4654004578856,1952.4654004578856,False,0.0,5.43,23,2.517,1.209
ichi,SELL,2023-02-03 09:30:00,2023-02-03 09:40:00,2.76,gap,tenkan_momentum,0.01,1914.9,1912.14,1918.993602235768,1912.08,True,4.46,0.26,3,2.047,0.995
ichi,SELL,2023-02-03 11:15:00,2023-02-03 12:45:00,1.71,sl,kijun_pullback,0.01,1913.4,1911.69,1918.100162372957,1911.69,True,3.59,3.01,19,2.35,1.135
ichi,SELL,2023-02-03 13:45:00,2023-02-03 14:15:00,-4.71,sl,kijun_pullback,0.01,1911.91,1916.6238703700003,1916.6238703700003,1916.6238703700003,False,0.0,4.82,7,2.357,1.133
ichi,SELL,2023-02-03 15:45:00,2023-02-03 15:55:00,-0.78,gap,kijun_pullback,0.01,1888.17,1888.95,1896.8564019301557,1888.12,True,5.16,2.51,3,4.343,2.113
ichi,SELL,2023-02-06 01:45:00,2023-02-06 03:30:00,-5.66,sl,kijun_pullback,0.01,1865.45,1871.1076217297264,1871.1076217297264,1871.1076217297264,False,1.51,7.11,22,2.829,1.379
ichi,SELL,2023-02-06 17:15:00,2023-02-06 17:50:00,4.3,sl,tenkan_momentum,0.01,1870.35,1866.05,1876.5537492779476,1866.05,True,7.02,0.96,8,3.102,1.533
ichi,SELL,2023-02-07 15:15:00,2023-02-07 15:40:00,0.05,sl,tenkan_momentum,0.01,1869.18,1869.13,1874.4931049889883,1869.13,True,3.25,0.51,6,2.657,1.299
ichi,SELL,2023-02-07 17:15:00,2023-02-07 17:35:00,-5.92,sl,tenkan_momentum,0.01,1868.05,1873.9683821539709,1873.9683821539709,1873.9683821539709,False,1.17,6.02,5,2.959,1.447
ichi,SELL,2023-02-08 01:15:00,2023-02-08 09:25:00,-6.57,sl,tenkan_momentum,0.01,1872.32,1878.8946010975442,1878.8946010975442,1878.8946010975442,False,0.65,8.1,99,3.287,1.631
ichi,BUY,2023-02-08 10:15:00,2023-02-08 10:25:00,1.54,sl,kijun_pullback,0.01,1881.27,1882.81,1875.9080550657104,1882.81,True,3.68,0.26,3,2.681,1.352
ichi,BUY,2023-02-08 14:15:00,2023-02-08 15:00:00,-4.89,sl,tenkan_momentum,0.01,1883.23,1878.3423247968578,1878.3423247968578,1878.3423247968578,False,0.44,5.16,10,2.444,1.228
ichi,SELL,2023-02-08 16:45:00,2023-02-08 16:55:00,3.71,gap,tenkan_momentum,0.01,1876.4,1872.69,1883.2726488969854,1872.04,True,7.11,0.27,3,3.436,1.748
ichi,SELL,2023-02-08 18:45:00,2023-02-08 20:10:00,-6.85,sl,tenkan_momentum,0.01,1872.4,1879.248274317924,1879.248274317924,1879.248274317924,False,0.0,7.18,18,3.424,1.725
ichi,BUY,2023-02-09 10:15:00,2023-02-09 11:15:00,0.05,sl,tenkan_momentum,0.01,1883.06,1883.11,1878.9886306478475,1883.11,True,2.44,1.5,13,2.036,1.044
ichi,BUY,2023-02-09 12:00:00,2023-02-09 13:10:00,1.12,sl,tenkan_momentum,0.01,1883.37,1884.49,1879.1197871144968,1884.49,True,2.82,2.32,15,2.125,1.089
ichi,BUY,2023-02-09 15:45:00,2023-02-09 15:55:00,2.57,sl,tenkan_momentum,0.01,1884.11,1886.68,1878.775935468347,1886.68,True,5.71,0.74,3,2.667,1.363
ichi,SELL,2023-02-10 03:45:00,2023-02-10 05:35:00,3.83,sl,kijun_pullback,0.01,1860.99,1857.16,1865.8208480956216,1857.16,True,5.76,2.74,23,2.415,1.227
ichi,SELL,2023-02-10 17:00:00,2023-02-10 19:05:00,2.11,sl,kijun_pullback,0.01,1861.61,1859.5,1868.6179222607823,1859.5,True,4.91,5.5,26,3.504,1.762
ichi,SELL,2023-02-13 03:15:00,2023-02-13 03:35:00,1.61,sl,tenkan_momentum,0.01,1861.47,1859.86,1865.1703435387622,1859.86,True,3.09,0.37,5,1.85,0.926
ichi,SELL,2023-02-13 08:00:00,2023-02-13 08:25:00,-3.33,sl,kijun_pullback,0.01,1859.67,1863.0019282010228,1863.0019282010228,1863.0019282010228,False,0.03,4.51,6,1.666,0.83
ichi,SELL,2023-02-13 15:15:00,2023-02-13 16:00:00,1.91,sl,kijun_pullback,0.01,1859.94,1858.03,1864.6906458908268,1858.03,True,4.08,0.32,10,2.375,1.193
ichi,SELL,2023-02-13 16:45:00,2023-02-13 18:05:00,2.59,sl,kijun_pullback,0.01,1857.53,1854.94,1862.8221720198503,1854.94,True,4.71,2.0,17,2.646,1.323
ichi,SELL,2023-02-13 18:15:00,2023-02-14 04:35:00,-5.29,sl,tenkan_momentum,0.01,1853.04,1858.328325917422,1858.328325917422,1858.328325917422,False,2.31,5.3,113,2.644,1.314
ichi,BUY,2023-02-14 12:15:00,2023-02-14 13:20:00,-3.92,sl,kijun_pullback,0.01,1861.58,1857.6598115088354,1857.6598115088354,1857.6598115088354,False,0.35,4.07,14,1.96,0.987
ichi,SELL,2023-02-15 16:00:00,2023-02-15 17:45:00,1.86,sl,kijun_pullback,0.01,1834.75,1832.89,1840.1941986903344,1832.89,True,4.04,4.24,22,2.722,1.384
ichi,SELL,2023-02-15 18:00:00,2023-02-16 03:30:00,-6.28,sl,kijun_pullback,0.01,1834.16,1840.4385911516977,1840.4385911516977,1840.4385911516977,False,2.65,7.74,103,3.139,1.589
ichi,SELL,2023-02-16 15:30:00,2023-02-16 15:45:00,1.1,gap,tenkan_momentum,0.01,1836.46,1835.36,1841.3627328890752,1834.97,True,8.5,1.77,4,2.451,1.261
ichi,SELL,2023-02-16 17:30:00,2023-02-16 18:30:00,-6.81,sl,kijun_pullback,0.01,1832.51,1839.3214406273628,1839.3214406273628,1839.3214406273628,False,0.24,6.88,13,3.406,1.746
ichi,SELL,2023-02-17 10:00:00,2023-02-17 10:15:00,2.17,sl,tenkan_momentum,0.01,1824.17,1822.0,1828.6846674708313,1822.0,True,4.01,0.26,4,2.257,1.178
ichi,SELL,2023-02-17 12:15:00,2023-02-17 14:40:00,-5.24,sl,kijun_pullback,0.01,1823.6,1828.8407064632804,1828.8407064632804,1828.8407064632804,False,1.5,5.37,30,2.62,1.36
ichi,BUY,2023-02-20 07:45:00,2023-02-20 08:10:00,-0.19,gap,tenkan_momentum,0.01,1843.66,1843.47,1840.5995605277938,1843.71,True,1.87,0.32,6,1.53,0.805
ichi,BUY,2023-02-20 11:15:00,2023-02-20 19:00:00,-3.54,sl,kijun_pullback,0.01,1845.73,1842.1902582819446,1842.1902582819446,1842.1902582819446,False,1.33,3.71,94,1.77,0.932
ichi,SELL,2023-02-21 09:30:00,2023-02-21 09:50:00,0.05,sl,kijun_pullback,0.01,1836.07,1836.02,1839.535799103018,1836.02,True,2.19,0.88,5,1.733,0.921
ichi,SELL,2023-02-21 11:15:00,2023-02-21 14:30:00,1.72,sl,tenkan_momentum,0.01,1834.1,1832.38,1838.346862992566,1832.38,True,3.5,2.95,40,2.123,1.128
ichi,SELL,2023-02-22 01:30:00,2023-02-22 03:00:00,-3.03,sl,kijun_pullback,0.01,1835.25,1838.275371772351,1838.275371772351,1838.275371772351,False,0.09,3.04,19,1.513,0.8
ichi,SELL,2023-02-22 17:30:00,2023-02-22 19:40:00,3.16,sl,kijun_pullback,0.01,1836.54,1833.38,1842.5539801792215,1833.38,True,5.57,1.46,27,3.007,1.603
ichi,SELL,2023-02-23 15:15:00,2023-02-23 15:35:00,1.59,gap,tenkan_momentum,0.01,1825.6,1824.01,1829.5001765373775,1821.86,True,5.3,1.29,5,1.95,1.031
ichi,SELL,2023-02-23 16:45:00,2023-02-23 18:20:00,2.27,sl,kijun_pullback,0.01,1823.75,1821.48,1830.5842935357773,1821.48,True,5.0,6.18,20,3.417,1.799
ichi,SELL,2023-02-24 09:30:00,2023-02-24 10:20:00,1.95,sl,tenkan_momentum,0.01,1823.23,1821.28,1826.4205224417092,1821.28,True,3.23,1.7,11,1.595,0.835
ichi,SELL,2023-02-24 11:00:00,2023-02-24 13:45:00,3.71,sl,kijun_pullback,0.01,1822.96,1819.25,1826.937126308493,1819.25,True,5.3,2.84,34,1.989,1.035
ichi,SELL,2023-02-24 17:45:00,2023-02-27 08:10:00,0.05,sl,tenkan_momentum,0.01,1811.15,1811.1,1817.722253028031,1811.1,True,4.2,3.37,162,3.286,1.695
ichi,SELL,2023-02-27 08:30:00,2023-02-27 09:50:00,-3.36,sl,tenkan_momentum,0.01,1809.1,1812.4588908383107,1812.4588908383107,1812.4588908383107,False,1.66,3.59,17,1.679,0.866
ichi,SELL,2023-02-27 11:00:00,2023-02-27 15:35:00,-3.7,sl,kijun_pullback,0.01,1810.1,1813.8037954958036,1813.8037954958036,1813.8037954958036,False,1.55,5.06,56,1.852,0.963
ichi,SELL,2023-02-28 11:00:00,2023-02-28 13:15:00,0.05,sl,kijun_pullback,0.01,1810.73,1810.68,1815.2240244624197,1810.68,True,2.67,2.57,28,2.247,1.18
ichi,BUY,2023-03-01 13:00:00,2023-03-01 13:35:00,1.74,sl,tenkan_momentum,0.01,1835.15,1836.89,1830.965935496297,1836.89,True,3.41,0.47,8,2.092,1.099
ichi,BUY,2023-03-01 15:15:00,2023-03-01 16:50:00,2.84,sl,kijun_pullback,0.01,1837.56,1840.4,1832.603553762833,1840.4,True,4.82,3.68,20,2.478,1.295
ichi,BUY,2023-03-01 16:55:00,2023-03-01 17:05:00,-0.75,gap,tenkan_momentum,0.01,1841.25,1840.5,1835.7862186746202,1841.3,True,3.3,5.51,3,2.732,1.417
ichi,BUY,2023-03-01 18:15:00,2023-03-02 03:40:00,-7.33,sl,kijun_pullback,0.01,1838.81,1831.4847837216828,1831.4847837216828,1831.4847837216828,False,3.41,7.76,102,3.663,1.904
ichi,BUY,2023-03-02 13:30:00,2023-03-02 14:15:00,0.05,sl,tenkan_momentum,0.01,1835.28,1835.33,1831.3801327503413,1835.33,True,2.33,0.68,10,1.95,1.033
ichi,BUY,2023-03-02 16:45:00,2023-03-02 17:15:00,0.05,sl,tenkan_momentum,0.01,1835.43,1835.48,1830.1087470598663,1835.48,True,3.19,2.34,7,2.661,1.41
ichi,BUY,2023-03-03 02:15:00,2023-03-03 03:25:00,0.79,sl,tenkan_momentum,0.01,1839.44,1840.23,1836.2754513686887,1840.23,True,2.07,1.59,15,1.582,0.838
ichi,BUY,2023-03-03 04:00:00,2023-03-03 04:40:00,0.05,sl,kijun_pullback,0.01,1839.03,1839.08,1835.836697847278,1839.08,True,2.06,0.68,9,1.597,0.844
ichi,BUY,2023-03-03 07:45:00,2023-03-03 08:50:00,3.84,tp,kijun_pullback,0.01,1840.05,1843.8887766626044,1837.4908155582636,1842.76,True,4.34,1.28,14,1.28,0.676
ichi,BUY,2023-03-03 15:30:00,2023-03-03 16:20:00,-3.49,sl,kijun_pullback,0.01,1846.97,1843.4825070182449,1843.4825070182449,1843.4825070182449,False,1.27,4.42,11,1.744,0.913
ichi,BUY,2023-03-06 03:45:00,2023-03-06 06:15:00,1.47,sl,kijun_pullback,0.01,1853.71,1855.18,1850.4880964339332,1855.18,True,2.76,2.68,31,1.611,0.851
ichi,BUY,2023-03-06 09:15:00,2023-03-06 09:40:00,0.96,sl,tenkan_momentum,0.01,1855.6,1856.56,1852.679540291751,1856.56,True,2.67,0.26,6,1.46,0.768
ichi,BUY,2023-03-06 17:45:00,2023-03-06 18:25:00,-4.07,sl,tenkan_momentum,0.01,1853.6,1849.5297259609968,1849.5297259609968,1849.5297259609968,False,0.21,4.24,9,2.035,1.068
ichi,SELL,2023-03-08 03:45:00,2023-03-08 06:05:00,2.06,sl,kijun_pullback,0.01,1813.13,1811.07,1816.2381931674745,1811.07,True,3.46,0.82,29,1.554,0.824
ichi,SELL,2023-03-08 07:15:00,2023-03-08 08:15:00,-2.4,sl,kijun_pullback,0.01,1811.11,1813.5136503500487,1813.5136503500487,1813.5136503500487,False,0.43,2.41,13,1.202,0.634
ichi,SELL,2023-03-09 03:15:00,2023-03-09 03:55:00,1.1,sl,tenkan_momentum,0.01,1814.94,1813.84,1817.5426070938493,1813.84,True,2.49,0.46,9,1.301,0.691
ichi,BUY,2023-03-10 04:15:00,2023-03-10 04:30:00,-3.36,sl,kijun_pullback,0.01,1832.67,1829.3118374563314,1829.3118374563314,1829.3118374563314,False,0.0,4.56,4,1.679,0.889
ichi,BUY,2023-03-10 10:00:00,2023-03-10 10:10:00,0.91,gap,tenkan_momentum,0.01,1833.84,1834.75,1830.190007180404,1835.23,True,3.51,0.27,3,1.825,0.975
ichi,BUY,2023-03-10 12:30:00,2023-03-10 15:35:00,4.15,sl,tenkan_momentum,0.01,1835.22,1839.37,1830.9466052606274,1839.37,True,5.86,3.42,38,2.137,1.139
ichi,BUY,2023-03-10 15:45:00,2023-03-10 16:15:00,0.05,sl,kijun_pullback,0.01,1844.1,1844.15,1838.526353056181,1844.15,True,3.15,4.15,7,2.787,1.469
ichi,BUY,2023-03-13 04:30:00,2023-03-13 05:05:00,3.75,sl,kijun_pullback,0.01,1881.55,1885.3,1872.6499776942132,1885.3,True,7.31,0.26,8,4.45,2.345
ichi,BUY,2023-03-13 13:30:00,2023-03-13 14:35:00,8.63,sl,tenkan_momentum,0.01,1888.07,1896.7,1880.1442598915908,1896.7,True,11.8,0.82,14,3.963,2.068
ichi,BUY,2023-03-14 02:45:00,2023-03-14 03:35:00,-4.27,sl,kijun_pullback,0.01,1912.16,1907.8878675443275,1907.8878675443275,1907.8878675443275,False,1.99,5.66,11,2.136,1.09
ichi,BUY,2023-03-15 12:15:00,2023-03-15 12:50:00,0.05,sl,kijun_pullback,0.01,1905.54,1905.59,1898.0692956625603,1905.59,True,4.11,2.75,8,3.735,1.927
ichi,BUY,2023-03-15 19:30:00,2023-03-15 20:30:00,-11.0,sl,kijun_pullback,0.01,1926.33,1915.326725089297,1915.326725089297,1915.326725089297,False,2.43,17.43,13,5.502,2.838
ichi,BUY,2023-03-16 09:45:00,2023-03-16 10:25:00,0.05,sl,tenkan_momentum,0.01,1918.75,1918.8,1912.4319381213318,1918.8,True,3.82,2.96,9,3.159,1.677
ichi,BUY,2023-03-16 16:15:00,2023-03-16 16:55:00,-8.06,sl,kijun_pullback,0.01,1928.86,1920.8038052647576,1920.8038052647576,1920.8038052647576,False,3.52,9.2,9,4.028,2.138
ichi,BUY,2023-03-17 09:45:00,2023-03-17 13:30:00,3.84,sl,tenkan_momentum,0.01,1931.5,1935.34,1926.8834034250199,1935.34,True,5.69,4.18,46,2.308,1.252
ichi,BUY,2023-03-17 13:35:00,2023-03-17 14:25:00,4.22,sl,kijun_pullback,0.01,1934.98,1939.2,1930.0198053986323,1939.2,True,6.2,1.12,11,2.48,1.331
ichi,BUY,2023-03-20 08:00:00,2023-03-20 09:10:00,7.64,sl,kijun_pullback,0.01,1988.44,1996.08,1981.2862543330737,1996.08,True,10.5,6.57,15,3.577,1.899
ichi,BUY,2023-03-21 03:00:00,2023-03-21 05:00:00,1.79,sl,kijun_pullback,0.01,1980.65,1982.44,1975.3707977180386,1982.44,True,3.9,1.41,25,2.64,1.373
ichi,SELL,2023-03-22 09:30:00,2023-03-22 09:45:00,-5.05,sl,kijun_pullback,0.01,1936.16,1941.2124746350541,1941.2124746350541,1941.2124746350541,False,0.25,5.35,4,2.526,1.308
ichi,BUY,2023-03-23 04:00:00,2023-03-23 07:30:00,11.07,tp,kijun_pullback,0.01,1969.29,1980.3584842111425,1961.9110105259049,1975.18,True,11.24,0.45,43,3.689,1.936
ichi,BUY,2023-03-23 12:30:00,2023-03-23 14:35:00,-6.26,sl,kijun_pullback,0.01,1979.78,1973.5179092239755,1973.5179092239755,1973.5179092239755,False,0.94,9.17,26,3.131,1.597
ichi,BUY,2023-03-23 16:00:00,2023-03-23 19:15:00,7.05,sl,kijun_pullback,0.01,1984.35,1991.4,1975.9977103549868,1991.4,True,10.83,6.68,40,4.176,2.164
ichi,BUY,2023-03-24 13:30:00,2023-03-24 14:35:00,5.5,gap,tenkan_momentum,0.01,1994.33,1999.83,1987.5163668150947,2000.23,True,8.63,1.56,14,3.407,1.734
ichi,BUY,2023-03-24 16:15:00,2023-03-24 18:00:00,-9.47,sl,tenkan_momentum,0.01,1994.68,1985.2090628092144,1985.2090628092144,1985.2090628092144,False,3.69,10.79,22,4.735,2.377
ichi,SELL,2023-03-27 04:00:00,2023-03-27 09:00:00,1.61,sl,kijun_pullback,0.01,1973.63,1972.02,1979.6322839939915,1972.02,True,4.3,5.37,61,3.001,1.543
ichi,SELL,2023-03-27 09:05:00,2023-03-27 09:25:00,2.12,sl,tenkan_momentum,0.01,1970.91,1968.79,1975.6016516445886,1968.79,True,4.0,0.74,5,2.346,1.201
ichi,SELL,2023-03-28 09:15:00,2023-03-28 10:05:00,-0.5,gap,kijun_pullback,0.01,1955.15,1955.65,1959.0027053325196,1955.1,True,2.17,2.23,11,1.926,0.981
ichi,SELL,2023-03-29 11:00:00,2023-03-29 12:05:00,-4.25,sl,kijun_pullback,0.01,1961.75,1965.9993885381227,1965.9993885381227,1965.9993885381227,False,0.67,4.31,14,2.125,1.083
ichi,BUY,2023-03-29 15:00:00,2023-03-29 16:00:00,-4.91,sl,tenkan_momentum,0.01,1966.98,1962.070593465422,1962.070593465422,1962.070593465422,False,1.7,4.96,13,2.455,1.265
ichi,BUY,2023-03-29 18:30:00,2023-03-30 04:00:00,-6.3,sl,kijun_pullback,0.01,1966.82,1960.5201659770605,1960.5201659770605,1960.5201659770605,False,2.48,6.55,103,3.15,1.645
ichi,SELL,2023-03-30 05:15:00,2023-03-30 08:20:00,-4.04,sl,tenkan_momentum,0.01,1958.47,1962.5095881602756,1962.5095881602756,1962.5095881602756,False,0.6,4.29,38,2.02,1.072
ichi,BUY,2023-03-30 11:30:00,2023-03-30 13:50:00,1.52,sl,kijun_pullback,0.01,1967.67,1969.19,1963.1053930845198,1969.19,True,3.35,0.91,29,2.282,1.225
ichi,BUY,2023-03-30 15:15:00,2023-03-30 15:30:00,3.09,sl,tenkan_momentum,0.01,1969.99,1973.08,1965.649750985387,1973.08,True,5.29,0.74,4,2.17,1.16
ichi,BUY,2023-03-31 05:15:00,2023-03-31 08:20:00,-3.41,sl,kijun_pullback,0.01,1982.28,1978.8684142481675,1978.8684142481675,1978.8684142481675,False,1.03,3.43,38,1.706,0.904
ichi,BUY,2023-03-31 10:00:00,2023-03-31 10:15:00,-3.41,sl,kijun_pullback,0.01,1984.48,1981.0723637221286,1981.0723637221286,1981.0723637221286,False,0.0,3.99,4,1.704,0.911
ichi,BUY,2023-03-31 15:45:00,2023-03-31 16:05:00,-5.8,sl,kijun_pullback,0.01,1982.18,1976.3832529357278,1976.3832529357278,1976.3832529357278,False,0.89,7.36,5,2.898,1.564
ichi,SELL,2023-04-03 04:00:00,2023-04-03 05:55:00,8.85,tp,kijun_pullback,0.01,1962.42,1953.5665202001562,1968.3223198665626,1958.73,True,9.65,2.35,24,2.951,1.618
ichi,BUY,2023-04-04 12:15:00,2023-04-04 14:25:00,-4.07,sl,tenkan_momentum,0.01,1982.72,1978.6476169452826,1978.6476169452826,1978.6476169452826,False,1.65,4.26,27,2.036,1.09
ichi,BUY,2023-04-04 14:45:00,2023-04-04 15:20:00,1.17,sl,tenkan_momentum,0.01,1981.86,1983.03,1977.8483618006642,1983.03,True,3.85,0.85,8,2.006,1.086
ichi,BUY,2023-04-04 17:15:00,2023-04-04 17:25:00,3.66,gap,kijun_pullback,0.01,2016.65,2020.31,2007.4072393296283,2021.3,True,8.35,1.48,3,4.621,2.493
ichi,BUY,2023-04-05 01:30:00,2023-04-05 02:55:00,0.05,sl,kijun_pullback,0.01,2021.1299999999999,2021.18,2016.761498620514,2021.18,True,2.42,0.99,18,2.184,1.167
ichi,BUY,2023-04-05 05:45:00,2023-04-05 10:20:00,0.05,sl,kijun_pullback,0.01,2024.9,2024.95,2021.4388433771592,2024.95,True,1.95,3.02,55,1.731,0.924
ichi,BUY,2023-04-05 11:30:00,2023-04-05 11:55:00,-4.08,sl,tenkan_momentum,0.01,2027.8799999999999,2023.7976038968704,2023.7976038968704,2023.7976038968704,False,0.25,4.63,6,2.041,1.09
ichi,BUY,2023-04-05 15:30:00,2023-04-05 15:40:00,0.05,sl,kijun_pullback,0.01,2029.08,2029.13,2024.4992309872955,2029.13,True,2.83,0.66,3,2.29,1.237
ichi,BUY,2023-04-06 11:30:00,2023-04-06 11:55:00,1.35,sl,tenkan_momentum,0.01,2016.59,2017.94,2012.389154156665,2017.94,True,3.03,1.01,6,2.1,1.134
ichi,SELL,2023-04-06 20:45:00,2023-04-10 01:00:00,8.31,tp,kijun_pullback,0.01,2009.04,2000.734685064926,2014.5768766233825,2008.99,True,11.48,2.78,40,2.768,1.489
ichi,SELL,2023-04-10 03:30:00,2023-04-10 04:05:00,5.16,sl,kijun_pullback,0.01,2002.86,1997.7,2007.5573404999948,1997.7,True,7.04,0.33,8,2.349,1.236
ichi,SELL,2023-04-10 16:00:00,2023-04-10 16:45:00,0.05,sl,kijun_pullback,0.01,1989.51,1989.46,1995.3439071804942,1989.46,True,3.05,5.17,10,2.917,1.514
ichi,BUY,2023-04-12 04:00:00,2023-04-12 04:25:00,3.5,tp,kijun_pullback,0.01,2005.68,2009.1836169878884,2003.344255341408,2007.82,True,4.2,1.73,6,1.168,0.606
ichi,BUY,2023-04-12 15:45:00,2023-04-12 16:30:00,-6.88,sl,kijun_pullback,0.01,2022.48,2015.6023499914818,2015.6023499914818,2015.6023499914818,False,2.39,9.17,10,3.439,1.769
ichi,BUY,2023-04-13 04:45:00,2023-04-13 09:45:00,2.45,sl,kijun_pullback,0.01,2019.07,2021.52,2015.0814052654816,2021.52,True,4.23,3.78,61,1.994,1.044
ichi,BUY,2023-04-13 15:45:00,2023-04-13 16:00:00,5.75,sl,kijun_pullback,0.01,2037.67,2043.42,2031.5705412374907,2043.42,True,8.19,0.35,4,3.05,1.587
ichi,BUY,2023-04-14 03:45:00,2023-04-14 04:40:00,1.09,sl,tenkan_momentum,0.01,2043.36,2044.45,2040.0690762618003,2044.45,True,2.41,2.2,12,1.645,0.844
ichi,SELL,2023-04-17 04:15:00,2023-04-17 04:35:00,-5.2,sl,kijun_pullback,0.01,1997.23,2002.4285564526904,2002.4285564526904,2002.4285564526904,False,0.01,6.01,5,2.599,1.329
ichi,SELL,2023-04-17 18:45:00,2023-04-17 21:35:00,-7.57,sl,tenkan_momentum,0.01,1989.63,1997.195853253751,1997.195853253751,1997.195853253751,False,2.11,7.79,35,3.783,1.96
ichi,SELL,2023-04-18 16:30:00,2023-04-18 16:45:00,-5.38,sl,kijun_pullback,0.01,1993.44,1998.8197416509322,1998.8197416509322,1998.8197416509322,False,1.99,6.57,4,2.69,1.422
ichi,BUY,2023-04-19 04:00:00,2023-04-19 04:20:00,-2.89,sl,tenkan_momentum,0.01,2007.57,2004.6797593099104,2004.6797593099104,2004.6797593099104,False,0.63,4.67,5,1.445,0.775
ichi,SELL,2023-04-19 08:45:00,2023-04-19 09:10:00,4.89,tp,kijun_pullback,0.01,2001.75,1996.8570834952616,2005.0119443364924,1998.25,True,7.13,0.68,6,1.631,0.881
ichi,SELL,2023-04-19 10:45:00,2023-04-19 11:10:00,5.09,sl,tenkan_momentum,0.01,1992.01,1986.92,1997.5418937894121,1986.92,True,7.33,1.14,6,2.766,1.475
ichi,BUY,2023-04-20 11:00:00,2023-04-20 12:10:00,-4.47,sl,tenkan_momentum,0.01,1997.44,1992.9660531334555,1992.9660531334555,1992.9660531334555,False,1.64,4.62,15,2.237,1.177
ichi,BUY,2023-04-20 12:45:00,2023-04-20 13:35:00,4.33,sl,kijun_pullback,0.01,1998.49,2002.82,1993.4744806548458,2002.82,True,6.35,0.65,11,2.508,1.335
ichi,BUY,2023-04-20 15:45:00,2023-04-20 17:10:00,3.1,sl,kijun_pullback,0.01,2006.71,2009.81,2000.2555141136222,2009.81,True,5.68,3.73,18,3.227,1.699
ichi,BUY,2023-04-20 17:15:00,2023-04-20 17:50:00,-7.67,sl,kijun_pullback,0.01,2010.84,2003.1669736373208,2003.1669736373208,2003.1669736373208,False,0.0,7.85,8,3.837,2.003
ichi,BUY,2023-04-20 19:30:00,2023-04-21 08:20:00,-6.86,sl,kijun_pullback,0.01,2005.96,1999.104980569298,1999.104980569298,1999.104980569298,False,2.45,6.86,143,3.428,1.826
ichi,SELL,2023-04-21 14:00:00,2023-04-21 14:30:00,0.05,sl,kijun_pullback,0.01,1988.11,1988.06,1993.9180936563785,1988.06,True,3.16,0.63,7,2.904,1.576
ichi,SELL,2023-04-21 15:45:00,2023-04-21 16:30:00,-6.56,sl,kijun_pullback,0.01,1987.66,1994.2164164871597,1994.2164164871597,1994.2164164871597,False,1.06,7.51,10,3.278,1.779
ichi,SELL,2023-04-24 06:00:00,2023-04-24 08:15:00,1.79,sl,tenkan_momentum,0.01,1980.29,1978.5,1984.3880694608906,1978.5,True,3.43,1.46,28,2.049,1.132
ichi,SELL,2023-04-24 08:20:00,2023-04-24 09:10:00,-3.62,sl,tenkan_momentum,0.01,1978.04,1981.6618494327429,1981.6618494327429,1981.6618494327429,False,1.35,3.65,11,1.811,0.995
ichi,SELL,2023-04-24 09:45:00,2023-04-24 11:50:00,-3.97,sl,kijun_pullback,0.01,1979.72,1983.685114208712,1983.685114208712,1983.685114208712,False,1.76,5.06,26,1.983,1.101
ichi,SELL,2023-04-24 16:45:00,2023-04-24 16:55:00,0.05,sl,kijun_pullback,0.01,1977.76,1977.71,1983.0818947828714,1977.71,True,3.37,1.26,3,2.661,1.494
ichi,BUY,2023-04-26 11:30:00,2023-04-26 14:10:00,0.05,sl,tenkan_momentum,0.01,1998.14,1998.19,1993.8538989911751,1998.19,True,2.35,2.02,33,2.143,1.203
ichi,BUY,2023-04-26 14:30:00,2023-04-26 14:40:00,-5.04,sl,kijun_pullback,0.01,2000.95,1995.9060121002167,1995.9060121002167,1995.9060121002167,False,0.0,9.51,3,2.522,1.415
ichi,BUY,2023-04-26 16:30:00,2023-04-26 17:00:00,-7.43,sl,kijun_pullback,0.01,2008.39,2000.9640888499953,2000.9640888499953,2000.9640888499953,False,0.15,10.2,7,3.713,2.114
ichi,BUY,2023-04-27 11:15:00,2023-04-27 15:30:00,-4.56,sl,kijun_pullback,0.01,1999.55,1994.9875281167926,1994.9875281167926,1994.9875281167926,False,3.79,9.52,52,2.281,1.327
ichi,SELL,2023-04-28 09:00:00,2023-04-28 10:20:00,0.05,sl,kijun_pullback,0.01,1984.78,1984.73,1988.8666582885717,1984.73,True,2.49,2.65,17,2.043,1.204
ichi,SELL,2023-04-28 14:00:00,2023-04-28 15:20:00,0.05,sl,kijun_pullback,0.01,1983.36,1983.31,1987.24258436723,1983.31,True,2.03,1.79,17,1.941,1.144
ichi,SELL,2023-04-28 15:30:00,2023-04-28 15:30:00,-5.38,sl,kijun_pullback,0.01,1980.91,1986.2940060220187,1986.2940060220187,1986.2940060220187,False,4.5,6.97,1,2.692,1.586
ichi,BUY,2023-04-28 18:45:00,2023-05-01 04:00:00,-7.74,sl,tenkan_momentum,0.01,1991.37,1983.6260741189433,1983.6260741189433,1983.6260741189433,False,2.73,7.84,100,3.872,2.318
ichi,SELL,2023-05-01 08:15:00,2023-05-01 08:40:00,0.05,sl,tenkan_momentum,0.01,1982.36,1982.31,1985.8214692507622,1982.31,True,2.21,0.36,6,1.731,1.061
ichi,SELL,2023-05-02 01:30:00,2023-05-02 04:30:00,-3.93,sl,kijun_pullback,0.01,1981.37,1985.302852869367,1985.302852869367,1985.302852869367,False,0.34,3.98,37,1.966,1.205
ichi,SELL,2023-05-02 11:45:00,2023-05-02 12:40:00,-3.53,sl,kijun_pullback,0.01,1981.47,1984.9981876693828,1984.9981876693828,1984.9981876693828,False,0.65,3.6,12,1.764,1.094
ichi,BUY,2023-05-02 15:15:00,2023-05-02 17:00:00,5.88,tp,tenkan_momentum,0.01,1987.8799999999999,1993.7577734349554,1983.9614843766963,1983.9614843766963,False,8.36,3.45,22,1.959,1.229
ichi,BUY,2023-05-02 17:15:00,2023-05-02 17:30:00,9.84,tp,kijun_pullback,0.01,1999.5,2009.34128989163,1992.9391400722468,2001.33,True,10.03,2.32,4,3.28,2.02
ichi,BUY,2023-05-03 10:00:00,2023-05-03 10:25:00,-2.91,sl,kijun_pullback,0.01,2018.3,2015.3901213388028,2015.3901213388028,2015.3901213388028,False,0.45,3.86,6,1.455,0.87
ichi,BUY,2023-05-03 17:15:00,2023-05-03 18:20:00,8.86,tp,kijun_pullback,0.01,2015.7,2024.5623362691329,2009.791775820578,2021.93,True,10.18,3.83,14,2.954,1.781
ichi,BUY,2023-05-04 17:30:00,2023-05-04 17:45:00,0.05,sl,kijun_pullback,0.01,2054.9700000000003,2055.02,2045.7996520758304,2055.02,True,4.62,3.46,4,4.585,2.693
ichi,BUY,2023-05-05 04:15:00,2023-05-05 04:40:00,1.3,sl,kijun_pullback,0.01,2050.2400000000002,2051.54,2046.5976235709993,2051.54,True,2.76,0.55,6,1.821,1.069
ichi,SELL,2023-05-05 15:45:00,2023-05-05 16:55:00,3.92,sl,kijun_pullback,0.01,2008.54,2004.62,2016.8559954926593,2004.62,True,7.25,6.91,15,4.158,2.432
ichi,SELL,2023-05-08 16:45:00,2023-05-08 17:45:00,-4.81,sl,kijun_pullback,0.01,2021.0,2025.807833873233,2025.807833873233,2025.807833873233,False,0.0,5.22,13,2.404,1.39
ichi,SELL,2023-05-09 11:30:00,2023-05-09 11:40:00,-3.97,sl,tenkan_momentum,0.01,2022.11,2026.0848012641525,2026.0848012641525,2026.0848012641525,False,0.0,4.26,3,1.987,1.166
ichi,BUY,2023-05-09 17:00:00,2023-05-09 17:25:00,-4.59,sl,tenkan_momentum,0.01,2030.58,2025.9884229517654,2025.9884229517654,2025.9884229517654,False,0.0,4.73,6,2.296,1.362
ichi,BUY,2023-05-10 04:00:00,2023-05-10 04:30:00,-2.6,sl,kijun_pullback,0.01,2036.72,2034.1159611941225,2034.1159611941225,2034.1159611941225,False,0.36,2.66,7,1.302,0.783
ichi,SELL,2023-05-10 12:15:00,2023-05-10 15:25:00,2.24,sl,kijun_pullback,0.01,2028.96,2026.72,2032.4920841308779,2026.72,True,3.77,3.44,39,1.766,1.071
ichi,BUY,2023-05-10 15:45:00,2023-05-10 16:05:00,-6.65,sl,kijun_pullback,0.01,2046.37,2039.7241798108346,2039.7241798108346,2039.7241798108346,False,1.78,8.26,5,3.323,2.001
ichi,BUY,2023-05-11 16:00:00,2023-05-11 16:15:00,-7.1,sl,tenkan_momentum,0.01,2037.71,2030.614850267212,2030.614850267212,2030.614850267212,False,0.37,8.22,4,3.548,2.18
ichi,SELL,2023-05-12 04:30:00,2023-05-12 05:40:00,1.12,sl,kijun_pullback,0.01,2011.49,2010.37,2015.0387564626685,2010.37,True,2.54,2.6,15,1.774,1.115
ichi,SELL,2023-05-12 06:30:00,2023-05-12 08:05:00,-0.51,gap,tenkan_momentum,0.01,2011.03,2011.54,2014.6515652832202,2010.05,True,2.43,1.47,20,1.811,1.134
ichi,SELL,2023-05-12 08:45:00,2023-05-12 09:25:00,2.7,gap,tenkan_momentum,0.01,2010.29,2007.59,2013.6568332425798,2007.3,True,4.34,1.51,9,1.683,1.056
ichi,SELL,2023-05-12 11:00:00,2023-05-12 12:15:00,1.63,sl,kijun_pullback,0.01,2008.82,2007.19,2012.9745158576845,2007.19,True,3.29,1.3,16,2.077,1.292
ichi,SELL,2023-05-12 12:45:00,2023-05-12 13:45:00,-4.66,sl,kijun_pullback,0.01,2003.14,2007.7976601597713,2007.7976601597713,2007.7976601597713,False,1.99,4.73,13,2.329,1.441
ichi,SELL,2023-05-12 14:30:00,2023-05-12 15:20:00,-4.69,sl,tenkan_momentum,0.01,2003.55,2008.2379177327757,2008.2379177327757,2008.2379177327757,False,0.66,5.64,11,2.344,1.471
ichi,BUY,2023-05-15 10:00:00,2023-05-15 10:35:00,1.57,sl,tenkan_momentum,0.01,2016.61,2018.18,2012.9809874925888,2018.18,True,3.02,0.26,8,1.815,1.156
ichi,BUY,2023-05-15 17:00:00,2023-05-15 17:20:00,-5.12,sl,kijun_pullback,0.01,2021.06,2015.9391137091638,2015.9391137091638,2015.9391137091638,False,0.14,5.7,5,2.56,1.623
ichi,SELL,2023-05-16 08:45:00,2023-05-16 09:10:00,2.5,sl,kijun_pullback,0.01,2014.16,2011.66,2016.9427136453974,2011.66,True,4.11,0.93,6,1.391,0.896
ichi,SELL,2023-05-16 13:30:00,2023-05-16 15:00:00,1.73,sl,kijun_pullback,0.01,2008.42,2006.69,2011.645723351141,2006.69,True,3.22,1.18,19,1.613,1.031
ichi,SELL,2023-05-17 08:30:00,2023-05-17 09:25:00,0.97,sl,tenkan_momentum,0.01,1989.17,1988.2,1991.9623864156813,1988.2,True,2.09,1.28,12,1.396,0.887
ichi,SELL,2023-05-17 10:45:00,2023-05-17 11:30:00,0.05,sl,tenkan_momentum,0.01,1988.23,1988.18,1991.3669904965386,1988.18,True,1.83,1.16,10,1.568,0.994
ichi,SELL,2023-05-17 14:15:00,2023-05-17 15:25:00,3.15,sl,kijun_pullback,0.01,1986.81,1983.66,1990.1494261245405,1983.66,True,4.49,2.16,15,1.67,1.058
ichi,SELL,2023-05-17 15:45:00,2023-05-17 16:05:00,-4.14,sl,kijun_pullback,0.01,1983.17,1987.3061419844155,1987.3061419844155,1987.3061419844155,False,1.09,5.15,5,2.068,1.297
ichi,SELL,2023-05-17 18:15:00,2023-05-18 10:35:00,1.74,sl,tenkan_momentum,0.01,1980.55,1978.81,1986.5389018550202,1978.81,True,4.32,5.72,185,2.994,1.903
ichi,SELL,2023-05-18 11:00:00,2023-05-18 11:25:00,0.05,sl,kijun_pullback,0.01,1974.54,1974.49,1978.4237360495792,1974.49,True,2.06,1.4,6,1.942,1.227
ichi,SELL,2023-05-18 12:45:00,2023-05-18 14:35:00,1.08,sl,kijun_pullback,0.01,1976.83,1975.75,1980.6954849899548,1975.75,True,2.63,2.38,23,1.933,1.221
ichi,SELL,2023-05-18 15:45:00,2023-05-18 16:00:00,2.3,sl,kijun_pullback,0.01,1970.81,1968.51,1975.822216631783,1968.51,True,4.46,1.4,4,2.506,1.578
ichi,SELL,2023-05-19 04:45:00,2023-05-19 05:30:00,-3.49,sl,kijun_pullback,0.01,1955.77,1959.2587071805674,1959.2587071805674,1959.2587071805674,False,0.18,3.99,10,1.744,1.091
ichi,SELL,2023-05-19 16:15:00,2023-05-19 16:40:00,1.37,sl,kijun_pullback,0.01,1961.3,1959.93,1965.6416336138905,1959.93,True,3.11,1.66,6,2.171,1.372
ichi,SELL,2023-05-19 17:45:00,2023-05-19 18:10:00,-4.85,sl,tenkan_momentum,0.01,1959.36,1964.2127489665006,1964.2127489665006,1964.2127489665006,False,1.94,8.78,6,2.426,1.527
ichi,BUY,2023-05-22 11:45:00,2023-05-22 12:20:00,2.18,sl,tenkan_momentum,0.01,1978.71,1980.89,1974.4929971729175,1980.89,True,3.88,0.57,8,2.109,1.348
ichi,SELL,2023-05-22 17:30:00,2023-05-22 20:10:00,-6.65,sl,tenkan_momentum,0.01,1971.09,1977.7356242623828,1977.7356242623828,1977.7356242623828,False,0.0,7.58,33,3.323,2.109
ichi,SELL,2023-05-23 16:00:00,2023-05-23 16:15:00,-4.94,sl,kijun_pullback,0.01,1958.86,1963.7978053578622,1963.7978053578622,1963.7978053578622,False,0.0,9.1,4,2.469,1.601
ichi,BUY,2023-05-23 18:00:00,2023-05-23 20:15:00,2.69,sl,tenkan_momentum,0.01,1969.01,1971.7,1962.3527506629873,1971.7,True,5.67,4.67,28,3.329,2.194
ichi,BUY,2023-05-24 03:15:00,2023-05-24 05:05:00,-2.87,sl,kijun_pullback,0.01,1975.78,1972.9140400237231,1972.9140400237231,1972.9140400237231,False,1.24,2.95,23,1.433,0.936
ichi,BUY,2023-05-24 09:00:00,2023-05-24 09:10:00,-3.57,sl,tenkan_momentum,0.01,1979.77,1976.195510617058,1976.195510617058,1976.195510617058,False,0.07,4.11,3,1.787,1.179
ichi,BUY,2023-05-24 14:30:00,2023-05-24 15:25:00,3.69,gap,tenkan_momentum,0.01,1979.11,1982.8,1974.5440336997242,1983.46,True,6.18,0.69,12,2.283,1.523
ichi,BUY,2023-05-24 16:00:00,2023-05-24 16:25:00,-5.51,sl,kijun_pullback,0.01,1980.17,1974.6612984184062,1974.6612984184062,1974.6612984184062,False,0.71,5.56,6,2.754,1.816
ichi,SELL,2023-05-25 06:00:00,2023-05-25 09:30:00,0.05,sl,kijun_pullback,0.01,1957.54,1957.49,1961.5823378380555,1957.49,True,2.38,1.66,43,2.021,1.357
ichi,SELL,2023-05-25 15:45:00,2023-05-25 16:00:00,-6.73,sl,kijun_pullback,0.01,1940.25,1946.984397712459,1946.984397712459,1946.984397712459,False,0.33,8.0,4,3.367,2.26
ichi,SELL,2023-05-25 17:45:00,2023-05-26 01:05:00,4.34,sl,tenkan_momentum,0.01,1946.78,1942.44,1955.1346156970992,1942.44,True,7.68,1.63,77,4.177,2.869
ichi,SELL,2023-05-26 03:15:00,2023-05-26 03:50:00,1.35,sl,kijun_pullback,0.01,1940.54,1939.19,1943.7453174335262,1939.19,True,3.52,0.56,8,1.603,1.085
ichi,SELL,2023-05-26 15:45:00,2023-05-26 16:00:00,-4.84,sl,kijun_pullback,0.01,1944.73,1949.5658822808489,1949.5658822808489,1949.5658822808489,False,0.11,4.84,4,2.418,1.629
ichi,SELL,2023-05-26 17:30:00,2023-05-26 17:50:00,5.92,gap,kijun_pullback,0.01,1947.98,1942.06,1954.5602128466373,1941.78,True,8.83,0.91,5,3.29,2.253
ichi,SELL,2023-05-26 19:45:00,2023-05-29 04:10:00,0.05,sl,kijun_pullback,0.01,1944.0,1943.95,1949.6919554118383,1943.95,True,3.52,3.82,90,2.846,1.91
ichi,SELL,2023-05-29 04:45:00,2023-05-29 08:40:00,-3.93,sl,kijun_pullback,0.01,1942.85,1946.782762440948,1946.782762440948,1946.782762440948,False,0.0,3.94,48,1.966,1.32
ichi,SELL,2023-05-30 04:30:00,2023-05-30 05:00:00,-2.72,sl,kijun_pullback,0.01,1943.24,1945.9572735260267,1945.9572735260267,1945.9572735260267,False,0.02,2.77,7,1.359,0.924
ichi,SELL,2023-05-30 10:30:00,2023-05-30 10:50:00,-4.41,sl,tenkan_momentum,0.01,1935.63,1940.0438478076203,1940.0438478076203,1940.0438478076203,False,0.26,4.92,5,2.207,1.515
ichi,BUY,2023-05-31 08:45:00,2023-05-31 09:00:00,2.05,sl,kijun_pullback,0.01,1961.92,1963.97,1958.3630009407823,1963.97,True,3.47,0.76,4,1.778,1.239
ichi,BUY,2023-05-31 16:45:00,2023-05-31 16:55:00,2.9,gap,kijun_pullback,0.01,1967.68,1970.58,1962.1957686841054,1971.18,True,6.04,0.28,3,2.742,1.898
ichi,BUY,2023-05-31 20:45:00,2023-06-01 09:00:00,-6.3,sl,kijun_pullback,0.01,1968.31,1962.0068773754629,1962.0068773754629,1962.0068773754629,False,0.48,6.31,136,3.152,2.159
ichi,BUY,2023-06-01 15:45:00,2023-06-01 16:10:00,3.97,sl,tenkan_momentum,0.01,1964.91,1968.88,1959.2119390675637,1968.88,True,6.25,0.26,6,2.849,1.995
ichi,BUY,2023-06-02 05:15:00,2023-06-02 06:30:00,3.05,sl,kijun_pullback,0.01,1979.25,1982.3,1976.3047061105065,1982.3,True,4.23,1.11,16,1.473,1.017
ichi,BUY,2023-06-02 08:45:00,2023-06-02 09:25:00,-3.39,sl,tenkan_momentum,0.01,1981.15,1977.7636454579504,1977.7636454579504,1977.7636454579504,False,0.5,3.53,9,1.693,1.157
ichi,BUY,2023-06-02 14:30:00,2023-06-02 15:30:00,-3.45,sl,tenkan_momentum,0.01,1980.28,1976.8316179356527,1976.8316179356527,1976.8316179356527,False,0.66,8.34,13,1.724,1.192
ichi,SELL,2023-06-05 04:30:00,2023-06-05 05:40:00,0.54,gap,tenkan_momentum,0.01,1946.51,1945.97,1949.7323179224336,1945.57,True,2.23,2.13,15,1.611,1.127
ichi,SELL,2023-06-05 07:15:00,2023-06-05 08:30:00,0.05,sl,tenkan_momentum,0.01,1945.15,1945.1,1948.4603543717997,1945.1,True,1.91,1.45,16,1.655,1.156
ichi,SELL,2023-06-05 09:00:00,2023-06-05 09:25:00,1.26,sl,kijun_pullback,0.01,1944.83,1943.57,1948.3048258089862,1943.57,True,2.65,0.93,6,1.737,1.213
ichi,SELL,2023-06-05 11:30:00,2023-06-05 12:40:00,-4.0,sl,kijun_pullback,0.01,1941.95,1945.9482265856243,1945.9482265856243,1945.9482265856243,False,1.4,4.3,15,1.999,1.39
ichi,SELL,2023-06-05 14:15:00,2023-06-05 14:40:00,2.05,sl,kijun_pullback,0.01,1942.39,1940.34,1946.6851549394664,1940.34,True,3.77,0.26,6,2.148,1.514
ichi,SELL,2023-06-06 11:30:00,2023-06-06 12:10:00,-3.9,sl,tenkan_momentum,0.01,1958.16,1962.055995056727,1962.055995056727,1962.055995056727,False,0.45,4.07,9,1.948,1.364
ichi,BUY,2023-06-06 16:15:00,2023-06-06 16:35:00,-4.37,sl,tenkan_momentum,0.01,1964.02,1959.6460581802692,1959.6460581802692,1959.6460581802692,False,0.73,6.14,5,2.187,1.552
ichi,SELL,2023-06-06 17:45:00,2023-06-06 18:40:00,-5.85,sl,tenkan_momentum,0.01,1957.29,1963.1429244884348,1963.1429244884348,1963.1429244884348,False,0.12,6.48,12,2.926,2.11
ichi,BUY,2023-06-07 02:00:00,2023-06-07 04:05:00,1.0,sl,kijun_pullback,0.01,1963.97,1964.97,1961.5802936961725,1964.97,True,1.98,1.29,26,1.195,0.88
ichi,SELL,2023-06-07 11:30:00,2023-06-07 12:00:00,-3.36,sl,kijun_pullback,0.01,1959.26,1962.6170101202886,1962.6170101202886,1962.6170101202886,False,0.35,3.54,7,1.679,1.232
ichi,SELL,2023-06-07 16:30:00,2023-06-07 16:40:00,-4.13,sl,tenkan_momentum,0.01,1959.01,1963.1361817509162,1963.1361817509162,1963.1361817509162,False,0.23,4.2,3,2.063,1.533
ichi,BUY,2023-06-09 04:15:00,2023-06-09 07:30:00,-2.65,sl,kijun_pullback,0.01,1965.06,1962.4108885534197,1962.4108885534197,1962.4108885534197,False,0.32,2.67,40,1.325,0.999
ichi,BUY,2023-06-09 10:15:00,2023-06-09 11:00:00,-2.41,sl,kijun_pullback,0.01,1964.77,1962.355963601999,1962.355963601999,1962.355963601999,False,0.47,2.91,10,1.207,0.92
ichi,BUY,2023-06-09 14:15:00,2023-06-09 14:35:00,0.05,sl,tenkan_momentum,0.01,1964.98,1965.03,1961.9266750923175,1965.03,True,1.67,0.86,5,1.527,1.174
ichi,SELL,2023-06-12 02:45:00,2023-06-12 04:05:00,0.65,gap,kijun_pullback,0.01,1959.65,1959.0,1962.158126825014,1958.95,True,1.7,1.09,17,1.254,0.964
ichi,SELL,2023-06-12 08:00:00,2023-06-12 08:10:00,-2.67,sl,kijun_pullback,0.01,1957.03,1959.7033198071408,1959.7033198071408,1959.7033198071408,False,0.17,2.89,3,1.337,1.025
ichi,BUY,2023-06-12 15:00:00,2023-06-12 16:05:00,-3.41,sl,kijun_pullback,0.01,1964.32,1960.9071218843972,1960.9071218843972,1960.9071218843972,False,1.68,3.44,14,1.706,1.323
ichi,SELL,2023-06-14 02:15:00,2023-06-14 04:15:00,-3.5,sl,kijun_pullback,0.01,1943.32,1946.8210609099535,1946.8210609099535,1946.8210609099535,False,0.26,3.78,25,1.751,1.375
ichi,SELL,2023-06-15 09:30:00,2023-06-15 10:10:00,3.93,sl,tenkan_momentum,0.01,1934.95,1931.02,1939.4510878329072,1931.02,True,5.73,0.52,9,2.251,1.792
ichi,SELL,2023-06-15 11:00:00,2023-06-15 12:15:00,0.05,sl,kijun_pullback,0.01,1933.52,1933.47,1938.300826223776,1933.47,True,2.49,2.33,16,2.39,1.874
ichi,SELL,2023-06-15 15:30:00,2023-06-15 15:35:00,-5.98,sl,kijun_pullback,0.01,1926.86,1932.8362277036233,1932.8362277036233,1932.8362277036233,False,1.9,6.84,2,2.988,2.342
ichi,BUY,2023-06-16 02:00:00,2023-06-16 04:50:00,2.15,sl,kijun_pullback,0.01,1958.74,1960.89,1956.0381368484257,1960.89,True,3.23,2.27,35,1.351,1.084
ichi,BUY,2023-06-16 04:55:00,2023-06-16 05:00:00,-3.1,sl,kijun_pullback,0.01,1961.3799999999999,1958.2835755492115,1958.2835755492115,1958.2835755492115,False,0.0,3.43,2,1.548,1.232
ichi,BUY,2023-06-16 10:45:00,2023-06-16 14:15:00,1.79,sl,tenkan_momentum,0.01,1962.57,1964.36,1958.592932591363,1964.36,True,3.38,2.57,43,1.989,1.602
ichi,SELL,2023-06-19 09:30:00,2023-06-19 10:40:00,-0.15,gap,tenkan_momentum,0.01,1954.64,1954.79,1957.3212159016807,1954.59,True,1.56,0.56,15,1.341,1.073
ichi,SELL,2023-06-19 18:15:00,2023-06-19 19:25:00,1.06,sl,kijun_pullback,0.01,1952.47,1951.41,1955.1764829631952,1951.41,True,2.14,1.23,15,1.353,1.083
ichi,SELL,2023-06-20 04:15:00,2023-06-20 04:50:00,3.92,tp,tenkan_momentum,0.01,1949.99,1946.0693105499583,1952.6037929666945,1948.58,True,4.62,1.03,8,1.307,1.042
ichi,SELL,2023-06-20 08:15:00,2023-06-20 09:15:00,-2.88,sl,kijun_pullback,0.01,1947.9,1950.776950531506,1950.776950531506,1950.776950531506,False,0.7,3.71,13,1.438,1.129
ichi,SELL,2023-06-21 09:00:00,2023-06-21 09:15:00,2.65,sl,tenkan_momentum,0.01,1935.48,1932.83,1938.7720957820118,1932.83,True,3.97,0.45,4,1.646,1.307
ichi,SELL,2023-06-21 12:15:00,2023-06-21 15:25:00,3.59,sl,kijun_pullback,0.01,1933.35,1929.76,1937.0422491407724,1929.76,True,5.74,2.78,39,1.846,1.45
ichi,SELL,2023-06-21 15:30:00,2023-06-21 15:40:00,-1.06,gap,kijun_pullback,0.01,1929.84,1930.9,1934.8219534689877,1928.21,True,3.62,4.19,3,2.491,1.93
ichi,SELL,2023-06-22 07:45:00,2023-06-22 08:20:00,1.92,sl,kijun_pullback,0.01,1931.1,1929.18,1933.552672185977,1929.18,True,2.9,0.49,8,1.226,0.954
ichi,SELL,2023-06-22 09:30:00,2023-06-22 10:15:00,0.97,sl,kijun_pullback,0.01,1930.08,1929.11,1932.9631454802716,1929.11,True,2.21,1.62,10,1.442,1.113
ichi,SELL,2023-06-22 11:30:00,2023-06-22 11:45:00,1.39,sl,tenkan_momentum,0.01,1928.1,1926.71,1931.9786272712743,1926.71,True,2.94,0.27,4,1.939,1.492
ichi,SELL,2023-06-22 13:15:00,2023-06-22 14:05:00,0.05,sl,kijun_pullback,0.01,1928.42,1928.37,1932.1084532050868,1928.37,True,1.99,1.08,11,1.844,1.411
ichi,SELL,2023-06-22 14:45:00,2023-06-22 15:25:00,0.05,sl,tenkan_momentum,0.01,1926.03,1925.98,1930.0220463181784,1925.98,True,2.11,2.02,9,1.996,1.527
ichi,SELL,2023-06-22 16:45:00,2023-06-22 17:35:00,5.38,sl,kijun_pullback,0.01,1923.74,1918.36,1929.8177679379899,1918.36,True,7.81,3.92,11,3.039,2.324
ichi,SELL,2023-06-23 04:45:00,2023-06-23 04:55:00,0.91,sl,kijun_pullback,0.01,1913.15,1912.24,1915.8459554767073,1912.24,True,1.99,0.38,3,1.348,1.01
ichi,BUY,2023-06-23 17:30:00,2023-06-23 18:15:00,-6.08,sl,kijun_pullback,0.01,1929.23,1923.146534641141,1923.146534641141,1923.146534641141,False,0.0,6.72,10,3.042,2.272
ichi,BUY,2023-06-26 07:45:00,2023-06-26 09:05:00,0.05,sl,kijun_pullback,0.01,1925.8799999999999,1925.93,1922.915201419928,1925.93,True,1.82,1.96,17,1.482,1.133
ichi,SELL,2023-06-27 02:15:00,2023-06-27 02:25:00,0.8,sl,tenkan_momentum,0.01,1923.23,1922.43,1925.6643662182184,1922.43,True,1.77,0.26,3,1.217,0.93
ichi,BUY,2023-06-27 10:15:00,2023-06-27 11:20:00,-3.08,sl,tenkan_momentum,0.01,1928.72,1925.6437777058866,1925.6437777058866,1925.6437777058866,False,0.73,3.13,14,1.538,1.172
ichi,BUY,2023-06-27 16:15:00,2023-06-27 16:35:00,0.05,sl,kijun_pullback,0.01,1927.55,1927.6,1922.9521435742197,1927.6,True,3.14,0.73,5,2.299,1.772
ichi,SELL,2023-06-28 09:30:00,2023-06-28 09:45:00,2.06,sl,kijun_pullback,0.01,1913.07,1911.01,1915.989008306338,1911.01,True,3.23,0.63,4,1.46,1.125
ichi,SELL,2023-06-28 16:45:00,2023-06-28 16:45:00,-5.46,sl,kijun_pullback,0.01,1905.3,1910.7615912629512,1910.7615912629512,1910.7615912629512,False,2.25,5.69,1,2.731,2.088
ichi,SELL,2023-06-29 05:15:00,2023-06-29 06:20:00,1.99,sl,kijun_pullback,0.01,1906.33,1904.34,1909.315883108482,1904.34,True,3.3,0.99,14,1.493,1.166
ichi,SELL,2023-06-29 12:15:00,2023-06-29 13:40:00,-3.49,sl,kijun_pullback,0.01,1904.96,1908.4494653773604,1908.4494653773604,1908.4494653773604,False,0.72,3.99,18,1.745,1.352
ichi,SELL,2023-06-29 15:45:00,2023-06-29 16:05:00,2.56,gap,kijun_pullback,0.01,1900.11,1897.55,1905.6049002629236,1897.43,True,4.88,1.71,5,2.747,2.158
ichi,SELL,2023-06-30 08:00:00,2023-06-30 09:10:00,3.56,tp,kijun_pullback,0.01,1908.21,1904.6492540101142,1910.583830659924,1905.9,True,3.65,2.0,15,1.187,0.923
ichi,BUY,2023-07-03 01:15:00,2023-07-03 04:10:00,-2.97,sl,kijun_pullback,0.01,1919.24,1916.2692815308194,1916.2692815308194,1916.2692815308194,False,0.31,3.02,36,1.485,1.139
ichi,BUY,2023-07-04 04:30:00,2023-07-04 07:30:00,0.85,sl,kijun_pullback,0.01,1922.54,1923.39,1920.4180414562409,1923.39,True,1.7,1.96,37,1.061,0.823
ichi,BUY,2023-07-05 15:45:00,2023-07-05 16:25:00,3.63,sl,kijun_pullback,0.01,1930.04,1933.67,1926.600789185879,1933.67,True,5.01,1.96,9,1.72,1.33
ichi,SELL,2023-07-06 04:30:00,2023-07-06 04:55:00,-2.87,sl,tenkan_momentum,0.01,1916.68,1919.5466388720881,1919.5466388720881,1919.5466388720881,False,0.0,3.21,6,1.433,1.093
ichi,SELL,2023-07-06 12:00:00,2023-07-06 13:20:00,-2.84,sl,kijun_pullback,0.01,1918.05,1920.8859453302803,1920.8859453302803,1920.8859453302803,False,1.12,3.21,17,1.418,1.093
ichi,BUY,2023-07-07 15:00:00,2023-07-07 15:15:00,-2.8,sl,tenkan_momentum,0.01,1917.78,1914.98445697937,1914.98445697937,1914.98445697937,False,0.86,3.49,4,1.398,1.09
ichi,BUY,2023-07-07 16:45:00,2023-07-07 18:00:00,8.9,tp,kijun_pullback,0.01,1925.8,1934.6991380389115,1919.8672413073923,1931.62,True,9.17,4.52,16,2.966,2.338
ichi,BUY,2023-07-11 01:45:00,2023-07-11 03:30:00,1.02,sl,kijun_pullback,0.01,1925.24,1926.26,1923.0115277396776,1926.26,True,1.96,0.89,22,1.114,0.848
ichi,BUY,2023-07-11 03:35:00,2023-07-11 04:10:00,0.05,sl,kijun_pullback,0.01,1926.36,1926.41,1924.2191841184704,1926.41,True,1.37,0.63,8,1.07,0.812
ichi,BUY,2023-07-11 05:45:00,2023-07-11 06:10:00,0.05,sl,tenkan_momentum,0.01,1927.6299999999999,1927.68,1925.1917442237495,1927.68,True,1.35,1.04,6,1.219,0.924
ichi,BUY,2023-07-11 07:30:00,2023-07-11 08:20:00,0.05,sl,tenkan_momentum,0.01,1928.57,1928.62,1925.9662775089384,1928.62,True,1.51,0.74,11,1.302,0.987
ichi,BUY,2023-07-11 09:45:00,2023-07-11 10:10:00,-3.5,sl,kijun_pullback,0.01,1935.1299999999999,1931.6349959796291,1931.6349959796291,1931.6349959796291,False,1.67,3.88,6,1.748,1.325
ichi,BUY,2023-07-11 11:15:00,2023-07-11 12:30:00,1.13,sl,tenkan_momentum,0.01,1934.53,1935.66,1930.2900219906562,1935.66,True,2.83,0.52,16,2.12,1.629
ichi,BUY,2023-07-12 15:45:00,2023-07-12 16:00:00,-5.21,sl,kijun_pullback,0.01,1947.01,1941.795516672632,1941.795516672632,1941.795516672632,False,0.7,6.1,4,2.607,1.994
ichi,BUY,2023-07-13 03:00:00,2023-07-13 04:15:00,0.05,sl,kijun_pullback,0.01,1958.0,1958.05,1955.7882355344643,1958.05,True,1.12,1.5,16,1.106,0.863
ichi,BUY,2023-07-13 04:30:00,2023-07-13 04:55:00,0.05,sl,kijun_pullback,0.01,1958.45,1958.5,1955.6890505938045,1958.5,True,1.47,1.39,6,1.38,1.077
ichi,BUY,2023-07-13 09:30:00,2023-07-13 13:25:00,-3.76,sl,kijun_pullback,0.01,1962.52,1958.7598556903995,1958.7598556903995,1958.7598556903995,False,0.85,4.37,48,1.88,1.467
ichi,BUY,2023-07-13 13:45:00,2023-07-13 15:30:00,-3.13,sl,tenkan_momentum,0.01,1960.7,1957.5694247615218,1957.5694247615218,1957.5694247615218,False,2.95,5.77,22,1.565,1.239
ichi,BUY,2023-07-13 19:30:00,2023-07-14 05:55:00,1.87,sl,tenkan_momentum,0.01,1959.69,1961.56,1954.1437355919657,1961.56,True,4.09,2.15,114,2.773,2.223
ichi,BUY,2023-07-14 06:30:00,2023-07-14 08:00:00,-2.63,sl,tenkan_momentum,0.01,1962.65,1960.0222837259128,1960.0222837259128,1960.0222837259128,False,0.48,2.98,19,1.314,1.045
ichi,BUY,2023-07-14 15:30:00,2023-07-14 15:35:00,-4.03,sl,kijun_pullback,0.01,1961.52,1957.489936326089,1957.489936326089,1957.489936326089,False,1.23,4.56,2,2.015,1.62
ichi,BUY,2023-07-14 17:00:00,2023-07-14 17:00:00,-5.44,sl,tenkan_momentum,0.01,1960.3,1954.8551604996899,1954.8551604996899,1954.8551604996899,False,0.0,9.37,1,2.722,2.225
ichi,SELL,2023-07-17 06:15:00,2023-07-17 08:15:00,-3.02,sl,kijun_pullback,0.01,1952.14,1955.1589491843665,1955.1589491843665,1955.1589491843665,False,0.96,3.45,25,1.509,1.262
ichi,BUY,2023-07-18 03:45:00,2023-07-18 04:30:00,2.94,tp,tenkan_momentum,0.01,1956.57,1959.5127727243712,1954.6081515170856,1958.26,True,3.01,1.38,10,0.981,0.831
ichi,BUY,2023-07-18 05:15:00,2023-07-18 06:05:00,1.44,sl,kijun_pullback,0.01,1957.55,1958.99,1954.708995312066,1958.99,True,2.6,0.56,11,1.421,1.188
ichi,BUY,2023-07-18 09:30:00,2023-07-18 10:10:00,1.35,sl,tenkan_momentum,0.01,1960.09,1961.44,1957.259867276504,1961.44,True,2.53,1.68,9,1.415,1.176
ichi,BUY,2023-07-18 11:15:00,2023-07-18 14:05:00,0.05,sl,tenkan_momentum,0.01,1962.37,1962.42,1959.0392549902094,1962.42,True,1.98,1.82,35,1.665,1.377
ichi,BUY,2023-07-18 15:30:00,2023-07-18 15:40:00,-5.76,sl,tenkan_momentum,0.01,1967.36,1961.6042542578075,1961.6042542578075,1961.6042542578075,False,3.83,6.68,3,2.878,2.378
ichi,BUY,2023-07-19 04:45:00,2023-07-19 05:05:00,-2.78,sl,kijun_pullback,0.01,1978.42,1975.640458586554,1975.640458586554,1975.640458586554,False,0.0,3.03,5,1.39,1.177
ichi,BUY,2023-07-20 03:15:00,2023-07-20 04:30:00,3.47,tp,kijun_pullback,0.01,1979.3,1982.7707035930707,1976.9861976046195,1981.54,True,4.63,1.25,16,1.157,0.991
ichi,SELL,2023-07-21 10:30:00,2023-07-21 10:50:00,4.23,tp,tenkan_momentum,0.01,1969.63,1965.403065734329,1972.4479561771143,1966.77,True,4.86,0.46,5,1.409,1.189
ichi,SELL,2023-07-21 15:45:00,2023-07-21 16:15:00,0.05,sl,tenkan_momentum,0.01,1963.22,1963.17,1967.3263113857633,1963.17,True,2.91,1.39,7,2.053,1.703
ichi,SELL,2023-07-21 18:00:00,2023-07-24 10:25:00,-5.95,sl,tenkan_momentum,0.01,1959.76,1965.7075498815816,1965.7075498815816,1965.7075498815816,False,2.69,6.19,186,2.974,2.466
ichi,SELL,2023-07-24 18:00:00,2023-07-24 19:45:00,0.05,sl,kijun_pullback,0.01,1961.43,1961.38,1966.8435288629737,1961.38,True,3.35,1.01,22,2.707,2.301
ichi,SELL,2023-07-25 14:15:00,2023-07-25 14:50:00,-3.78,sl,kijun_pullback,0.01,1954.82,1958.6028408371023,1958.6028408371023,1958.6028408371023,False,1.48,5.47,8,1.891,1.608
ichi,SELL,2023-07-25 16:15:00,2023-07-25 17:05:00,-1.23,gap,kijun_pullback,0.01,1956.57,1957.8,1961.501012851987,1953.97,True,4.57,4.83,11,2.466,2.13
ichi,BUY,2023-07-26 09:15:00,2023-07-26 09:30:00,1.03,sl,kijun_pullback,0.01,1967.96,1968.99,1965.3390308104779,1968.99,True,2.32,0.55,4,1.31,1.138
ichi,BUY,2023-07-27 01:15:00,2023-07-27 05:10:00,7.54,tp,kijun_pullback,0.01,1973.29,1980.8290525339578,1968.2639649773614,1978.13,True,7.62,2.15,48,2.513,2.173
ichi,BUY,2023-07-27 10:15:00,2023-07-27 10:50:00,2.18,sl,kijun_pullback,0.01,1978.56,1980.74,1974.8399310660918,1980.74,True,3.67,1.0,8,1.86,1.557
ichi,SELL,2023-07-31 04:15:00,2023-07-31 07:25:00,2.53,sl,kijun_pullback,0.01,1957.42,1954.89,1960.4442354669106,1954.89,True,3.74,1.4,39,1.512,1.255
ichi,SELL,2023-07-31 10:00:00,2023-07-31 11:55:00,1.19,gap,kijun_pullback,0.01,1954.93,1953.74,1958.050210804527,1952.38,True,3.8,1.6,24,1.56,1.281
ichi,SELL,2023-08-01 14:15:00,2023-08-01 15:25:00,1.53,sl,kijun_pullback,0.01,1953.5,1951.97,1956.7824715082786,1951.97,True,2.84,2.82,15,1.641,1.341
ichi,SELL,2023-08-02 15:30:00,2023-08-02 15:45:00,2.47,gap,kijun_pullback,0.01,1948.37,1945.9,1952.96704593139,1945.73,True,4.48,1.46,4,2.299,1.866
ichi,SELL,2023-08-02 17:00:00,2023-08-02 17:15:00,7.95,tp,tenkan_momentum,0.01,1945.13,1937.1764290717822,1950.432380618812,1942.41,True,8.29,0.46,4,2.651,2.131
ichi,SELL,2023-08-03 06:15:00,2023-08-03 07:00:00,-2.64,sl,kijun_pullback,0.01,1935.59,1938.2255959218342,1938.2255959218342,1938.2255959218342,False,0.13,2.64,10,1.318,1.027
ichi,SELL,2023-08-03 07:45:00,2023-08-03 10:10:00,1.54,gap,tenkan_momentum,0.01,1934.37,1932.83,1937.0410647689143,1932.27,True,3.17,1.96,30,1.336,1.051
ichi,SELL,2023-08-03 15:30:00,2023-08-03 15:40:00,-5.35,sl,kijun_pullback,0.01,1931.39,1936.7358056989938,1936.7358056989938,1936.7358056989938,False,1.23,7.3,3,2.673,2.091
ichi,SELL,2023-08-03 17:00:00,2023-08-04 15:35:00,-3.14,gap,tenkan_momentum,0.01,1932.35,1935.49,1939.2118536122482,1928.53,True,6.56,6.68,260,3.431,2.742
ichi,BUY,2023-08-07 02:00:00,2023-08-07 05:10:00,-3.14,sl,kijun_pullback,0.01,1943.97,1940.8259517793417,1940.8259517793417,1940.8259517793417,False,1.37,3.33,39,1.572,1.272
ichi,SELL,2023-08-07 15:15:00,2023-08-07 15:55:00,-3.26,sl,kijun_pullback,0.01,1935.13,1938.394007217107,1938.394007217107,1938.394007217107,False,1.3,3.39,9,1.632,1.338
ichi,SELL,2023-08-07 17:30:00,2023-08-07 18:10:00,1.19,sl,kijun_pullback,0.01,1936.44,1935.25,1940.9393751688287,1935.25,True,2.99,0.74,9,2.25,1.869
ichi,SELL,2023-08-08 04:30:00,2023-08-08 05:05:00,0.74,sl,kijun_pullback,0.01,1933.2,1932.46,1935.8152210859996,1932.46,True,1.79,1.2,8,1.308,1.081
ichi,SELL,2023-08-08 09:15:00,2023-08-08 10:10:00,0.05,sl,kijun_pullback,0.01,1933.88,1933.83,1936.555212903154,1933.83,True,1.47,0.85,12,1.338,1.102
ichi,SELL,2023-08-08 11:00:00,2023-08-08 11:40:00,-2.96,sl,tenkan_momentum,0.01,1930.54,1933.4983563797684,1933.4983563797684,1933.4983563797684,False,0.0,3.61,9,1.479,1.219
ichi,SELL,2023-08-08 14:15:00,2023-08-08 14:55:00,2.77,sl,kijun_pullback,0.01,1932.42,1929.65,1935.8906440902388,1929.65,True,4.16,1.11,9,1.735,1.448
ichi,SELL,2023-08-08 15:45:00,2023-08-08 16:35:00,-0.22,gap,kijun_pullback,0.01,1925.47,1925.69,1930.2367399412874,1925.42,True,2.48,3.8,11,2.383,1.965
ichi,SELL,2023-08-08 18:00:00,2023-08-09 04:15:00,0.05,sl,tenkan_momentum,0.01,1927.27,1927.22,1933.2874903609702,1927.22,True,3.4,1.45,112,3.009,2.483
ichi,SELL,2023-08-09 11:30:00,2023-08-09 13:35:00,1.54,sl,tenkan_momentum,0.01,1928.25,1926.71,1930.9573861056217,1926.71,True,2.62,1.0,26,1.354,1.117
ichi,SELL,2023-08-09 15:45:00,2023-08-09 17:00:00,0.86,gap,kijun_pullback,0.01,1923.97,1923.11,1927.1328020061485,1923.07,True,2.17,2.99,16,1.581,1.297
ichi,SELL,2023-08-09 17:15:00,2023-08-09 17:35:00,2.14,gap,kijun_pullback,0.01,1925.19,1923.05,1929.8882037842034,1921.34,True,5.73,2.68,5,2.349,1.92
ichi,SELL,2023-08-10 01:30:00,2023-08-10 04:30:00,-2.49,sl,kijun_pullback,0.01,1915.87,1918.357176878211,1918.357176878211,1918.357176878211,False,0.3,2.61,37,1.244,1.007
ichi,BUY,2023-08-10 16:45:00,2023-08-10 17:05:00,-5.54,sl,kijun_pullback,0.01,1924.82,1919.2782968392876,1919.2782968392876,1919.2782968392876,False,0.47,6.21,5,2.771,2.267
ichi,SELL,2023-08-11 16:15:00,2023-08-11 17:00:00,-3.52,sl,kijun_pullback,0.01,1914.79,1918.3098370013374,1918.3098370013374,1918.3098370013374,False,1.64,6.34,10,1.76,1.474
ichi,SELL,2023-08-14 02:15:00,2023-08-14 04:00:00,1.28,sl,kijun_pullback,0.01,1913.15,1911.87,1915.4121422186156,1911.87,True,2.43,1.48,22,1.131,0.961
ichi,SELL,2023-08-14 05:00:00,2023-08-14 08:30:00,-2.56,sl,kijun_pullback,0.01,1911.57,1914.1337951555286,1914.1337951555286,1914.1337951555286,False,0.68,3.37,43,1.282,1.083
ichi,SELL,2023-08-14 15:15:00,2023-08-14 15:30:00,2.03,gap,kijun_pullback,0.01,1909.92,1907.89,1913.2956609226374,1907.55,True,3.72,0.43,4,1.688,1.442
ichi,SELL,2023-08-14 17:30:00,2023-08-14 19:05:00,-5.26,sl,kijun_pullback,0.01,1908.0,1913.2561321885128,1913.2561321885128,1913.2561321885128,False,0.07,5.5,20,2.628,2.226
ichi,SELL,2023-08-15 05:00:00,2023-08-15 09:00:00,0.05,sl,kijun_pullback,0.01,1906.12,1906.07,1909.040790502346,1906.07,True,1.67,1.87,49,1.46,1.265
ichi,SELL,2023-08-15 11:45:00,2023-08-15 14:25:00,1.27,sl,kijun_pullback,0.01,1904.54,1903.27,1907.251168599743,1903.27,True,2.35,0.76,33,1.356,1.174
ichi,SELL,2023-08-16 15:30:00,2023-08-16 15:55:00,-0.35,gap,kijun_pullback,0.01,1901.86,1902.21,1904.686866121907,1901.81,True,1.61,2.61,6,1.413,1.218
ichi,SELL,2023-08-18 15:30:00,2023-08-18 16:05:00,-3.12,sl,kijun_pullback,0.01,1890.01,1893.1262577785506,1893.1262577785506,1893.1262577785506,False,1.07,3.29,8,1.558,1.344
ichi,SELL,2023-08-21 02:30:00,2023-08-21 04:20:00,0.3,gap,kijun_pullback,0.01,1889.41,1889.11,1891.664836111599,1888.78,True,1.53,2.03,23,1.127,0.986
ichi,SELL,2023-08-21 04:45:00,2023-08-21 05:10:00,0.05,sl,kijun_pullback,0.01,1886.49,1886.44,1889.1457183070424,1886.44,True,1.42,1.07,6,1.328,1.16
ichi,BUY,2023-08-22 03:30:00,2023-08-22 04:05:00,0.94,sl,kijun_pullback,0.01,1894.86,1895.8,1893.0941781205222,1895.8,True,1.65,0.27,8,0.883,0.771
ichi,BUY,2023-08-22 05:15:00,2023-08-22 05:30:00,0.05,sl,kijun_pullback,0.01,1896.0,1896.05,1893.600984909833,1896.05,True,1.36,0.33,4,1.2,1.043
ichi,BUY,2023-08-22 08:30:00,2023-08-22 09:25:00,3.57,tp,tenkan_momentum,0.01,1896.49,1900.0649504474575,1894.1066997016949,1898.73,True,3.74,1.55,12,1.192,1.036
ichi,BUY,2023-08-23 02:00:00,2023-08-23 03:30:00,1.5,sl,kijun_pullback,0.01,1898.18,1899.68,1896.4429363374925,1899.68,True,2.19,0.44,19,0.869,0.744
ichi,BUY,2023-08-23 05:45:00,2023-08-23 08:15:00,1.31,sl,tenkan_momentum,0.01,1901.56,1902.87,1899.518635222194,1902.87,True,2.13,1.46,31,1.021,0.868
ichi,BUY,2023-08-23 10:30:00,2023-08-23 13:30:00,-2.71,sl,tenkan_momentum,0.01,1904.29,1901.581215346183,1901.581215346183,1901.581215346183,False,1.25,3.0,37,1.354,1.146
ichi,BUY,2023-08-23 14:00:00,2023-08-23 15:30:00,4.39,tp,kijun_pullback,0.01,1903.6,1907.990635661348,1900.672909559101,1905.5,True,4.63,0.92,19,1.464,1.252
ichi,BUY,2023-08-23 15:35:00,2023-08-23 16:00:00,-3.48,sl,kijun_pullback,0.01,1907.03,1903.5506971101613,1903.5506971101613,1903.5506971101613,False,1.65,4.06,6,1.74,1.461
ichi,BUY,2023-08-23 17:00:00,2023-08-24 10:15:00,2.03,sl,kijun_pullback,0.01,1918.25,1920.28,1912.20815726993,1920.28,True,4.77,3.95,196,3.021,2.575
ichi,BUY,2023-08-24 11:30:00,2023-08-24 13:00:00,-2.9,sl,kijun_pullback,0.01,1922.08,1919.1784460566496,1919.1784460566496,1919.1784460566496,False,0.0,2.93,19,1.451,1.226
ichi,BUY,2023-08-25 17:15:00,2023-08-25 17:20:00,-6.14,sl,kijun_pullback,0.01,1920.52,1914.384222818623,1914.384222818623,1914.384222818623,False,1.93,7.38,2,3.068,2.625
ichi,BUY,2023-08-28 05:45:00,2023-08-28 08:40:00,0.05,sl,kijun_pullback,0.01,1916.31,1916.36,1913.9380615174719,1916.36,True,1.37,1.6,36,1.186,1.042
ichi,BUY,2023-08-28 08:45:00,2023-08-28 09:25:00,0.59,sl,kijun_pullback,0.01,1916.36,1916.95,1914.203454509829,1916.95,True,1.45,0.91,9,1.078,0.947
ichi,BUY,2023-08-28 17:00:00,2023-08-28 18:35:00,5.3,tp,kijun_pullback,0.01,1918.3799999999999,1923.6753728918127,1914.849751405458,1921.04,True,6.55,1.08,20,1.765,1.547
ichi,BUY,2023-08-29 04:30:00,2023-08-29 06:10:00,1.53,gap,tenkan_momentum,0.01,1922.55,1924.08,1920.854827530092,1924.33,True,2.46,1.08,21,0.848,0.726
ichi,BUY,2023-08-29 08:45:00,2023-08-29 09:45:00,-1.98,sl,kijun_pullback,0.01,1925.41,1923.429534467281,1923.429534467281,1923.429534467281,False,0.21,2.42,13,0.99,0.842
ichi,BUY,2023-08-29 10:45:00,2023-08-29 11:10:00,-2.25,sl,kijun_pullback,0.01,1924.6299999999999,1922.3826296497616,1922.3826296497616,1922.3826296497616,False,0.31,2.35,6,1.124,0.964
ichi,BUY,2023-08-29 17:15:00,2023-08-29 17:25:00,0.81,gap,kijun_pullback,0.01,1930.8,1931.61,1925.699960214578,1932.48,True,3.82,1.5,3,2.55,2.209
ichi,BUY,2023-08-30 04:00:00,2023-08-30 10:30:00,-1.93,sl,kijun_pullback,0.01,1937.02,1935.0876436315575,1935.0876436315575,1935.0876436315575,False,0.53,2.07,79,0.966,0.834
ichi,BUY,2023-08-30 12:30:00,2023-08-30 15:10:00,0.05,sl,kijun_pullback,0.01,1938.79,1938.84,1936.6058158573492,1938.84,True,1.47,2.14,33,1.092,0.951
ichi,BUY,2023-08-31 08:00:00,2023-08-31 09:20:00,-1.71,sl,kijun_pullback,0.01,1946.06,1944.3466702879614,1944.3466702879614,1944.3466702879614,False,0.0,1.77,17,0.857,0.746
ichi,BUY,2023-08-31 15:00:00,2023-08-31 15:20:00,0.73,sl,tenkan_momentum,0.01,1945.97,1946.7,1943.9288276565683,1946.7,True,1.64,0.99,5,1.021,0.895
ichi,BUY,2023-09-01 15:45:00,2023-09-01 15:55:00,0.16,gap,kijun_pullback,0.01,1948.54,1948.7,1944.966561272124,1950.86,True,3.75,1.32,3,1.787,1.562
ichi,SELL,2023-09-04 13:30:00,2023-09-04 14:35:00,0.62,sl,tenkan_momentum,0.01,1941.63,1941.01,1943.7768177467744,1941.01,True,1.48,0.57,14,1.073,0.938
ichi,SELL,2023-09-05 01:30:00,2023-09-05 03:20:00,0.71,sl,kijun_pullback,0.01,1938.52,1937.81,1939.8780325147563,1937.81,True,1.25,0.32,23,0.679,0.592
ichi,SELL,2023-09-05 04:45:00,2023-09-05 04:55:00,1.23,sl,kijun_pullback,0.01,1937.34,1936.11,1939.0260918361746,1936.11,True,2.12,0.27,3,0.843,0.732
ichi,SELL,2023-09-05 06:15:00,2023-09-05 07:30:00,-1.87,sl,tenkan_momentum,0.01,1936.31,1938.1842880849065,1938.1842880849065,1938.1842880849065,False,0.0,1.94,16,0.937,0.81
ichi,SELL,2023-09-05 16:15:00,2023-09-05 17:10:00,2.53,sl,kijun_pullback,0.01,1930.33,1927.8,1934.580258229847,1927.8,True,4.23,3.72,12,2.125,1.851
ichi,SELL,2023-09-06 02:15:00,2023-09-06 04:00:00,0.87,sl,kijun_pullback,0.01,1926.31,1925.44,1928.0100763788662,1925.44,True,1.55,0.86,22,0.85,0.732
ichi,SELL,2023-09-06 05:30:00,2023-09-06 07:45:00,-1.72,sl,kijun_pullback,0.01,1925.49,1927.213246945905,1927.213246945905,1927.213246945905,False,0.0,1.8,28,0.862,0.739
ichi,SELL,2023-09-06 10:30:00,2023-09-06 13:00:00,-2.17,sl,kijun_pullback,0.01,1923.92,1926.091109784711,1926.091109784711,1926.091109784711,False,1.08,2.47,31,1.086,0.939
ichi,SELL,2023-09-06 15:45:00,2023-09-06 16:10:00,2.09,gap,kijun_pullback,0.01,1924.86,1922.77,1927.4899345703136,1922.51,True,3.4,0.53,6,1.315,1.148
ichi,SELL,2023-09-06 17:15:00,2023-09-06 17:50:00,4.5,sl,kijun_pullback,0.01,1922.24,1917.74,1927.3252277661468,1917.74,True,6.67,1.6,8,2.543,2.199
ichi,SELL,2023-09-07 10:45:00,2023-09-07 12:20:00,-2.26,sl,tenkan_momentum,0.01,1917.61,1919.8705243678107,1919.8705243678107,1919.8705243678107,False,0.2,2.69,20,1.13,0.959
ichi,SELL,2023-09-08 15:30:00,2023-09-08 15:35:00,-2.48,sl,kijun_pullback,0.01,1923.04,1925.5183932275704,1925.5183932275704,1925.5183932275704,False,0.17,3.33,2,1.239,1.062
ichi,SELL,2023-09-11 02:15:00,2023-09-11 03:45:00,-2.17,sl,kijun_pullback,0.01,1918.05,1920.2184215641842,1920.2184215641842,1920.2184215641842,False,0.0,2.33,19,1.084,0.939
ichi,BUY,2023-09-11 12:00:00,2023-09-11 13:20:00,-2.9,sl,kijun_pullback,0.01,1928.01,1925.112632022815,1925.112632022815,1925.112632022815,False,0.06,3.1,17,1.449,1.266
ichi,SELL,2023-09-12 01:30:00,2023-09-12 03:10:00,0.45,sl,kijun_pullback,0.01,1922.68,1922.23,1924.408765974309,1922.23,True,1.2,0.6,21,0.864,0.765
ichi,SELL,2023-09-12 03:30:00,2023-09-12 04:10:00,-1.58,sl,kijun_pullback,0.01,1921.63,1923.2134591768265,1923.2134591768265,1923.2134591768265,False,0.25,2.18,9,0.792,0.699
ichi,SELL,2023-09-12 05:00:00,2023-09-12 06:25:00,-2.16,sl,kijun_pullback,0.01,1921.85,1924.0142157984021,1924.0142157984021,1924.0142157984021,False,0.34,2.27,18,1.082,0.963
ichi,SELL,2023-09-12 12:00:00,2023-09-12 13:35:00,2.99,tp,tenkan_momentum,0.01,1919.75,1916.757064700913,1921.7452901993915,1921.7452901993915,False,4.52,0.53,20,0.998,0.896
ichi,SELL,2023-09-12 13:45:00,2023-09-12 14:30:00,3.38,tp,kijun_pullback,0.01,1916.1,1912.7161908305916,1918.3558727796055,1914.09,True,4.72,0.39,10,1.128,1.0
ichi,SELL,2023-09-12 19:45:00,2023-09-13 07:05:00,2.7,sl,kijun_pullback,0.01,1912.8,1910.1,1916.5063177211787,1910.1,True,4.33,1.31,125,1.853,1.618
ichi,SELL,2023-09-13 16:15:00,2023-09-13 16:30:00,-4.79,sl,kijun_pullback,0.01,1909.78,1914.574182452989,1914.574182452989,1914.574182452989,False,0.08,5.8,4,2.397,2.069
ichi,SELL,2023-09-14 02:45:00,2023-09-14 03:25:00,-1.99,sl,kijun_pullback,0.01,1908.84,1910.8272509870237,1910.8272509870237,1910.8272509870237,False,0.0,2.06,9,0.994,0.876
ichi,SELL,2023-09-14 15:30:00,2023-09-14 15:30:00,4.85,tp,kijun_pullback,0.01,1907.61,1902.7559814597853,1910.8460123601428,1910.8460123601428,False,6.04,0.4,1,1.618,1.439
ichi,BUY,2023-09-15 04:30:00,2023-09-15 04:45:00,2.17,sl,tenkan_momentum,0.01,1911.99,1914.16,1909.4703137505842,1914.16,True,3.22,0.34,4,1.26,1.097
ichi,BUY,2023-09-15 11:00:00,2023-09-15 15:10:00,1.04,sl,tenkan_momentum,0.01,1918.36,1919.4,1915.4881661330833,1919.4,True,2.19,1.63,51,1.436,1.238
ichi,BUY,2023-09-15 16:15:00,2023-09-15 16:30:00,1.86,sl,kijun_pullback,0.01,1922.41,1924.27,1918.6158523585825,1924.27,True,3.95,0.77,4,1.897,1.628
ichi,BUY,2023-09-18 04:15:00,2023-09-18 04:30:00,-2.06,sl,kijun_pullback,0.01,1926.56,1924.4967189903928,1924.4967189903928,1924.4967189903928,False,0.0,2.59,4,1.032,0.879
ichi,BUY,2023-09-19 05:15:00,2023-09-19 07:40:00,-1.62,sl,kijun_pullback,0.01,1933.37,1931.752175636093,1931.752175636093,1931.752175636093,False,0.07,1.96,30,0.809,0.695
ichi,BUY,2023-09-19 16:30:00,2023-09-19 17:10:00,-2.87,sl,kijun_pullback,0.01,1935.3,1932.4253393634867,1932.4253393634867,1932.4253393634867,False,1.09,3.38,9,1.437,1.244
ichi,BUY,2023-09-20 09:00:00,2023-09-20 09:45:00,0.05,sl,tenkan_momentum,0.01,1931.47,1931.52,1929.7792093883156,1931.52,True,0.87,1.08,10,0.845,0.741
ichi,SELL,2023-09-20 12:00:00,2023-09-20 12:50:00,-2.02,sl,tenkan_momentum,0.01,1929.16,1931.1826099135303,1931.1826099135303,1931.1826099135303,False,0.0,2.23,11,1.011,0.886
ichi,BUY,2023-09-20 15:45:00,2023-09-20 16:40:00,3.67,tp,kijun_pullback,0.01,1933.07,1936.7393178746088,1930.623788083594,1935.49,True,8.08,1.48,12,1.223,1.081
ichi,SELL,2023-09-21 18:30:00,2023-09-22 03:35:00,-5.01,sl,kijun_pullback,0.01,1917.67,1922.6781051002033,1922.6781051002033,1922.6781051002033,False,1.13,5.48,98,2.504,2.177
ichi,BUY,2023-09-22 17:45:00,2023-09-22 19:50:00,-3.27,sl,kijun_pullback,0.01,1928.37,1925.095014822534,1925.095014822534,1925.095014822534,False,0.42,3.48,26,1.637,1.456
ichi,SELL,2023-09-25 03:15:00,2023-09-25 04:45:00,0.05,sl,kijun_pullback,0.01,1924.27,1924.22,1926.0000177856396,1924.22,True,1.1,1.34,19,0.865,0.78
ichi,SELL,2023-09-25 04:50:00,2023-09-25 08:35:00,0.62,sl,kijun_pullback,0.01,1923.72,1923.1,1925.6152207570142,1923.1,True,1.48,0.84,46,0.948,0.855
ichi,BUY,2023-09-25 17:00:00,2023-09-25 17:05:00,-3.5,sl,tenkan_momentum,0.01,1925.61,1922.1114487196285,1922.1114487196285,1922.1114487196285,False,0.0,3.97,2,1.749,1.573
ichi,SELL,2023-09-26 03:00:00,2023-09-26 04:00:00,0.88,sl,kijun_pullback,0.01,1916.2,1915.32,1917.720004583938,1915.32,True,1.49,0.52,13,0.76,0.694
ichi,SELL,2023-09-26 04:30:00,2023-09-26 05:20:00,0.76,sl,kijun_pullback,0.01,1915.59,1914.83,1917.1551772892503,1914.83,True,1.39,0.4,11,0.783,0.712
ichi,SELL,2023-09-26 06:00:00,2023-09-26 08:10:00,-1.71,sl,tenkan_momentum,0.01,1913.63,1915.3438951226676,1915.3438951226676,1915.3438951226676,False,0.44,1.78,27,0.857,0.777
ichi,SELL,2023-09-26 08:30:00,2023-09-26 09:45:00,2.42,tp,kijun_pullback,0.01,1913.96,1911.536769685893,1915.5754868760714,1912.67,True,2.95,0.77,16,0.808,0.738
ichi,SELL,2023-09-26 15:00:00,2023-09-26 15:35:00,3.98,tp,tenkan_momentum,0.01,1911.58,1907.6014931973443,1914.232337868437,1911.53,True,6.1,1.59,8,1.326,1.199
ichi,SELL,2023-09-26 17:45:00,2023-09-26 18:10:00,4.01,sl,tenkan_momentum,0.01,1906.76,1902.75,1910.997948920071,1902.75,True,5.71,0.58,6,2.119,1.882
ichi,SELL,2023-09-27 04:00:00,2023-09-27 04:30:00,-1.93,sl,kijun_pullback,0.01,1900.68,1902.6116743538773,1902.6116743538773,1902.6116743538773,False,0.55,3.5,7,0.966,0.843
ichi,SELL,2023-09-27 13:45:00,2023-09-27 14:30:00,1.0,sl,tenkan_momentum,0.01,1894.8,1893.8,1897.3339530683395,1893.8,True,2.03,0.29,10,1.267,1.115
ichi,SELL,2023-09-28 13:30:00,2023-09-28 15:05:00,-2.59,sl,tenkan_momentum,0.01,1874.56,1877.149626995587,1877.149626995587,1877.149626995587,False,0.0,3.0,20,1.295,1.134
ichi,SELL,2023-09-28 16:15:00,2023-09-28 16:50:00,0.05,sl,kijun_pullback,0.01,1873.81,1873.76,1877.6986797743732,1873.76,True,2.25,3.58,8,1.944,1.723
ichi,SELL,2023-09-29 17:15:00,2023-09-29 17:45:00,0.05,sl,kijun_pullback,0.01,1862.52,1862.47,1868.7560140993887,1862.47,True,3.24,0.86,7,3.118,2.762
ichi,SELL,2023-10-02 04:30:00,2023-10-02 05:45:00,1.56,sl,tenkan_momentum,0.01,1845.92,1844.36,1848.9725964423706,1844.36,True,2.78,0.32,16,1.526,1.352
ichi,SELL,2023-10-02 10:30:00,2023-10-02 11:00:00,1.81,sl,kijun_pullback,0.01,1842.91,1841.1,1846.4721685786963,1841.1,True,3.23,0.54,7,1.781,1.567
ichi,SELL,2023-10-02 15:45:00,2023-10-02 16:40:00,1.2,sl,tenkan_momentum,0.01,1835.61,1834.41,1840.2184023260095,1834.41,True,3.04,3.09,12,2.304,2.011
ichi,SELL,2023-10-02 17:15:00,2023-10-02 18:30:00,-6.39,sl,kijun_pullback,0.01,1828.34,1834.7294851426175,1834.7294851426175,1834.7294851426175,False,0.94,6.55,16,3.195,2.774
ichi,SELL,2023-10-02 18:45:00,2023-10-03 02:10:00,9.49,tp,kijun_pullback,0.01,1833.08,1823.5880160440659,1839.4079893039561,1829.35,True,10.5,0.78,78,3.164,2.825
ichi,SELL,2023-10-03 02:15:00,2023-10-03 02:30:00,0.05,sl,kijun_pullback,0.01,1822.89,1822.84,1826.7892545804493,1822.84,True,2.25,1.11,4,1.95,1.67
ichi,SELL,2023-10-04 03:30:00,2023-10-04 05:55:00,1.1,sl,kijun_pullback,0.01,1822.72,1821.62,1826.0535416040489,1821.62,True,2.43,2.6,30,1.667,1.428
ichi,SELL,2023-10-04 09:00:00,2023-10-04 09:40:00,2.61,sl,tenkan_momentum,0.01,1821.24,1818.63,1824.3505001028138,1818.63,True,4.26,0.46,9,1.555,1.326
ichi,SELL,2023-10-04 10:30:00,2023-10-04 11:10:00,-3.59,sl,kijun_pullback,0.01,1820.16,1823.7496945058451,1823.7496945058451,1823.7496945058451,False,0.39,3.59,9,1.795,1.513
ichi,SELL,2023-10-05 15:15:00,2023-10-05 15:30:00,1.81,sl,kijun_pullback,0.01,1822.68,1820.87,1825.8936981019083,1820.87,True,3.4,0.83,4,1.607,1.375
ichi,SELL,2023-10-05 18:30:00,2023-10-06 02:00:00,-5.55,sl,tenkan_momentum,0.01,1816.15,1821.6999086747087,1821.6999086747087,1821.6999086747087,False,1.48,7.32,79,2.775,2.357
ichi,SELL,2023-10-06 15:45:00,2023-10-06 16:00:00,-4.5,sl,kijun_pullback,0.01,1812.37,1816.8730325902027,1816.8730325902027,1816.8730325902027,False,1.64,5.13,4,2.252,1.959
ichi,BUY,2023-10-09 08:00:00,2023-10-09 09:25:00,1.92,gap,kijun_pullback,0.01,1850.8,1852.72,1846.544887081687,1852.78,True,3.68,2.72,18,2.128,1.888
ichi,BUY,2023-10-09 09:30:00,2023-10-09 15:35:00,-4.36,sl,kijun_pullback,0.01,1851.34,1846.9844924906222,1846.9844924906222,1846.9844924906222,False,1.27,4.9,74,2.178,1.916
ichi,BUY,2023-10-10 06:15:00,2023-10-10 07:45:00,-2.81,sl,kijun_pullback,0.01,1863.71,1860.8975804883005,1860.8975804883005,1860.8975804883005,False,0.0,2.87,19,1.406,1.261
ichi,BUY,2023-10-11 03:45:00,2023-10-11 08:20:00,-2.23,sl,tenkan_momentum,0.01,1861.6299999999999,1859.4001531812319,1859.4001531812319,1859.4001531812319,False,0.42,2.33,56,1.115,1.013
ichi,BUY,2023-10-11 09:45:00,2023-10-11 10:05:00,0.01,gap,kijun_pullback,0.01,1863.4,1863.41,1860.8525955450737,1864.29,True,1.91,0.99,5,1.274,1.169
ichi,BUY,2023-10-11 15:45:00,2023-10-11 16:10:00,1.22,gap,kijun_pullback,0.01,1872.03,1873.25,1868.171284324624,1873.52,True,3.03,0.74,6,1.929,1.771
ichi,BUY,2023-10-11 17:30:00,2023-10-11 19:25:00,3.41,sl,kijun_pullback,0.01,1871.82,1875.23,1867.0388160229024,1875.23,True,5.38,2.35,24,2.391,2.182
ichi,BUY,2023-10-12 05:45:00,2023-10-12 08:35:00,2.4,sl,kijun_pullback,0.01,1876.6,1879.0,1873.9277091532078,1879.0,True,3.47,0.65,35,1.336,1.201
ichi,BUY,2023-10-12 11:15:00,2023-10-12 13:00:00,0.05,sl,kijun_pullback,0.01,1880.59,1880.64,1877.6422787156714,1880.64,True,1.52,1.0,22,1.474,1.31
ichi,BUY,2023-10-12 15:30:00,2023-10-12 15:30:00,-4.26,sl,tenkan_momentum,0.01,1884.81,1880.553838215978,1880.553838215978,1880.553838215978,False,0.0,5.55,1,2.128,1.892
ichi,BUY,2023-10-16 15:30:00,2023-10-16 15:45:00,-5.38,sl,kijun_pullback,0.01,1922.72,1917.3415898296107,1917.3415898296107,1917.3415898296107,False,0.43,5.84,4,2.689,2.436
ichi,BUY,2023-10-16 17:15:00,2023-10-16 20:45:00,0.05,sl,kijun_pullback,0.01,1919.17,1919.22,1913.4059458705628,1919.22,True,3.63,2.73,43,2.882,2.676
ichi,BUY,2023-10-17 01:45:00,2023-10-17 03:20:00,-2.71,sl,kijun_pullback,0.01,1920.85,1918.1392149230153,1918.1392149230153,1918.1392149230153,False,0.93,2.94,20,1.355,1.258
ichi,BUY,2023-10-17 15:45:00,2023-10-17 15:55:00,1.64,sl,kijun_pullback,0.01,1924.22,1925.86,1919.1742408031769,1925.86,True,3.66,1.39,3,2.523,2.372
ichi,BUY,2023-10-17 18:45:00,2023-10-17 20:55:00,-6.28,sl,kijun_pullback,0.01,1926.09,1919.81146326636,1919.81146326636,1919.81146326636,False,0.82,6.4,27,3.139,2.929
ichi,BUY,2023-10-18 06:30:00,2023-10-18 08:45:00,1.18,sl,tenkan_momentum,0.01,1936.65,1937.83,1931.9642881893813,1937.83,True,3.05,0.47,28,2.343,2.252
ichi,BUY,2023-10-18 10:45:00,2023-10-18 12:35:00,6.25,tp,kijun_pullback,0.01,1938.34,1944.5938497887125,1934.1707668075248,1942.83,True,6.91,1.06,23,2.085,1.992
ichi,BUY,2023-10-18 12:45:00,2023-10-18 15:05:00,2.17,sl,kijun_pullback,0.01,1945.37,1947.54,1940.9670467693622,1947.54,True,3.93,2.78,29,2.201,2.043
ichi,BUY,2023-10-19 02:15:00,2023-10-19 03:35:00,0.05,sl,kijun_pullback,0.01,1951.33,1951.38,1947.4031352127768,1951.38,True,2.0,1.51,17,1.963,1.804
ichi,BUY,2023-10-19 11:15:00,2023-10-19 11:35:00,-4.68,sl,kijun_pullback,0.01,1953.6299999999999,1948.949489159486,1948.949489159486,1948.949489159486,False,0.0,5.2,5,2.34,2.15
ichi,BUY,2023-10-19 13:45:00,2023-10-19 15:10:00,1.04,sl,kijun_pullback,0.01,1951.2,1952.24,1947.3049920844144,1952.24,True,2.6,1.57,18,1.948,1.828
ichi,BUY,2023-10-19 15:30:00,2023-10-19 15:40:00,2.0,sl,kijun_pullback,0.01,1953.25,1955.25,1948.5467187730876,1955.25,True,3.88,1.88,3,2.352,2.197
ichi,BUY,2023-10-19 17:00:00,2023-10-19 18:45:00,2.8,sl,kijun_pullback,0.01,1954.7,1957.5,1948.9575209155528,1957.5,True,5.28,4.92,22,2.871,2.657
ichi,BUY,2023-10-20 05:00:00,2023-10-20 06:05:00,0.05,sl,kijun_pullback,0.01,1978.11,1978.16,1971.9788726025424,1978.16,True,3.86,1.6,14,3.066,2.801
ichi,BUY,2023-10-20 10:00:00,2023-10-20 10:50:00,0.05,sl,tenkan_momentum,0.01,1979.6299999999999,1979.68,1975.050043409026,1979.68,True,2.52,1.47,11,2.29,2.092
ichi,BUY,2023-10-20 17:00:00,2023-10-20 17:10:00,0.05,sl,kijun_pullback,0.01,1987.45,1987.5,1980.9457604658307,1987.5,True,3.83,0.27,3,3.252,2.97
ichi,BUY,2023-10-23 14:45:00,2023-10-23 15:35:00,0.05,sl,tenkan_momentum,0.01,1979.28,1979.33,1974.7798836598129,1979.33,True,2.71,3.27,11,2.25,2.054
ichi,BUY,2023-10-24 04:15:00,2023-10-24 05:35:00,1.03,sl,tenkan_momentum,0.01,1978.12,1979.15,1974.275543064309,1979.15,True,2.75,2.4,17,1.922,1.755
ichi,BUY,2023-10-24 09:30:00,2023-10-24 10:15:00,0.05,sl,kijun_pullback,0.01,1977.47,1977.52,1974.0921743876372,1977.52,True,1.76,1.48,10,1.689,1.535
ichi,SELL,2023-10-24 17:15:00,2023-10-24 19:00:00,-6.4,sl,kijun_pullback,0.01,1963.99,1970.393459553788,1970.393459553788,1970.393459553788,False,2.43,6.53,22,3.202,2.908
ichi,BUY,2023-10-25 04:45:00,2023-10-25 05:50:00,-3.45,sl,tenkan_momentum,0.01,1975.49,1972.0425906925727,1972.0425906925727,1972.0425906925727,False,1.48,4.29,14,1.724,1.613
ichi,BUY,2023-10-25 07:45:00,2023-10-25 09:30:00,0.05,sl,kijun_pullback,0.01,1973.9,1973.95,1970.5237299744292,1973.95,True,2.08,3.16,22,1.688,1.605
ichi,SELL,2023-10-25 12:00:00,2023-10-25 14:35:00,-4.09,sl,kijun_pullback,0.01,1971.42,1975.5113606000593,1975.5113606000593,1975.5113606000593,False,1.69,4.37,32,2.046,1.945
ichi,BUY,2023-10-25 15:45:00,2023-10-25 16:15:00,2.31,sl,kijun_pullback,0.01,1974.5,1976.81,1970.0023865099279,1976.81,True,4.11,1.05,7,2.249,2.18
ichi,BUY,2023-10-26 02:15:00,2023-10-26 03:50:00,0.05,sl,kijun_pullback,0.01,1982.37,1982.42,1977.8365991274566,1982.42,True,2.39,0.89,20,2.267,2.173
ichi,BUY,2023-10-26 05:00:00,2023-10-26 08:25:00,2.78,sl,tenkan_momentum,0.01,1985.19,1987.97,1981.0538304057113,1987.97,True,4.43,1.72,42,2.068,1.982
ichi,BUY,2023-10-26 08:45:00,2023-10-26 11:10:00,2.37,sl,kijun_pullback,0.01,1987.17,1989.54,1983.7956799219603,1989.54,True,3.72,3.22,30,1.687,1.596
ichi,BUY,2023-10-26 12:30:00,2023-10-26 13:35:00,-3.98,sl,tenkan_momentum,0.01,1991.9,1987.9183420507688,1987.9183420507688,1987.9183420507688,False,0.27,5.07,14,1.991,1.862
ichi,BUY,2023-10-27 05:00:00,2023-10-27 05:35:00,1.67,sl,tenkan_momentum,0.01,1985.84,1987.51,1982.436781487121,1987.51,True,3.03,0.28,8,1.702,1.622
ichi,BUY,2023-10-27 09:00:00,2023-10-27 10:00:00,-3.17,sl,tenkan_momentum,0.01,1989.23,1986.0584586848001,1986.0584586848001,1986.0584586848001,False,0.51,3.38,13,1.586,1.5
ichi,BUY,2023-10-27 10:30:00,2023-10-27 13:05:00,-3.62,sl,kijun_pullback,0.01,1988.58,1984.9579928797632,1984.9579928797632,1984.9579928797632,False,0.02,3.78,32,1.811,1.739
ichi,SELL,2023-10-27 16:00:00,2023-10-27 16:15:00,0.05,sl,kijun_pullback,0.01,1980.42,1980.37,1986.1845941416145,1980.37,True,3.38,3.25,4,2.882,2.816
ichi,SELL,2023-10-27 19:15:00,2023-10-27 20:15:00,-5.89,sl,kijun_pullback,0.01,1981.06,1986.9504633851982,1986.9504633851982,1986.9504633851982,False,1.16,6.39,13,2.945,2.877
ichi,BUY,2023-10-30 03:30:00,2023-10-30 08:15:00,-5.22,sl,kijun_pullback,0.01,2003.71,1998.4864652172466,1998.4864652172466,1998.4864652172466,False,1.25,5.41,58,2.612,2.627
ichi,BUY,2023-10-30 16:15:00,2023-10-30 16:35:00,-5.72,sl,tenkan_momentum,0.01,2000.8,1995.0755819989472,1995.0755819989472,1995.0755819989472,False,1.68,7.45,5,2.862,2.957
ichi,BUY,2023-10-30 19:45:00,2023-10-31 01:30:00,-5.34,sl,tenkan_momentum,0.01,1999.43,1994.0871038638065,1994.0871038638065,1994.0871038638065,False,0.46,5.45,58,2.671,2.844
ichi,BUY,2023-10-31 10:30:00,2023-10-31 11:00:00,0.05,sl,kijun_pullback,0.01,1996.26,1996.31,1992.8880807982478,1996.31,True,1.99,0.73,7,1.686,1.847
ichi,SELL,2023-11-01 09:30:00,2023-11-01 10:45:00,-3.56,sl,kijun_pullback,0.01,1977.31,1980.8744455925794,1980.8744455925794,1980.8744455925794,False,0.56,4.91,16,1.782,1.952
ichi,BUY,2023-11-02 07:30:00,2023-11-02 10:55:00,0.05,sl,kijun_pullback,0.01,1986.6,1986.65,1983.568631051604,1986.65,True,1.87,2.95,42,1.516,1.693
ichi,BUY,2023-11-02 12:15:00,2023-11-02 13:20:00,1.75,sl,kijun_pullback,0.01,1987.42,1989.17,1984.2469694983022,1989.17,True,3.02,1.63,14,1.587,1.772
ichi,BUY,2023-11-02 15:00:00,2023-11-02 15:15:00,-3.83,sl,tenkan_momentum,0.01,1990.61,1986.7817105604438,1986.7817105604438,1986.7817105604438,False,0.47,4.15,4,1.914,2.117
ichi,SELL,2023-11-02 18:00:00,2023-11-02 19:25:00,-5.28,sl,tenkan_momentum,0.01,1981.15,1986.4321619209022,1986.4321619209022,1986.4321619209022,False,2.03,5.29,18,2.641,2.984
ichi,BUY,2023-11-03 08:30:00,2023-11-03 09:00:00,0.05,sl,tenkan_momentum,0.01,1987.37,1987.42,1985.367493764965,1987.42,True,1.01,0.69,7,1.001,1.166
ichi,BUY,2023-11-03 10:00:00,2023-11-03 10:30:00,0.05,sl,kijun_pullback,0.01,1986.82,1986.87,1983.8544564050399,1986.87,True,1.72,0.64,7,1.483,1.726
ichi,BUY,2023-11-03 14:30:00,2023-11-03 14:30:00,7.71,tp,kijun_pullback,0.01,1989.36,1997.0715936063166,1984.218937595789,1984.218937595789,False,12.98,0.5,1,2.571,2.992
ichi,SELL,2023-11-06 10:45:00,2023-11-06 14:35:00,0.05,sl,kijun_pullback,0.01,1985.91,1985.86,1989.5295429484245,1985.86,True,2.01,2.71,47,1.81,2.016
ichi,SELL,2023-11-07 08:30:00,2023-11-07 09:10:00,1.38,sl,tenkan_momentum,0.01,1971.91,1970.53,1974.3832443422286,1970.53,True,2.65,0.57,9,1.237,1.377
ichi,SELL,2023-11-07 11:30:00,2023-11-07 12:10:00,0.05,sl,kijun_pullback,0.01,1967.72,1967.67,1971.098900556042,1967.67,True,1.91,0.89,9,1.689,1.867
ichi,SELL,2023-11-08 11:15:00,2023-11-08 12:20:00,4.17,tp,kijun_pullback,0.01,1966.99,1962.8185111250523,1969.7709925832985,1963.95,True,4.93,1.18,14,1.39,1.536
ichi,SELL,2023-11-08 13:15:00,2023-11-08 16:35:00,0.19,gap,kijun_pullback,0.01,1963.68,1963.49,1967.0003608419427,1962.39,True,2.62,3.29,41,1.66,1.793
ichi,SELL,2023-11-08 16:45:00,2023-11-08 17:25:00,6.27,tp,tenkan_momentum,0.01,1962.04,1955.765709463662,1966.2228603575586,1957.52,True,6.41,0.64,9,2.091,2.256
ichi,SELL,2023-11-08 18:45:00,2023-11-08 22:50:00,5.61,sl,tenkan_momentum,0.01,1955.66,1950.05,1961.2586145713726,1950.05,True,7.96,1.31,50,2.799,2.921
ichi,SELL,2023-11-09 12:00:00,2023-11-09 15:35:00,0.05,sl,kijun_pullback,0.01,1946.87,1946.82,1950.0318819282572,1946.82,True,1.77,2.69,44,1.581,1.603
ichi,SELL,2023-11-10 08:30:00,2023-11-10 09:25:00,2.44,sl,kijun_pullback,0.01,1957.51,1955.07,1960.1567482967207,1955.07,True,3.5,0.99,12,1.323,1.341
ichi,SELL,2023-11-10 10:00:00,2023-11-10 11:45:00,0.05,sl,tenkan_momentum,0.01,1955.4,1955.35,1958.4341592761289,1955.35,True,1.59,2.1,22,1.517,1.519
ichi,SELL,2023-11-10 13:15:00,2023-11-10 13:40:00,2.99,sl,tenkan_momentum,0.01,1952.08,1949.09,1955.6375665764058,1949.09,True,4.41,0.53,6,1.779,1.781
ichi,SELL,2023-11-13 15:00:00,2023-11-13 15:10:00,0.02,gap,tenkan_momentum,0.01,1936.24,1936.22,1939.4713065606159,1936.19,True,1.98,0.54,3,1.616,1.593
ichi,SELL,2023-11-13 17:30:00,2023-11-13 18:00:00,-3.99,sl,kijun_pullback,0.01,1935.39,1939.380615422457,1939.380615422457,1939.380615422457,False,0.58,4.46,7,1.995,1.968
ichi,BUY,2023-11-14 02:00:00,2023-11-14 03:20:00,0.76,sl,kijun_pullback,0.01,1946.69,1947.45,1944.3419827413054,1947.45,True,1.7,0.87,17,1.174,1.181
ichi,BUY,2023-11-14 11:30:00,2023-11-14 14:45:00,-2.51,sl,kijun_pullback,0.01,1947.3,1944.7856332648041,1944.7856332648041,1944.7856332648041,False,0.85,2.54,40,1.257,1.26
ichi,BUY,2023-11-15 12:00:00,2023-11-15 12:25:00,1.35,sl,tenkan_momentum,0.01,1971.75,1973.1,1968.7258880604118,1973.1,True,2.56,0.5,6,1.512,1.535
ichi,BUY,2023-11-15 14:30:00,2023-11-15 15:30:00,-3.13,sl,kijun_pullback,0.01,1971.79,1968.663831783144,1968.663831783144,1968.663831783144,False,3.55,4.44,13,1.563,1.576
ichi,BUY,2023-11-16 13:15:00,2023-11-16 14:05:00,-2.59,sl,kijun_pullback,0.01,1966.24,1963.6500758440957,1963.6500758440957,1963.6500758440957,False,0.15,2.62,11,1.295,1.326
ichi,BUY,2023-11-16 15:45:00,2023-11-16 16:20:00,1.52,gap,kijun_pullback,0.01,1970.79,1972.31,1967.0160837579378,1973.28,True,4.0,0.35,8,1.887,1.958
ichi,BUY,2023-11-17 03:00:00,2023-11-17 06:15:00,0.76,sl,kijun_pullback,0.01,1985.08,1985.84,1982.1582822743314,1985.84,True,1.93,2.41,40,1.461,1.504
ichi,BUY,2023-11-17 09:45:00,2023-11-17 10:00:00,0.81,sl,kijun_pullback,0.01,1985.66,1986.47,1982.8514901702142,1986.47,True,1.96,0.69,4,1.404,1.44
ichi,BUY,2023-11-17 13:30:00,2023-11-17 13:40:00,-3.85,sl,tenkan_momentum,0.01,1991.21,1987.3554674919947,1987.3554674919947,1987.3554674919947,False,0.0,3.88,3,1.927,1.969
ichi,BUY,2023-11-17 15:15:00,2023-11-17 15:40:00,-4.37,sl,tenkan_momentum,0.01,1991.61,1987.2405318460371,1987.2405318460371,1987.2405318460371,False,0.0,7.17,6,2.185,2.276
ichi,BUY,2023-11-20 05:30:00,2023-11-20 09:30:00,-3.98,sl,tenkan_momentum,0.01,1982.77,1978.7875162070163,1978.7875162070163,1978.7875162070163,False,0.64,4.23,49,1.991,2.123
ichi,BUY,2023-11-21 10:00:00,2023-11-21 10:45:00,-3.5,sl,kijun_pullback,0.01,1992.59,1989.0857522178062,1989.0857522178062,1989.0857522178062,False,1.71,5.04,10,1.752,1.909
ichi,BUY,2023-11-22 08:15:00,2023-11-22 09:30:00,2.13,sl,tenkan_momentum,0.01,2000.07,2002.2,1997.0970174796582,2002.2,True,3.32,1.45,16,1.486,1.651
ichi,BUY,2023-11-22 11:45:00,2023-11-22 15:30:00,-4.01,sl,kijun_pullback,0.01,2003.27,1999.2591539259722,1999.2591539259722,1999.2591539259722,False,0.31,4.94,46,2.005,2.201
ichi,BUY,2023-11-23 09:30:00,2023-11-23 10:20:00,-3.1,sl,kijun_pullback,0.01,1997.51,1994.4148073609965,1994.4148073609965,1994.4148073609965,False,1.01,3.49,11,1.548,1.737
ichi,SELL,2023-11-23 19:30:00,2023-11-24 01:10:00,-2.54,sl,kijun_pullback,0.01,1991.59,1994.1271728662755,1994.1271728662755,1994.1271728662755,False,0.0,2.71,27,1.269,1.449
ichi,BUY,2023-11-24 10:45:00,2023-11-24 12:25:00,1.21,gap,tenkan_momentum,0.01,1994.0,1995.21,1991.4749781727505,1995.28,True,2.29,1.0,21,1.263,1.463
ichi,BUY,2023-11-24 13:30:00,2023-11-24 14:20:00,0.05,sl,tenkan_momentum,0.01,1995.6,1995.65,1993.1213505072794,1995.65,True,1.49,0.83,11,1.239,1.426
ichi,BUY,2023-11-24 15:30:00,2023-11-24 15:45:00,2.32,sl,kijun_pullback,0.01,1998.2,2000.52,1994.713793835802,2000.52,True,3.74,1.9,4,1.743,2.006
ichi,BUY,2023-11-24 17:45:00,2023-11-24 19:40:00,1.14,sl,kijun_pullback,0.01,1999.53,2000.67,1995.3140236296476,2000.67,True,2.83,2.42,24,2.108,2.393
ichi,BUY,2023-11-27 05:45:00,2023-11-27 11:55:00,2.27,sl,kijun_pullback,0.01,2011.1,2013.37,2005.821533484973,2013.37,True,4.38,2.68,75,2.639,2.977
ichi,BUY,2023-11-27 12:30:00,2023-11-27 15:35:00,1.04,sl,kijun_pullback,0.01,2013.82,2014.86,2010.0078428326417,2014.86,True,2.56,2.31,38,1.906,2.123
ichi,BUY,2023-11-27 15:40:00,2023-11-27 17:05:00,-4.19,sl,kijun_pullback,0.01,2013.77,2009.5809688000545,2009.5809688000545,2009.5809688000545,False,1.17,5.02,18,2.095,2.32
ichi,BUY,2023-11-28 03:45:00,2023-11-28 09:45:00,-3.45,sl,kijun_pullback,0.01,2016.91,2013.456249528356,2013.456249528356,2013.456249528356,False,0.74,4.23,73,1.727,1.958
ichi,BUY,2023-11-28 15:45:00,2023-11-28 16:05:00,0.78,gap,kijun_pullback,0.01,2020.26,2021.04,2016.2179108743967,2021.58,True,2.94,2.23,5,2.021,2.337
ichi,BUY,2023-11-29 02:30:00,2023-11-29 02:50:00,3.35,sl,tenkan_momentum,0.01,2044.6,2047.95,2040.9539608654504,2047.95,True,4.81,0.73,5,1.823,2.099
ichi,BUY,2023-11-29 07:15:00,2023-11-29 08:05:00,-3.75,sl,kijun_pullback,0.01,2047.53,2043.7789826764808,2043.7789826764808,2043.7789826764808,False,0.0,4.43,11,1.876,2.118
ichi,BUY,2023-11-29 16:45:00,2023-11-29 17:05:00,1.66,sl,kijun_pullback,0.01,2043.3,2044.96,2038.4892108710928,2044.96,True,3.58,1.42,5,2.405,2.775
ichi,BUY,2023-11-29 19:30:00,2023-11-29 21:20:00,2.76,sl,kijun_pullback,0.01,2044.72,2047.48,2039.7114495073356,2047.48,True,4.81,0.51,23,2.504,2.862
ichi,BUY,2023-11-30 01:15:00,2023-11-30 05:05:00,0.05,sl,kijun_pullback,0.01,2045.43,2045.48,2042.397128316622,2045.48,True,1.82,2.86,47,1.516,1.706
ichi,BUY,2023-12-01 06:45:00,2023-12-01 08:25:00,1.01,sl,kijun_pullback,0.01,2040.76,2041.77,2037.9892459964094,2041.77,True,2.12,1.11,21,1.385,1.558
ichi,BUY,2023-12-01 10:45:00,2023-12-01 11:05:00,3.38,sl,tenkan_momentum,0.01,2042.06,2045.44,2038.7185862981826,2045.44,True,4.72,0.33,5,1.671,1.869
ichi,SELL,2023-12-05 07:00:00,2023-12-05 10:15:00,-5.15,sl,tenkan_momentum,0.01,2032.25,2037.4033459983757,2037.4033459983757,2037.4033459983757,False,1.07,5.95,40,2.577,2.828
ichi,SELL,2023-12-07 04:00:00,2023-12-07 04:35:00,-3.81,sl,tenkan_momentum,0.01,2026.13,2029.9375728771765,2029.9375728771765,2029.9375728771765,False,0.0,4.11,8,1.904,2.151
ichi,SELL,2023-12-07 06:00:00,2023-12-07 09:00:00,-3.47,sl,kijun_pullback,0.01,2026.74,2030.2064806257915,2030.2064806257915,2030.2064806257915,False,1.25,4.04,37,1.733,2.001
ichi,BUY,2023-12-07 10:15:00,2023-12-07 10:50:00,2.06,sl,tenkan_momentum,0.01,2031.16,2033.22,2027.524860060377,2033.22,True,3.7,0.76,8,1.818,2.141
ichi,BUY,2023-12-07 13:45:00,2023-12-07 15:40:00,1.64,gap,tenkan_momentum,0.01,2032.9,2034.54,2029.1181609133018,2034.97,True,6.71,2.99,24,1.891,2.201
ichi,BUY,2023-12-08 03:45:00,2023-12-08 05:30:00,1.04,sl,kijun_pullback,0.01,2031.32,2032.36,2027.2674002710191,2032.36,True,2.66,1.18,22,2.026,2.336
ichi,SELL,2023-12-08 11:15:00,2023-12-08 12:05:00,-3.71,sl,tenkan_momentum,0.01,2027.05,2030.7600268231372,2030.7600268231372,2030.7600268231372,False,0.0,5.59,11,1.855,2.126
ichi,SELL,2023-12-11 09:45:00,2023-12-11 10:00:00,4.67,sl,kijun_pullback,0.01,1998.01,1993.34,2002.324938843139,1993.34,True,6.4,0.45,4,2.157,2.526
ichi,SELL,2023-12-11 11:15:00,2023-12-11 15:55:00,1.45,sl,kijun_pullback,0.01,1993.75,1992.3,1998.5098966632888,1992.3,True,3.35,3.22,57,2.38,2.713
ichi,SELL,2023-12-13 04:15:00,2023-12-13 08:20:00,4.05,tp,tenkan_momentum,0.01,1978.35,1974.302956806202,1981.048028795865,1977.27,True,4.34,2.03,50,1.349,1.525
ichi,BUY,2023-12-14 07:45:00,2023-12-14 08:25:00,1.81,sl,kijun_pullback,0.01,2033.35,2035.16,2027.9634988777761,2035.16,True,3.96,0.48,9,2.693,2.977
ichi,BUY,2023-12-15 11:00:00,2023-12-15 11:15:00,2.23,sl,kijun_pullback,0.01,2040.34,2042.57,2036.365836831823,2042.57,True,3.82,0.29,4,1.987,2.174
ichi,SELL,2023-12-18 04:00:00,2023-12-18 05:20:00,-5.15,sl,kijun_pullback,0.01,2019.27,2024.4193075740448,2024.4193075740448,2024.4193075740448,False,0.05,5.18,17,2.575,2.783
ichi,SELL,2023-12-18 18:00:00,2023-12-18 19:45:00,-4.85,sl,kijun_pullback,0.01,2022.25,2027.1040761120887,2027.1040761120887,2027.1040761120887,False,0.91,8.39,22,2.427,2.699
ichi,SELL,2023-12-19 05:30:00,2023-12-19 06:35:00,0.05,sl,tenkan_momentum,0.01,2023.88,2023.83,2027.2156129935383,2023.83,True,2.0,0.91,14,1.668,1.906
ichi,SELL,2023-12-19 09:15:00,2023-12-19 10:30:00,-3.44,sl,kijun_pullback,0.01,2024.49,2027.9273394593276,2027.9273394593276,2027.9273394593276,False,0.52,4.13,16,1.719,1.964
ichi,BUY,2023-12-19 13:15:00,2023-12-19 14:25:00,1.44,sl,kijun_pullback,0.01,2026.82,2028.26,2023.65132991526,2028.26,True,2.82,0.78,15,1.584,1.846
ichi,BUY,2023-12-19 14:45:00,2023-12-19 15:20:00,2.63,sl,kijun_pullback,0.01,2028.56,2031.19,2024.8387055400156,2031.19,True,4.12,1.61,8,1.861,2.15
ichi,BUY,2023-12-19 16:15:00,2023-12-19 16:40:00,2.75,sl,tenkan_momentum,0.01,2031.6299999999999,2034.38,2027.6388127753019,2034.38,True,5.93,1.97,6,1.996,2.272
ichi,BUY,2023-12-20 11:15:00,2023-12-20 11:40:00,-3.01,sl,kijun_pullback,0.01,2042.79,2039.7832362946917,2039.7832362946917,2039.7832362946917,False,0.0,3.04,6,1.503,1.685
ichi,BUY,2023-12-21 08:00:00,2023-12-21 12:40:00,-3.04,sl,kijun_pullback,0.01,2036.3799999999999,2033.3360414445335,2033.3360414445335,2033.3360414445335,False,0.99,3.45,57,1.522,1.735
ichi,SELL,2023-12-21 14:00:00,2023-12-21 14:30:00,-2.92,sl,kijun_pullback,0.01,2034.06,2036.9803395710599,2036.9803395710599,2036.9803395710599,False,0.62,3.61,7,1.46,1.694
ichi,BUY,2023-12-22 05:00:00,2023-12-22 12:25:00,6.84,tp,kijun_pullback,0.01,2050.4100000000003,2057.2475662820016,2045.8516224786663,2054.0,True,6.88,3.47,90,2.279,2.69
ichi,BUY,2023-12-26 10:30:00,2023-12-26 11:00:00,-3.01,sl,kijun_pullback,0.01,2064.1400000000003,2061.134413725801,2061.134413725801,2061.134413725801,False,0.0,3.53,7,1.503,1.705
ichi,BUY,2023-12-27 05:30:00,2023-12-27 10:30:00,0.05,sl,kijun_pullback,0.01,2066.53,2066.58,2063.4874479967634,2066.58,True,1.9,2.58,61,1.521,1.756
ichi,BUY,2023-12-27 15:00:00,2023-12-27 16:35:00,1.44,sl,kijun_pullback,0.01,2067.82,2069.26,2063.9179679389135,2069.26,True,4.06,1.86,20,1.951,2.251
ichi,BUY,2023-12-27 16:45:00,2023-12-27 17:15:00,2.72,sl,kijun_pullback,0.01,2068.9500000000003,2071.67,2064.394830024248,2071.67,True,5.85,0.26,7,2.278,2.606
ichi,BUY,2023-12-28 08:45:00,2023-12-28 10:10:00,-3.38,sl,kijun_pullback,0.01,2086.21,2082.831115942054,2082.831115942054,2082.831115942054,False,1.43,4.59,18,1.689,1.904
ichi,SELL,2023-12-29 04:15:00,2023-12-29 07:55:00,-3.78,sl,kijun_pullback,0.01,2068.57,2072.3453095314308,2072.3453095314308,2072.3453095314308,False,0.72,4.07,45,1.888,2.168
ichi,BUY,2023-12-29 10:15:00,2023-12-29 10:45:00,-3.34,sl,kijun_pullback,0.01,2073.5200000000004,2070.179198490871,2070.179198490871,2070.179198490871,False,0.0,3.36,7,1.67,1.961
ichi,SELL,2023-12-29 15:45:00,2023-12-29 16:00:00,4.27,sl,tenkan_momentum,0.01,2064.55,2060.28,2069.4269047375383,2060.28,True,6.22,0.61,4,2.438,2.92
ichi,BUY,2024-01-02 11:15:00,2024-01-02 11:55:00,2.44,sl,tenkan_momentum,0.01,2074.8900000000003,2077.33,2070.743139239831,2077.33,True,4.1,0.98,9,2.073,2.421
ichi,BUY,2024-01-02 12:45:00,2024-01-02 13:30:00,-4.42,sl,kijun_pullback,0.01,2075.98,2071.5563196910234,2071.5563196910234,2071.5563196910234,False,0.68,5.52,10,2.212,2.546
ichi,SELL,2024-01-03 02:45:00,2024-01-03 04:05:00,-3.46,sl,kijun_pullback,0.01,2060.31,2063.7726085088543,2063.7726085088543,2063.7726085088543,False,0.59,3.51,17,1.731,2.045
ichi,SELL,2024-01-03 10:30:00,2024-01-03 11:35:00,1.6,sl,kijun_pullback,0.01,2060.72,2059.12,2064.544799399774,2059.12,True,3.13,1.35,14,1.912,2.306
ichi,SELL,2024-01-04 15:30:00,2024-01-04 15:45:00,3.54,sl,kijun_pullback,0.01,2044.48,2040.94,2049.482404621368,2040.94,True,5.54,0.52,4,2.501,2.988
ichi,SELL,2024-01-05 01:30:00,2024-01-05 03:10:00,-3.11,sl,kijun_pullback,0.01,2042.96,2046.0718988342821,2046.0718988342821,2046.0718988342821,False,0.0,4.81,21,1.556,1.82
ichi,SELL,2024-01-05 08:30:00,2024-01-05 08:45:00,0.05,sl,tenkan_momentum,0.01,2042.56,2042.51,2045.5215471282977,2042.51,True,1.56,0.35,4,1.481,1.764
ichi,SELL,2024-01-05 10:00:00,2024-01-05 12:05:00,5.38,tp,kijun_pullback,0.01,2043.24,2037.8595429825705,2046.8269713449529,2039.66,True,5.74,1.53,26,1.793,2.136
ichi,SELL,2024-01-08 05:45:00,2024-01-08 07:30:00,6.81,tp,tenkan_momentum,0.01,2037.38,2030.5704167525785,2041.9197221649479,2037.33,True,6.93,1.11,22,2.27,2.62
ichi,SELL,2024-01-10 03:15:00,2024-01-10 03:40:00,-3.28,sl,kijun_pullback,0.01,2028.09,2031.3675524211678,2031.3675524211678,2031.3675524211678,False,0.71,3.56,6,1.639,1.82
ichi,SELL,2024-01-10 07:45:00,2024-01-10 08:15:00,2.09,sl,tenkan_momentum,0.01,2028.0,2025.91,2031.5625058494227,2025.91,True,3.52,0.44,7,1.781,2.015
ichi,SELL,2024-01-10 15:45:00,2024-01-10 16:50:00,2.29,sl,tenkan_momentum,0.01,2030.77,2028.48,2035.162950941903,2028.48,True,4.05,2.99,14,2.196,2.455
ichi,SELL,2024-01-10 18:00:00,2024-01-10 18:55:00,0.05,sl,tenkan_momentum,0.01,2027.83,2027.78,2033.2630543752011,2027.78,True,2.93,1.03,12,2.717,2.998
ichi,BUY,2024-01-11 10:15:00,2024-01-11 14:10:00,0.05,sl,kijun_pullback,0.01,2033.07,2033.12,2029.5698635842919,2033.12,True,2.02,3.01,48,1.75,1.931
ichi,BUY,2024-01-11 15:15:00,2024-01-11 15:25:00,3.95,sl,tenkan_momentum,0.01,2034.11,2038.06,2029.9892360713168,2038.06,True,5.6,0.68,3,2.06,2.273
ichi,BUY,2024-01-12 08:00:00,2024-01-12 09:35:00,1.79,gap,tenkan_momentum,0.01,2036.24,2038.03,2032.6759613215427,2038.04,True,3.23,2.2,20,1.782,1.924
ichi,BUY,2024-01-12 10:00:00,2024-01-12 10:40:00,0.05,sl,kijun_pullback,0.01,2037.8,2037.85,2033.7009321980295,2037.85,True,2.09,0.38,9,2.05,2.191
ichi,BUY,2024-01-15 04:30:00,2024-01-15 06:00:00,1.37,sl,kijun_pullback,0.01,2054.8700000000003,2056.24,2050.8000677042637,2056.24,True,3.22,1.01,19,2.035,2.175
ichi,BUY,2024-01-15 10:15:00,2024-01-15 11:50:00,-3.7,sl,kijun_pullback,0.01,2056.9500000000003,2053.2512849688983,2053.2512849688983,2053.2512849688983,False,1.71,4.13,20,1.849,1.963
ichi,BUY,2024-01-16 01:45:00,2024-01-16 02:25:00,-2.74,sl,tenkan_momentum,0.01,2055.23,2052.485462666454,2052.485462666454,2052.485462666454,False,0.0,3.13,9,1.372,1.485
ichi,SELL,2024-01-17 10:45:00,2024-01-17 11:30:00,1.28,sl,kijun_pullback,0.01,2022.33,2021.05,2027.041912076156,2021.05,True,3.16,0.61,10,2.356,2.589
ichi,SELL,2024-01-18 15:45:00,2024-01-18 17:00:00,-5.1,sl,kijun_pullback,0.01,2009.27,2014.3694408769566,2014.3694408769566,2014.3694408769566,False,0.68,5.76,16,2.55,2.782
ichi,BUY,2024-01-19 10:45:00,2024-01-19 11:10:00,1.84,sl,tenkan_momentum,0.01,2027.71,2029.55,2024.2178405217726,2029.55,True,3.24,0.32,6,1.746,1.96
ichi,SELL,2024-01-22 10:45:00,2024-01-22 14:05:00,-4.91,sl,kijun_pullback,0.01,2022.62,2027.5256525070752,2027.5256525070752,2027.5256525070752,False,2.02,5.06,41,2.453,2.725
ichi,SELL,2024-01-23 01:30:00,2024-01-23 04:35:00,-2.99,sl,kijun_pullback,0.01,2021.19,2024.182005156731,2024.182005156731,2024.182005156731,False,1.42,3.12,38,1.496,1.708
ichi,BUY,2024-01-24 03:30:00,2024-01-24 04:15:00,-3.22,sl,kijun_pullback,0.01,2028.21,2024.9907491517756,2024.9907491517756,2024.9907491517756,False,0.68,3.34,10,1.61,1.87
ichi,BUY,2024-01-24 09:45:00,2024-01-24 11:45:00,0.76,gap,kijun_pullback,0.01,2031.58,2032.34,2027.6860021830278,2032.65,True,2.63,3.52,25,1.947,2.305
ichi,BUY,2024-01-24 15:15:00,2024-01-24 15:35:00,0.05,sl,tenkan_momentum,0.01,2034.29,2034.34,2029.7635330406972,2034.34,True,2.49,2.98,5,2.263,2.668
ichi,SELL,2024-01-25 08:30:00,2024-01-25 09:15:00,0.05,sl,kijun_pullback,0.01,2015.35,2015.3,2018.0123989516349,2015.3,True,1.65,1.86,10,1.331,1.569
ichi,SELL,2024-01-25 10:45:00,2024-01-25 11:25:00,0.05,sl,kijun_pullback,0.01,2014.63,2014.58,2017.9221726481596,2014.58,True,1.74,0.55,9,1.646,1.939
ichi,BUY,2024-01-26 14:00:00,2024-01-26 14:35:00,-3.25,sl,tenkan_momentum,0.01,2023.53,2020.2827845240158,2020.2827845240158,2020.2827845240158,False,0.97,3.51,8,1.624,1.912
ichi,BUY,2024-01-26 16:00:00,2024-01-26 16:30:00,-4.96,sl,kijun_pullback,0.01,2024.81,2019.8454061001337,2019.8454061001337,2019.8454061001337,False,1.37,5.59,7,2.482,2.98
ichi,BUY,2024-01-29 03:15:00,2024-01-29 07:05:00,0.05,sl,tenkan_momentum,0.01,2025.04,2025.09,2020.2291247819608,2025.09,True,2.59,3.63,47,2.405,2.977
ichi,BUY,2024-01-29 14:30:00,2024-01-29 15:35:00,1.19,sl,kijun_pullback,0.01,2030.35,2031.54,2026.9078764910666,2031.54,True,3.06,2.74,14,1.721,2.129
ichi,BUY,2024-01-30 01:30:00,2024-01-30 03:05:00,1.15,sl,kijun_pullback,0.01,2031.18,2032.33,2026.9500890314744,2032.33,True,2.95,0.94,20,2.115,2.597
ichi,BUY,2024-01-30 05:00:00,2024-01-30 08:35:00,2.44,sl,kijun_pullback,0.01,2032.19,2034.63,2028.9273734183205,2034.63,True,3.75,1.14,44,1.631,1.989
ichi,BUY,2024-01-30 09:45:00,2024-01-30 11:55:00,-3.48,sl,tenkan_momentum,0.01,2038.4,2034.9199482198107,2034.9199482198107,2034.9199482198107,False,1.13,3.49,27,1.74,2.091
ichi,BUY,2024-01-31 09:15:00,2024-01-31 09:35:00,0.7,sl,tenkan_momentum,0.01,2036.84,2037.54,2034.3569827361775,2037.54,True,1.69,0.42,5,1.242,1.524
ichi,BUY,2024-01-31 14:15:00,2024-01-31 15:20:00,-0.16,gap,kijun_pullback,0.01,2038.26,2038.1,2035.3448355384958,2038.31,True,1.81,2.34,14,1.458,1.781
ichi,BUY,2024-01-31 15:45:00,2024-01-31 16:00:00,0.05,sl,kijun_pullback,0.01,2041.15,2041.2,2037.2119093076562,2041.2,True,2.14,1.13,4,1.969,2.408
ichi,BUY,2024-02-02 10:15:00,2024-02-02 10:55:00,-3.24,sl,tenkan_momentum,0.01,2056.8900000000003,2053.648968586384,2053.648968586384,2053.648968586384,False,0.0,3.36,9,1.621,1.982
ichi,BUY,2024-02-02 15:15:00,2024-02-02 15:25:00,-3.89,sl,tenkan_momentum,0.01,2056.5400000000004,2052.6514509241288,2052.6514509241288,2052.6514509241288,False,1.19,5.07,3,1.944,2.425
ichi,SELL,2024-02-05 09:15:00,2024-02-05 10:30:00,6.69,tp,tenkan_momentum,0.01,2028.89,2022.202120917164,2033.3485860552241,2025.09,True,7.22,1.14,16,2.229,2.85
ichi,SELL,2024-02-05 14:30:00,2024-02-05 15:20:00,5.94,tp,kijun_pullback,0.01,2025.28,2019.3418231536446,2029.238784564237,2023.08,True,7.23,0.37,11,1.979,2.427
ichi,SELL,2024-02-06 12:00:00,2024-02-06 13:30:00,-3.47,sl,tenkan_momentum,0.01,2023.55,2027.0239981559102,2027.0239981559102,2027.0239981559102,False,0.45,3.59,19,1.737,2.055
ichi,SELL,2024-02-06 14:30:00,2024-02-06 15:05:00,-3.5,sl,kijun_pullback,0.01,2025.25,2028.7508540168021,2028.7508540168021,2028.7508540168021,False,0.58,6.01,8,1.75,2.114
ichi,BUY,2024-02-07 01:15:00,2024-02-07 08:15:00,-2.96,sl,kijun_pullback,0.01,2035.99,2033.0339003585013,2033.0339003585013,2033.0339003585013,False,0.17,2.98,85,1.478,1.824
ichi,BUY,2024-02-07 13:30:00,2024-02-07 14:10:00,-2.66,sl,tenkan_momentum,0.01,2035.1,2032.4420171190168,2032.4420171190168,2032.4420171190168,False,0.75,2.94,9,1.329,1.67
ichi,BUY,2024-02-08 04:15:00,2024-02-08 04:55:00,-2.75,sl,tenkan_momentum,0.01,2038.68,2035.9342821835378,2035.9342821835378,2035.9342821835378,False,0.0,2.99,9,1.373,1.755
ichi,SELL,2024-02-08 09:45:00,2024-02-08 10:45:00,2.44,sl,tenkan_momentum,0.01,2032.61,2030.17,2035.3751736002168,2030.17,True,3.55,1.1,13,1.383,1.799
ichi,SELL,2024-02-09 11:15:00,2024-02-09 15:00:00,4.05,tp,kijun_pullback,0.01,2031.57,2027.5231170175637,2034.267921988291,2029.78,True,4.76,2.36,46,1.349,1.728
ichi,SELL,2024-02-12 07:45:00,2024-02-12 09:25:00,-2.08,sl,kijun_pullback,0.01,2023.19,2025.2746366713368,2025.2746366713368,2025.2746366713368,False,0.0,2.17,21,1.042,1.301
ichi,SELL,2024-02-13 05:00:00,2024-02-13 05:35:00,0.83,sl,kijun_pullback,0.01,2018.89,2018.06,2021.2005786781262,2018.06,True,1.84,0.5,8,1.155,1.461
ichi,SELL,2024-02-14 03:00:00,2024-02-14 03:25:00,2.4,sl,kijun_pullback,0.01,1992.64,1990.24,1995.7075329607226,1990.24,True,3.63,0.4,6,1.534,1.93
ichi,SELL,2024-02-14 10:15:00,2024-02-14 10:35:00,0.62,gap,kijun_pullback,0.01,1988.25,1987.6299999999999,1991.3443588127145,1987.42,True,2.07,0.91,5,1.547,1.918
ichi,BUY,2024-02-16 09:30:00,2024-02-16 09:55:00,0.05,sl,kijun_pullback,0.01,2005.16,2005.21,2002.9444616377123,2005.21,True,1.36,0.68,6,1.108,1.368
ichi,BUY,2024-02-16 11:30:00,2024-02-16 13:00:00,0.05,sl,tenkan_momentum,0.01,2006.25,2006.3,2003.7741308753734,2006.3,True,1.35,1.63,19,1.238,1.528
ichi,BUY,2024-02-16 15:30:00,2024-02-16 15:30:00,-3.9,sl,kijun_pullback,0.01,2006.59,2002.6887398163508,2002.6887398163508,2002.6887398163508,False,0.04,8.18,1,1.951,2.407
ichi,BUY,2024-02-19 01:15:00,2024-02-19 02:35:00,2.32,sl,kijun_pullback,0.01,2014.52,2016.84,2010.1617596367316,2016.84,True,4.06,3.14,17,2.179,2.755
ichi,BUY,2024-02-19 04:00:00,2024-02-19 05:45:00,0.05,sl,tenkan_momentum,0.01,2020.12,2020.17,2015.3400328127066,2020.17,True,2.8,1.7,22,2.39,2.978
ichi,BUY,2024-02-19 09:45:00,2024-02-19 14:00:00,-3.15,sl,kijun_pullback,0.01,2021.02,2017.8718131781525,2017.8718131781525,2017.8718131781525,False,0.26,3.15,52,1.574,1.961
ichi,BUY,2024-02-20 04:15:00,2024-02-20 07:30:00,0.05,sl,kijun_pullback,0.01,2018.14,2018.19,2015.3881557506684,2018.19,True,1.62,1.21,40,1.376,1.748
ichi,BUY,2024-02-20 10:30:00,2024-02-20 11:45:00,1.5,sl,tenkan_momentum,0.01,2022.6299999999999,2024.13,2019.9016349665933,2024.13,True,2.59,1.77,16,1.364,1.733
ichi,BUY,2024-02-20 17:00:00,2024-02-20 22:00:00,-4.12,sl,kijun_pullback,0.01,2028.27,2024.1517475769283,2024.1517475769283,2024.1517475769283,False,1.83,4.5,61,2.059,2.591
ichi,BUY,2024-02-21 15:15:00,2024-02-21 15:25:00,-3.25,sl,tenkan_momentum,0.01,2031.08,2027.8300489468775,2027.8300489468775,2027.8300489468775,False,0.54,3.54,3,1.625,2.099
ichi,BUY,2024-02-21 17:15:00,2024-02-21 17:50:00,-3.93,sl,tenkan_momentum,0.01,2029.73,2025.802262051916,2025.802262051916,2025.802262051916,False,0.51,4.01,8,1.964,2.591
ichi,BUY,2024-02-22 09:15:00,2024-02-22 10:05:00,4.01,tp,tenkan_momentum,0.01,2030.17,2034.1772254554508,2027.4985163630329,2030.93,True,4.69,0.6,11,1.336,1.809
ichi,BUY,2024-02-22 11:00:00,2024-02-22 11:25:00,-3.36,sl,tenkan_momentum,0.01,2033.36,2029.9956645094592,2029.9956645094592,2029.9956645094592,False,0.0,4.12,6,1.682,2.218
ichi,BUY,2024-02-23 04:45:00,2024-02-23 07:40:00,-2.92,sl,kijun_pullback,0.01,2025.87,2022.9472858736517,2022.9472858736517,2022.9472858736517,False,0.65,3.65,36,1.461,1.971
ichi,BUY,2024-02-26 12:15:00,2024-02-26 12:50:00,-3.34,sl,kijun_pullback,0.01,2035.59,2032.25467152816,2032.25467152816,2032.25467152816,False,0.0,3.91,8,1.668,2.294
ichi,BUY,2024-02-27 06:00:00,2024-02-27 08:40:00,0.05,sl,kijun_pullback,0.01,2033.65,2033.7,2031.4064145072266,2033.7,True,1.37,1.02,33,1.122,1.58
ichi,BUY,2024-02-27 09:00:00,2024-02-27 09:30:00,1.07,gap,kijun_pullback,0.01,2033.69,2034.76,2031.6118542959657,2035.04,True,2.18,0.53,7,1.039,1.463
ichi,BUY,2024-02-27 13:45:00,2024-02-27 15:45:00,-2.93,sl,tenkan_momentum,0.01,2038.15,2035.223414124228,2035.223414124228,2035.223414124228,False,1.05,3.04,25,1.463,2.044
ichi,SELL,2024-02-28 09:00:00,2024-02-28 10:15:00,0.05,sl,tenkan_momentum,0.01,2029.32,2029.27,2031.599206420119,2029.27,True,1.48,0.36,16,1.14,1.625
ichi,BUY,2024-02-28 19:45:00,2024-02-29 05:30:00,2.01,sl,kijun_pullback,0.01,2033.42,2035.43,2029.6531205328138,2035.43,True,3.7,2.71,106,1.883,2.685
ichi,BUY,2024-02-29 05:45:00,2024-02-29 09:10:00,0.83,sl,kijun_pullback,0.01,2035.83,2036.66,2033.5082587939055,2036.66,True,1.76,1.59,42,1.161,1.632
ichi,BUY,2024-02-29 09:30:00,2024-02-29 09:45:00,0.05,sl,kijun_pullback,0.01,2036.61,2036.66,2034.484850518913,2036.66,True,1.33,0.26,4,1.063,1.485
ichi,BUY,2024-02-29 11:00:00,2024-02-29 11:20:00,-2.51,sl,tenkan_momentum,0.01,2037.55,2035.0433132238618,2035.0433132238618,2035.0433132238618,False,0.0,2.52,5,1.253,1.751
ichi,BUY,2024-03-01 08:15:00,2024-03-01 08:30:00,0.6,sl,tenkan_momentum,0.01,2046.67,2047.27,2044.4073052588387,2047.27,True,1.51,0.42,4,1.131,1.609
ichi,BUY,2024-03-01 09:45:00,2024-03-01 10:00:00,-2.68,sl,kijun_pullback,0.01,2047.14,2044.4568078988016,2044.4568078988016,2044.4568078988016,False,0.16,2.97,4,1.342,1.899
ichi,BUY,2024-03-04 10:30:00,2024-03-04 13:55:00,-3.3,sl,kijun_pullback,0.01,2085.5,2082.201699698079,2082.201699698079,2082.201699698079,False,0.69,3.7,42,1.649,2.38
ichi,BUY,2024-03-05 07:45:00,2024-03-05 09:15:00,-3.68,sl,tenkan_momentum,0.01,2118.0600000000004,2114.379625569095,2114.379625569095,2114.379625569095,False,1.71,4.18,19,1.84,2.721
ichi,BUY,2024-03-06 09:15:00,2024-03-06 09:45:00,0.05,sl,kijun_pullback,0.01,2129.7400000000002,2129.79,2126.6409126822086,2129.79,True,1.82,0.96,7,1.55,2.355
ichi,BUY,2024-03-08 08:45:00,2024-03-08 10:30:00,3.28,sl,tenkan_momentum,0.01,2161.55,2164.83,2158.030368391145,2164.83,True,7.14,2.55,22,1.76,2.673
ichi,BUY,2024-03-14 00:15:00,2024-03-14 03:25:00,0.05,sl,kijun_pullback,0.01,2174.42,2174.47,2170.494028785519,2174.47,True,2.55,0.48,39,1.963,2.91
ichi,SELL,2024-03-14 14:15:00,2024-03-14 14:30:00,5.05,tp,kijun_pullback,0.01,2167.66,2162.6110869607246,2171.025942026183,2171.025942026183,False,5.68,1.12,4,1.683,2.494
ichi,BUY,2024-03-15 09:45:00,2024-03-15 10:15:00,-3.32,sl,tenkan_momentum,0.01,2168.84,2165.5201801409953,2165.5201801409953,2165.5201801409953,False,0.05,3.46,7,1.66,2.371
ichi,SELL,2024-03-18 02:15:00,2024-03-18 03:25:00,3.37,sl,kijun_pullback,0.01,2155.29,2151.92,2158.8348856089438,2151.92,True,4.9,2.41,15,1.772,2.593
ichi,SELL,2024-03-20 12:00:00,2024-03-20 12:30:00,0.81,sl,tenkan_momentum,0.01,2154.74,2153.93,2157.675233586473,2153.93,True,2.12,0.47,7,1.468,2.095
ichi,SELL,2024-03-20 14:00:00,2024-03-20 14:45:00,2.71,sl,tenkan_momentum,0.01,2153.98,2151.27,2157.0585453410877,2151.27,True,4.11,1.52,10,1.539,2.185
ichi,BUY,2024-03-26 10:30:00,2024-03-26 10:50:00,0.05,sl,kijun_pullback,0.01,2177.36,2177.41,2173.694785769531,2177.41,True,1.84,0.49,5,1.833,2.552
ichi,SELL,2024-03-27 04:15:00,2024-03-27 05:10:00,-4.09,sl,kijun_pullback,0.01,2176.49,2180.5802073935256,2180.5802073935256,2180.5802073935256,False,1.55,4.39,12,2.045,2.847
ichi,BUY,2024-03-27 08:15:00,2024-03-27 10:20:00,2.27,sl,tenkan_momentum,0.01,2178.8500000000004,2181.12,2175.033119743539,2181.12,True,3.8,1.82,26,1.908,2.735
ichi,SELL,2024-05-09 04:30:00,2024-05-09 05:20:00,0.05,sl,kijun_pullback,0.01,2310.17,2310.12,2313.410708366238,2310.12,True,2.04,2.25,11,1.62,2.285
ichi,BUY,2024-05-15 04:45:00,2024-05-15 07:30:00,1.8,sl,kijun_pullback,0.01,2357.63,2359.43,2354.177767106135,2359.43,True,3.33,1.08,34,1.726,2.433
ichi,BUY,2024-05-15 10:15:00,2024-05-15 10:35:00,0.05,sl,kijun_pullback,0.01,2362.55,2362.6,2358.842536514879,2362.6,True,2.35,1.01,5,1.854,2.58
ichi,BUY,2024-05-28 05:30:00,2024-05-28 09:00:00,-4.24,sl,kijun_pullback,0.01,2353.51,2349.266561219633,2349.266561219633,2349.266561219633,False,1.69,5.13,43,2.122,2.952
ichi,BUY,2024-06-12 09:30:00,2024-06-12 10:20:00,-3.7,sl,kijun_pullback,0.01,2316.2900000000004,2312.5911473943042,2312.5911473943042,2312.5911473943042,False,1.46,4.25,11,1.849,2.652
ichi,BUY,2024-06-18 04:45:00,2024-06-18 05:50:00,1.71,sl,kijun_pullback,0.01,2322.36,2324.07,2318.318150124677,2324.07,True,3.33,0.74,14,2.021,2.977
ichi,BUY,2024-06-19 01:45:00,2024-06-19 06:30:00,0.05,sl,kijun_pullback,0.01,2329.23,2329.28,2325.1934807275143,2329.28,True,2.55,2.65,58,2.018,2.936
ichi,BUY,2024-06-19 06:35:00,2024-06-19 10:10:00,0.82,gap,kijun_pullback,0.01,2329.3100000000004,2330.13,2325.975571339532,2331.45,True,3.47,2.46,44,1.667,2.424
ichi,BUY,2024-06-19 10:15:00,2024-06-19 10:45:00,0.05,sl,kijun_pullback,0.01,2330.51,2330.56,2327.32288723745,2330.56,True,1.6,0.67,7,1.594,2.303
ichi,BUY,2024-06-20 04:00:00,2024-06-20 04:10:00,2.89,gap,kijun_pullback,0.01,2330.09,2332.98,2326.7480621004706,2333.37,True,4.62,0.26,3,1.671,2.414
ichi,SELL,2024-06-25 08:45:00,2024-06-25 09:35:00,0.05,sl,kijun_pullback,0.01,2325.98,2325.93,2330.026391985964,2325.93,True,2.25,0.62,11,2.023,2.864
ichi,SELL,2024-06-25 10:45:00,2024-06-25 11:45:00,-4.19,sl,kijun_pullback,0.01,2324.68,2328.870082000106,2328.870082000106,2328.870082000106,False,1.48,4.24,13,2.095,2.964
ichi,SELL,2024-06-26 01:45:00,2024-06-26 03:15:00,-4.04,sl,kijun_pullback,0.01,2319.48,2323.522974861187,2323.522974861187,2323.522974861187,False,0.45,4.5,19,2.021,2.947
ichi,SELL,2024-06-27 04:00:00,2024-06-27 05:05:00,0.05,sl,kijun_pullback,0.01,2299.04,2298.99,2302.1638173224014,2298.99,True,1.95,1.01,14,1.562,2.347
ichi,BUY,2024-07-02 04:00:00,2024-07-02 06:05:00,-3.16,sl,tenkan_momentum,0.01,2333.34,2330.175070819202,2330.175070819202,2330.175070819202,False,0.98,3.46,26,1.582,2.377
ichi,BUY,2024-07-04 16:45:00,2024-07-04 17:25:00,2.0,sl,kijun_pullback,0.01,2358.4300000000003,2360.43,2355.0772370592795,2360.43,True,3.44,0.5,9,1.676,2.579
ichi,BUY,2024-07-05 04:15:00,2024-07-05 04:50:00,-2.91,sl,tenkan_momentum,0.01,2359.9300000000003,2357.024490345751,2357.024490345751,2357.024490345751,False,0.23,3.0,8,1.453,2.201
ichi,BUY,2024-07-05 06:15:00,2024-07-05 08:05:00,1.69,sl,tenkan_momentum,0.01,2361.3900000000003,2363.08,2357.791736144808,2363.08,True,3.32,1.82,23,1.799,2.787
ichi,BUY,2024-07-10 06:30:00,2024-07-10 08:50:00,0.05,sl,kijun_pullback,0.01,2368.2900000000004,2368.34,2364.607049012873,2368.34,True,2.04,1.63,29,1.841,2.816
ichi,BUY,2024-07-10 09:30:00,2024-07-10 10:05:00,2.46,sl,tenkan_momentum,0.01,2369.94,2372.4,2366.3903751772946,2372.4,True,3.88,0.95,8,1.775,2.713
ichi,SELL,2024-08-16 10:15:00,2024-08-16 10:40:00,0.05,sl,tenkan_momentum,0.01,2453.71,2453.66,2457.6644396603688,2453.66,True,2.4,2.01,6,1.977,2.966
ichi,SELL,2024-08-30 08:45:00,2024-08-30 09:20:00,-3.84,sl,kijun_pullback,0.01,2513.72,2517.5590558884696,2517.5590558884696,2517.5590558884696,False,1.04,5.81,8,1.92,2.879
ichi,SELL,2024-09-03 08:15:00,2024-09-03 09:50:00,-3.86,sl,kijun_pullback,0.01,2494.0,2497.8590432685446,2497.8590432685446,2497.8590432685446,False,1.08,4.12,20,1.93,2.98
ichi,BUY,2024-09-05 06:30:00,2024-09-05 08:50:00,5.08,tp,kijun_pullback,0.01,2496.96,2502.035468020371,2493.576354653086,2498.42,True,5.25,3.24,29,1.692,2.693
ichi,BUY,2024-09-06 04:15:00,2024-09-06 05:00:00,-2.99,sl,kijun_pullback,0.01,2516.0800000000004,2513.0929761578436,2513.0929761578436,2513.0929761578436,False,0.18,3.18,10,1.494,2.285
ichi,BUY,2024-09-06 12:45:00,2024-09-06 14:40:00,-3.61,sl,kijun_pullback,0.01,2519.8300000000004,2516.2151256774173,2516.2151256774173,2516.2151256774173,False,0.37,3.98,24,1.807,2.83
ichi,BUY,2024-09-11 04:15:00,2024-09-11 04:35:00,1.61,sl,kijun_pullback,0.01,2517.3,2518.91,2513.896608668048,2518.91,True,3.61,1.29,5,1.702,2.742
ichi,BUY,2024-09-12 13:00:00,2024-09-12 13:20:00,0.05,sl,kijun_pullback,0.01,2518.92,2518.97,2515.24783294986,2518.97,True,2.0,0.48,5,1.836,2.92
ichi,BUY,2024-09-24 04:45:00,2024-09-24 06:40:00,5.6,tp,kijun_pullback,0.01,2630.23,2635.8339132006686,2626.4940578662213,2632.62,True,5.76,3.57,24,1.868,2.97
ichi,BUY,2024-10-17 03:30:00,2024-10-17 04:10:00,1.53,sl,kijun_pullback,0.01,2676.11,2677.64,2673.01345757012,2677.64,True,3.06,0.35,9,1.548,2.357
ichi,BUY,2024-10-29 02:45:00,2024-10-29 03:15:00,2.87,gap,tenkan_momentum,0.01,2745.59,2748.46,2742.1116033706135,2748.47,True,4.41,0.26,7,1.739,2.617
ichi,BUY,2024-10-31 01:30:00,2024-10-31 03:10:00,1.6,sl,kijun_pullback,0.01,2786.9100000000003,2788.51,2782.9522271742335,2788.51,True,3.18,2.2,21,1.979,2.915
ichi,SELL,2024-11-05 04:00:00,2024-11-05 04:35:00,5.99,tp,kijun_pullback,0.01,2734.25,2728.2564281394275,2738.245714573715,2732.41,True,7.48,1.27,8,1.998,2.908
ichi,BUY,2024-11-20 07:45:00,2024-11-20 08:05:00,-4.24,sl,kijun_pullback,0.01,2638.13,2633.886796339411,2633.886796339411,2633.886796339411,False,0.28,6.2,5,2.122,2.959
ichi,SELL,2024-12-17 01:15:00,2024-12-17 03:00:00,-3.68,sl,kijun_pullback,0.01,2652.06,2655.7448172088875,2655.7448172088875,2655.7448172088875,False,0.65,4.5,22,1.842,2.648
ichi,BUY,2024-12-24 09:00:00,2024-12-24 09:10:00,0.99,sl,tenkan_momentum,0.01,2618.8700000000003,2619.86,2614.9660539850897,2619.86,True,2.59,0.26,3,1.952,2.882
ichi,BUY,2024-12-27 08:15:00,2024-12-27 08:35:00,1.35,sl,tenkan_momentum,0.01,2634.0,2635.35,2630.055251440986,2635.35,True,2.93,0.26,5,1.972,2.891
ichi,BUY,2025-01-02 01:15:00,2025-01-02 02:55:00,1.06,sl,kijun_pullback,0.01,2624.9500000000003,2626.01,2621.051946621414,2626.01,True,2.85,3.47,21,1.949,2.829
ichi,BUY,2025-01-02 09:45:00,2025-01-02 10:10:00,1.39,gap,kijun_pullback,0.01,2633.92,2635.31,2629.759729434269,2635.47,True,3.21,0.96,6,2.08,2.996
ichi,BUY,2025-01-08 10:45:00,2025-01-08 13:25:00,-4.2,sl,tenkan_momentum,0.01,2653.05,2648.8469485423902,2648.8469485423902,2648.8469485423902,False,2.08,4.33,33,2.102,2.997
ichi,BUY,2025-01-10 03:30:00,2025-01-10 04:35:00,1.42,sl,tenkan_momentum,0.01,2671.76,2673.18,2667.933171531556,2673.18,True,2.95,2.3,14,1.913,2.813
ichi,BUY,2025-01-10 07:15:00,2025-01-10 07:45:00,1.18,sl,kijun_pullback,0.01,2673.36,2674.54,2670.0567921050997,2674.54,True,2.5,0.43,7,1.652,2.403
ichi,BUY,2025-01-23 08:30:00,2025-01-23 11:20:00,-3.88,sl,tenkan_momentum,0.01,2755.1200000000003,2751.2400202886624,2751.2400202886624,2751.2400202886624,False,0.04,9.45,35,1.94,2.798
ichi,BUY,2025-01-29 04:15:00,2025-01-29 06:05:00,-3.25,sl,kijun_pullback,0.01,2765.4100000000003,2762.1627665853584,2762.1627665853584,2762.1627665853584,False,0.22,3.79,23,1.624,2.41
ichi,BUY,2025-01-30 08:15:00,2025-01-30 09:05:00,3.89,sl,kijun_pullback,0.01,2761.65,2765.54,2758.013897732814,2765.54,True,5.35,1.05,11,1.818,2.765
ichi,BUY,2025-03-18 02:30:00,2025-03-18 03:30:00,1.03,sl,tenkan_momentum,0.01,3002.57,3003.6,2998.5284972711297,3003.6,True,2.65,3.01,13,2.021,2.985
ichi,SELL,2025-08-19 02:30:00,2025-08-19 03:00:00,5.36,tp,kijun_pullback,0.01,3332.25,3326.889295655958,3335.823802896028,3335.823802896028,False,5.95,1.3,7,1.787,2.619
