bot,side,entry_time,time,pnl,reason,layer,lot,entry_px,exit_px,sl_initial,sl_final,be_done,mfe,mae,bars_held,atr_entry,risk_pct
ichi,BUY,2021-09-27 10:15:00,2021-09-27 10:30:00,0.01,gap,kijun_pullback,0.01,1758.69,1758.7,1755.342821947913,1758.74,True,2.06,1.15,4,1.674,0.694
ichi,SELL,2021-09-27 17:45:00,2021-09-28 04:35:00,0.05,sl,kijun_pullback,0.01,1750.98,1750.93,1756.5629661414564,1750.93,True,3.61,3.27,117,2.791,1.157
ichi,SELL,2021-09-28 11:15:00,2021-09-28 12:45:00,1.63,sl,tenkan_momentum,0.01,1741.29,1739.66,1745.790371126092,1739.66,True,3.43,2.75,19,2.25,0.933
ichi,SELL,2021-09-28 16:45:00,2021-09-29 05:50:00,-8.51,sl,tenkan_momentum,0.01,1732.85,1741.361959438352,1741.361959438352,1741.361959438352,False,2.97,8.75,144,4.256,1.758
ichi,BUY,2021-09-29 15:00:00,2021-09-29 15:20:00,-3.62,sl,tenkan_momentum,0.01,1743.72,1740.0998935528548,1740.0998935528548,1740.0998935528548,False,0.0,5.1,5,1.81,0.761
ichi,SELL,2021-09-29 16:30:00,2021-09-29 17:15:00,7.33,tp,tenkan_momentum,0.01,1736.53,1729.202543540524,1741.414970972984,1731.9,True,8.91,4.12,10,2.442,1.035
ichi,SELL,2021-09-29 18:45:00,2021-09-29 20:40:00,6.52,sl,tenkan_momentum,0.01,1730.8,1724.28,1736.8758255126563,1724.28,True,8.95,0.83,24,3.038,1.267
ichi,SELL,2021-09-30 13:00:00,2021-09-30 13:45:00,3.22,sl,kijun_pullback,0.01,1729.37,1726.15,1733.1670972674933,1726.15,True,4.74,0.73,10,1.899,0.781
ichi,BUY,2021-10-01 10:00:00,2021-10-01 10:50:00,-3.71,sl,tenkan_momentum,0.01,1755.96,1752.2498198366027,1752.2498198366027,1752.2498198366027,False,1.28,3.9,11,1.855,0.758
ichi,BUY,2021-10-01 16:15:00,2021-10-01 17:25:00,1.37,gap,kijun_pullback,0.01,1757.25,1758.62,1751.8992294178038,1758.95,True,3.84,4.53,15,2.675,1.102
ichi,BUY,2021-10-01 18:00:00,2021-10-01 20:10:00,0.05,sl,kijun_pullback,0.01,1758.8600000000001,1758.91,1752.113951578158,1758.91,True,3.97,3.04,27,3.373,1.386
ichi,SELL,2021-10-05 12:45:00,2021-10-05 13:35:00,1.38,sl,kijun_pullback,0.01,1757.9,1756.52,1761.4418583870133,1756.52,True,2.8,0.61,11,1.771,0.727
ichi,SELL,2021-10-05 16:15:00,2021-10-05 17:00:00,0.05,sl,kijun_pullback,0.01,1753.35,1753.3,1758.2398089633757,1753.3,True,3.18,3.3,10,2.445,1.002
ichi,SELL,2021-10-06 08:30:00,2021-10-06 09:00:00,0.99,sl,tenkan_momentum,0.01,1753.47,1752.48,1756.397229420458,1752.48,True,2.75,0.3,7,1.464,0.599
ichi,SELL,2021-10-06 10:00:00,2021-10-06 10:15:00,2.97,sl,tenkan_momentum,0.01,1752.39,1749.42,1756.4173094320463,1749.42,True,4.58,0.9,4,2.014,0.823
ichi,SELL,2021-10-06 13:45:00,2021-10-06 14:15:00,-4.32,sl,kijun_pullback,0.01,1749.07,1753.3931379709506,1753.3931379709506,1753.3931379709506,False,0.29,4.83,7,2.162,0.878
ichi,BUY,2021-10-06 17:00:00,2021-10-06 17:55:00,2.9,sl,tenkan_momentum,0.01,1758.93,1761.83,1752.7879673200355,1761.83,True,5.36,1.58,12,3.071,1.259
ichi,BUY,2021-10-06 18:30:00,2021-10-06 20:25:00,2.53,sl,kijun_pullback,0.01,1758.66,1761.19,1752.253887613002,1761.19,True,5.09,0.38,24,3.203,1.305
ichi,BUY,2021-10-07 02:30:00,2021-10-07 04:10:00,-4.86,sl,kijun_pullback,0.02,1763.8700000000001,1761.4400159887598,1761.4400159887598,1761.4400159887598,False,0.62,5.04,21,1.215,0.985
ichi,SELL,2021-10-07 18:00:00,2021-10-08 04:00:00,0.05,sl,kijun_pullback,0.01,1756.63,1756.58,1762.188430889857,1756.58,True,2.98,3.55,107,2.779,1.138
ichi,BUY,2021-10-08 15:45:00,2021-10-08 16:30:00,3.58,sl,kijun_pullback,0.01,1774.8700000000001,1778.45,1768.5723711513122,1778.45,True,6.4,4.44,10,3.149,1.289
ichi,SELL,2021-10-11 01:30:00,2021-10-11 03:05:00,-4.17,sl,kijun_pullback,0.01,1752.83,1757.0013738012335,1757.0013738012335,1757.0013738012335,False,1.48,5.21,20,2.086,0.848
ichi,SELL,2021-10-11 08:45:00,2021-10-11 10:05:00,0.05,sl,tenkan_momentum,0.01,1755.48,1755.43,1758.697426236208,1755.43,True,1.72,2.09,17,1.609,0.659
ichi,SELL,2021-10-11 11:30:00,2021-10-11 12:40:00,0.94,sl,kijun_pullback,0.01,1754.81,1753.87,1758.234424622878,1753.87,True,2.31,0.81,15,1.712,0.702
ichi,SELL,2021-10-11 13:00:00,2021-10-11 15:15:00,-3.33,sl,kijun_pullback,0.01,1754.75,1758.0763504961699,1758.0763504961699,1758.0763504961699,False,1.49,3.41,28,1.663,0.68
ichi,SELL,2021-10-12 04:00:00,2021-10-12 04:10:00,-2.79,sl,tenkan_momentum,0.01,1752.0,1754.793970741101,1754.793970741101,1754.793970741101,False,1.0,4.12,3,1.397,0.575
ichi,BUY,2021-10-12 14:30:00,2021-10-12 15:20:00,-3.63,sl,tenkan_momentum,0.01,1763.96,1760.3270720512542,1760.3270720512542,1760.3270720512542,False,0.66,4.25,11,1.816,0.752
ichi,BUY,2021-10-12 17:00:00,2021-10-12 18:15:00,-6.62,sl,kijun_pullback,0.01,1768.52,1761.9015370164166,1761.9015370164166,1761.9015370164166,False,0.79,6.74,16,3.309,1.381
ichi,BUY,2021-10-13 05:00:00,2021-10-13 09:55:00,0.1,sl,tenkan_momentum,0.02,1762.43,1762.48,1760.1240184623377,1762.48,True,2.68,4.38,60,1.153,0.976
ichi,BUY,2021-10-13 10:15:00,2021-10-13 10:45:00,2.05,sl,kijun_pullback,0.01,1762.73,1764.78,1760.3010706590771,1764.78,True,3.02,0.41,7,1.214,0.514
ichi,BUY,2021-10-13 16:45:00,2021-10-13 17:15:00,3.41,gap,kijun_pullback,0.01,1779.16,1782.57,1770.785560303569,1783.65,True,7.84,1.01,7,4.187,1.764
ichi,BUY,2021-10-14 01:45:00,2021-10-14 04:50:00,-3.57,sl,kijun_pullback,0.01,1793.7,1790.1282075064184,1790.1282075064184,1790.1282075064184,False,0.11,4.62,38,1.786,0.747
ichi,BUY,2021-10-14 10:45:00,2021-10-14 11:40:00,2.14,gap,kijun_pullback,0.01,1794.06,1796.2,1790.8267522468461,1796.26,True,3.49,1.26,12,1.617,0.681
ichi,BUY,2021-10-14 15:30:00,2021-10-14 15:50:00,1.12,sl,kijun_pullback,0.01,1796.9,1798.02,1792.6286980392822,1798.02,True,2.83,0.87,5,2.136,0.896
ichi,BUY,2021-10-14 17:15:00,2021-10-15 08:15:00,-5.18,sl,kijun_pullback,0.01,1798.24,1793.0584234790806,1793.0584234790806,1793.0584234790806,False,1.14,5.56,167,2.591,1.084
ichi,SELL,2021-10-18 09:15:00,2021-10-18 09:30:00,-3.54,sl,kijun_pullback,0.01,1762.39,1765.9269640178543,1765.9269640178543,1765.9269640178543,False,0.19,3.67,4,1.768,0.748
ichi,SELL,2021-10-18 10:45:00,2021-10-18 11:30:00,1.89,sl,kijun_pullback,0.01,1764.93,1763.04,1768.9665177846357,1763.04,True,3.5,2.21,10,2.018,0.86
ichi,BUY,2021-10-19 12:45:00,2021-10-19 14:05:00,-3.2,sl,kijun_pullback,0.01,1780.3400000000001,1777.1369651436544,1777.1369651436544,1777.1369651436544,False,0.0,4.24,17,1.602,0.68
ichi,BUY,2021-10-19 14:45:00,2021-10-19 15:20:00,2.11,sl,tenkan_momentum,0.01,1780.98,1783.09,1777.4731288100195,1783.09,True,3.51,2.92,8,1.753,0.75
ichi,BUY,2021-10-19 16:30:00,2021-10-19 17:15:00,-5.56,sl,kijun_pullback,0.01,1781.14,1775.584054093285,1775.584054093285,1775.584054093285,False,0.0,8.81,10,2.778,1.182
ichi,SELL,2021-10-20 01:45:00,2021-10-20 03:15:00,0.79,gap,kijun_pullback,0.01,1769.52,1768.73,1771.9303045862753,1768.69,True,1.79,0.21,19,1.205,0.519
ichi,SELL,2021-10-20 03:30:00,2021-10-20 04:00:00,-4.5,sl,tenkan_momentum,0.02,1767.39,1769.6389294909225,1769.6389294909225,1769.6389294909225,False,0.58,5.68,7,1.124,0.967
ichi,BUY,2021-10-20 15:15:00,2021-10-20 15:40:00,2.21,sl,kijun_pullback,0.01,1783.8400000000001,1786.05,1780.0452715036572,1786.05,True,4.6,2.44,6,1.897,0.824
ichi,BUY,2021-10-20 17:30:00,2021-10-20 20:00:00,1.81,sl,kijun_pullback,0.01,1782.18,1783.99,1775.972676703659,1783.99,True,5.34,0.82,31,3.104,1.341
ichi,BUY,2021-10-21 06:30:00,2021-10-21 08:30:00,-3.17,sl,tenkan_momentum,0.01,1786.7,1783.5322198306876,1783.5322198306876,1783.5322198306876,False,0.0,3.38,25,1.584,0.682
ichi,BUY,2021-10-22 09:30:00,2021-10-22 09:40:00,4.3,tp,tenkan_momentum,0.01,1788.46,1792.760460367676,1785.5930264215494,1790.68,True,4.32,0.2,3,1.433,0.621
ichi,BUY,2021-10-22 15:15:00,2021-10-22 15:25:00,3.28,gap,tenkan_momentum,0.01,1793.93,1797.21,1789.8677991548097,1797.4,True,5.94,0.74,3,2.031,0.872
ichi,BUY,2021-10-25 10:30:00,2021-10-25 11:25:00,1.13,sl,tenkan_momentum,0.01,1799.16,1800.29,1795.3459038564354,1800.29,True,2.66,2.3,12,1.907,0.813
ichi,BUY,2021-10-25 15:45:00,2021-10-25 16:35:00,0.05,sl,tenkan_momentum,0.01,1803.5,1803.55,1799.659226023585,1803.55,True,3.05,1.83,11,1.92,0.817
ichi,BUY,2021-10-25 18:00:00,2021-10-26 07:20:00,-4.69,sl,tenkan_momentum,0.01,1807.25,1802.5570157525767,1802.5570157525767,1802.5570157525767,False,1.48,5.11,147,2.346,0.998
ichi,SELL,2021-10-26 16:30:00,2021-10-26 16:40:00,3.09,gap,kijun_pullback,0.01,1796.02,1792.93,1801.7969904936667,1791.84,True,6.49,0.26,3,2.888,1.241
ichi,SELL,2021-10-27 10:15:00,2021-10-27 10:25:00,1.06,sl,kijun_pullback,0.01,1788.47,1787.41,1791.7522806670981,1787.41,True,2.52,0.29,3,1.641,0.7
ichi,SELL,2021-10-27 12:30:00,2021-10-27 13:40:00,-3.93,sl,tenkan_momentum,0.01,1785.47,1789.3956897429498,1789.3956897429498,1789.3956897429498,False,1.45,4.45,15,1.963,0.836
ichi,BUY,2021-10-28 02:30:00,2021-10-28 03:50:00,-2.72,sl,kijun_pullback,0.01,1797.2,1794.4845061779458,1794.4845061779458,1794.4845061779458,False,0.0,2.85,17,1.358,0.583
ichi,BUY,2021-10-28 05:15:00,2021-10-28 05:45:00,2.27,sl,kijun_pullback,0.01,1799.68,1801.95,1796.5031183418962,1801.95,True,3.54,0.59,7,1.588,0.686
ichi,BUY,2021-10-28 11:15:00,2021-10-28 12:10:00,-3.21,sl,tenkan_momentum,0.01,1803.02,1799.8071300085476,1799.8071300085476,1799.8071300085476,False,0.19,3.97,12,1.606,0.69
ichi,BUY,2021-10-28 16:15:00,2021-10-28 16:35:00,1.93,gap,tenkan_momentum,0.01,1804.57,1806.5,1798.3776880166602,1807.9,True,5.81,3.75,5,3.096,1.34
ichi,SELL,2021-10-29 08:45:00,2021-10-29 10:00:00,1.59,sl,kijun_pullback,0.01,1796.12,1794.53,1799.1833730012327,1794.53,True,2.91,1.6,16,1.532,0.66
ichi,SELL,2021-10-29 11:00:00,2021-10-29 11:45:00,2.87,sl,kijun_pullback,0.01,1795.63,1792.76,1799.4171897333524,1792.76,True,4.42,0.94,10,1.894,0.813
ichi,SELL,2021-10-29 15:15:00,2021-10-29 15:30:00,-4.8,sl,kijun_pullback,0.01,1786.74,1791.5402129375632,1791.5402129375632,1791.5402129375632,False,4.11,6.12,4,2.4,1.025
ichi,SELL,2021-10-29 21:00:00,2021-11-01 08:00:00,-5.93,sl,kijun_pullback,0.01,1781.72,1787.6491275015728,1787.6491275015728,1787.6491275015728,False,2.4,6.05,131,2.965,1.279
ichi,BUY,2021-11-02 11:00:00,2021-11-02 12:30:00,-3.1,sl,kijun_pullback,0.01,1794.97,1791.8691846252311,1791.8691846252311,1791.8691846252311,False,0.67,3.57,19,1.55,0.677
ichi,BUY,2021-11-02 12:35:00,2021-11-02 13:45:00,-3.22,sl,kijun_pullback,0.01,1792.1000000000001,1788.8778494507135,1788.8778494507135,1788.8778494507135,False,1.26,3.76,15,1.611,0.709
ichi,SELL,2021-11-02 16:15:00,2021-11-03 02:35:00,3.48,gap,kijun_pullback,0.01,1788.5,1785.02,1793.7749183773547,1784.83,True,5.78,4.92,111,2.637,1.168
ichi,SELL,2021-11-03 02:40:00,2021-11-03 04:10:00,4.18,tp,kijun_pullback,0.01,1785.45,1781.266735317884,1788.2388431214108,1782.95,True,4.27,1.81,19,1.394,0.613
ichi,SELL,2021-11-03 08:45:00,2021-11-03 10:25:00,-3.06,sl,tenkan_momentum,0.01,1780.16,1783.2209972536887,1783.2209972536887,1783.2209972536887,False,0.47,3.53,21,1.53,0.667
ichi,SELL,2021-11-03 14:45:00,2021-11-03 15:25:00,7.11,tp,kijun_pullback,0.01,1776.1,1768.9894396607226,1780.8403735595182,1771.14,True,7.14,1.52,9,2.37,1.039
ichi,BUY,2021-11-04 21:00:00,2021-11-05 03:50:00,0.97,sl,kijun_pullback,0.01,1792.7,1793.67,1788.9304544659412,1793.67,True,2.69,2.63,69,1.885,0.814
ichi,BUY,2021-11-05 07:45:00,2021-11-05 09:10:00,0.91,sl,tenkan_momentum,0.01,1795.92,1796.83,1793.3057105854687,1796.83,True,1.96,1.02,18,1.307,0.563
ichi,BUY,2021-11-05 10:15:00,2021-11-05 10:30:00,1.58,gap,kijun_pullback,0.01,1796.9,1798.48,1793.7185921255682,1798.87,True,3.24,0.28,4,1.591,0.684
ichi,BUY,2021-11-05 15:30:00,2021-11-05 17:45:00,6.89,sl,kijun_pullback,0.01,1802.0,1808.89,1794.7914486460925,1808.89,True,9.77,6.21,28,3.604,1.545
ichi,BUY,2021-11-08 03:15:00,2021-11-08 10:50:00,-4.69,sl,kijun_pullback,0.01,1819.24,1814.5519861916848,1814.5519861916848,1814.5519861916848,False,2.24,5.19,92,2.344,0.99
ichi,BUY,2021-11-08 15:30:00,2021-11-08 15:35:00,-4.99,sl,kijun_pullback,0.01,1823.82,1818.8334491436706,1818.8334491436706,1818.8334491436706,False,0.09,5.82,2,2.493,1.064
ichi,BUY,2021-11-08 18:15:00,2021-11-08 22:45:00,1.67,sl,kijun_pullback,0.01,1822.71,1824.38,1817.5530041714194,1824.38,True,3.73,0.27,55,2.578,1.112
ichi,BUY,2021-11-09 01:45:00,2021-11-09 03:25:00,2.52,sl,kijun_pullback,0.02,1825.01,1826.27,1822.6965744618137,1826.27,True,4.38,3.18,21,1.157,0.994
ichi,BUY,2021-11-09 03:30:00,2021-11-09 03:40:00,-2.58,sl,kijun_pullback,0.01,1826.22,1823.6382701898315,1823.6382701898315,1823.6382701898315,False,0.0,2.78,3,1.291,0.552
ichi,BUY,2021-11-09 15:15:00,2021-11-09 15:35:00,-0.1,gap,tenkan_momentum,0.01,1826.49,1826.39,1822.134336349547,1828.14,True,3.39,2.61,5,2.178,0.936
ichi,BUY,2021-11-09 16:45:00,2021-11-09 17:05:00,-5.43,sl,kijun_pullback,0.01,1828.5800000000002,1823.1544823201618,1823.1544823201618,1823.1544823201618,False,1.08,8.23,5,2.713,1.166
ichi,BUY,2021-11-10 02:00:00,2021-11-10 04:50:00,-2.97,sl,kijun_pullback,0.01,1830.0900000000001,1827.1162377831197,1827.1162377831197,1827.1162377831197,False,0.94,3.0,35,1.487,0.647
ichi,BUY,2021-11-10 15:45:00,2021-11-10 16:35:00,11.03,tp,kijun_pullback,0.01,1851.27,1862.299645077211,1843.9169032818593,1859.14,True,15.64,5.85,11,3.677,1.609
ichi,BUY,2021-11-11 15:45:00,2021-11-11 16:00:00,0.05,sl,kijun_pullback,0.01,1862.64,1862.69,1856.9213475058675,1862.69,True,3.36,0.91,4,2.859,1.222
ichi,BUY,2021-11-11 17:15:00,2021-11-12 04:35:00,-6.09,sl,tenkan_momentum,0.01,1862.56,1856.4654213610836,1856.4654213610836,1856.4654213610836,False,1.17,6.77,123,3.047,1.302
ichi,BUY,2021-11-12 16:15:00,2021-11-12 17:10:00,4.32,sl,tenkan_momentum,0.01,1856.67,1860.99,1851.5600155178217,1860.99,True,6.39,1.34,12,2.555,1.106
ichi,BUY,2021-11-15 02:00:00,2021-11-15 03:15:00,-3.55,sl,kijun_pullback,0.01,1865.64,1862.08923246708,1862.08923246708,1862.08923246708,False,0.36,4.66,16,1.775,0.762
ichi,BUY,2021-11-15 13:00:00,2021-11-15 15:15:00,3.27,sl,tenkan_momentum,0.01,1863.3700000000001,1866.64,1859.7627103116085,1866.64,True,6.93,2.78,28,1.804,0.78
ichi,BUY,2021-11-15 15:45:00,2021-11-15 16:40:00,-4.93,sl,kijun_pullback,0.01,1865.22,1860.290008304159,1860.290008304159,1860.290008304159,False,0.27,5.19,12,2.465,1.058
ichi,BUY,2021-11-16 06:00:00,2021-11-16 06:35:00,-3.18,sl,tenkan_momentum,0.01,1867.23,1864.0528839163521,1864.0528839163521,1864.0528839163521,False,0.35,3.23,8,1.589,0.689
ichi,BUY,2021-11-16 11:00:00,2021-11-16 11:20:00,0.05,sl,kijun_pullback,0.01,1872.28,1872.33,1867.7081566186432,1872.33,True,2.57,1.72,5,2.286,0.998
ichi,BUY,2021-11-16 15:45:00,2021-11-16 15:55:00,-6.0,sl,kijun_pullback,0.01,1871.99,1865.9867592879314,1865.9867592879314,1865.9867592879314,False,2.16,6.56,3,3.002,1.311
ichi,BUY,2021-11-17 15:30:00,2021-11-17 16:40:00,1.18,sl,tenkan_momentum,0.01,1863.78,1864.96,1859.4082332084533,1864.96,True,2.93,3.74,15,2.186,0.967
ichi,BUY,2021-11-17 18:30:00,2021-11-17 21:00:00,0.05,sl,tenkan_momentum,0.01,1865.16,1865.21,1860.1924423830558,1865.21,True,2.87,2.11,31,2.484,1.096
ichi,BUY,2021-11-18 04:15:00,2021-11-18 04:45:00,-3.09,sl,tenkan_momentum,0.01,1869.16,1866.069293011097,1866.069293011097,1866.069293011097,False,0.8,3.69,7,1.545,0.682
ichi,SELL,2021-11-18 17:30:00,2021-11-19 11:20:00,5.93,sl,kijun_pullback,0.01,1860.42,1854.49,1867.2721845208252,1854.49,True,8.67,3.5,201,3.426,1.522
ichi,SELL,2021-11-19 19:45:00,2021-11-22 13:05:00,3.2,sl,kijun_pullback,0.01,1843.73,1840.53,1851.2573441137827,1840.53,True,6.21,7.05,195,3.764,1.651
ichi,SELL,2021-11-22 14:15:00,2021-11-22 15:35:00,1.72,sl,kijun_pullback,0.01,1840.1,1838.38,1844.7977384536177,1838.38,True,4.97,2.84,17,2.349,1.023
ichi,SELL,2021-11-22 16:00:00,2021-11-22 16:10:00,6.19,sl,kijun_pullback,0.01,1837.96,1831.77,1844.7981565126456,1831.77,True,9.77,0.86,3,3.419,1.484
ichi,SELL,2021-11-23 02:15:00,2021-11-23 09:05:00,3.63,sl,kijun_pullback,0.01,1808.67,1805.04,1813.5745998193481,1805.04,True,5.59,3.98,83,2.452,1.05
ichi,SELL,2021-11-23 10:15:00,2021-11-23 10:55:00,6.77,tp,tenkan_momentum,0.01,1806.12,1799.3458455832208,1810.6361029445193,1803.48,True,7.06,1.51,9,2.258,0.959
ichi,SELL,2021-11-23 17:15:00,2021-11-23 18:30:00,2.32,sl,tenkan_momentum,0.01,1787.56,1785.24,1794.9876414381201,1785.24,True,5.29,1.59,16,3.714,1.555
ichi,SELL,2021-11-24 12:15:00,2021-11-24 13:10:00,2.05,sl,kijun_pullback,0.01,1789.79,1787.74,1793.8610197477904,1787.74,True,3.99,1.7,12,2.036,0.848
ichi,SELL,2021-11-24 13:45:00,2021-11-24 15:00:00,2.75,sl,tenkan_momentum,0.01,1788.91,1786.16,1793.1501088616633,1786.16,True,4.45,0.39,16,2.12,0.88
ichi,SELL,2021-11-24 16:00:00,2021-11-24 16:15:00,2.25,gap,tenkan_momentum,0.01,1784.64,1782.39,1790.5834701249792,1781.12,True,5.9,1.41,4,2.972,1.226
ichi,SELL,2021-11-25 19:00:00,2021-11-26 01:05:00,-1.15,gap,kijun_pullback,0.01,1789.52,1790.67,1791.9589754922363,1789.47,True,1.25,1.55,13,1.219,0.501
ichi,BUY,2021-11-26 11:00:00,2021-11-26 11:30:00,2.83,sl,kijun_pullback,0.01,1803.01,1805.84,1797.0385572689772,1805.84,True,5.22,1.0,7,2.986,1.229
ichi,SELL,2021-11-29 14:30:00,2021-11-29 16:05:00,2.93,sl,tenkan_momentum,0.01,1791.23,1788.3,1795.6808623215004,1788.3,True,4.71,3.11,20,2.225,0.911
ichi,BUY,2021-11-30 11:15:00,2021-11-30 12:00:00,3.84,sl,kijun_pullback,0.01,1792.79,1796.63,1788.1149439105725,1796.63,True,5.71,0.54,10,2.338,0.951
ichi,BUY,2021-11-30 17:00:00,2021-11-30 17:20:00,3.6,sl,kijun_pullback,0.01,1802.57,1806.17,1796.1427534115996,1806.17,True,6.17,0.35,5,3.214,1.298
ichi,SELL,2021-12-01 01:45:00,2021-12-01 03:00:00,-5.03,sl,kijun_pullback,0.01,1773.55,1778.5796449055945,1778.5796449055945,1778.5796449055945,False,1.18,5.05,16,2.515,1.008
ichi,BUY,2021-12-01 08:45:00,2021-12-01 10:05:00,-5.38,sl,tenkan_momentum,0.01,1788.15,1782.7725483396582,1782.7725483396582,1782.7725483396582,False,1.06,5.73,17,2.689,1.089
ichi,BUY,2021-12-01 15:30:00,2021-12-01 17:10:00,1.7,sl,tenkan_momentum,0.01,1788.18,1789.88,1782.306100152075,1789.88,True,4.05,5.0,21,2.937,1.202
ichi,SELL,2021-12-02 02:15:00,2021-12-02 07:20:00,1.29,sl,kijun_pullback,0.01,1779.79,1778.5,1784.2776336756406,1778.5,True,3.28,2.38,62,2.244,0.915
ichi,SELL,2021-12-02 10:30:00,2021-12-02 12:05:00,-4.43,sl,kijun_pullback,0.01,1770.03,1774.464446025505,1774.464446025505,1774.464446025505,False,0.0,4.9,20,2.217,0.902
ichi,SELL,2021-12-02 16:45:00,2021-12-02 17:00:00,3.86,sl,kijun_pullback,0.01,1770.29,1766.43,1777.3980723343625,1766.43,True,6.7,0.64,4,3.554,1.459
ichi,SELL,2021-12-03 15:30:00,2021-12-03 15:30:00,-5.18,sl,kijun_pullback,0.01,1769.73,1774.9144847247344,1774.9144847247344,1774.9144847247344,False,0.0,9.06,1,2.592,1.056
ichi,BUY,2021-12-06 03:00:00,2021-12-06 05:00:00,2.66,sl,kijun_pullback,0.01,1783.49,1786.15,1779.5811524873802,1786.15,True,4.22,1.37,25,1.954,0.805
ichi,SELL,2021-12-06 18:00:00,2021-12-06 18:45:00,-4.85,sl,tenkan_momentum,0.01,1778.32,1783.1652185466303,1783.1652185466303,1783.1652185466303,False,0.41,4.97,10,2.423,0.992
ichi,BUY,2021-12-08 03:30:00,2021-12-08 04:10:00,3.75,tp,kijun_pullback,0.01,1785.64,1789.3926802139342,1783.1382131907105,1788.23,True,4.03,0.66,9,1.251,0.517
ichi,BUY,2021-12-08 09:30:00,2021-12-08 09:50:00,0.9,sl,tenkan_momentum,0.01,1789.53,1790.43,1786.7057303718884,1790.43,True,2.03,0.21,5,1.412,0.58
ichi,BUY,2021-12-08 12:45:00,2021-12-08 13:15:00,-3.17,sl,kijun_pullback,0.01,1792.27,1789.0953671931393,1789.0953671931393,1789.0953671931393,False,0.35,3.41,7,1.587,0.65
ichi,SELL,2021-12-08 17:30:00,2021-12-08 22:15:00,-5.02,sl,tenkan_momentum,0.01,1781.88,1786.9030541095506,1786.9030541095506,1786.9030541095506,False,1.43,5.04,58,2.512,1.036
ichi,BUY,2021-12-09 10:30:00,2021-12-09 11:35:00,-3.1,sl,kijun_pullback,0.01,1785.44,1782.3395415563682,1782.3395415563682,1782.3395415563682,False,0.51,3.17,14,1.55,0.646
ichi,SELL,2021-12-09 13:00:00,2021-12-09 14:15:00,4.84,tp,tenkan_momentum,0.01,1782.96,1778.124736552768,1786.1835089648214,1780.24,True,6.18,1.25,16,1.612,0.676
ichi,SELL,2021-12-09 16:45:00,2021-12-09 20:45:00,0.05,sl,kijun_pullback,0.01,1777.17,1777.12,1783.1598357434434,1777.12,True,3.7,3.94,49,2.995,1.243
ichi,SELL,2021-12-10 08:15:00,2021-12-10 08:25:00,1.44,gap,kijun_pullback,0.01,1774.42,1772.98,1777.2412652935716,1772.82,True,2.73,0.3,3,1.411,0.586
ichi,BUY,2021-12-10 17:15:00,2021-12-10 19:00:00,2.27,sl,tenkan_momentum,0.01,1781.77,1784.04,1775.729640096725,1784.04,True,4.69,1.05,22,3.02,1.25
ichi,BUY,2021-12-13 01:30:00,2021-12-13 03:50:00,2.5,sl,kijun_pullback,0.02,1784.56,1785.81,1782.1553310005736,1785.81,True,4.58,4.1,29,1.202,0.991
ichi,BUY,2021-12-13 07:30:00,2021-12-13 08:15:00,-4.37,sl,kijun_pullback,0.02,1786.43,1784.242635909349,1784.242635909349,1784.242635909349,False,0.0,4.52,10,1.094,0.896
ichi,BUY,2021-12-13 09:30:00,2021-12-13 10:45:00,1.8,sl,kijun_pullback,0.02,1785.88,1786.78,1783.4906413913288,1786.78,True,3.9,1.48,16,1.195,0.988
ichi,BUY,2021-12-13 12:15:00,2021-12-13 14:15:00,0.85,sl,tenkan_momentum,0.01,1786.57,1787.42,1783.8775694771837,1787.42,True,1.93,2.21,25,1.346,0.555
ichi,BUY,2021-12-14 04:00:00,2021-12-14 05:10:00,-4.71,sl,kijun_pullback,0.02,1788.57,1786.213023608869,1786.213023608869,1786.213023608869,False,1.92,5.22,15,1.178,0.969
ichi,BUY,2021-12-14 09:00:00,2021-12-14 09:35:00,-4.05,sl,kijun_pullback,0.02,1788.24,1786.2142964457955,1786.2142964457955,1786.2142964457955,False,0.32,4.7,8,1.013,0.841
ichi,SELL,2021-12-14 12:30:00,2021-12-14 15:25:00,2.26,gap,tenkan_momentum,0.01,1783.6,1781.3400000000001,1786.377008580431,1781.02,True,4.42,2.33,36,1.389,0.582
ichi,SELL,2021-12-14 15:30:00,2021-12-14 15:40:00,6.22,tp,kijun_pullback,0.01,1779.9,1773.6848622982786,1784.0434251344811,1778.24,True,6.64,1.68,3,2.072,0.864
ichi,SELL,2021-12-14 17:00:00,2021-12-14 17:50:00,1.73,sl,kijun_pullback,0.01,1775.87,1774.14,1781.842745097432,1774.14,True,4.37,0.94,11,2.986,1.229
ichi,SELL,2021-12-15 03:30:00,2021-12-15 06:00:00,1.54,sl,kijun_pullback,0.02,1771.58,1770.81,1773.912300558404,1770.81,True,3.4,3.76,31,1.166,0.956
ichi,SELL,2021-12-15 07:30:00,2021-12-15 07:45:00,0.1,sl,tenkan_momentum,0.02,1769.68,1769.63,1771.8809076757263,1769.63,True,2.56,0.96,4,1.1,0.9
ichi,SELL,2021-12-15 12:30:00,2021-12-15 14:00:00,-2.75,sl,kijun_pullback,0.01,1768.08,1770.8256155472031,1770.8256155472031,1770.8256155472031,False,0.16,3.0,19,1.373,0.561
ichi,SELL,2021-12-15 16:45:00,2021-12-15 17:45:00,0.05,sl,kijun_pullback,0.01,1767.2,1767.15,1771.899559914682,1767.15,True,2.47,3.41,13,2.35,0.966
ichi,BUY,2021-12-16 10:45:00,2021-12-16 13:25:00,1.21,sl,tenkan_momentum,0.01,1785.99,1787.2,1783.0099236563171,1787.2,True,2.4,1.27,33,1.49,0.612
ichi,BUY,2021-12-16 14:00:00,2021-12-16 14:00:00,-3.16,sl,tenkan_momentum,0.01,1787.5800000000002,1784.423867935521,1784.423867935521,1784.423867935521,False,0.0,3.37,1,1.578,0.647
ichi,BUY,2021-12-16 15:45:00,2021-12-16 16:15:00,2.35,sl,kijun_pullback,0.01,1786.66,1789.01,1782.0454744257224,1789.01,True,4.35,0.95,7,2.307,0.952
ichi,BUY,2021-12-17 07:30:00,2021-12-17 08:45:00,1.71,sl,tenkan_momentum,0.01,1803.53,1805.24,1800.5676878623808,1805.24,True,2.89,0.67,16,1.481,0.608
ichi,BUY,2021-12-17 12:30:00,2021-12-17 14:40:00,2.38,sl,tenkan_momentum,0.01,1808.3300000000002,1810.71,1805.136902877975,1810.71,True,3.66,2.4,27,1.597,0.653
ichi,BUY,2021-12-17 14:45:00,2021-12-17 15:35:00,0.93,sl,tenkan_momentum,0.01,1811.64,1812.57,1808.266086429425,1812.57,True,2.64,0.73,11,1.687,0.687
ichi,SELL,2021-12-20 15:00:00,2021-12-20 15:30:00,1.57,sl,kijun_pullback,0.01,1797.54,1795.97,1800.8145047561293,1795.97,True,3.13,2.9,7,1.637,0.665
ichi,SELL,2021-12-20 16:45:00,2021-12-20 17:00:00,0.05,sl,tenkan_momentum,0.01,1794.6,1794.55,1799.283331929812,1794.55,True,2.66,2.29,4,2.342,0.949
ichi,SELL,2021-12-20 18:15:00,2021-12-20 22:20:00,4.38,sl,kijun_pullback,0.01,1795.3,1790.92,1800.2066885514332,1790.92,True,6.34,0.97,50,2.453,0.994
ichi,SELL,2021-12-21 02:45:00,2021-12-21 07:30:00,-2.81,sl,kijun_pullback,0.01,1790.55,1793.3572643293255,1793.3572643293255,1793.3572643293255,False,1.01,2.96,58,1.404,0.564
ichi,SELL,2021-12-21 09:00:00,2021-12-21 09:20:00,0.05,sl,kijun_pullback,0.01,1790.97,1790.92,1793.6523066400932,1790.92,True,1.41,1.36,5,1.341,0.542
ichi,BUY,2021-12-21 16:00:00,2021-12-21 16:15:00,-3.58,sl,kijun_pullback,0.01,1798.1200000000001,1794.535174916057,1794.535174916057,1794.535174916057,False,0.28,3.75,4,1.792,0.724
ichi,SELL,2021-12-22 08:45:00,2021-12-22 09:15:00,1.38,sl,kijun_pullback,0.02,1787.99,1787.3,1789.941183153962,1787.3,True,2.94,1.16,7,0.976,0.794
ichi,SELL,2021-12-22 10:30:00,2021-12-22 12:05:00,-4.89,sl,kijun_pullback,0.02,1786.84,1789.2838579312047,1789.2838579312047,1789.2838579312047,False,1.56,5.66,20,1.222,0.991
ichi,BUY,2021-12-23 05:00:00,2021-12-23 07:45:00,0.05,sl,tenkan_momentum,0.01,1806.9,1806.95,1804.2783928417753,1806.95,True,1.39,1.94,34,1.311,0.537
ichi,BUY,2021-12-23 08:15:00,2021-12-23 11:55:00,0.1,sl,kijun_pullback,0.02,1806.76,1806.81,1804.3781976820105,1806.81,True,2.54,3.94,45,1.191,0.976
ichi,BUY,2021-12-23 15:30:00,2021-12-23 15:40:00,0.05,sl,kijun_pullback,0.01,1808.3300000000002,1808.38,1805.3234211892882,1808.38,True,1.7,1.66,3,1.503,0.616
ichi,BUY,2021-12-27 01:15:00,2021-12-27 03:35:00,2.46,sl,kijun_pullback,0.01,1808.25,1810.71,1805.7992337418814,1810.71,True,3.44,1.69,29,1.225,0.502
ichi,BUY,2021-12-27 07:15:00,2021-12-27 09:30:00,-4.68,sl,tenkan_momentum,0.02,1810.77,1808.4281128330238,1808.4281128330238,1808.4281128330238,False,0.0,5.86,28,1.171,0.954
ichi,BUY,2021-12-28 15:30:00,2021-12-28 16:05:00,-2.8,sl,kijun_pullback,0.01,1818.92,1816.123603720328,1816.123603720328,1816.123603720328,False,1.26,7.47,8,1.398,0.575
ichi,SELL,2021-12-29 04:30:00,2021-12-29 04:55:00,-2.47,sl,kijun_pullback,0.01,1805.1,1807.5683247665752,1807.5683247665752,1807.5683247665752,False,0.05,2.71,6,1.234,0.511
ichi,SELL,2021-12-29 10:15:00,2021-12-29 12:25:00,7.14,tp,kijun_pullback,0.02,1802.55,1798.9783306207821,1804.9311129194784,1801.23,True,7.44,4.1,27,1.191,0.99
ichi,BUY,2021-12-31 04:00:00,2021-12-31 05:25:00,1.09,sl,kijun_pullback,0.01,1816.66,1817.75,1814.0717657081186,1817.75,True,2.16,2.09,18,1.294,0.53
ichi,BUY,2021-12-31 10:45:00,2021-12-31 11:30:00,1.15,sl,tenkan_momentum,0.01,1817.97,1819.12,1815.4808336468375,1819.12,True,2.15,0.28,10,1.245,0.509
ichi,BUY,2021-12-31 15:15:00,2021-12-31 15:40:00,4.53,tp,kijun_pullback,0.01,1822.72,1827.2467851894012,1819.702143207066,1826.03,True,4.75,1.15,6,1.509,0.615
ichi,BUY,2021-12-31 18:45:00,2022-01-03 01:15:00,4.5,sl,kijun_pullback,0.01,1825.6000000000001,1830.1,1821.2991606336716,1830.1,True,6.22,0.95,30,2.15,0.869
ichi,SELL,2022-01-04 14:15:00,2022-01-04 14:30:00,1.75,sl,kijun_pullback,0.01,1801.99,1800.24,1805.8250822639138,1800.24,True,3.28,0.63,4,1.918,0.768
ichi,BUY,2022-01-05 02:30:00,2022-01-05 04:05:00,0.1,sl,kijun_pullback,0.02,1814.25,1814.3,1811.9723145338314,1814.3,True,2.38,3.12,20,1.139,0.909
ichi,BUY,2022-01-05 05:15:00,2022-01-05 08:30:00,1.18,sl,kijun_pullback,0.02,1815.56,1816.15,1813.2674715471169,1816.15,True,3.02,2.7,40,1.146,0.915
ichi,BUY,2022-01-05 15:30:00,2022-01-05 15:45:00,4.22,sl,kijun_pullback,0.01,1821.3400000000001,1825.56,1816.7824896526708,1825.56,True,6.55,0.2,4,2.279,0.907
ichi,BUY,2022-01-05 17:30:00,2022-01-05 19:50:00,0.05,sl,kijun_pullback,0.01,1823.0,1823.05,1817.9159716097176,1823.05,True,2.58,2.57,29,2.542,1.004
ichi,SELL,2022-01-06 07:45:00,2022-01-06 08:25:00,1.31,sl,kijun_pullback,0.01,1804.26,1802.95,1807.3561863236994,1802.95,True,2.55,0.29,9,1.548,0.611
ichi,SELL,2022-01-06 14:15:00,2022-01-06 14:55:00,7.32,tp,kijun_pullback,0.01,1799.47,1792.1479500742967,1804.3513666171357,1796.58,True,7.53,1.19,9,2.441,0.961
ichi,SELL,2022-01-06 19:45:00,2022-01-06 21:25:00,2.71,sl,kijun_pullback,0.01,1791.62,1788.91,1797.1414468463904,1788.91,True,4.92,0.71,21,2.761,1.071
ichi,SELL,2022-01-07 09:45:00,2022-01-07 10:25:00,0.1,sl,tenkan_momentum,0.02,1789.35,1789.3,1791.8574421345165,1789.3,True,2.66,2.16,9,1.254,0.968
ichi,SELL,2022-01-07 11:15:00,2022-01-07 11:40:00,-2.95,sl,tenkan_momentum,0.01,1789.69,1792.6431725888374,1792.6431725888374,1792.6431725888374,False,0.14,3.72,6,1.477,0.57
ichi,SELL,2022-01-07 16:00:00,2022-01-07 19:00:00,-5.95,sl,kijun_pullback,0.01,1789.21,1795.1560595452956,1795.1560595452956,1795.1560595452956,False,2.46,6.19,37,2.973,1.154
ichi,SELL,2022-01-10 10:15:00,2022-01-10 10:30:00,-3.02,sl,kijun_pullback,0.01,1792.56,1795.5791251741643,1795.5791251741643,1795.5791251741643,False,0.2,3.23,4,1.51,0.593
ichi,SELL,2022-01-10 17:00:00,2022-01-10 18:00:00,0.05,sl,kijun_pullback,0.01,1794.23,1794.18,1799.1167649182223,1794.18,True,2.52,1.9,13,2.443,0.965
ichi,BUY,2022-01-11 03:15:00,2022-01-11 05:35:00,1.54,sl,kijun_pullback,0.01,1804.96,1806.5,1801.9536893734078,1806.5,True,2.88,0.59,29,1.503,0.594
ichi,BUY,2022-01-11 10:30:00,2022-01-11 11:45:00,-2.8,sl,tenkan_momentum,0.01,1809.6200000000001,1806.8150733622836,1806.8150733622836,1806.8150733622836,False,0.61,3.08,16,1.402,0.552
ichi,BUY,2022-01-11 18:00:00,2022-01-11 19:00:00,2.66,sl,kijun_pullback,0.01,1811.92,1814.58,1806.4669261894267,1814.58,True,4.84,1.85,13,2.727,1.08
ichi,BUY,2022-01-12 15:45:00,2022-01-12 16:00:00,-4.03,sl,kijun_pullback,0.01,1823.93,1819.8984571124504,1819.8984571124504,1819.8984571124504,False,0.0,4.47,4,2.016,0.794
ichi,BUY,2022-01-12 17:15:00,2022-01-12 20:55:00,2.04,sl,tenkan_momentum,0.01,1824.06,1826.1,1819.495960819696,1826.1,True,3.87,3.94,45,2.282,0.906
ichi,BUY,2022-01-13 07:45:00,2022-01-13 07:55:00,-4.45,sl,tenkan_momentum,0.02,1827.92,1825.6937543674862,1825.6937543674862,1825.6937543674862,False,0.02,4.52,3,1.113,0.881
ichi,BUY,2022-01-14 03:15:00,2022-01-14 03:40:00,1.49,sl,kijun_pullback,0.01,1822.0,1823.49,1819.268118800148,1823.49,True,2.58,0.94,6,1.366,0.545
ichi,SELL,2022-01-17 01:45:00,2022-01-17 02:35:00,1.17,sl,kijun_pullback,0.01,1817.17,1816.0,1820.0289815177814,1816.0,True,2.32,0.35,11,1.429,0.569
ichi,SELL,2022-01-17 03:45:00,2022-01-17 05:00:00,-3.02,sl,kijun_pullback,0.01,1815.69,1818.7079590657877,1818.7079590657877,1818.7079590657877,False,0.27,3.35,16,1.509,0.599
ichi,BUY,2022-01-17 12:00:00,2022-01-17 14:20:00,-4.22,sl,kijun_pullback,0.02,1821.71,1819.5997032863875,1819.5997032863875,1819.5997032863875,False,0.48,4.34,29,1.055,0.843
ichi,SELL,2022-01-17 17:15:00,2022-01-18 03:40:00,-4.71,sl,kijun_pullback,0.02,1819.24,1821.5972317031624,1821.5972317031624,1821.5972317031624,False,1.82,5.42,83,1.179,0.949
ichi,BUY,2022-01-18 03:45:00,2022-01-18 05:15:00,0.1,sl,kijun_pullback,0.02,1821.8400000000001,1821.89,1820.0573930635974,1821.89,True,1.88,1.52,19,0.891,0.725
ichi,SELL,2022-01-18 09:15:00,2022-01-18 09:45:00,-3.15,sl,kijun_pullback,0.01,1814.25,1817.4013853158694,1817.4013853158694,1817.4013853158694,False,0.34,3.16,7,1.576,0.641
ichi,SELL,2022-01-18 15:15:00,2022-01-18 15:30:00,-4.63,sl,kijun_pullback,0.01,1807.88,1812.5117411350793,1812.5117411350793,1812.5117411350793,False,1.89,9.39,4,2.316,0.947
ichi,SELL,2022-01-19 02:15:00,2022-01-19 05:40:00,1.14,sl,kijun_pullback,0.01,1812.79,1811.65,1815.7801356296106,1811.65,True,2.34,1.66,42,1.495,0.618
ichi,SELL,2022-01-19 06:45:00,2022-01-19 07:35:00,-4.59,sl,kijun_pullback,0.02,1811.73,1814.0243428863341,1814.0243428863341,1814.0243428863341,False,0.8,5.42,11,1.147,0.945
ichi,BUY,2022-01-19 17:15:00,2022-01-19 18:20:00,0.05,sl,kijun_pullback,0.01,1837.19,1837.24,1831.8980252531983,1837.24,True,3.06,1.54,14,2.646,1.101
ichi,BUY,2022-01-20 03:30:00,2022-01-20 04:15:00,-3.21,sl,kijun_pullback,0.01,1843.65,1840.440971947383,1840.440971947383,1840.440971947383,False,0.45,3.21,10,1.605,0.667
ichi,BUY,2022-01-20 15:30:00,2022-01-20 15:40:00,1.96,gap,kijun_pullback,0.01,1842.27,1844.23,1838.3578555194995,1844.84,True,4.65,0.32,3,1.956,0.819
ichi,BUY,2022-01-21 15:15:00,2022-01-21 16:25:00,4.02,sl,tenkan_momentum,0.01,1837.45,1841.47,1833.0172771010223,1841.47,True,5.79,0.61,15,2.216,0.924
ichi,BUY,2022-01-24 10:15:00,2022-01-24 11:15:00,2.44,gap,kijun_pullback,0.01,1840.3,1842.74,1837.189231667915,1843.14,True,4.08,0.65,13,1.555,0.643
ichi,BUY,2022-01-24 12:15:00,2022-01-24 12:30:00,-3.48,sl,kijun_pullback,0.01,1841.8600000000001,1838.378667545116,1838.378667545116,1838.378667545116,False,0.4,4.04,4,1.741,0.716
ichi,SELL,2022-01-24 16:45:00,2022-01-24 17:30:00,1.66,sl,kijun_pullback,0.01,1833.93,1832.27,1839.8146048062479,1832.27,True,4.01,2.28,10,2.942,1.219
ichi,BUY,2022-01-25 06:45:00,2022-01-25 09:35:00,0.1,sl,kijun_pullback,0.02,1842.19,1842.24,1839.84483530638,1842.24,True,2.38,3.4,35,1.173,0.969
ichi,SELL,2022-01-25 13:15:00,2022-01-25 15:00:00,-3.17,sl,kijun_pullback,0.01,1837.7,1840.8707871128804,1840.8707871128804,1840.8707871128804,False,0.44,4.13,22,1.585,0.655
ichi,BUY,2022-01-25 15:30:00,2022-01-25 16:45:00,5.85,tp,tenkan_momentum,0.01,1841.32,1847.169608954126,1837.4202606972492,1837.4202606972492,False,11.28,1.98,16,1.95,0.811
ichi,BUY,2022-01-25 17:00:00,2022-01-25 17:00:00,-6.5,sl,kijun_pullback,0.01,1850.5800000000002,1844.0785748120243,1844.0785748120243,1844.0785748120243,False,0.74,7.51,1,3.251,1.335
ichi,BUY,2022-01-26 15:45:00,2022-01-26 16:00:00,-3.8,sl,kijun_pullback,0.01,1846.5,1842.6985941928467,1842.6985941928467,1842.6985941928467,False,0.69,4.76,4,1.901,0.791
ichi,SELL,2022-01-27 05:30:00,2022-01-27 09:00:00,3.98,sl,kijun_pullback,0.01,1816.17,1812.19,1820.8874518455884,1812.19,True,6.02,1.21,43,2.359,0.99
ichi,SELL,2022-01-27 09:30:00,2022-01-27 10:20:00,0.05,sl,kijun_pullback,0.01,1812.38,1812.33,1816.7475293512127,1812.33,True,2.63,1.32,11,2.184,0.909
ichi,SELL,2022-01-27 14:00:00,2022-01-27 14:50:00,2.36,gap,kijun_pullback,0.01,1811.43,1809.07,1815.8528611414483,1808.93,True,4.27,2.5,11,2.211,0.92
ichi,SELL,2022-01-27 17:30:00,2022-01-27 18:25:00,4.53,sl,tenkan_momentum,0.01,1800.96,1796.43,1808.8892604534349,1796.43,True,8.48,0.25,12,3.965,1.641
ichi,SELL,2022-01-28 15:00:00,2022-01-28 15:15:00,-5.17,sl,kijun_pullback,0.01,1786.06,1791.2268317807059,1791.2268317807059,1791.2268317807059,False,1.21,6.85,4,2.583,1.06
ichi,SELL,2022-01-28 17:00:00,2022-01-28 17:45:00,0.05,sl,kijun_pullback,0.01,1786.56,1786.51,1793.9177126352135,1786.51,True,4.56,6.73,10,3.679,1.525
ichi,SELL,2022-01-31 09:30:00,2022-01-31 09:55:00,-2.6,sl,tenkan_momentum,0.01,1786.39,1788.9859050882076,1788.9859050882076,1788.9859050882076,False,0.0,3.1,6,1.298,0.538
ichi,BUY,2022-02-01 01:30:00,2022-02-01 07:45:00,4.62,tp,kijun_pullback,0.01,1798.07,1802.6941564914184,1794.987229005721,1801.19,True,4.96,2.3,76,1.541,0.642
ichi,BUY,2022-02-01 15:15:00,2022-02-01 15:30:00,-4.0,sl,kijun_pullback,0.01,1806.45,1802.450086512721,1802.450086512721,1802.450086512721,False,1.24,4.13,4,2.0,0.826
ichi,SELL,2022-02-02 09:30:00,2022-02-02 09:50:00,1.65,sl,tenkan_momentum,0.01,1797.45,1795.8,1799.9892986509124,1795.8,True,2.74,0.84,5,1.27,0.528
ichi,BUY,2022-02-02 17:15:00,2022-02-02 17:30:00,2.35,gap,kijun_pullback,0.01,1804.04,1806.39,1798.5737907793218,1808.46,True,6.61,0.24,4,2.733,1.134
ichi,BUY,2022-02-03 04:00:00,2022-02-03 04:25:00,-4.35,sl,tenkan_momentum,0.02,1808.77,1806.5939999652087,1806.5939999652087,1806.5939999652087,False,0.32,4.58,6,1.088,0.898
ichi,SELL,2022-02-03 15:15:00,2022-02-03 16:40:00,1.14,gap,kijun_pullback,0.01,1802.2,1801.06,1805.715607600438,1801.0,True,6.06,3.19,18,1.758,0.732
ichi,SELL,2022-02-03 16:45:00,2022-02-03 16:55:00,4.9,sl,kijun_pullback,0.01,1795.98,1791.08,1801.5287485053877,1791.08,True,7.12,0.58,3,2.774,1.153
ichi,BUY,2022-02-04 02:00:00,2022-02-04 04:50:00,0.05,sl,kijun_pullback,0.01,1806.0,1806.05,1803.4216941000118,1806.05,True,1.57,1.0,35,1.289,0.53
ichi,BUY,2022-02-04 07:15:00,2022-02-04 09:10:00,3.38,sl,kijun_pullback,0.02,1806.77,1808.46,1804.903405487997,1808.46,True,4.88,1.98,24,0.933,0.768
ichi,BUY,2022-02-04 11:00:00,2022-02-04 12:05:00,3.69,tp,kijun_pullback,0.01,1808.81,1812.496132236341,1806.3525785091058,1811.07,True,4.02,0.43,14,1.229,0.502
ichi,BUY,2022-02-04 15:15:00,2022-02-04 15:30:00,-3.13,sl,kijun_pullback,0.01,1813.8600000000001,1810.7266139279157,1810.7266139279157,1810.7266139279157,False,1.02,12.87,4,1.567,0.635
ichi,BUY,2022-02-07 03:15:00,2022-02-07 10:10:00,0.05,sl,kijun_pullback,0.01,1811.99,1812.04,1808.181097631508,1812.04,True,2.17,3.2,84,1.904,0.777
ichi,BUY,2022-02-07 12:00:00,2022-02-07 15:00:00,0.05,sl,tenkan_momentum,0.01,1812.64,1812.69,1809.7606869769031,1812.69,True,2.43,2.38,37,1.44,0.587
ichi,BUY,2022-02-07 16:15:00,2022-02-07 17:10:00,-3.87,sl,kijun_pullback,0.01,1815.99,1812.1219672204509,1812.1219672204509,1812.1219672204509,False,0.09,4.1,12,1.934,0.789
ichi,BUY,2022-02-07 18:30:00,2022-02-07 22:05:00,4.6,sl,kijun_pullback,0.01,1817.2,1821.8,1812.8496800619882,1821.8,True,6.34,0.46,44,2.175,0.894
ichi,BUY,2022-02-08 03:30:00,2022-02-08 05:35:00,0.1,sl,kijun_pullback,0.02,1822.19,1822.24,1819.9627367178605,1822.24,True,2.24,2.36,26,1.114,0.907
ichi,BUY,2022-02-08 15:15:00,2022-02-08 15:40:00,1.57,gap,tenkan_momentum,0.01,1819.99,1821.56,1817.2092970476178,1821.9,True,3.02,1.2,6,1.39,0.566
ichi,BUY,2022-02-08 16:45:00,2022-02-08 17:30:00,5.63,tp,kijun_pullback,0.01,1822.66,1828.2920167464938,1818.9053221690042,1825.85,True,5.67,2.28,10,1.877,0.762
ichi,BUY,2022-02-08 18:15:00,2022-02-08 22:35:00,0.05,sl,tenkan_momentum,0.01,1826.63,1826.68,1822.4219972111493,1826.68,True,2.12,1.76,53,2.104,0.844
ichi,BUY,2022-02-09 10:45:00,2022-02-09 15:00:00,6.82,tp,kijun_pullback,0.02,1827.99,1831.398588909542,1825.7176073936387,1825.7176073936387,False,9.14,4.52,52,1.136,0.912
ichi,BUY,2022-02-09 15:15:00,2022-02-09 15:30:00,0.05,sl,kijun_pullback,0.01,1830.48,1830.53,1827.5464065254796,1830.53,True,1.71,1.39,4,1.467,0.581
ichi,BUY,2022-02-10 01:45:00,2022-02-10 03:10:00,1.3,sl,kijun_pullback,0.02,1833.01,1833.66,1830.9370167727518,1833.66,True,2.96,2.92,18,1.036,0.821
ichi,BUY,2022-02-10 08:45:00,2022-02-10 09:45:00,1.05,gap,tenkan_momentum,0.03,1834.76,1835.11,1833.204604142575,1835.4,True,3.78,3.0,13,0.778,0.921
ichi,SELL,2022-02-11 06:45:00,2022-02-11 07:05:00,0.05,sl,kijun_pullback,0.01,1824.82,1824.77,1827.6510646576357,1824.77,True,1.52,0.27,5,1.416,0.558
ichi,SELL,2022-02-11 08:45:00,2022-02-11 09:50:00,-2.72,sl,tenkan_momentum,0.01,1822.41,1825.1303030709635,1825.1303030709635,1825.1303030709635,False,1.29,4.05,14,1.36,0.536
ichi,BUY,2022-02-14 15:30:00,2022-02-14 16:25:00,3.44,sl,tenkan_momentum,0.01,1857.48,1860.92,1851.8325436020193,1860.92,True,5.7,2.15,12,2.824,1.118
ichi,BUY,2022-02-15 03:45:00,2022-02-15 04:45:00,5.41,tp,kijun_pullback,0.01,1871.31,1876.7192663107949,1867.70382245947,1875.25,True,5.52,0.86,13,1.803,0.709
ichi,SELL,2022-02-15 17:30:00,2022-02-15 18:35:00,0.05,sl,kijun_pullback,0.01,1850.85,1850.8,1858.9624808738415,1850.8,True,4.12,0.82,14,4.056,1.579
ichi,SELL,2022-02-15 19:30:00,2022-02-16 09:05:00,-6.8,sl,kijun_pullback,0.01,1850.14,1856.9382601708612,1856.9382601708612,1856.9382601708612,False,0.0,6.81,150,3.399,1.323
ichi,SELL,2022-02-16 15:30:00,2022-02-16 15:45:00,-4.24,sl,kijun_pullback,0.01,1853.5,1857.7381014755242,1857.7381014755242,1857.7381014755242,False,1.72,4.85,4,2.119,0.836
ichi,BUY,2022-02-17 06:00:00,2022-02-17 07:05:00,-4.03,sl,kijun_pullback,0.01,1875.1000000000001,1871.0679022629326,1871.0679022629326,1871.0679022629326,False,1.15,4.63,14,2.016,0.802
ichi,BUY,2022-02-17 07:45:00,2022-02-17 08:25:00,0.05,sl,tenkan_momentum,0.01,1874.76,1874.81,1870.1600706433208,1874.81,True,2.38,1.5,9,2.3,0.922
ichi,BUY,2022-02-17 10:30:00,2022-02-17 11:35:00,6.19,sl,kijun_pullback,0.01,1884.56,1890.75,1877.852331281245,1890.75,True,8.87,3.3,14,3.354,1.345
ichi,BUY,2022-02-17 14:15:00,2022-02-17 15:30:00,8.5,tp,kijun_pullback,0.01,1885.98,1894.4827237712059,1880.3115174858629,1891.09,True,9.11,0.81,16,2.834,1.122
ichi,BUY,2022-02-17 16:15:00,2022-02-17 16:35:00,0.05,sl,kijun_pullback,0.01,1889.55,1889.6,1881.607609966195,1889.6,True,4.47,3.34,5,3.971,1.547
ichi,BUY,2022-02-18 16:45:00,2022-02-18 17:40:00,-5.59,sl,tenkan_momentum,0.01,1897.74,1892.1508731248355,1892.1508731248355,1892.1508731248355,False,0.46,7.36,12,2.795,1.088
ichi,BUY,2022-02-18 18:15:00,2022-02-21 01:25:00,9.47,tp,tenkan_momentum,0.01,1895.44,1904.9077938062555,1889.1281374624964,1901.92,True,9.82,2.88,73,3.156,1.243
ichi,BUY,2022-02-21 16:00:00,2022-02-21 20:05:00,1.0,gap,kijun_pullback,0.01,1896.15,1897.15,1891.2355431460883,1897.57,True,3.39,3.67,50,2.457,0.95
ichi,BUY,2022-02-22 03:45:00,2022-02-22 09:45:00,0.05,sl,tenkan_momentum,0.01,1910.2,1910.25,1904.1230372870973,1910.25,True,3.16,3.84,73,3.038,1.172
ichi,BUY,2022-02-22 10:15:00,2022-02-22 10:25:00,-5.27,sl,kijun_pullback,0.01,1910.93,1905.6578671242441,1905.6578671242441,1905.6578671242441,False,0.14,7.11,3,2.636,1.017
ichi,SELL,2022-02-23 08:15:00,2022-02-23 09:00:00,-2.85,sl,tenkan_momentum,0.01,1894.88,1897.732406606834,1897.732406606834,1897.732406606834,False,0.0,3.7,10,1.426,0.556
ichi,SELL,2022-02-23 10:00:00,2022-02-23 10:55:00,1.25,sl,tenkan_momentum,0.01,1894.84,1893.59,1898.0605384169737,1893.59,True,2.54,3.01,12,1.61,0.631
ichi,SELL,2022-02-23 12:30:00,2022-02-23 15:00:00,-4.14,sl,kijun_pullback,0.01,1893.94,1898.077742495377,1898.077742495377,1898.077742495377,False,0.25,4.18,31,2.069,0.809
ichi,BUY,2022-02-24 03:30:00,2022-02-24 04:50:00,6.3,tp,tenkan_momentum,0.01,1912.6000000000001,1918.8982024517472,1908.401198365502,1916.31,True,8.34,0.54,17,2.099,0.827
ichi,BUY,2022-02-24 14:45:00,2022-02-24 16:30:00,-12.33,sl,kijun_pullback,0.01,1963.54,1951.2063477928814,1951.2063477928814,1951.2063477928814,False,3.65,21.31,22,6.167,2.401
ichi,SELL,2022-02-28 11:15:00,2022-02-28 12:50:00,-7.22,sl,kijun_pullback,0.01,1899.23,1906.4481123755077,1906.4481123755077,1906.4481123755077,False,0.56,9.66,20,3.609,1.44
ichi,BUY,2022-02-28 17:15:00,2022-02-28 17:50:00,-9.23,sl,kijun_pullback,0.01,1914.77,1905.5395668346944,1905.5395668346944,1905.5395668346944,False,2.11,9.36,8,4.615,1.868
ichi,BUY,2022-03-01 09:00:00,2022-03-01 10:35:00,5.08,tp,tenkan_momentum,0.01,1907.98,1913.0565569211415,1904.5956287192391,1910.99,True,5.61,1.72,20,1.692,0.698
ichi,BUY,2022-03-01 15:15:00,2022-03-01 17:00:00,4.62,sl,kijun_pullback,0.01,1919.42,1924.04,1911.9467123937993,1924.04,True,7.61,7.06,22,3.737,1.525
ichi,BUY,2022-03-02 09:15:00,2022-03-02 09:55:00,4.29,sl,tenkan_momentum,0.01,1941.21,1945.5,1935.2793830804465,1945.5,True,6.66,2.04,9,2.965,1.199
ichi,BUY,2022-03-02 17:15:00,2022-03-02 18:05:00,-10.65,sl,tenkan_momentum,0.01,1931.71,1921.0585210778686,1921.0585210778686,1921.0585210778686,False,3.87,10.92,11,5.326,2.135
ichi,BUY,2022-03-03 04:45:00,2022-03-03 06:40:00,-4.65,sl,kijun_pullback,0.01,1928.8,1924.15307204916,1924.15307204916,1924.15307204916,False,1.81,5.12,24,2.323,0.952
ichi,BUY,2022-03-03 09:45:00,2022-03-03 10:05:00,2.64,gap,tenkan_momentum,0.01,1929.73,1932.37,1924.5356936078083,1932.51,True,4.86,1.53,5,2.597,1.074
ichi,BUY,2022-03-03 11:15:00,2022-03-03 12:35:00,2.9,sl,kijun_pullback,0.01,1930.0,1932.9,1923.4687091604862,1932.9,True,5.51,6.3,17,3.266,1.343
ichi,SELL,2022-03-03 17:00:00,2022-03-03 20:30:00,-8.12,sl,tenkan_momentum,0.01,1926.72,1934.844062531082,1934.844062531082,1934.844062531082,False,3.23,8.67,43,4.062,1.661
ichi,BUY,2022-03-04 02:15:00,2022-03-04 02:25:00,1.82,sl,kijun_pullback,0.01,1939.4,1941.22,1934.135163960306,1941.22,True,3.93,0.22,3,2.632,1.094
ichi,BUY,2022-03-04 11:15:00,2022-03-04 12:05:00,3.29,sl,kijun_pullback,0.01,1941.56,1944.85,1935.7853378975417,1944.85,True,5.6,1.39,11,2.887,1.196
ichi,BUY,2022-03-04 16:00:00,2022-03-04 16:35:00,10.15,tp,tenkan_momentum,0.01,1947.16,1957.3121782654246,1940.3918811563838,1953.08,True,12.05,1.68,8,3.384,1.392
ichi,BUY,2022-03-08 10:30:00,2022-03-08 14:50:00,4.81,sl,kijun_pullback,0.01,2006.17,2010.98,1994.557958652005,2010.98,True,9.45,7.0,53,5.806,2.34
ichi,BUY,2022-03-08 16:45:00,2022-03-08 17:05:00,20.96,tp,kijun_pullback,0.01,2028.26,2049.215871650767,2014.2894188994885,2036.61,True,35.26,0.82,5,6.985,2.788
ichi,BUY,2022-03-09 04:00:00,2022-03-09 05:00:00,8.52,sl,kijun_pullback,0.01,2042.13,2050.65,2030.2645179794154,2050.65,True,13.27,1.68,13,5.933,2.273
ichi,SELL,2022-03-10 03:15:00,2022-03-10 05:20:00,0.05,sl,tenkan_momentum,0.01,1977.01,1976.96,1987.2920506725984,1976.96,True,6.55,0.72,26,5.141,1.938
ichi,SELL,2022-03-11 04:00:00,2022-03-11 07:20:00,6.09,sl,kijun_pullback,0.01,1992.46,1986.37,1999.4177112496818,1986.37,True,8.87,4.13,41,3.479,1.311
ichi,SELL,2022-03-11 13:30:00,2022-03-11 13:45:00,6.83,gap,kijun_pullback,0.01,1980.82,1973.99,1990.561240386922,1973.52,True,11.25,2.86,4,4.871,1.815
ichi,SELL,2022-03-14 01:30:00,2022-03-14 02:35:00,0.05,sl,tenkan_momentum,0.01,1975.04,1974.99,1984.3853326066042,1974.99,True,4.94,1.95,14,4.673,1.719
ichi,SELL,2022-03-14 07:45:00,2022-03-14 10:10:00,2.86,gap,kijun_pullback,0.01,1973.4,1970.54,1979.1818098042513,1970.32,True,5.39,5.3,30,2.891,1.064
ichi,SELL,2022-03-14 10:15:00,2022-03-14 11:05:00,2.36,sl,kijun_pullback,0.01,1969.81,1967.45,1976.2516724710697,1967.45,True,4.94,3.28,11,3.221,1.179
ichi,SELL,2022-03-14 15:15:00,2022-03-14 16:00:00,0.44,gap,tenkan_momentum,0.01,1959.53,1959.0900000000001,1968.740901654839,1953.58,True,9.63,4.17,10,4.605,1.678
ichi,SELL,2022-03-14 16:45:00,2022-03-15 02:05:00,6.5,gap,kijun_pullback,0.01,1956.77,1950.27,1967.2458358955575,1950.01,True,10.95,5.4,99,5.238,1.907
ichi,SELL,2022-03-15 02:15:00,2022-03-15 03:00:00,0.05,sl,tenkan_momentum,0.01,1949.4,1949.35,1955.0446331984015,1949.35,True,3.27,2.53,10,2.822,1.016
ichi,SELL,2022-03-15 10:00:00,2022-03-15 13:05:00,5.27,gap,tenkan_momentum,0.01,1929.23,1923.96,1937.0747759660526,1923.63,True,8.74,6.2,38,3.922,1.411
ichi,SELL,2022-03-15 13:10:00,2022-03-15 14:40:00,0.05,sl,kijun_pullback,0.01,1924.27,1924.22,1933.096648206482,1924.22,True,4.74,4.67,19,4.413,1.573
ichi,SELL,2022-03-15 16:15:00,2022-03-15 17:55:00,-11.44,sl,kijun_pullback,0.01,1912.23,1923.6710045574646,1923.6710045574646,1923.6710045574646,False,4.98,15.17,21,5.721,2.039
ichi,SELL,2022-03-16 08:15:00,2022-03-16 08:40:00,2.97,sl,tenkan_momentum,0.01,1917.59,1914.62,1921.8985839647617,1914.62,True,4.81,0.42,6,2.154,0.784
ichi,SELL,2022-03-16 09:45:00,2022-03-16 10:20:00,1.51,sl,tenkan_momentum,0.01,1915.68,1914.17,1920.7032692450596,1914.17,True,3.81,1.53,8,2.512,0.909
ichi,SELL,2022-03-16 16:15:00,2022-03-16 16:25:00,2.32,sl,kijun_pullback,0.01,1911.32,1909.0,1920.0749929626572,1909.0,True,7.24,0.75,3,4.377,1.58
ichi,SELL,2022-03-16 20:15:00,2022-03-16 20:25:00,5.55,gap,kijun_pullback,0.01,1909.38,1903.8300000000002,1919.607181578579,1899.3,True,14.17,0.2,3,5.114,1.838
ichi,BUY,2022-03-17 09:45:00,2022-03-17 10:35:00,7.65,tp,kijun_pullback,0.01,1933.92,1941.5706622902696,1928.8195584731536,1938.82,True,8.17,0.9,11,2.55,0.907
ichi,BUY,2022-03-17 11:15:00,2022-03-17 11:50:00,3.67,sl,kijun_pullback,0.01,1937.29,1940.96,1931.6669246357603,1940.96,True,5.92,2.53,8,2.812,0.987
ichi,BUY,2022-03-17 15:45:00,2022-03-17 17:05:00,3.12,sl,tenkan_momentum,0.01,1943.03,1946.15,1934.0672957878733,1946.15,True,6.71,3.36,17,4.481,1.563
ichi,SELL,2022-03-18 08:15:00,2022-03-18 10:30:00,-5.06,sl,tenkan_momentum,0.01,1932.22,1937.2768450694934,1937.2768450694934,1937.2768450694934,False,0.52,5.15,28,2.528,0.877
ichi,SELL,2022-03-18 15:30:00,2022-03-18 15:30:00,-8.79,sl,kijun_pullback,0.01,1927.17,1935.964761177491,1935.964761177491,1935.964761177491,False,0.64,8.86,1,4.397,1.539
ichi,SELL,2022-03-21 11:30:00,2022-03-21 12:00:00,-4.16,sl,tenkan_momentum,0.01,1923.28,1927.437013667479,1927.437013667479,1927.437013667479,False,0.52,4.68,7,2.079,0.739
ichi,SELL,2022-03-21 15:15:00,2022-03-21 15:30:00,1.36,gap,tenkan_momentum,0.01,1922.97,1921.6100000000001,1928.331227823067,1920.03,True,5.08,1.76,4,2.681,0.96
ichi,SELL,2022-03-22 15:00:00,2022-03-22 15:35:00,4.61,sl,kijun_pullback,0.01,1927.99,1923.38,1933.5476295128374,1923.38,True,6.83,0.38,8,2.779,0.993
ichi,SELL,2022-03-23 03:15:00,2022-03-23 04:30:00,-4.3,sl,kijun_pullback,0.01,1919.05,1923.346372403491,1923.346372403491,1923.346372403491,False,0.61,4.88,16,2.148,0.761
ichi,BUY,2022-03-23 16:30:00,2022-03-23 17:00:00,0.05,sl,kijun_pullback,0.01,1930.82,1930.87,1924.5794525288766,1930.87,True,3.4,2.44,7,3.12,1.114
ichi,BUY,2022-03-24 12:30:00,2022-03-24 13:40:00,6.81,tp,kijun_pullback,0.01,1946.4,1953.2149949285251,1941.8566700476501,1941.8566700476501,False,7.15,3.6,15,2.272,0.811
ichi,BUY,2022-03-24 15:00:00,2022-03-24 15:35:00,4.21,sl,kijun_pullback,0.01,1949.48,1953.69,1942.2143245761183,1953.69,True,7.73,3.03,8,3.633,1.281
ichi,BUY,2022-03-25 04:15:00,2022-03-25 07:05:00,-4.18,sl,tenkan_momentum,0.01,1962.93,1958.7541004466877,1958.7541004466877,1958.7541004466877,False,1.44,4.53,35,2.088,0.731
ichi,BUY,2022-03-25 18:15:00,2022-03-28 04:15:00,-7.7,sl,tenkan_momentum,0.01,1958.96,1951.2554860661994,1951.2554860661994,1951.2554860661994,False,0.0,8.21,95,3.852,1.359
ichi,SELL,2022-03-28 14:45:00,2022-03-28 15:10:00,-6.4,sl,tenkan_momentum,0.01,1929.51,1935.911293761457,1935.911293761457,1935.911293761457,False,2.07,9.13,6,3.201,1.144
ichi,SELL,2022-03-29 15:30:00,2022-03-29 15:40:00,3.46,sl,kijun_pullback,0.01,1897.45,1893.99,1906.8813524969403,1893.99,True,7.23,0.68,3,4.716,1.706
ichi,SELL,2022-03-30 12:00:00,2022-03-30 14:35:00,-5.65,sl,tenkan_momentum,0.01,1919.35,1924.9971672353124,1924.9971672353124,1924.9971672353124,False,1.91,5.98,32,2.824,1.015
ichi,BUY,2022-03-30 16:45:00,2022-03-30 18:05:00,2.76,sl,kijun_pullback,0.01,1932.79,1935.55,1925.6307598109047,1935.55,True,5.66,3.17,17,3.58,1.3
ichi,SELL,2022-03-31 07:00:00,2022-03-31 07:30:00,2.54,sl,tenkan_momentum,0.01,1925.07,1922.53,1929.4345955351291,1922.53,True,4.32,0.64,7,2.182,0.788
ichi,SELL,2022-04-01 16:00:00,2022-04-01 16:20:00,0.05,sl,kijun_pullback,0.01,1927.35,1927.3,1934.576978728779,1927.3,True,4.61,1.04,5,3.613,1.3
ichi,SELL,2022-04-01 17:30:00,2022-04-01 17:40:00,0.05,sl,tenkan_momentum,0.01,1924.88,1924.83,1933.6488742003332,1924.83,True,5.94,0.65,3,4.384,1.577
ichi,SELL,2022-04-01 19:00:00,2022-04-01 20:50:00,4.39,sl,kijun_pullback,0.01,1925.87,1921.48,1933.9179285031687,1921.48,True,7.61,1.36,23,4.024,1.447
ichi,SELL,2022-04-04 01:15:00,2022-04-04 06:35:00,2.61,sl,kijun_pullback,0.01,1923.19,1920.58,1928.2379058865768,1920.58,True,4.74,3.89,65,2.524,0.9
ichi,BUY,2022-04-04 16:30:00,2022-04-04 16:45:00,0.91,gap,kijun_pullback,0.01,1931.81,1932.72,1925.7647319110552,1934.4,True,5.01,1.06,4,3.023,1.073
ichi,BUY,2022-04-05 01:15:00,2022-04-05 04:35:00,-3.78,sl,kijun_pullback,0.01,1933.3700000000001,1929.5912105802406,1929.5912105802406,1929.5912105802406,False,0.48,3.85,41,1.889,0.67
ichi,SELL,2022-04-05 11:30:00,2022-04-05 11:55:00,-3.77,sl,kijun_pullback,0.01,1928.19,1931.958262007262,1931.958262007262,1931.958262007262,False,1.52,4.12,6,1.884,0.673
ichi,SELL,2022-04-05 15:15:00,2022-04-05 15:25:00,-4.71,sl,tenkan_momentum,0.01,1926.18,1930.8939418587722,1930.8939418587722,1930.8939418587722,False,1.05,4.85,3,2.357,0.847
ichi,BUY,2022-04-05 17:15:00,2022-04-05 17:45:00,-7.46,sl,kijun_pullback,0.01,1934.82,1927.3575681057168,1927.3575681057168,1927.3575681057168,False,0.5,7.6,7,3.731,1.352
ichi,SELL,2022-04-06 02:15:00,2022-04-06 04:00:00,2.34,gap,kijun_pullback,0.01,1922.19,1919.8500000000001,1926.4735635887932,1919.63,True,5.03,0.83,22,2.142,0.787
ichi,SELL,2022-04-06 10:15:00,2022-04-06 10:40:00,-4.78,sl,kijun_pullback,0.01,1916.83,1921.6074533250141,1921.6074533250141,1921.6074533250141,False,0.59,6.52,6,2.389,0.874
ichi,BUY,2022-04-06 17:15:00,2022-04-06 21:00:00,-7.54,sl,kijun_pullback,0.01,1927.07,1919.5317332004654,1919.5317332004654,1919.5317332004654,False,2.45,7.91,46,3.769,1.391
ichi,SELL,2022-04-07 06:30:00,2022-04-07 08:35:00,0.05,sl,tenkan_momentum,0.01,1922.81,1922.76,1927.0453376170908,1922.76,True,2.14,1.08,26,2.118,0.793
ichi,BUY,2022-04-07 11:15:00,2022-04-07 11:45:00,0.05,sl,tenkan_momentum,0.01,1926.3600000000001,1926.41,1922.4854236575623,1926.41,True,2.08,0.44,7,1.937,0.725
ichi,BUY,2022-04-07 14:15:00,2022-04-07 14:35:00,1.54,sl,kijun_pullback,0.01,1927.43,1928.97,1923.5648738224152,1928.97,True,3.09,0.3,5,1.933,0.723
ichi,BUY,2022-04-07 16:15:00,2022-04-07 16:45:00,0.05,sl,kijun_pullback,0.01,1929.22,1929.27,1923.8449339294618,1929.27,True,3.0,2.46,7,2.688,1.003
ichi,BUY,2022-04-08 04:15:00,2022-04-08 05:25:00,-3.83,sl,tenkan_momentum,0.01,1934.49,1930.660957180929,1930.660957180929,1930.660957180929,False,0.8,4.14,15,1.915,0.714
ichi,BUY,2022-04-08 12:00:00,2022-04-08 13:45:00,1.4,sl,tenkan_momentum,0.01,1931.79,1933.19,1928.2285903665327,1933.19,True,2.82,0.77,22,1.781,0.669
ichi,BUY,2022-04-08 14:15:00,2022-04-08 15:10:00,5.26,tp,kijun_pullback,0.01,1932.3,1937.556947663186,1928.7953682245425,1934.22,True,6.5,0.78,12,1.752,0.657
ichi,BUY,2022-04-08 16:30:00,2022-04-08 16:45:00,3.65,sl,kijun_pullback,0.01,1934.8300000000002,1938.48,1928.6272869674378,1938.48,True,6.13,0.29,4,3.101,1.151
ichi,BUY,2022-04-11 04:15:00,2022-04-11 04:35:00,-3.95,sl,kijun_pullback,0.01,1946.71,1942.763317998443,1942.763317998443,1942.763317998443,False,0.63,4.08,5,1.973,0.727
ichi,BUY,2022-04-11 11:15:00,2022-04-11 11:25:00,4.19,sl,tenkan_momentum,0.01,1948.95,1953.14,1943.423410167449,1953.14,True,6.4,0.82,3,2.763,1.026
ichi,BUY,2022-04-12 15:15:00,2022-04-12 15:30:00,8.43,tp,tenkan_momentum,0.01,1959.56,1967.9856217816562,1953.942918812229,1953.942918812229,False,8.76,4.3,4,2.809,1.035
ichi,BUY,2022-04-12 17:30:00,2022-04-12 18:00:00,7.91,sl,tenkan_momentum,0.01,1967.2,1975.11,1958.299292275678,1975.11,True,11.48,0.25,7,4.45,1.615
ichi,BUY,2022-04-13 10:45:00,2022-04-13 11:00:00,0.05,sl,kijun_pullback,0.01,1970.05,1970.1,1965.3587142595086,1970.1,True,2.76,0.37,4,2.346,0.839
ichi,BUY,2022-04-13 15:30:00,2022-04-13 16:40:00,0.05,sl,kijun_pullback,0.01,1975.9,1975.95,1969.5080295915075,1975.95,True,4.74,3.24,15,3.196,1.143
ichi,BUY,2022-04-13 17:15:00,2022-04-14 09:45:00,-7.0,sl,kijun_pullback,0.01,1978.21,1971.210019011978,1971.210019011978,1971.210019011978,False,3.38,7.66,185,3.5,1.252
ichi,BUY,2022-04-14 15:30:00,2022-04-14 16:10:00,0.05,sl,kijun_pullback,0.01,1974.56,1974.61,1968.7732331070195,1974.61,True,2.9,4.62,9,2.893,1.048
ichi,BUY,2022-04-18 09:00:00,2022-04-18 09:55:00,3.81,sl,kijun_pullback,0.01,1985.2,1989.01,1980.7783661409342,1989.01,True,5.58,1.54,12,2.211,0.801
ichi,BUY,2022-04-18 14:30:00,2022-04-18 15:15:00,2.63,sl,kijun_pullback,0.01,1990.32,1992.95,1986.559858857472,1992.95,True,4.3,0.2,10,1.88,0.676
ichi,BUY,2022-04-18 16:00:00,2022-04-18 16:30:00,-4.69,sl,kijun_pullback,0.01,1995.31,1990.6153172057316,1990.6153172057316,1990.6153172057316,False,1.13,5.21,7,2.347,0.84
ichi,SELL,2022-04-19 08:45:00,2022-04-19 10:10:00,-3.39,sl,kijun_pullback,0.01,1973.52,1976.9132043670284,1976.9132043670284,1976.9132043670284,False,0.25,4.08,18,1.697,0.612
ichi,BUY,2022-04-19 15:15:00,2022-04-19 15:35:00,-4.69,sl,kijun_pullback,0.01,1979.92,1975.227040285215,1975.227040285215,1975.227040285215,False,2.08,5.33,5,2.346,0.852
ichi,SELL,2022-04-20 05:45:00,2022-04-20 07:05:00,3.45,sl,kijun_pullback,0.01,1946.09,1942.64,1951.103424430207,1942.64,True,5.46,2.24,17,2.507,0.918
ichi,SELL,2022-04-20 09:00:00,2022-04-20 10:00:00,0.05,sl,kijun_pullback,0.01,1942.31,1942.26,1947.329848041636,1942.26,True,2.79,1.27,13,2.51,0.914
ichi,SELL,2022-04-20 10:45:00,2022-04-20 12:25:00,-4.91,sl,kijun_pullback,0.01,1942.64,1947.5484550210763,1947.5484550210763,1947.5484550210763,False,2.23,5.44,21,2.454,0.893
ichi,SELL,2022-04-21 09:30:00,2022-04-21 11:25:00,5.14,tp,tenkan_momentum,0.01,1951.44,1946.3028159822081,1954.8647893451946,1947.79,True,5.56,2.21,24,1.712,0.629
ichi,SELL,2022-04-21 13:45:00,2022-04-21 14:20:00,2.22,gap,tenkan_momentum,0.01,1944.18,1941.96,1948.8859244770263,1941.92,True,4.39,1.34,8,2.353,0.856
ichi,SELL,2022-04-21 17:15:00,2022-04-21 18:50:00,0.05,sl,kijun_pullback,0.01,1941.92,1941.87,1948.8022588704443,1941.87,True,3.72,5.14,20,3.441,1.247
ichi,SELL,2022-04-21 18:55:00,2022-04-21 20:30:00,-7.03,sl,tenkan_momentum,0.01,1940.76,1947.7919166116199,1947.7919166116199,1947.7919166116199,False,2.23,8.08,20,3.516,1.274
ichi,BUY,2022-04-22 09:00:00,2022-04-22 09:15:00,0.05,sl,tenkan_momentum,0.01,1953.3600000000001,1953.41,1949.5006094203882,1953.41,True,2.27,0.31,4,1.93,0.708
ichi,SELL,2022-04-22 13:30:00,2022-04-22 15:35:00,-6.08,sl,kijun_pullback,0.01,1932.45,1938.525106259313,1938.525106259313,1938.525106259313,False,2.64,7.31,26,3.038,1.115
ichi,SELL,2022-04-22 17:45:00,2022-04-22 18:15:00,8.21,sl,kijun_pullback,0.01,1938.57,1930.36,1947.2741726568456,1930.36,True,11.69,0.52,7,4.352,1.615
ichi,SELL,2022-04-25 01:15:00,2022-04-25 02:10:00,1.54,sl,kijun_pullback,0.01,1933.3,1931.76,1938.8290623597122,1931.76,True,3.75,1.16,12,2.765,1.011
ichi,SELL,2022-04-25 10:45:00,2022-04-25 13:40:00,3.43,sl,kijun_pullback,0.01,1916.15,1912.72,1922.3302134107398,1912.72,True,5.9,5.23,36,3.09,1.126
ichi,SELL,2022-04-25 13:45:00,2022-04-25 14:10:00,3.02,gap,tenkan_momentum,0.01,1911.27,1908.25,1917.64514584512,1907.89,True,5.93,0.5,6,3.188,1.155
ichi,SELL,2022-04-26 11:30:00,2022-04-26 13:05:00,-5.89,sl,kijun_pullback,0.01,1900.37,1906.2610195976383,1906.2610195976383,1906.2610195976383,False,0.0,6.88,20,2.946,1.061
ichi,SELL,2022-04-27 09:45:00,2022-04-27 10:30:00,-4.37,sl,kijun_pullback,0.01,1898.65,1903.0199819805769,1903.0199819805769,1903.0199819805769,False,1.74,5.07,10,2.185,0.796
ichi,SELL,2022-04-27 11:15:00,2022-04-27 12:35:00,-6.82,sl,kijun_pullback,0.01,1891.27,1898.0934073884082,1898.0934073884082,1898.0934073884082,False,0.93,6.92,17,3.412,1.252
ichi,SELL,2022-04-28 03:45:00,2022-04-28 04:15:00,1.22,sl,tenkan_momentum,0.01,1884.46,1883.24,1888.2984497891516,1883.24,True,2.76,1.44,7,1.919,0.713
ichi,SELL,2022-04-28 05:15:00,2022-04-28 06:20:00,1.59,sl,tenkan_momentum,0.01,1881.14,1879.55,1885.0992920079439,1879.55,True,3.45,3.52,14,1.98,0.734
ichi,SELL,2022-04-28 07:00:00,2022-04-28 07:45:00,0.05,sl,tenkan_momentum,0.01,1878.95,1878.9,1883.3106822331647,1878.9,True,2.75,0.21,10,2.18,0.806
ichi,BUY,2022-04-29 06:00:00,2022-04-29 06:40:00,1.65,sl,kijun_pullback,0.01,1900.98,1902.63,1896.7581690386105,1902.63,True,3.34,0.63,9,2.111,0.781
ichi,SELL,2022-05-02 10:15:00,2022-05-02 11:50:00,2.37,sl,tenkan_momentum,0.01,1884.14,1881.77,1889.319577096792,1881.77,True,4.44,2.41,20,2.59,0.955
ichi,SELL,2022-05-02 14:15:00,2022-05-02 15:05:00,3.95,sl,kijun_pullback,0.01,1879.46,1875.51,1884.4024650329743,1875.51,True,5.93,0.75,11,2.471,0.907
ichi,SELL,2022-05-02 21:00:00,2022-05-02 22:15:00,3.39,sl,kijun_pullback,0.01,1866.25,1862.86,1873.031769453212,1862.86,True,6.1,0.58,16,3.391,1.236
ichi,SELL,2022-05-03 07:45:00,2022-05-03 08:10:00,1.83,sl,tenkan_momentum,0.01,1861.03,1859.2,1864.8214100565442,1859.2,True,3.35,0.22,6,1.896,0.687
ichi,SELL,2022-05-03 10:45:00,2022-05-03 11:50:00,4.44,gap,kijun_pullback,0.01,1858.26,1853.82,1863.9355405344963,1852.85,True,7.68,0.25,14,2.838,1.024
ichi,SELL,2022-05-03 12:30:00,2022-05-03 14:35:00,-5.58,sl,kijun_pullback,0.01,1856.39,1861.9734618267983,1861.9734618267983,1861.9734618267983,False,1.1,7.0,26,2.792,1.0
ichi,SELL,2022-05-04 03:30:00,2022-05-04 04:20:00,1.27,sl,tenkan_momentum,0.01,1865.78,1864.51,1869.3123191699938,1864.51,True,2.82,1.0,11,1.766,0.639
ichi,SELL,2022-05-04 09:15:00,2022-05-04 09:55:00,-3.46,sl,tenkan_momentum,0.01,1863.06,1866.520933283007,1866.520933283007,1866.520933283007,False,0.13,3.91,9,1.73,0.624
ichi,SELL,2022-05-04 17:00:00,2022-05-04 18:15:00,-5.96,sl,kijun_pullback,0.01,1862.85,1868.8079836649256,1868.8079836649256,1868.8079836649256,False,0.95,6.49,16,2.979,1.082
ichi,BUY,2022-05-05 14:15:00,2022-05-05 15:20:00,0.05,sl,tenkan_momentum,0.01,1899.99,1900.04,1894.4406223627714,1900.04,True,3.13,4.29,14,2.775,1.019
ichi,BUY,2022-05-05 16:30:00,2022-05-05 16:45:00,-7.53,sl,kijun_pullback,0.01,1903.7,1896.1703461170134,1896.1703461170134,1896.1703461170134,False,0.2,8.98,4,3.765,1.382
ichi,SELL,2022-05-06 01:45:00,2022-05-06 03:15:00,2.5,sl,kijun_pullback,0.01,1877.81,1875.31,1882.7899996682404,1875.31,True,4.49,0.6,19,2.49,0.927
ichi,SELL,2022-05-06 03:45:00,2022-05-06 04:05:00,2.94,sl,tenkan_momentum,0.01,1874.74,1871.8,1879.341273937563,1871.8,True,4.78,0.2,5,2.301,0.852
ichi,BUY,2022-05-06 17:15:00,2022-05-06 18:35:00,5.11,sl,tenkan_momentum,0.01,1883.8400000000001,1888.95,1875.774662815775,1888.95,True,8.72,1.73,17,4.033,1.486
ichi,SELL,2022-05-09 11:30:00,2022-05-09 12:05:00,3.34,sl,kijun_pullback,0.01,1870.06,1866.72,1875.4073105267155,1866.72,True,5.67,0.34,8,2.674,0.976
ichi,SELL,2022-05-09 16:45:00,2022-05-09 17:35:00,2.92,sl,kijun_pullback,0.01,1864.13,1861.21,1871.6842718727378,1861.21,True,5.94,2.88,11,3.777,1.371
ichi,SELL,2022-05-10 03:45:00,2022-05-10 05:25:00,-3.74,sl,kijun_pullback,0.01,1854.73,1858.466498614572,1858.466498614572,1858.466498614572,False,1.54,5.21,21,1.868,0.674
ichi,SELL,2022-05-10 13:00:00,2022-05-10 14:30:00,-4.98,sl,kijun_pullback,0.01,1857.63,1862.607995038972,1862.607995038972,1862.607995038972,False,1.17,6.88,19,2.489,0.904
ichi,SELL,2022-05-10 17:00:00,2022-05-10 17:45:00,9.01,tp,kijun_pullback,0.01,1857.13,1848.117411572611,1863.1383922849263,1857.08,True,10.71,2.98,10,3.004,1.102
ichi,SELL,2022-05-11 15:45:00,2022-05-11 16:00:00,1.65,gap,kijun_pullback,0.01,1841.04,1839.39,1848.4362987062696,1838.65,True,5.35,2.37,4,3.698,1.334
ichi,BUY,2022-05-12 02:30:00,2022-05-12 02:55:00,1.11,sl,kijun_pullback,0.01,1853.5900000000001,1854.7,1849.9789288698275,1854.7,True,2.55,0.22,6,1.806,0.649
ichi,BUY,2022-05-12 04:15:00,2022-05-12 04:55:00,1.67,sl,kijun_pullback,0.01,1855.3700000000001,1857.04,1851.1933234089265,1857.04,True,3.4,0.2,9,2.088,0.75
ichi,SELL,2022-05-12 11:45:00,2022-05-12 14:30:00,0.05,sl,kijun_pullback,0.01,1848.44,1848.39,1854.1436378250532,1848.39,True,3.59,3.75,34,2.852,1.021
ichi,SELL,2022-05-12 16:30:00,2022-05-12 17:05:00,6.36,sl,kijun_pullback,0.01,1845.15,1838.79,1852.217583205635,1838.79,True,9.19,3.47,8,3.534,1.265
ichi,SELL,2022-05-12 18:15:00,2022-05-12 19:25:00,3.99,sl,tenkan_momentum,0.01,1840.94,1836.95,1849.0483005992069,1836.95,True,7.42,0.82,15,4.054,1.434
ichi,SELL,2022-05-13 14:15:00,2022-05-13 15:10:00,3.25,sl,tenkan_momentum,0.01,1818.44,1815.19,1823.4515268581456,1815.19,True,5.25,0.84,12,2.506,0.88
ichi,SELL,2022-05-13 19:15:00,2022-05-13 23:40:00,0.05,sl,kijun_pullback,0.01,1811.22,1811.17,1819.191287465951,1811.17,True,4.0,2.02,54,3.986,1.392
ichi,SELL,2022-05-16 01:45:00,2022-05-16 03:55:00,-4.53,sl,kijun_pullback,0.01,1810.64,1815.1663087540887,1815.1663087540887,1815.1663087540887,False,0.77,5.83,27,2.263,0.791
ichi,SELL,2022-05-16 10:45:00,2022-05-16 10:55:00,4.67,gap,kijun_pullback,0.01,1794.99,1790.32,1802.377453728743,1789.99,True,7.95,3.7,3,3.694,1.301
ichi,SELL,2022-05-16 12:15:00,2022-05-16 12:25:00,-7.87,sl,kijun_pullback,0.01,1798.51,1806.3813522088187,1806.3813522088187,1806.3813522088187,False,0.0,8.31,3,3.936,1.374
ichi,BUY,2022-05-17 05:30:00,2022-05-17 06:40:00,-4.21,sl,kijun_pullback,0.01,1826.13,1821.921454499084,1821.921454499084,1821.921454499084,False,0.85,4.27,15,2.104,0.745
ichi,BUY,2022-05-17 09:45:00,2022-05-17 10:20:00,-3.77,sl,tenkan_momentum,0.01,1828.94,1825.1747989413286,1825.1747989413286,1825.1747989413286,False,1.42,4.78,8,1.883,0.672
ichi,BUY,2022-05-17 11:30:00,2022-05-17 12:20:00,0.05,sl,tenkan_momentum,0.01,1827.51,1827.56,1822.9956532404192,1827.56,True,2.46,2.57,11,2.257,0.811
ichi,BUY,2022-05-17 13:30:00,2022-05-17 15:00:00,4.7,sl,kijun_pullback,0.01,1829.47,1834.17,1824.8893997097396,1834.17,True,6.58,2.76,19,2.29,0.823
ichi,BUY,2022-05-17 16:00:00,2022-05-17 16:15:00,-5.92,sl,tenkan_momentum,0.01,1832.6200000000001,1826.7009509552827,1826.7009509552827,1826.7009509552827,False,0.32,6.28,4,2.96,1.054
ichi,SELL,2022-05-18 04:45:00,2022-05-18 07:10:00,3.09,sl,tenkan_momentum,0.01,1812.57,1809.48,1816.445939135908,1809.48,True,4.71,1.42,30,1.938,0.698
ichi,SELL,2022-05-18 09:45:00,2022-05-18 10:20:00,-3.95,sl,tenkan_momentum,0.01,1811.06,1815.014799028345,1815.014799028345,1815.014799028345,False,1.28,3.96,8,1.977,0.708
ichi,SELL,2022-05-18 16:00:00,2022-05-18 18:25:00,-5.96,sl,kijun_pullback,0.01,1811.34,1817.3041113052986,1817.3041113052986,1817.3041113052986,False,1.32,6.74,30,2.982,1.075
ichi,SELL,2022-05-19 06:00:00,2022-05-19 08:40:00,0.91,sl,kijun_pullback,0.01,1815.57,1814.66,1818.8142640594494,1814.66,True,2.21,2.32,33,1.622,0.591
ichi,SELL,2022-05-19 10:30:00,2022-05-19 11:40:00,-3.44,sl,kijun_pullback,0.01,1812.77,1816.2112583798198,1816.2112583798198,1816.2112583798198,False,1.61,5.1,15,1.721,0.626
ichi,BUY,2022-05-20 10:45:00,2022-05-20 13:25:00,1.42,sl,kijun_pullback,0.01,1844.63,1846.05,1840.2935368193669,1846.05,True,3.15,1.56,33,2.168,0.794
ichi,BUY,2022-05-20 14:00:00,2022-05-20 14:55:00,-4.14,sl,kijun_pullback,0.01,1845.68,1841.5398253525484,1841.5398253525484,1841.5398253525484,False,1.14,4.46,12,2.07,0.756
ichi,BUY,2022-05-23 01:30:00,2022-05-23 03:50:00,6.34,tp,kijun_pullback,0.01,1847.23,1853.565789087228,1843.0061406085147,1850.15,True,6.4,1.64,29,2.112,0.777
ichi,BUY,2022-05-23 09:15:00,2022-05-23 10:35:00,0.89,gap,kijun_pullback,0.01,1854.68,1855.57,1850.7097984217273,1855.75,True,2.66,2.28,17,1.985,0.722
ichi,BUY,2022-05-23 11:00:00,2022-05-23 11:25:00,4.58,sl,tenkan_momentum,0.01,1856.7,1861.28,1852.3705045531199,1861.28,True,6.31,0.75,6,2.165,0.786
ichi,BUY,2022-05-24 12:15:00,2022-05-24 15:15:00,0.05,sl,kijun_pullback,0.01,1857.29,1857.34,1853.3013050718907,1857.34,True,2.38,2.6,37,1.994,0.718
ichi,BUY,2022-05-24 16:00:00,2022-05-24 16:20:00,0.05,sl,kijun_pullback,0.01,1860.3700000000001,1860.42,1855.770913447233,1860.42,True,2.36,0.82,5,2.3,0.828
ichi,BUY,2022-05-24 17:30:00,2022-05-24 19:15:00,1.63,sl,kijun_pullback,0.01,1865.45,1867.08,1859.148737177872,1867.08,True,4.22,1.89,22,3.151,1.134
ichi,SELL,2022-05-25 15:00:00,2022-05-25 15:55:00,2.06,sl,kijun_pullback,0.01,1855.15,1853.09,1859.4454352920095,1853.09,True,3.78,2.22,12,2.148,0.771
ichi,SELL,2022-05-25 16:30:00,2022-05-25 17:05:00,2.04,gap,kijun_pullback,0.01,1852.65,1850.6100000000001,1858.0023383547657,1849.43,True,5.36,1.93,8,2.676,0.957
ichi,SELL,2022-05-26 10:15:00,2022-05-26 10:40:00,-3.51,sl,kijun_pullback,0.01,1847.01,1850.5157714459706,1850.5157714459706,1850.5157714459706,False,0.54,3.95,6,1.753,0.625
ichi,SELL,2022-05-26 13:45:00,2022-05-26 14:00:00,0.05,sl,kijun_pullback,0.01,1845.92,1845.87,1849.9943989153462,1845.87,True,2.49,0.89,4,2.037,0.731
ichi,SELL,2022-05-26 16:00:00,2022-05-26 16:45:00,-5.28,sl,tenkan_momentum,0.01,1843.3,1848.5848020082735,1848.5848020082735,1848.5848020082735,False,1.67,5.67,10,2.642,0.947
ichi,BUY,2022-05-27 08:45:00,2022-05-27 10:20:00,2.57,sl,tenkan_momentum,0.01,1854.8,1857.37,1851.328958346615,1857.37,True,3.96,2.21,20,1.736,0.628
ichi,BUY,2022-05-27 12:15:00,2022-05-27 12:45:00,0.05,sl,tenkan_momentum,0.01,1858.3700000000001,1858.42,1854.5141744927241,1858.42,True,2.01,0.35,7,1.928,0.695
ichi,BUY,2022-05-27 14:15:00,2022-05-27 15:05:00,1.44,sl,tenkan_momentum,0.01,1859.0800000000002,1860.52,1855.3724740858763,1860.52,True,2.92,1.55,11,1.854,0.668
ichi,SELL,2022-05-30 01:30:00,2022-05-30 02:05:00,4.24,tp,kijun_pullback,0.01,1852.82,1848.5829257647886,1855.6447161568076,1852.06,True,4.4,0.35,8,1.412,0.508
ichi,SELL,2022-05-30 03:45:00,2022-05-30 04:35:00,-3.05,sl,tenkan_momentum,0.01,1849.73,1852.7792439118127,1852.7792439118127,1852.7792439118127,False,0.83,6.14,11,1.525,0.544
ichi,SELL,2022-05-31 12:45:00,2022-05-31 13:40:00,1.13,sl,kijun_pullback,0.01,1850.2,1849.07,1853.9340273129258,1849.07,True,2.62,1.16,12,1.867,0.67
ichi,SELL,2022-05-31 14:30:00,2022-05-31 15:00:00,0.28,gap,tenkan_momentum,0.01,1849.32,1849.04,1853.4982876433326,1846.47,True,4.52,1.53,7,2.089,0.748
ichi,SELL,2022-05-31 17:15:00,2022-05-31 17:30:00,3.72,gap,kijun_pullback,0.01,1846.54,1842.82,1853.118947087518,1842.51,True,6.66,0.35,4,3.289,1.177
ichi,SELL,2022-06-01 07:15:00,2022-06-01 07:55:00,0.95,sl,tenkan_momentum,0.01,1834.42,1833.47,1837.6836776768596,1833.47,True,2.26,0.55,9,1.632,0.58
ichi,SELL,2022-06-01 09:15:00,2022-06-01 10:05:00,-3.51,sl,kijun_pullback,0.01,1833.38,1836.8910945879086,1836.8910945879086,1836.8910945879086,False,0.38,3.66,11,1.756,0.623
ichi,SELL,2022-06-01 10:45:00,2022-06-01 11:10:00,-4.07,sl,tenkan_momentum,0.01,1832.69,1836.7632790834348,1836.7632790834348,1836.7632790834348,False,0.0,4.37,6,2.037,0.727
ichi,BUY,2022-06-02 01:45:00,2022-06-02 04:00:00,0.05,sl,kijun_pullback,0.01,1847.02,1847.07,1843.8739403686914,1847.07,True,1.92,1.52,28,1.573,0.566
ichi,BUY,2022-06-02 15:45:00,2022-06-02 15:55:00,1.87,gap,kijun_pullback,0.01,1854.5900000000001,1856.46,1850.2530536397558,1856.78,True,3.92,0.71,3,2.168,0.78
ichi,BUY,2022-06-03 03:30:00,2022-06-03 03:40:00,1.63,gap,tenkan_momentum,0.01,1870.54,1872.17,1867.664487568541,1872.6,True,3.55,0.44,3,1.438,0.515
ichi,BUY,2022-06-03 05:15:00,2022-06-03 06:15:00,-2.96,sl,kijun_pullback,0.01,1872.04,1869.0825950793826,1869.0825950793826,1869.0825950793826,False,0.36,2.99,13,1.479,0.528
ichi,SELL,2022-06-07 02:30:00,2022-06-07 03:40:00,0.1,sl,kijun_pullback,0.02,1839.38,1839.33,1842.123056948368,1839.33,True,2.76,1.78,15,1.372,0.985
ichi,BUY,2022-06-07 17:15:00,2022-06-07 23:10:00,2.44,sl,kijun_pullback,0.01,1850.75,1853.19,1845.1066465861331,1853.19,True,4.77,3.63,72,2.822,1.013
ichi,SELL,2022-06-08 08:00:00,2022-06-08 09:00:00,-5.34,sl,tenkan_momentum,0.02,1847.53,1850.2021822331646,1850.2021822331646,1850.2021822331646,False,0.66,5.9,13,1.336,0.955
ichi,BUY,2022-06-09 04:45:00,2022-06-09 07:55:00,2.2,sl,tenkan_momentum,0.02,1853.06,1854.16,1850.478624804589,1854.16,True,4.52,4.36,39,1.291,0.932
ichi,SELL,2022-06-09 10:30:00,2022-06-09 11:30:00,1.4,sl,kijun_pullback,0.01,1850.51,1849.11,1853.6320073108454,1849.11,True,2.67,1.63,13,1.561,0.561
ichi,SELL,2022-06-09 15:00:00,2022-06-09 15:20:00,-0.03,gap,kijun_pullback,0.01,1846.38,1846.41,1850.2546638525926,1846.33,True,2.3,3.08,5,1.937,0.695
ichi,SELL,2022-06-09 16:45:00,2022-06-09 17:20:00,3.74,sl,tenkan_momentum,0.01,1846.23,1842.49,1851.888156123941,1842.49,True,6.0,3.55,8,2.829,1.015
ichi,SELL,2022-06-10 10:00:00,2022-06-10 10:25:00,-5.34,sl,tenkan_momentum,0.02,1844.44,1847.1085061540637,1847.1085061540637,1847.1085061540637,False,0.8,5.92,6,1.334,0.951
ichi,SELL,2022-06-10 12:30:00,2022-06-10 14:25:00,1.78,sl,kijun_pullback,0.01,1843.0,1841.22,1846.2300893746099,1841.22,True,3.07,1.23,24,1.615,0.581
ichi,SELL,2022-06-10 14:30:00,2022-06-10 14:45:00,5.78,tp,kijun_pullback,0.01,1840.81,1835.034940178783,1844.6600398808112,1837.39,True,5.83,0.31,4,1.925,0.69
ichi,SELL,2022-06-10 16:30:00,2022-06-10 17:25:00,-8.6,sl,tenkan_momentum,0.01,1832.8,1841.3972616804613,1841.3972616804613,1841.3972616804613,False,4.18,9.41,12,4.299,1.526
ichi,SELL,2022-06-14 14:15:00,2022-06-14 14:55:00,5.13,sl,kijun_pullback,0.01,1823.69,1818.56,1829.305461090919,1818.56,True,7.38,0.81,9,2.808,1.012
ichi,BUY,2022-06-16 12:15:00,2022-06-16 12:45:00,-5.82,sl,kijun_pullback,0.01,1835.98,1830.1635297970574,1830.1635297970574,1830.1635297970574,False,0.0,6.34,7,2.908,1.039
ichi,BUY,2022-06-16 17:30:00,2022-06-16 18:20:00,12.17,tp,tenkan_momentum,0.01,1830.23,1842.3963536836768,1822.1190975442155,1836.92,True,13.05,2.0,11,4.055,1.463
ichi,BUY,2022-06-17 15:45:00,2022-06-17 16:25:00,-5.06,sl,tenkan_momentum,0.01,1850.79,1845.728946285831,1845.728946285831,1845.728946285831,False,2.26,5.08,9,2.531,0.894
ichi,SELL,2022-06-20 02:15:00,2022-06-20 05:25:00,1.19,sl,kijun_pullback,0.01,1838.34,1837.15,1842.8053377759115,1837.15,True,2.98,3.9,39,2.233,0.795
ichi,BUY,2022-06-20 09:45:00,2022-06-20 11:05:00,-4.23,sl,tenkan_momentum,0.01,1843.57,1839.3432121351589,1839.3432121351589,1839.3432121351589,False,0.6,4.54,17,2.113,0.751
ichi,SELL,2022-06-20 16:45:00,2022-06-20 17:05:00,0.85,gap,kijun_pullback,0.01,1839.16,1838.31,1843.201167702151,1837.91,True,2.87,1.29,5,2.021,0.724
ichi,BUY,2022-06-21 04:45:00,2022-06-21 07:50:00,-2.94,sl,tenkan_momentum,0.01,1841.06,1838.1208122576736,1838.1208122576736,1838.1208122576736,False,1.2,2.99,38,1.47,0.526
ichi,SELL,2022-06-21 11:30:00,2022-06-21 14:10:00,1.43,sl,tenkan_momentum,0.01,1834.92,1833.49,1838.7603528402465,1833.49,True,2.97,3.69,33,1.92,0.69
ichi,SELL,2022-06-21 15:15:00,2022-06-21 15:30:00,-4.62,sl,kijun_pullback,0.01,1833.82,1838.4370904133236,1838.4370904133236,1838.4370904133236,False,0.0,5.95,4,2.309,0.828
ichi,BUY,2022-06-21 18:30:00,2022-06-21 20:45:00,-6.01,sl,tenkan_momentum,0.01,1839.66,1833.6536989232338,1833.6536989232338,1833.6536989232338,False,0.57,6.63,28,3.003,1.086
ichi,SELL,2022-06-22 04:45:00,2022-06-22 05:50:00,1.11,sl,kijun_pullback,0.01,1828.63,1827.52,1832.6843326798298,1827.52,True,2.73,0.74,14,2.027,0.741
ichi,SELL,2022-06-22 07:00:00,2022-06-22 09:05:00,1.24,sl,tenkan_momentum,0.01,1827.57,1826.33,1831.538898817164,1826.33,True,2.83,1.1,26,1.984,0.724
ichi,SELL,2022-06-22 10:15:00,2022-06-22 10:40:00,-4.3,sl,kijun_pullback,0.01,1824.86,1829.1598284374666,1829.1598284374666,1829.1598284374666,False,0.73,5.69,6,2.15,0.783
ichi,SELL,2022-06-23 06:45:00,2022-06-23 08:35:00,0.05,sl,tenkan_momentum,0.01,1833.09,1833.04,1836.1510368744596,1833.04,True,1.77,1.67,23,1.531,0.562
ichi,SELL,2022-06-24 05:00:00,2022-06-24 10:00:00,0.47,gap,kijun_pullback,0.01,1823.96,1823.49,1827.427906293675,1823.01,True,2.49,3.31,61,1.734,0.636
ichi,SELL,2022-06-24 10:15:00,2022-06-24 10:35:00,-3.63,sl,kijun_pullback,0.01,1823.06,1826.6852050587295,1826.6852050587295,1826.6852050587295,False,0.0,4.32,5,1.813,0.664
ichi,SELL,2022-06-24 15:15:00,2022-06-24 16:05:00,3.52,sl,tenkan_momentum,0.01,1823.73,1820.21,1828.4612238933048,1820.21,True,6.61,2.5,11,2.366,0.873
ichi,BUY,2022-06-27 11:30:00,2022-06-27 14:55:00,-4.19,sl,kijun_pullback,0.01,1838.78,1834.5872866128884,1834.5872866128884,1834.5872866128884,False,1.7,5.37,42,2.096,0.769
ichi,SELL,2022-06-28 16:00:00,2022-06-28 16:55:00,1.54,sl,tenkan_momentum,0.01,1822.59,1821.05,1827.0113603620198,1821.05,True,3.54,3.84,12,2.211,0.817
ichi,SELL,2022-06-28 17:45:00,2022-06-29 10:00:00,1.5,sl,tenkan_momentum,0.01,1819.94,1818.44,1825.3013600323857,1818.44,True,3.81,4.03,182,2.681,0.988
ichi,SELL,2022-06-29 12:30:00,2022-06-29 13:00:00,1.25,sl,tenkan_momentum,0.01,1816.55,1815.3,1820.1343031547126,1815.3,True,4.19,0.58,7,1.792,0.658
ichi,SELL,2022-06-30 10:30:00,2022-06-30 10:50:00,2.27,gap,tenkan_momentum,0.01,1816.16,1813.89,1819.1574658974066,1813.81,True,3.55,1.06,5,1.499,0.549
ichi,SELL,2022-06-30 12:15:00,2022-06-30 12:50:00,2.3,sl,tenkan_momentum,0.01,1814.86,1812.56,1818.2717131309887,1812.56,True,3.66,0.48,8,1.706,0.623
ichi,SELL,2022-06-30 14:30:00,2022-06-30 14:40:00,6.81,tp,tenkan_momentum,0.01,1810.49,1803.6806747115297,1815.0295501923135,1806.75,True,7.21,0.25,3,2.27,0.825
ichi,SELL,2022-07-01 03:45:00,2022-07-01 07:05:00,1.68,sl,kijun_pullback,0.01,1804.27,1802.59,1807.9787448464158,1802.59,True,3.16,2.88,41,1.854,0.666
ichi,SELL,2022-07-01 08:45:00,2022-07-01 10:15:00,2.14,gap,kijun_pullback,0.01,1796.5,1794.3600000000001,1800.57986083066,1794.23,True,3.9,3.43,19,2.04,0.73
ichi,SELL,2022-07-01 10:45:00,2022-07-01 12:00:00,1.21,gap,tenkan_momentum,0.01,1796.31,1795.1000000000001,1801.1902580077772,1794.71,True,3.55,0.4,16,2.44,0.87
ichi,SELL,2022-07-01 15:15:00,2022-07-01 15:30:00,0.05,sl,tenkan_momentum,0.01,1788.33,1788.28,1794.0550506925733,1788.28,True,3.52,0.33,4,2.863,1.019
ichi,BUY,2022-07-04 05:15:00,2022-07-04 06:35:00,1.35,sl,kijun_pullback,0.01,1810.31,1811.66,1805.8992013216075,1811.66,True,3.95,1.41,17,2.205,0.785
ichi,BUY,2022-07-04 10:15:00,2022-07-04 10:35:00,-3.46,sl,tenkan_momentum,0.01,1812.13,1808.6650560772105,1808.6650560772105,1808.6650560772105,False,0.0,3.68,5,1.732,0.615
ichi,SELL,2022-07-04 14:45:00,2022-07-04 15:40:00,-3.42,sl,tenkan_momentum,0.01,1806.12,1809.5428786695356,1809.5428786695356,1809.5428786695356,False,0.79,3.62,12,1.711,0.611
ichi,BUY,2022-07-05 01:30:00,2022-07-05 04:20:00,0.1,sl,kijun_pullback,0.02,1808.8500000000001,1808.9,1806.474900267514,1808.9,True,3.06,4.5,35,1.188,0.854
ichi,BUY,2022-07-05 06:00:00,2022-07-05 07:50:00,2.4,sl,kijun_pullback,0.02,1809.79,1810.99,1807.0376857122167,1810.99,True,4.6,0.7,23,1.376,0.989
ichi,SELL,2022-07-05 15:30:00,2022-07-05 16:15:00,4.54,sl,kijun_pullback,0.01,1800.6,1796.06,1805.8093114540197,1796.06,True,7.12,4.3,10,2.605,0.932
ichi,SELL,2022-07-05 17:15:00,2022-07-05 18:45:00,5.54,sl,kijun_pullback,0.01,1774.35,1768.81,1783.3361409717568,1768.81,True,9.13,1.77,19,4.493,1.594
ichi,SELL,2022-07-06 09:30:00,2022-07-06 11:10:00,-4.34,sl,kijun_pullback,0.01,1766.31,1770.6547745217604,1770.6547745217604,1770.6547745217604,False,0.38,5.73,21,2.172,0.763
ichi,SELL,2022-07-06 12:45:00,2022-07-06 13:25:00,2.89,sl,kijun_pullback,0.01,1765.31,1762.42,1770.2402799462488,1762.42,True,4.86,0.27,9,2.465,0.873
ichi,SELL,2022-07-06 16:30:00,2022-07-06 16:55:00,4.88,sl,tenkan_momentum,0.01,1763.1,1758.22,1769.5649989762144,1758.22,True,7.47,2.53,6,3.232,1.139
ichi,SELL,2022-07-07 13:30:00,2022-07-07 15:55:00,1.77,gap,tenkan_momentum,0.01,1742.02,1740.25,1746.1798985473827,1740.24,True,3.44,4.13,30,2.08,0.727
ichi,SELL,2022-07-08 01:45:00,2022-07-08 03:00:00,-5.26,sl,kijun_pullback,0.02,1739.57,1742.2023431904115,1742.2023431904115,1742.2023431904115,False,0.9,5.52,16,1.316,0.917
ichi,SELL,2022-07-08 07:30:00,2022-07-08 08:50:00,-2.95,sl,tenkan_momentum,0.01,1740.54,1743.4875124068008,1743.4875124068008,1743.4875124068008,False,0.42,3.15,17,1.474,0.518
ichi,SELL,2022-07-08 10:30:00,2022-07-08 10:45:00,4.3,sl,kijun_pullback,0.01,1740.07,1735.77,1744.2299085387788,1735.77,True,6.63,0.68,4,2.08,0.735
ichi,SELL,2022-07-08 12:00:00,2022-07-08 15:10:00,-5.95,sl,kijun_pullback,0.01,1737.92,1743.8744343362134,1743.8744343362134,1743.8744343362134,False,2.84,6.69,39,2.977,1.044
ichi,SELL,2022-07-11 03:00:00,2022-07-11 03:30:00,0.05,sl,kijun_pullback,0.01,1741.97,1741.92,1745.1832889487246,1741.92,True,1.97,0.57,7,1.607,0.569
ichi,SELL,2022-07-11 04:30:00,2022-07-11 05:30:00,-3.64,sl,kijun_pullback,0.01,1739.36,1742.9974437146332,1742.9974437146332,1742.9974437146332,False,0.56,4.43,13,1.819,0.644
ichi,SELL,2022-07-11 08:45:00,2022-07-11 10:05:00,1.05,sl,kijun_pullback,0.01,1740.9,1739.85,1743.7558333239099,1739.85,True,2.19,0.5,17,1.428,0.509
ichi,SELL,2022-07-11 10:30:00,2022-07-11 10:55:00,0.94,sl,tenkan_momentum,0.01,1738.43,1737.49,1741.609555143661,1737.49,True,2.21,0.96,6,1.59,0.566
ichi,SELL,2022-07-11 12:15:00,2022-07-11 12:35:00,1.27,sl,kijun_pullback,0.01,1738.71,1737.44,1742.2384834250881,1737.44,True,2.68,0.77,5,1.764,0.627
ichi,SELL,2022-07-11 14:00:00,2022-07-11 15:10:00,0.05,sl,tenkan_momentum,0.01,1736.18,1736.13,1739.8359093630295,1736.13,True,2.37,2.14,15,1.828,0.648
ichi,SELL,2022-07-11 15:30:00,2022-07-11 16:35:00,-3.77,sl,kijun_pullback,0.01,1735.46,1739.2258215959994,1739.2258215959994,1739.2258215959994,False,0.96,3.97,14,1.883,0.668
ichi,SELL,2022-07-12 02:45:00,2022-07-12 04:00:00,7.25,tp,kijun_pullback,0.02,1733.67,1730.0449490224498,1736.0867006517003,1733.62,True,13.48,4.42,16,1.208,0.862
ichi,SELL,2022-07-12 04:15:00,2022-07-12 04:25:00,-4.62,sl,kijun_pullback,0.01,1724.69,1729.3103923636108,1729.3103923636108,1729.3103923636108,False,1.26,6.9,3,2.31,0.814
ichi,SELL,2022-07-13 09:30:00,2022-07-13 09:45:00,-3.41,sl,tenkan_momentum,0.01,1723.5,1726.9100333012268,1726.9100333012268,1726.9100333012268,False,0.36,3.87,4,1.705,0.606
ichi,SELL,2022-07-13 15:45:00,2022-07-13 15:50:00,-7.82,sl,kijun_pullback,0.01,1709.15,1716.9672326199413,1716.9672326199413,1716.9672326199413,False,1.59,10.91,2,3.909,1.397
ichi,SELL,2022-07-14 09:15:00,2022-07-14 09:45:00,0.05,sl,kijun_pullback,0.01,1725.87,1725.82,1730.5862458750164,1725.82,True,2.82,0.2,7,2.358,0.855
ichi,SELL,2022-07-14 18:15:00,2022-07-14 18:50:00,-8.8,sl,kijun_pullback,0.01,1705.77,1714.5742937743546,1714.5742937743546,1714.5742937743546,False,1.85,8.97,8,4.402,1.595
ichi,SELL,2022-07-14 19:45:00,2022-07-15 05:00:00,-8.49,sl,kijun_pullback,0.01,1706.28,1714.7666424476486,1714.7666424476486,1714.7666424476486,False,1.01,9.58,100,4.243,1.563
ichi,SELL,2022-07-15 15:00:00,2022-07-15 15:35:00,2.63,sl,tenkan_momentum,0.01,1704.52,1701.89,1708.6516477733112,1701.89,True,4.28,6.53,8,2.066,0.773
ichi,SELL,2022-07-15 17:30:00,2022-07-15 17:55:00,2.12,sl,kijun_pullback,0.01,1705.86,1703.74,1714.225598379777,1703.74,True,5.47,0.45,6,4.183,1.557
ichi,SELL,2022-07-19 01:45:00,2022-07-19 03:30:00,1.89,sl,kijun_pullback,0.01,1708.66,1706.77,1711.6449854142486,1706.77,True,3.08,0.38,22,1.492,0.553
ichi,SELL,2022-07-19 05:00:00,2022-07-19 06:50:00,-3.09,sl,tenkan_momentum,0.01,1706.01,1709.097316589196,1709.097316589196,1709.097316589196,False,0.1,3.82,23,1.544,0.57
ichi,SELL,2022-07-19 17:00:00,2022-07-20 10:00:00,2.8,sl,tenkan_momentum,0.01,1710.99,1708.19,1715.8658435765906,1708.19,True,4.75,4.52,193,2.438,0.906
ichi,SELL,2022-07-20 11:30:00,2022-07-20 12:15:00,-2.9,sl,tenkan_momentum,0.01,1707.12,1710.0209819803695,1710.0209819803695,1710.0209819803695,False,0.0,3.09,10,1.45,0.536
ichi,SELL,2022-07-21 08:30:00,2022-07-21 09:35:00,2.36,sl,kijun_pullback,0.01,1692.57,1690.21,1695.5442000007652,1690.21,True,3.59,1.48,14,1.487,0.553
ichi,SELL,2022-07-21 10:15:00,2022-07-21 10:30:00,-4.16,sl,kijun_pullback,0.01,1688.3,1692.458610076081,1692.458610076081,1692.458610076081,False,1.22,5.35,4,2.079,0.77
ichi,SELL,2022-07-21 13:00:00,2022-07-21 13:45:00,1.27,sl,tenkan_momentum,0.01,1684.56,1683.29,1688.9985326786602,1683.29,True,3.24,1.56,10,2.219,0.828
ichi,BUY,2022-07-22 04:15:00,2022-07-22 05:55:00,-3.13,sl,kijun_pullback,0.01,1717.74,1714.6069320853735,1714.6069320853735,1714.6069320853735,False,0.45,4.01,21,1.567,0.583
ichi,BUY,2022-07-22 11:15:00,2022-07-22 12:30:00,5.99,tp,kijun_pullback,0.01,1717.8700000000001,1723.8573781526513,1713.8784145648992,1721.24,True,7.4,0.6,16,1.996,0.747
ichi,BUY,2022-07-22 16:15:00,2022-07-22 16:45:00,7.92,tp,tenkan_momentum,0.01,1726.72,1734.6407849685131,1721.439476687658,1721.439476687658,False,10.77,4.56,7,2.64,0.977
ichi,BUY,2022-07-25 09:45:00,2022-07-25 10:40:00,1.79,sl,tenkan_momentum,0.01,1726.16,1727.95,1723.0355361676156,1727.95,True,3.04,1.07,12,1.562,0.57
ichi,BUY,2022-07-25 11:15:00,2022-07-25 11:45:00,1.59,sl,kijun_pullback,0.01,1727.41,1729.0,1724.0625083555844,1729.0,True,2.93,0.94,7,1.674,0.609
ichi,BUY,2022-07-25 13:00:00,2022-07-25 13:25:00,-4.69,sl,kijun_pullback,0.01,1735.23,1730.5407894795246,1730.5407894795246,1730.5407894795246,False,0.19,5.25,6,2.345,0.85
ichi,BUY,2022-07-26 09:30:00,2022-07-26 09:55:00,1.61,sl,kijun_pullback,0.01,1723.82,1725.43,1720.7654631027074,1725.43,True,2.83,0.85,6,1.527,0.558
ichi,BUY,2022-07-26 11:00:00,2022-07-26 11:40:00,-3.3,sl,kijun_pullback,0.01,1724.99,1721.6948063590262,1721.6948063590262,1721.6948063590262,False,0.82,3.52,9,1.648,0.601
ichi,SELL,2022-07-26 17:45:00,2022-07-27 08:25:00,1.74,sl,kijun_pullback,0.01,1718.15,1716.41,1723.6792176740234,1716.41,True,4.28,2.65,165,2.765,1.014
ichi,BUY,2022-07-27 14:15:00,2022-07-27 15:30:00,-3.52,sl,tenkan_momentum,0.01,1722.6200000000001,1719.0956215465849,1719.0956215465849,1719.0956215465849,False,0.62,4.41,16,1.762,0.644
ichi,BUY,2022-07-28 06:00:00,2022-07-28 10:00:00,1.97,sl,kijun_pullback,0.01,1738.1000000000001,1740.07,1733.6491591378174,1740.07,True,3.75,2.65,49,2.225,0.819
ichi,BUY,2022-07-28 10:45:00,2022-07-28 11:10:00,6.68,tp,kijun_pullback,0.01,1740.3400000000001,1747.0200563624417,1735.8866290917058,1743.32,True,7.29,0.55,6,2.227,0.816
ichi,BUY,2022-07-28 16:15:00,2022-07-28 16:30:00,5.16,sl,kijun_pullback,0.01,1745.6200000000001,1750.78,1738.0071338687164,1750.78,True,8.21,0.9,4,3.806,1.379
ichi,BUY,2022-07-29 05:15:00,2022-07-29 06:20:00,4.46,tp,kijun_pullback,0.01,1754.71,1759.1724078527973,1751.7350614314685,1757.32,True,5.42,1.35,14,1.487,0.534
ichi,BUY,2022-08-01 01:30:00,2022-08-01 07:40:00,-3.74,sl,kijun_pullback,0.01,1764.3300000000002,1760.5901686366553,1760.5901686366553,1760.5901686366553,False,1.53,4.48,75,1.87,0.666
ichi,BUY,2022-08-01 10:15:00,2022-08-01 11:00:00,-3.61,sl,kijun_pullback,0.01,1766.69,1763.08335214475,1763.08335214475,1763.08335214475,False,0.73,4.38,10,1.803,0.646
ichi,BUY,2022-08-01 16:15:00,2022-08-01 17:25:00,-5.78,sl,kijun_pullback,0.01,1772.96,1767.1790324374049,1767.1790324374049,1767.1790324374049,False,1.81,6.69,15,2.89,1.043
ichi,BUY,2022-08-02 14:15:00,2022-08-02 15:15:00,1.25,sl,kijun_pullback,0.01,1777.1000000000001,1778.35,1772.8755645476829,1778.35,True,4.49,0.47,13,2.112,0.77
ichi,BUY,2022-08-02 17:15:00,2022-08-02 17:55:00,-7.05,sl,kijun_pullback,0.01,1783.48,1776.4275276598137,1776.4275276598137,1776.4275276598137,False,2.67,7.65,9,3.526,1.283
ichi,BUY,2022-08-02 18:45:00,2022-08-02 20:25:00,-7.69,sl,kijun_pullback,0.01,1780.81,1773.1245813495198,1773.1245813495198,1773.1245813495198,False,0.37,8.0,21,3.843,1.416
ichi,BUY,2022-08-03 10:45:00,2022-08-03 13:15:00,-4.38,sl,kijun_pullback,0.01,1768.07,1763.6932634029934,1763.6932634029934,1763.6932634029934,False,0.29,5.32,31,2.188,0.818
ichi,SELL,2022-08-03 17:15:00,2022-08-03 17:55:00,0.05,sl,kijun_pullback,0.01,1758.48,1758.43,1765.202517670007,1758.43,True,3.94,1.61,9,3.361,1.267
ichi,BUY,2022-08-04 05:30:00,2022-08-04 06:20:00,2.31,sl,tenkan_momentum,0.01,1768.0800000000002,1770.39,1765.1776244764808,1770.39,True,3.47,0.8,11,1.451,0.547
ichi,BUY,2022-08-04 09:45:00,2022-08-04 10:50:00,1.94,sl,kijun_pullback,0.01,1771.48,1773.42,1768.338335839663,1773.42,True,3.37,0.33,14,1.571,0.589
ichi,BUY,2022-08-04 17:00:00,2022-08-04 17:40:00,1.59,sl,kijun_pullback,0.01,1783.7,1785.29,1777.5521588470488,1785.29,True,4.05,1.54,9,3.074,1.149
ichi,BUY,2022-08-05 02:15:00,2022-08-05 04:00:00,1.21,sl,kijun_pullback,0.01,1792.42,1793.63,1789.2688272633782,1793.63,True,2.47,0.5,22,1.576,0.587
ichi,SELL,2022-08-05 17:30:00,2022-08-05 19:45:00,2.32,sl,kijun_pullback,0.01,1777.07,1774.75,1784.4532975687437,1774.75,True,5.27,1.73,28,3.692,1.373
ichi,SELL,2022-08-08 01:15:00,2022-08-08 10:25:00,-4.2,sl,kijun_pullback,0.01,1773.48,1777.6768220680674,1777.6768220680674,1777.6768220680674,False,2.09,5.25,111,2.098,0.777
ichi,BUY,2022-08-09 01:15:00,2022-08-09 02:45:00,2.36,sl,kijun_pullback,0.02,1788.39,1789.57,1785.7296391712084,1789.57,True,4.48,1.1,19,1.33,0.993
ichi,BUY,2022-08-09 02:50:00,2022-08-09 04:05:00,-4.86,sl,kijun_pullback,0.02,1789.52,1787.0893946623457,1787.0893946623457,1787.0893946623457,False,1.26,5.46,16,1.215,0.903
ichi,BUY,2022-08-09 09:00:00,2022-08-09 09:15:00,-4.91,sl,tenkan_momentum,0.02,1788.78,1786.3267027615136,1786.3267027615136,1786.3267027615136,False,0.92,4.92,4,1.227,0.92
ichi,BUY,2022-08-09 11:00:00,2022-08-09 11:10:00,1.96,gap,tenkan_momentum,0.01,1787.27,1789.23,1783.6042666606427,1790.19,True,4.39,0.84,3,1.833,0.694
ichi,BUY,2022-08-09 13:00:00,2022-08-09 13:30:00,0.05,sl,tenkan_momentum,0.01,1791.16,1791.21,1787.207847439934,1791.21,True,2.18,0.87,7,1.976,0.745
ichi,BUY,2022-08-09 14:30:00,2022-08-09 16:05:00,6.11,tp,tenkan_momentum,0.01,1791.81,1797.9237532059676,1787.7341645293548,1791.86,True,6.31,3.78,20,2.038,0.768
ichi,BUY,2022-08-09 17:45:00,2022-08-09 18:00:00,-5.73,sl,kijun_pullback,0.01,1796.05,1790.3189909431078,1790.3189909431078,1790.3189909431078,False,0.0,5.87,4,2.866,1.068
ichi,BUY,2022-08-10 15:00:00,2022-08-10 15:25:00,-3.17,sl,tenkan_momentum,0.01,1792.56,1789.3904882854765,1789.3904882854765,1789.3904882854765,False,1.0,4.62,6,1.585,0.597
ichi,SELL,2022-08-11 09:45:00,2022-08-11 10:20:00,-3.38,sl,tenkan_momentum,0.01,1784.83,1788.208764499256,1788.208764499256,1788.208764499256,False,0.0,3.69,8,1.689,0.64
ichi,BUY,2022-08-11 16:30:00,2022-08-11 16:55:00,2.91,sl,kijun_pullback,0.01,1794.26,1797.17,1789.1462323723906,1797.17,True,4.96,3.12,6,2.557,0.975
ichi,SELL,2022-08-12 02:00:00,2022-08-12 06:30:00,-3.01,sl,kijun_pullback,0.01,1787.81,1790.824364266156,1790.824364266156,1790.824364266156,False,1.32,3.21,55,1.507,0.572
ichi,BUY,2022-08-12 08:30:00,2022-08-12 08:40:00,0.1,sl,tenkan_momentum,0.02,1791.28,1791.33,1788.8106578346824,1791.33,True,2.56,0.4,3,1.235,0.942
ichi,SELL,2022-08-12 14:30:00,2022-08-12 15:20:00,-4.07,sl,kijun_pullback,0.01,1786.9,1790.9725854934757,1790.9725854934757,1790.9725854934757,False,1.82,5.8,11,2.036,0.777
ichi,BUY,2022-08-12 17:15:00,2022-08-12 20:20:00,4.83,sl,kijun_pullback,0.01,1794.57,1799.4,1788.8311403245643,1799.4,True,7.36,4.14,38,2.869,1.103
ichi,BUY,2022-08-15 04:00:00,2022-08-15 04:10:00,-3.03,sl,kijun_pullback,0.01,1801.43,1798.4044964078414,1798.4044964078414,1798.4044964078414,False,0.33,3.1,3,1.513,0.576
ichi,SELL,2022-08-15 15:45:00,2022-08-15 15:55:00,0.05,sl,kijun_pullback,0.01,1780.33,1780.28,1787.40616890782,1780.28,True,5.04,1.59,3,3.538,1.355
ichi,SELL,2022-08-15 18:15:00,2022-08-16 11:30:00,2.14,sl,kijun_pullback,0.01,1778.66,1776.52,1784.5348781220275,1776.52,True,4.49,5.68,196,2.937,1.125
ichi,SELL,2022-08-16 14:15:00,2022-08-16 15:35:00,1.1,gap,tenkan_momentum,0.01,1775.56,1774.46,1779.1532049434816,1773.11,True,3.89,3.2,17,1.797,0.685
ichi,SELL,2022-08-16 15:45:00,2022-08-16 16:00:00,1.42,sl,kijun_pullback,0.01,1775.2,1773.78,1779.9598462986353,1773.78,True,3.32,0.98,4,2.38,0.906
ichi,SELL,2022-08-16 17:15:00,2022-08-17 08:30:00,-5.23,sl,kijun_pullback,0.01,1774.75,1779.9755527927443,1779.9755527927443,1779.9755527927443,False,1.76,6.08,172,2.613,0.992
ichi,SELL,2022-08-17 16:15:00,2022-08-17 16:40:00,1.44,sl,kijun_pullback,0.01,1769.68,1768.24,1774.9770454651073,1768.24,True,4.41,4.01,6,2.649,1.015
ichi,SELL,2022-08-18 05:15:00,2022-08-18 07:10:00,1.71,sl,kijun_pullback,0.01,1764.91,1763.2,1767.8563438496255,1763.2,True,2.89,1.16,24,1.473,0.563
ichi,SELL,2022-08-18 09:00:00,2022-08-18 10:05:00,2.16,sl,tenkan_momentum,0.02,1763.36,1762.28,1765.9503881133257,1762.28,True,4.52,0.72,14,1.295,0.987
ichi,SELL,2022-08-19 02:15:00,2022-08-19 03:15:00,1.55,sl,kijun_pullback,0.01,1758.0,1756.45,1760.7638412555275,1756.45,True,2.66,1.34,13,1.382,0.525
ichi,SELL,2022-08-19 04:30:00,2022-08-19 04:45:00,1.14,sl,kijun_pullback,0.01,1756.24,1755.1,1759.4955897284856,1755.1,True,2.44,0.26,4,1.628,0.616
ichi,SELL,2022-08-19 06:15:00,2022-08-19 07:25:00,2.75,sl,kijun_pullback,0.01,1756.01,1753.26,1759.1829664235704,1753.26,True,4.02,0.37,15,1.586,0.599
ichi,SELL,2022-08-19 10:15:00,2022-08-19 11:25:00,0.05,sl,kijun_pullback,0.01,1753.81,1753.76,1756.9345926346316,1753.76,True,1.71,0.89,15,1.562,0.587
ichi,SELL,2022-08-19 12:15:00,2022-08-19 13:30:00,2.13,sl,tenkan_momentum,0.01,1753.47,1751.34,1756.6835430238475,1751.34,True,3.49,0.98,16,1.607,0.604
ichi,SELL,2022-08-19 15:15:00,2022-08-19 15:30:00,-3.99,sl,tenkan_momentum,0.01,1751.03,1755.0201886017626,1755.0201886017626,1755.0201886017626,False,0.98,4.11,4,1.995,0.746
ichi,SELL,2022-08-22 04:00:00,2022-08-22 05:25:00,-2.83,sl,tenkan_momentum,0.01,1745.38,1748.2050900076465,1748.2050900076465,1748.2050900076465,False,0.18,3.03,18,1.413,0.532
ichi,SELL,2022-08-22 09:00:00,2022-08-22 10:10:00,4.15,tp,tenkan_momentum,0.01,1743.59,1739.436770705188,1746.3588195298746,1741.61,True,4.19,0.39,15,1.384,0.525
ichi,SELL,2022-08-22 17:00:00,2022-08-22 17:15:00,-6.18,sl,kijun_pullback,0.01,1733.2,1739.3758758751499,1739.3758758751499,1739.3758758751499,False,1.16,6.55,4,3.088,1.161
ichi,SELL,2022-08-23 09:30:00,2022-08-23 10:15:00,-2.92,sl,tenkan_momentum,0.01,1735.09,1738.0069188636076,1738.0069188636076,1738.0069188636076,False,0.0,3.44,10,1.458,0.555
ichi,SELL,2022-08-23 15:15:00,2022-08-23 15:25:00,1.69,sl,tenkan_momentum,0.01,1736.1,1734.41,1740.403216701128,1734.41,True,3.41,0.44,3,2.152,0.823
ichi,BUY,2022-08-24 10:00:00,2022-08-24 10:20:00,-5.14,sl,tenkan_momentum,0.02,1747.4,1744.831836879301,1744.831836879301,1744.831836879301,False,0.16,6.34,5,1.284,0.979
ichi,BUY,2022-08-25 03:30:00,2022-08-25 04:35:00,2.7,sl,tenkan_momentum,0.01,1752.41,1755.11,1749.7532927401812,1755.11,True,3.76,0.57,14,1.328,0.512
ichi,BUY,2022-08-26 09:15:00,2022-08-26 09:35:00,1.5,sl,tenkan_momentum,0.02,1757.06,1757.81,1754.5471560980861,1757.81,True,3.52,0.48,5,1.256,0.963
ichi,SELL,2022-08-26 17:30:00,2022-08-26 18:20:00,11.35,tp,kijun_pullback,0.01,1746.09,1734.7430015237533,1753.654665650831,1738.21,True,11.54,1.69,11,3.782,1.445
ichi,SELL,2022-08-29 01:45:00,2022-08-29 02:25:00,0.95,gap,kijun_pullback,0.01,1735.94,1734.99,1739.9634482626748,1734.48,True,3.07,0.97,9,2.012,0.752
ichi,SELL,2022-08-29 12:30:00,2022-08-29 13:25:00,-3.53,sl,kijun_pullback,0.01,1722.69,1726.2175593178695,1726.2175593178695,1726.2175593178695,False,0.92,4.32,12,1.764,0.658
ichi,BUY,2022-08-30 04:00:00,2022-08-30 04:30:00,-5.32,sl,tenkan_momentum,0.02,1739.81,1737.1513920016916,1737.1513920016916,1737.1513920016916,False,0.86,6.38,7,1.329,0.999
ichi,SELL,2022-08-30 09:00:00,2022-08-30 09:45:00,0.05,sl,tenkan_momentum,0.01,1734.53,1734.48,1737.4817933993502,1734.48,True,1.48,1.47,10,1.476,0.56
ichi,SELL,2022-08-30 11:00:00,2022-08-30 11:10:00,-3.93,sl,kijun_pullback,0.01,1731.35,1735.2793461750234,1735.2793461750234,1735.2793461750234,False,0.0,5.27,3,1.965,0.746
ichi,SELL,2022-08-30 15:45:00,2022-08-30 17:30:00,4.51,sl,tenkan_momentum,0.01,1730.49,1725.98,1734.946153513081,1725.98,True,7.35,2.61,22,2.228,0.852
ichi,SELL,2022-08-31 03:15:00,2022-08-31 04:55:00,2.82,sl,kijun_pullback,0.02,1723.18,1721.77,1725.4726993434874,1721.77,True,4.72,3.0,21,1.146,0.869
ichi,SELL,2022-08-31 05:15:00,2022-08-31 07:05:00,-5.09,sl,kijun_pullback,0.02,1722.71,1725.2525030981387,1725.2525030981387,1725.2525030981387,False,1.86,5.38,23,1.271,0.959
ichi,SELL,2022-08-31 10:15:00,2022-08-31 11:20:00,4.83,tp,kijun_pullback,0.01,1720.12,1715.2941747005336,1723.3372168663107,1720.07,True,5.38,2.77,14,1.609,0.612
ichi,SELL,2022-09-01 09:15:00,2022-09-01 09:35:00,0.05,sl,kijun_pullback,0.01,1705.38,1705.33,1708.6889039757762,1705.33,True,1.69,0.32,5,1.654,0.624
ichi,SELL,2022-09-01 11:30:00,2022-09-01 11:40:00,1.22,sl,kijun_pullback,0.01,1703.56,1702.34,1707.512695537948,1702.34,True,2.8,0.52,3,1.976,0.745
ichi,SELL,2022-09-01 15:00:00,2022-09-01 15:40:00,6.38,tp,tenkan_momentum,0.01,1701.81,1695.4257575437055,1706.0661616375296,1706.0661616375296,False,6.56,2.49,9,2.128,0.801
ichi,SELL,2022-09-01 18:30:00,2022-09-02 08:55:00,-7.68,sl,kijun_pullback,0.01,1694.21,1701.8905761623034,1701.8905761623034,1701.8905761623034,False,1.19,7.69,162,3.84,1.428
ichi,BUY,2022-09-02 16:30:00,2022-09-02 18:10:00,5.18,sl,kijun_pullback,0.01,1710.66,1715.84,1705.318461509946,1715.84,True,7.32,2.21,21,2.671,1.008
ichi,BUY,2022-09-05 09:00:00,2022-09-05 09:25:00,-3.08,sl,tenkan_momentum,0.01,1713.54,1710.4634236975594,1710.4634236975594,1710.4634236975594,False,0.0,3.35,6,1.538,0.575
ichi,BUY,2022-09-05 12:45:00,2022-09-05 13:30:00,0.05,sl,tenkan_momentum,0.01,1713.98,1714.03,1710.57602483639,1714.03,True,1.77,1.05,10,1.702,0.64
ichi,SELL,2022-09-06 17:00:00,2022-09-06 17:10:00,3.18,gap,kijun_pullback,0.01,1708.91,1705.73,1714.3849529334796,1704.86,True,6.38,0.2,3,2.737,1.028
ichi,SELL,2022-09-07 03:30:00,2022-09-07 03:40:00,-0.55,gap,kijun_pullback,0.01,1694.91,1695.46,1698.9579667010833,1694.86,True,2.04,0.96,3,2.024,0.756
ichi,BUY,2022-09-08 04:30:00,2022-09-08 04:55:00,-3.07,sl,tenkan_momentum,0.01,1718.66,1715.5870574940618,1715.5870574940618,1715.5870574940618,False,0.65,3.37,6,1.536,0.574
ichi,BUY,2022-09-08 10:30:00,2022-09-08 13:00:00,1.13,sl,kijun_pullback,0.01,1718.8600000000001,1719.99,1715.4618004849135,1719.99,True,2.49,2.67,31,1.699,0.639
ichi,BUY,2022-09-09 13:00:00,2022-09-09 14:50:00,-4.15,sl,tenkan_momentum,0.01,1727.53,1723.3799367967983,1723.3799367967983,1723.3799367967983,False,1.85,6.08,23,2.075,0.779
ichi,SELL,2022-09-12 09:00:00,2022-09-12 09:30:00,-2.83,sl,tenkan_momentum,0.01,1713.13,1715.9596867501075,1715.9596867501075,1715.9596867501075,False,0.77,2.96,7,1.415,0.535
ichi,BUY,2022-09-12 18:00:00,2022-09-12 19:20:00,2.55,sl,kijun_pullback,0.01,1730.29,1732.84,1724.55342381451,1732.84,True,4.84,1.83,17,2.868,1.091
ichi,BUY,2022-09-13 11:45:00,2022-09-13 12:55:00,2.16,sl,tenkan_momentum,0.01,1724.45,1726.61,1721.0341479672843,1726.61,True,3.68,0.34,15,1.708,0.646
ichi,BUY,2022-09-13 13:45:00,2022-09-13 14:15:00,1.14,sl,tenkan_momentum,0.01,1727.4,1728.54,1723.8387805765133,1728.54,True,2.63,0.2,7,1.781,0.671
ichi,SELL,2022-09-14 04:00:00,2022-09-14 04:30:00,0.05,sl,tenkan_momentum,0.01,1700.21,1700.16,1704.0418167765597,1700.16,True,1.92,1.49,7,1.916,0.72
ichi,SELL,2022-09-15 03:45:00,2022-09-15 04:15:00,3.32,sl,kijun_pullback,0.02,1696.6,1694.94,1699.1241893740566,1694.94,True,5.34,0.52,7,1.262,0.949
ichi,SELL,2022-09-15 05:15:00,2022-09-15 06:00:00,4.06,tp,tenkan_momentum,0.01,1695.12,1691.0627880359953,1697.8248079760028,1695.07,True,4.74,0.3,10,1.352,0.505
ichi,SELL,2022-09-15 12:00:00,2022-09-15 13:00:00,-3.64,sl,tenkan_momentum,0.01,1687.31,1690.948700768381,1690.948700768381,1690.948700768381,False,0.9,3.83,13,1.819,0.675
ichi,SELL,2022-09-15 13:45:00,2022-09-15 15:25:00,1.73,sl,tenkan_momentum,0.01,1686.29,1684.56,1690.1214116664091,1684.56,True,3.26,1.48,21,1.916,0.715
ichi,SELL,2022-09-15 15:30:00,2022-09-15 15:45:00,-4.92,sl,kijun_pullback,0.01,1685.28,1690.1986251004773,1690.1986251004773,1690.1986251004773,False,2.86,7.21,4,2.459,0.915
ichi,SELL,2022-09-15 18:00:00,2022-09-15 19:20:00,4.34,sl,kijun_pullback,0.01,1668.57,1664.23,1677.7595999450127,1664.23,True,8.02,3.01,17,4.595,1.726
ichi,SELL,2022-09-16 04:45:00,2022-09-16 10:00:00,1.76,sl,kijun_pullback,0.01,1663.1,1661.34,1667.1398768917452,1661.34,True,3.39,2.52,64,2.02,0.753
ichi,SELL,2022-09-16 11:00:00,2022-09-16 11:45:00,-3.86,sl,kijun_pullback,0.01,1655.74,1659.60339555634,1659.60339555634,1659.60339555634,False,1.38,3.95,10,1.932,0.717
ichi,SELL,2022-09-19 12:00:00,2022-09-19 15:25:00,-4.5,sl,kijun_pullback,0.01,1662.61,1667.114035374314,1667.114035374314,1667.114035374314,False,1.64,5.18,42,2.252,0.842
ichi,BUY,2022-09-20 05:30:00,2022-09-20 07:45:00,-2.98,sl,kijun_pullback,0.01,1676.5,1673.5187699104783,1673.5187699104783,1673.5187699104783,False,1.39,3.31,28,1.491,0.562
ichi,SELL,2022-09-20 10:00:00,2022-09-20 11:20:00,3.3,sl,kijun_pullback,0.01,1673.02,1669.72,1676.1406537621663,1669.72,True,4.55,3.07,17,1.56,0.592
ichi,SELL,2022-09-20 13:45:00,2022-09-20 15:35:00,1.32,sl,tenkan_momentum,0.01,1668.25,1666.93,1672.0857994715907,1666.93,True,2.85,2.16,23,1.918,0.723
ichi,SELL,2022-09-20 17:15:00,2022-09-21 09:00:00,-5.1,sl,tenkan_momentum,0.01,1663.27,1668.3728383847042,1668.3728383847042,1668.3728383847042,False,2.36,6.17,178,2.551,0.959
ichi,BUY,2022-09-21 16:15:00,2022-09-21 17:20:00,-4.06,sl,kijun_pullback,0.01,1674.24,1670.1777627459849,1670.1777627459849,1670.1777627459849,False,0.84,4.2,14,2.031,0.771
ichi,SELL,2022-09-22 08:45:00,2022-09-22 10:10:00,4.6,sl,kijun_pullback,0.01,1662.25,1657.65,1666.7108662832868,1657.65,True,6.38,0.88,18,2.23,0.853
ichi,SELL,2022-09-22 10:30:00,2022-09-22 11:00:00,-4.61,sl,kijun_pullback,0.01,1658.68,1663.2942377903646,1663.2942377903646,1663.2942377903646,False,0.51,6.83,7,2.307,0.875
ichi,BUY,2022-09-22 14:45:00,2022-09-22 15:20:00,2.03,gap,tenkan_momentum,0.01,1670.4,1672.43,1663.1239741732586,1672.66,True,5.17,1.74,8,3.638,1.392
ichi,BUY,2022-09-22 17:15:00,2022-09-23 10:15:00,-8.78,sl,kijun_pullback,0.01,1676.21,1667.4303622135544,1667.4303622135544,1667.4303622135544,False,1.8,9.33,193,4.39,1.673
ichi,SELL,2022-09-23 16:30:00,2022-09-23 17:10:00,5.63,sl,kijun_pullback,0.01,1652.65,1647.02,1661.336259774651,1647.02,True,9.1,0.87,9,4.343,1.684
ichi,SELL,2022-09-26 02:15:00,2022-09-26 03:55:00,7.02,tp,kijun_pullback,0.01,1643.19,1636.1653719176095,1647.8730853882605,1639.7,True,16.18,2.61,21,2.342,0.898
ichi,SELL,2022-09-26 13:15:00,2022-09-26 15:20:00,-6.92,sl,tenkan_momentum,0.01,1636.77,1643.6928672543222,1643.6928672543222,1643.6928672543222,False,0.34,7.96,26,3.461,1.31
ichi,SELL,2022-09-27 17:30:00,2022-09-27 20:05:00,4.64,sl,tenkan_momentum,0.01,1634.19,1629.55,1640.860358845289,1629.55,True,7.31,3.95,32,3.335,1.279
ichi,SELL,2022-09-28 03:45:00,2022-09-28 05:25:00,1.4,sl,tenkan_momentum,0.01,1626.2,1624.8,1629.852895197099,1624.8,True,3.0,1.36,21,1.826,0.694
ichi,SELL,2022-09-28 10:15:00,2022-09-28 10:25:00,0.05,sl,kijun_pullback,0.01,1618.12,1618.07,1622.913294063591,1618.07,True,3.11,0.89,3,2.397,0.908
ichi,SELL,2022-09-28 11:45:00,2022-09-28 13:00:00,0.05,sl,tenkan_momentum,0.01,1619.31,1619.26,1624.7333389023954,1619.26,True,3.2,6.4,16,2.712,1.028
ichi,BUY,2022-09-29 16:15:00,2022-09-29 17:15:00,-6.81,sl,tenkan_momentum,0.01,1654.78,1647.9693112873772,1647.9693112873772,1647.9693112873772,False,3.38,9.6,13,3.405,1.29
ichi,BUY,2022-09-29 18:00:00,2022-09-29 18:15:00,2.88,sl,kijun_pullback,0.01,1653.54,1656.42,1644.8638541850794,1656.42,True,6.65,0.52,4,4.338,1.665
ichi,BUY,2022-09-30 03:00:00,2022-09-30 05:00:00,-4.15,sl,kijun_pullback,0.01,1664.8,1660.6518121855868,1660.6518121855868,1660.6518121855868,False,0.5,4.2,25,2.074,0.792
ichi,BUY,2022-09-30 06:00:00,2022-09-30 09:15:00,3.65,sl,kijun_pullback,0.01,1663.5,1667.15,1659.6605493967259,1667.15,True,5.26,2.26,40,1.92,0.739
ichi,BUY,2022-10-03 15:30:00,2022-10-03 16:20:00,3.52,gap,kijun_pullback,0.01,1668.91,1672.43,1663.798580488927,1672.57,True,5.7,3.56,11,2.556,0.977
ichi,BUY,2022-10-03 17:15:00,2022-10-03 17:30:00,12.48,tp,kijun_pullback,0.01,1678.38,1690.8636355744047,1670.0575762837304,1683.11,True,12.93,1.8,4,4.161,1.58
ichi,BUY,2022-10-04 09:00:00,2022-10-04 10:00:00,1.61,sl,kijun_pullback,0.01,1703.46,1705.07,1699.1434019492763,1705.07,True,3.34,1.56,13,2.158,0.8
ichi,BUY,2022-10-04 15:30:00,2022-10-04 16:00:00,1.81,sl,kijun_pullback,0.01,1709.07,1710.88,1703.2305624452224,1710.88,True,4.15,1.64,7,2.92,1.079
ichi,BUY,2022-10-04 17:00:00,2022-10-04 17:10:00,3.79,gap,tenkan_momentum,0.01,1710.25,1714.04,1703.004582592561,1714.78,True,7.43,0.2,3,3.623,1.335
ichi,BUY,2022-10-05 01:30:00,2022-10-05 03:50:00,-4.24,sl,kijun_pullback,0.01,1725.93,1721.6914427992303,1721.6914427992303,1721.6914427992303,False,0.0,4.41,29,2.119,0.775
ichi,BUY,2022-10-06 05:00:00,2022-10-06 06:30:00,1.25,sl,tenkan_momentum,0.01,1721.46,1722.71,1717.5078143235576,1722.71,True,2.83,1.34,19,1.976,0.729
ichi,BUY,2022-10-06 08:45:00,2022-10-06 10:00:00,-3.41,sl,tenkan_momentum,0.01,1723.73,1720.3184991654346,1720.3184991654346,1720.3184991654346,False,0.79,4.05,16,1.706,0.628
ichi,BUY,2022-10-06 10:15:00,2022-10-06 11:20:00,-4.09,sl,kijun_pullback,0.01,1723.65,1719.5639313084116,1719.5639313084116,1719.5639313084116,False,1.92,6.18,14,2.043,0.756
ichi,SELL,2022-10-06 18:45:00,2022-10-07 13:45:00,0.05,sl,tenkan_momentum,0.01,1710.38,1710.33,1717.0185388319396,1710.33,True,3.91,5.03,217,3.319,1.238
ichi,SELL,2022-10-07 15:45:00,2022-10-07 15:55:00,6.06,gap,kijun_pullback,0.01,1701.29,1695.23,1708.6569552760507,1693.8,True,10.44,1.83,3,3.683,1.374
ichi,SELL,2022-10-10 04:45:00,2022-10-10 06:20:00,6.89,tp,kijun_pullback,0.01,1694.56,1687.6743244882161,1699.150450341189,1691.52,True,7.22,1.87,20,2.295,0.847
ichi,SELL,2022-10-10 17:30:00,2022-10-10 18:20:00,4.86,sl,kijun_pullback,0.01,1673.61,1668.75,1680.5586225087604,1668.75,True,7.7,3.93,11,3.474,1.265
ichi,SELL,2022-10-11 01:15:00,2022-10-11 03:45:00,-3.46,sl,kijun_pullback,0.01,1668.34,1671.8039068933963,1671.8039068933963,1671.8039068933963,False,0.42,3.58,31,1.732,0.625
ichi,SELL,2022-10-11 05:15:00,2022-10-11 05:50:00,-4.76,sl,kijun_pullback,0.01,1662.48,1667.23629374174,1667.23629374174,1667.23629374174,False,0.89,5.06,8,2.378,0.864
ichi,SELL,2022-10-11 13:30:00,2022-10-11 14:00:00,-5.05,sl,kijun_pullback,0.01,1663.3,1668.3534740036964,1668.3534740036964,1668.3534740036964,False,0.38,5.17,7,2.527,0.926
ichi,SELL,2022-10-12 06:45:00,2022-10-12 07:00:00,-3.83,sl,kijun_pullback,0.01,1663.84,1667.665823385817,1667.665823385817,1667.665823385817,False,0.0,7.78,4,1.913,0.708
ichi,SELL,2022-10-12 16:15:00,2022-10-12 21:05:00,-5.94,sl,kijun_pullback,0.01,1668.01,1673.9482135601725,1673.9482135601725,1673.9482135601725,False,0.58,7.33,59,2.969,1.106
ichi,BUY,2022-10-13 03:30:00,2022-10-13 05:00:00,-3.07,sl,kijun_pullback,0.01,1674.64,1671.5677396751264,1671.5677396751264,1671.5677396751264,False,0.82,3.12,19,1.536,0.579
ichi,SELL,2022-10-13 10:45:00,2022-10-13 11:30:00,-3.12,sl,kijun_pullback,0.01,1669.66,1672.7821099822222,1672.7821099822222,1672.7821099822222,False,0.08,4.24,10,1.561,0.591
ichi,SELL,2022-10-14 16:30:00,2022-10-14 17:05:00,4.47,gap,kijun_pullback,0.01,1654.61,1650.14,1662.2678545506235,1648.47,True,9.2,1.73,8,3.829,1.459
ichi,SELL,2022-10-17 01:45:00,2022-10-17 03:35:00,-4.26,sl,kijun_pullback,0.01,1644.44,1648.7012500516187,1648.7012500516187,1648.7012500516187,False,0.0,4.57,23,2.131,0.805
ichi,BUY,2022-10-17 15:30:00,2022-10-17 16:00:00,2.11,sl,kijun_pullback,0.01,1663.95,1666.06,1658.6158402816907,1666.06,True,4.24,0.71,7,2.667,1.016
ichi,BUY,2022-10-17 17:30:00,2022-10-17 20:00:00,-5.47,sl,kijun_pullback,0.01,1662.6000000000001,1657.1257894720386,1657.1257894720386,1657.1257894720386,False,1.94,5.88,31,2.737,1.039
ichi,SELL,2022-10-18 15:00:00,2022-10-18 15:30:00,-4.52,sl,kijun_pullback,0.01,1652.93,1657.4525264488384,1657.4525264488384,1657.4525264488384,False,0.62,4.66,7,2.261,0.867
ichi,SELL,2022-10-18 18:15:00,2022-10-18 18:25:00,2.62,sl,tenkan_momentum,0.01,1651.7,1649.08,1657.0005381693004,1649.08,True,4.74,0.2,3,2.65,1.025
ichi,SELL,2022-10-19 10:45:00,2022-10-19 11:40:00,1.68,sl,kijun_pullback,0.01,1643.02,1641.34,1647.8120169841584,1641.34,True,3.6,4.28,12,2.396,0.922
ichi,SELL,2022-10-19 17:45:00,2022-10-20 03:15:00,6.13,sl,kijun_pullback,0.01,1634.83,1628.7,1641.0235688112825,1628.7,True,8.63,1.17,103,3.097,1.188
ichi,SELL,2022-10-20 03:20:00,2022-10-20 04:15:00,2.09,sl,kijun_pullback,0.01,1628.64,1626.55,1631.3019379911887,1626.55,True,3.35,0.95,12,1.331,0.505
ichi,SELL,2022-10-20 05:00:00,2022-10-20 05:40:00,0.83,sl,kijun_pullback,0.01,1624.71,1623.88,1627.8302050254686,1623.88,True,2.08,0.97,9,1.56,0.589
ichi,SELL,2022-10-21 04:30:00,2022-10-21 06:40:00,4.88,tp,kijun_pullback,0.01,1626.46,1621.580089765393,1629.713273489738,1624.23,True,5.04,1.43,27,1.627,0.613
ichi,SELL,2022-10-21 09:00:00,2022-10-21 10:15:00,2.52,sl,tenkan_momentum,0.01,1621.4,1618.88,1624.8760045530266,1618.88,True,3.91,1.66,16,1.738,0.649
ichi,SELL,2022-10-21 11:30:00,2022-10-21 12:50:00,-4.81,sl,kijun_pullback,0.01,1621.18,1625.9939389271149,1625.9939389271149,1625.9939389271149,False,1.72,4.86,17,2.407,0.895
ichi,BUY,2022-10-24 02:45:00,2022-10-24 03:50:00,-7.56,sl,kijun_pullback,0.01,1665.31,1657.7526171984064,1657.7526171984064,1657.7526171984064,False,5.22,8.81,14,3.779,1.418
ichi,BUY,2022-10-25 03:15:00,2022-10-25 03:50:00,0.05,sl,kijun_pullback,0.01,1652.5900000000001,1652.64,1649.654492665083,1652.64,True,1.54,0.39,8,1.468,0.559
ichi,SELL,2022-10-25 11:30:00,2022-10-25 12:20:00,2.02,sl,tenkan_momentum,0.01,1645.96,1643.94,1649.7967416714257,1643.94,True,3.55,1.28,11,1.918,0.73
ichi,SELL,2022-10-25 15:30:00,2022-10-25 16:10:00,-4.62,sl,tenkan_momentum,0.01,1641.46,1646.077504135373,1646.077504135373,1646.077504135373,False,2.16,5.25,9,2.309,0.875
ichi,BUY,2022-10-27 03:45:00,2022-10-27 04:15:00,2.25,sl,kijun_pullback,0.01,1667.28,1669.53,1664.186818889145,1669.53,True,3.55,0.95,7,1.547,0.592
ichi,SELL,2022-10-27 17:00:00,2022-10-27 17:15:00,-7.07,sl,tenkan_momentum,0.01,1658.37,1665.4444167600102,1665.4444167600102,1665.4444167600102,False,0.0,7.33,4,3.537,1.347
ichi,BUY,2022-10-28 03:30:00,2022-10-28 04:15:00,1.25,sl,kijun_pullback,0.01,1661.27,1662.52,1658.0602440798991,1662.52,True,2.53,0.37,10,1.605,0.62
ichi,BUY,2022-10-28 06:00:00,2022-10-28 08:35:00,-3.81,sl,kijun_pullback,0.01,1665.6200000000001,1661.8148140500493,1661.8148140500493,1661.8148140500493,False,0.59,3.82,32,1.903,0.733
ichi,SELL,2022-10-28 15:45:00,2022-10-28 16:00:00,0.05,sl,kijun_pullback,0.01,1646.16,1646.11,1653.1788487806427,1646.11,True,4.97,0.61,4,3.509,1.362
ichi,SELL,2022-10-28 17:15:00,2022-10-28 18:20:00,3.64,sl,kijun_pullback,0.01,1644.99,1641.35,1652.7520555747453,1641.35,True,6.74,0.58,14,3.881,1.506
ichi,SELL,2022-10-31 05:00:00,2022-10-31 05:55:00,-3.05,sl,tenkan_momentum,0.01,1641.52,1644.5744447363716,1644.5744447363716,1644.5744447363716,False,0.14,3.44,12,1.527,0.588
ichi,SELL,2022-10-31 08:45:00,2022-10-31 09:30:00,0.82,sl,kijun_pullback,0.01,1642.69,1641.87,1645.5827275632344,1641.87,True,1.98,2.13,10,1.446,0.56
ichi,SELL,2022-10-31 12:15:00,2022-10-31 13:00:00,-3.39,sl,tenkan_momentum,0.01,1637.74,1641.1347869533276,1641.1347869533276,1641.1347869533276,False,0.88,3.87,10,1.697,0.657
ichi,SELL,2022-10-31 14:30:00,2022-10-31 15:35:00,2.56,gap,kijun_pullback,0.01,1638.08,1635.52,1642.4834968720668,1635.43,True,4.41,1.56,14,2.202,0.857
ichi,SELL,2022-10-31 16:00:00,2022-10-31 16:45:00,-4.7,sl,kijun_pullback,0.01,1637.39,1642.0862060973698,1642.0862060973698,1642.0862060973698,False,0.0,4.97,10,2.348,0.91
ichi,SELL,2022-11-01 02:45:00,2022-11-01 03:20:00,-2.57,sl,kijun_pullback,0.01,1633.21,1635.7840322567495,1635.7840322567495,1635.7840322567495,False,0.01,2.76,8,1.287,0.503
ichi,BUY,2022-11-01 10:00:00,2022-11-01 10:20:00,1.3,sl,kijun_pullback,0.01,1645.51,1646.81,1640.823750439755,1646.81,True,3.17,0.24,5,2.343,0.921
ichi,SELL,2022-11-01 18:30:00,2022-11-01 20:00:00,-6.02,sl,tenkan_momentum,0.01,1644.58,1650.597129470315,1650.597129470315,1650.597129470315,False,1.41,6.37,19,3.009,1.179
ichi,BUY,2022-11-02 03:00:00,2022-11-02 04:05:00,-2.94,sl,kijun_pullback,0.01,1650.63,1647.6909787888894,1647.6909787888894,1647.6909787888894,False,0.75,3.17,14,1.47,0.583
ichi,BUY,2022-11-02 04:45:00,2022-11-02 05:25:00,1.67,sl,tenkan_momentum,0.01,1650.39,1652.06,1647.0731784940122,1652.06,True,3.0,0.25,9,1.658,0.662
ichi,BUY,2022-11-02 07:15:00,2022-11-02 07:50:00,0.77,sl,kijun_pullback,0.01,1650.8500000000001,1651.62,1647.9659593218323,1651.62,True,1.92,0.29,8,1.442,0.574
ichi,BUY,2022-11-02 09:00:00,2022-11-02 10:05:00,1.04,gap,kijun_pullback,0.01,1651.53,1652.57,1648.4312602366135,1652.63,True,2.34,1.43,14,1.549,0.615
ichi,BUY,2022-11-02 11:15:00,2022-11-02 11:50:00,0.05,sl,kijun_pullback,0.01,1654.24,1654.29,1650.7804585270455,1654.29,True,2.07,0.65,8,1.73,0.686
ichi,BUY,2022-11-02 14:30:00,2022-11-02 16:00:00,-4.27,sl,kijun_pullback,0.01,1656.8700000000001,1652.6036808641506,1652.6036808641506,1652.6036808641506,False,1.25,5.27,19,2.133,0.845
ichi,BUY,2022-11-02 20:15:00,2022-11-02 20:35:00,0.05,sl,kijun_pullback,0.01,1664.41,1664.46,1658.5204757541705,1664.46,True,4.92,9.18,5,2.945,1.177
ichi,SELL,2022-11-03 05:00:00,2022-11-03 09:15:00,6.42,tp,kijun_pullback,0.01,1636.27,1629.8466524574128,1640.552231695058,1631.67,True,6.44,2.88,52,2.141,0.856
ichi,SELL,2022-11-03 15:45:00,2022-11-03 16:45:00,-6.85,sl,kijun_pullback,0.01,1620.83,1627.6841314783642,1627.6841314783642,1627.6841314783642,False,2.6,7.45,13,3.427,1.352
ichi,BUY,2022-11-04 12:30:00,2022-11-04 12:55:00,0.05,sl,kijun_pullback,0.01,1649.02,1649.07,1644.1460542345226,1649.07,True,3.02,0.56,6,2.437,0.975
ichi,BUY,2022-11-04 14:45:00,2022-11-04 15:15:00,9.7,tp,kijun_pullback,0.01,1656.3500000000001,1666.0529866756453,1649.8813422162368,1663.0,True,10.66,0.92,7,3.234,1.293
ichi,BUY,2022-11-07 01:15:00,2022-11-07 01:50:00,-5.42,sl,kijun_pullback,0.01,1678.46,1673.0377172195983,1673.0377172195983,1673.0377172195983,False,0.43,5.43,8,2.711,1.064
ichi,BUY,2022-11-07 16:45:00,2022-11-07 17:20:00,-4.9,sl,tenkan_momentum,0.01,1680.45,1675.5471946537143,1675.5471946537143,1675.5471946537143,False,1.45,5.31,8,2.451,0.972
ichi,BUY,2022-11-08 17:15:00,2022-11-08 17:25:00,4.67,gap,kijun_pullback,0.01,1698.99,1703.66,1691.0743965328636,1705.25,True,9.57,1.26,3,3.958,1.585
ichi,BUY,2022-11-09 01:30:00,2022-11-09 03:00:00,-4.37,sl,kijun_pullback,0.01,1713.0800000000002,1708.7097461548892,1708.7097461548892,1708.7097461548892,False,0.0,5.04,19,2.185,0.867
ichi,BUY,2022-11-09 10:15:00,2022-11-09 11:10:00,-3.99,sl,kijun_pullback,0.01,1715.07,1711.0835924558685,1711.0835924558685,1711.0835924558685,False,0.76,4.31,12,1.993,0.798
ichi,BUY,2022-11-09 17:15:00,2022-11-09 17:35:00,-7.03,sl,kijun_pullback,0.01,1716.54,1709.5085037765516,1709.5085037765516,1709.5085037765516,False,1.07,7.7,5,3.516,1.418
ichi,BUY,2022-11-10 08:45:00,2022-11-10 09:10:00,-3.55,sl,kijun_pullback,0.01,1711.3700000000001,1707.816802486414,1707.816802486414,1707.816802486414,False,0.04,3.62,6,1.777,0.727
ichi,BUY,2022-11-10 15:30:00,2022-11-10 15:30:00,10.98,tp,tenkan_momentum,0.01,1711.8500000000001,1722.8255508188863,1704.5329661207427,1704.5329661207427,False,23.23,0.26,1,3.659,1.508
ichi,BUY,2022-11-11 09:00:00,2022-11-11 09:40:00,2.1,sl,tenkan_momentum,0.01,1758.3700000000001,1760.47,1753.0039606150942,1760.47,True,4.25,2.62,9,2.683,1.081
ichi,BUY,2022-11-11 10:30:00,2022-11-11 11:00:00,3.62,sl,tenkan_momentum,0.01,1760.1100000000001,1763.73,1754.0785706586146,1763.73,True,6.03,0.54,7,3.016,1.21
ichi,BUY,2022-11-14 10:15:00,2022-11-14 11:00:00,-5.02,sl,tenkan_momentum,0.01,1765.8600000000001,1760.8384940154106,1760.8384940154106,1760.8384940154106,False,0.28,6.08,10,2.511,1.0
ichi,BUY,2022-11-15 09:15:00,2022-11-15 09:30:00,5.78,tp,tenkan_momentum,0.01,1771.92,1777.6999416412411,1768.066705572506,1775.91,True,7.27,0.4,4,1.927,0.775
ichi,BUY,2022-11-15 11:00:00,2022-11-15 15:30:00,7.79,tp,kijun_pullback,0.01,1777.78,1785.570876242141,1772.5860825052393,1772.5860825052393,False,8.79,4.76,55,2.597,1.033
ichi,BUY,2022-11-16 02:45:00,2022-11-16 05:45:00,-5.4,sl,kijun_pullback,0.01,1778.31,1772.9089061357638,1772.9089061357638,1772.9089061357638,False,1.96,5.67,37,2.701,1.058
ichi,BUY,2022-11-16 15:30:00,2022-11-16 16:35:00,-5.34,sl,tenkan_momentum,0.01,1779.5800000000002,1774.2357937605182,1774.2357937605182,1774.2357937605182,False,1.92,5.8,14,2.672,1.058
ichi,SELL,2022-11-17 14:45:00,2022-11-17 15:10:00,3.25,gap,tenkan_momentum,0.01,1762.96,1759.71,1767.5533601533994,1758.77,True,6.03,1.91,6,2.297,0.919
ichi,SELL,2022-11-17 17:45:00,2022-11-17 19:00:00,0.05,sl,kijun_pullback,0.01,1759.36,1759.31,1765.6669275993352,1759.31,True,3.67,1.31,16,3.153,1.254
ichi,SELL,2022-11-18 16:00:00,2022-11-18 16:30:00,3.43,sl,tenkan_momentum,0.01,1760.26,1756.83,1764.863190074456,1756.83,True,6.37,1.2,7,2.302,0.915
ichi,SELL,2022-11-18 17:45:00,2022-11-18 19:35:00,2.31,sl,tenkan_momentum,0.01,1754.95,1752.64,1760.6461440966923,1752.64,True,4.59,3.91,23,2.848,1.125
ichi,SELL,2022-11-21 02:30:00,2022-11-21 03:15:00,4.39,tp,kijun_pullback,0.01,1750.41,1746.0192368537791,1753.3371754308139,1749.29,True,4.73,0.78,10,1.464,0.575
ichi,SELL,2022-11-21 09:30:00,2022-11-21 09:55:00,1.14,sl,kijun_pullback,0.01,1744.79,1743.65,1748.27376658186,1743.65,True,2.53,1.17,6,1.742,0.679
ichi,SELL,2022-11-21 12:15:00,2022-11-21 15:25:00,-4.33,sl,kijun_pullback,0.01,1741.38,1745.7119894154146,1745.7119894154146,1745.7119894154146,False,1.96,5.83,39,2.166,0.842
ichi,SELL,2022-11-21 17:15:00,2022-11-21 19:00:00,1.87,sl,kijun_pullback,0.01,1736.75,1734.88,1742.0902199154325,1734.88,True,4.01,2.16,22,2.67,1.047
ichi,SELL,2022-11-22 17:00:00,2022-11-22 18:25:00,1.12,sl,kijun_pullback,0.01,1742.89,1741.77,1747.2159453084216,1741.77,True,2.95,1.98,18,2.163,0.845
ichi,SELL,2022-11-23 15:45:00,2022-11-23 16:45:00,-5.81,sl,kijun_pullback,0.01,1734.23,1740.0424493464873,1740.0424493464873,1740.0424493464873,False,1.88,10.64,13,2.906,1.133
ichi,BUY,2022-11-24 09:00:00,2022-11-24 09:15:00,0.79,sl,kijun_pullback,0.01,1755.5900000000001,1756.38,1752.6638087423305,1756.38,True,1.96,0.53,4,1.463,0.577
ichi,BUY,2022-11-24 11:45:00,2022-11-24 12:25:00,0.83,sl,kijun_pullback,0.01,1756.49,1757.32,1753.27292413383,1757.32,True,2.12,0.49,9,1.609,0.633
ichi,BUY,2022-11-24 13:45:00,2022-11-24 20:20:00,-3.3,sl,tenkan_momentum,0.01,1758.1100000000001,1754.8050917453731,1754.8050917453731,1754.8050917453731,False,0.5,3.31,80,1.652,0.65
ichi,SELL,2022-11-25 16:30:00,2022-11-25 19:10:00,-3.91,sl,kijun_pullback,0.01,1749.58,1753.4853796716388,1753.4853796716388,1753.4853796716388,False,0.93,6.24,33,1.953,0.773
ichi,SELL,2022-11-28 03:15:00,2022-11-28 03:55:00,1.66,sl,tenkan_momentum,0.01,1749.31,1747.65,1752.9364010390427,1747.65,True,3.11,0.65,9,1.813,0.723
ichi,SELL,2022-11-28 07:30:00,2022-11-28 08:35:00,-3.12,sl,kijun_pullback,0.01,1750.17,1753.2948412538683,1753.2948412538683,1753.2948412538683,False,1.55,3.16,14,1.562,0.621
ichi,SELL,2022-11-29 02:45:00,2022-11-29 03:35:00,-2.87,sl,kijun_pullback,0.01,1741.65,1744.516482390876,1744.516482390876,1744.516482390876,False,1.21,3.06,11,1.433,0.573
ichi,BUY,2022-11-29 12:30:00,2022-11-29 14:05:00,0.05,sl,kijun_pullback,0.01,1755.3600000000001,1755.41,1751.612840645711,1755.41,True,2.18,2.0,20,1.874,0.754
ichi,SELL,2022-11-30 02:30:00,2022-11-30 03:30:00,-2.73,sl,kijun_pullback,0.01,1749.33,1752.0603716665194,1752.0603716665194,1752.0603716665194,False,0.05,2.89,13,1.365,0.549
ichi,BUY,2022-11-30 05:00:00,2022-11-30 06:55:00,0.97,sl,tenkan_momentum,0.01,1753.53,1754.5,1750.5119662362445,1754.5,True,2.23,0.48,24,1.509,0.61
ichi,BUY,2022-11-30 09:15:00,2022-11-30 11:00:00,4.15,tp,kijun_pullback,0.01,1755.88,1760.0346916467934,1753.1102055688048,1758.82,True,4.92,1.62,22,1.385,0.559
ichi,BUY,2022-11-30 13:30:00,2022-11-30 14:35:00,0.05,sl,tenkan_momentum,0.01,1761.05,1761.1,1757.4756411539875,1761.1,True,2.31,1.29,14,1.787,0.715
ichi,BUY,2022-12-01 12:30:00,2022-12-01 15:05:00,6.53,tp,kijun_pullback,0.01,1779.82,1786.35182896547,1775.465447356353,1784.18,True,7.41,3.33,32,2.177,0.871
ichi,BUY,2022-12-02 10:30:00,2022-12-02 11:00:00,0.05,sl,tenkan_momentum,0.01,1800.99,1801.04,1797.4833769873403,1801.04,True,2.11,0.7,7,1.753,0.693
ichi,SELL,2022-12-06 07:45:00,2022-12-06 10:40:00,-3.94,sl,tenkan_momentum,0.01,1769.29,1773.234754017476,1773.234754017476,1773.234754017476,False,1.82,4.09,36,1.972,0.779
ichi,SELL,2022-12-06 11:15:00,2022-12-06 13:05:00,-4.46,sl,kijun_pullback,0.01,1770.92,1775.3799812846328,1775.3799812846328,1775.3799812846328,False,0.46,4.49,23,2.23,0.888
ichi,SELL,2022-12-07 02:15:00,2022-12-07 03:30:00,0.05,sl,kijun_pullback,0.01,1770.52,1770.47,1773.013490656285,1770.47,True,1.58,1.2,16,1.247,0.501
ichi,BUY,2022-12-07 16:45:00,2022-12-07 17:15:00,-0.36,gap,kijun_pullback,0.01,1784.63,1784.27,1779.0505740257606,1784.68,True,3.25,3.73,7,2.79,1.12
ichi,BUY,2022-12-08 14:15:00,2022-12-08 15:10:00,1.13,sl,tenkan_momentum,0.01,1786.17,1787.3,1782.7335635441646,1787.3,True,2.5,1.69,12,1.718,0.691
ichi,BUY,2022-12-08 15:45:00,2022-12-08 16:10:00,1.44,sl,kijun_pullback,0.01,1787.74,1789.18,1783.3764068658472,1789.18,True,3.19,1.05,6,2.182,0.875
ichi,BUY,2022-12-08 18:45:00,2022-12-09 03:20:00,3.21,sl,kijun_pullback,0.01,1789.98,1793.19,1784.4262428881777,1793.19,True,5.43,3.38,92,2.777,1.11
ichi,BUY,2022-12-09 03:25:00,2022-12-09 07:00:00,1.43,sl,kijun_pullback,0.01,1794.67,1796.1,1791.5096982508555,1796.1,True,2.84,2.54,44,1.58,0.628
ichi,BUY,2022-12-09 13:30:00,2022-12-09 14:45:00,1.41,sl,kijun_pullback,0.01,1798.66,1800.07,1794.539130993126,1800.07,True,3.06,1.26,16,2.06,0.816
ichi,BUY,2022-12-09 16:00:00,2022-12-09 17:20:00,-6.39,sl,kijun_pullback,0.01,1798.28,1791.8884540223642,1791.8884540223642,1791.8884540223642,False,2.12,8.14,17,3.196,1.263
ichi,SELL,2022-12-12 17:00:00,2022-12-12 17:45:00,3.05,sl,kijun_pullback,0.01,1788.17,1785.12,1792.737095434481,1785.12,True,4.88,2.24,10,2.284,0.914
ichi,BUY,2022-12-13 15:00:00,2022-12-13 15:25:00,5.18,tp,tenkan_momentum,0.01,1789.27,1794.4469480936784,1785.8187012708809,1785.8187012708809,False,5.54,2.63,6,1.726,0.686
ichi,BUY,2022-12-14 03:00:00,2022-12-14 09:45:00,-3.92,sl,kijun_pullback,0.01,1811.41,1807.4891664749102,1807.4891664749102,1807.4891664749102,False,1.78,3.95,82,1.96,0.772
ichi,BUY,2022-12-14 16:45:00,2022-12-14 20:15:00,-3.95,sl,kijun_pullback,0.01,1811.81,1807.858351569268,1807.858351569268,1807.858351569268,False,1.24,4.23,43,1.976,0.784
ichi,SELL,2022-12-16 03:30:00,2022-12-16 04:15:00,-3.02,sl,kijun_pullback,0.01,1777.02,1780.040429772798,1780.040429772798,1780.040429772798,False,0.39,3.11,10,1.51,0.604
ichi,BUY,2022-12-16 18:15:00,2022-12-19 05:20:00,4.07,sl,tenkan_momentum,0.01,1790.47,1794.54,1784.3395941325064,1794.54,True,6.52,3.33,122,3.065,1.233
ichi,BUY,2022-12-19 05:25:00,2022-12-19 07:25:00,-3.36,sl,tenkan_momentum,0.01,1794.7,1791.335069177894,1791.335069177894,1791.335069177894,False,0.58,3.53,25,1.682,0.671
ichi,SELL,2022-12-19 20:45:00,2022-12-20 02:55:00,2.07,sl,kijun_pullback,0.01,1788.48,1786.41,1792.3735075908178,1786.41,True,3.67,1.79,63,1.947,0.782
ichi,SELL,2022-12-20 03:45:00,2022-12-20 05:00:00,-2.64,sl,kijun_pullback,0.01,1786.76,1789.396081629571,1789.396081629571,1789.396081629571,False,1.27,5.81,16,1.318,0.527
ichi,BUY,2022-12-20 15:45:00,2022-12-20 16:45:00,8.17,tp,kijun_pullback,0.01,1804.2,1812.3709620625411,1798.752691958306,1806.65,True,8.35,1.43,13,2.724,1.095
ichi,BUY,2022-12-21 01:15:00,2022-12-21 03:30:00,0.05,sl,kijun_pullback,0.01,1817.96,1818.01,1814.549219841074,1818.01,True,1.9,1.36,28,1.705,0.675
ichi,BUY,2022-12-21 16:15:00,2022-12-21 16:55:00,1.34,sl,kijun_pullback,0.01,1817.2,1818.54,1813.715632531689,1818.54,True,2.73,0.99,9,1.742,0.689
ichi,BUY,2022-12-21 17:45:00,2022-12-21 18:05:00,-4.72,sl,tenkan_momentum,0.01,1821.93,1817.2081159695165,1817.2081159695165,1817.2081159695165,False,0.46,5.93,5,2.361,0.932
ichi,BUY,2022-12-22 05:00:00,2022-12-22 07:55:00,0.05,sl,tenkan_momentum,0.01,1818.6100000000001,1818.66,1815.7509162706613,1818.66,True,1.82,0.6,36,1.43,0.569
ichi,BUY,2022-12-22 08:15:00,2022-12-22 08:35:00,-2.55,sl,tenkan_momentum,0.01,1819.56,1817.0125260288944,1817.0125260288944,1817.0125260288944,False,0.04,3.41,5,1.274,0.507
ichi,SELL,2022-12-23 16:00:00,2022-12-23 16:45:00,0.77,gap,kijun_pullback,0.01,1794.26,1793.49,1798.6066948695116,1793.12,True,2.88,1.62,10,2.173,0.87
ichi,BUY,2022-12-27 08:00:00,2022-12-27 08:10:00,0.05,sl,tenkan_momentum,0.01,1806.13,1806.18,1803.4942417877623,1806.18,True,1.34,0.35,3,1.318,0.527
ichi,BUY,2022-12-27 10:45:00,2022-12-27 11:35:00,1.49,sl,kijun_pullback,0.01,1807.24,1808.73,1804.464066167099,1808.73,True,2.6,0.92,11,1.388,0.555
ichi,BUY,2022-12-27 17:15:00,2022-12-27 17:30:00,8.62,tp,kijun_pullback,0.01,1815.17,1823.7942794200692,1809.4204803866205,1819.58,True,12.74,0.57,4,2.875,1.145
ichi,SELL,2022-12-28 16:00:00,2022-12-28 16:45:00,-4.35,sl,tenkan_momentum,0.01,1803.76,1808.1086773526436,1808.1086773526436,1808.1086773526436,False,0.09,5.94,10,2.174,0.852
ichi,BUY,2022-12-29 03:15:00,2022-12-29 03:50:00,0.05,sl,kijun_pullback,0.01,1806.99,1807.04,1804.0199749474007,1807.04,True,1.71,1.15,8,1.485,0.587
ichi,BUY,2022-12-29 09:00:00,2022-12-29 09:20:00,-2.88,sl,kijun_pullback,0.01,1808.57,1805.6937818908111,1805.6937818908111,1805.6937818908111,False,0.65,2.94,5,1.438,0.568
ichi,SELL,2022-12-29 14:00:00,2022-12-29 15:35:00,-3.35,sl,tenkan_momentum,0.01,1806.78,1810.1343981995492,1810.1343981995492,1810.1343981995492,False,1.35,5.36,20,1.677,0.666
ichi,BUY,2022-12-29 15:45:00,2022-12-29 16:35:00,0.05,sl,tenkan_momentum,0.01,1811.8,1811.85,1807.819753814187,1811.85,True,3.27,3.09,11,1.99,0.796
ichi,BUY,2022-12-30 05:00:00,2022-12-30 06:50:00,-4.94,sl,tenkan_momentum,0.02,1818.24,1815.7700087202995,1815.7700087202995,1815.7700087202995,False,1.88,5.26,23,1.235,0.988
ichi,BUY,2022-12-30 16:45:00,2022-12-30 17:00:00,-4.9,sl,kijun_pullback,0.01,1820.92,1816.0244265459914,1816.0244265459914,1816.0244265459914,False,1.05,5.29,4,2.448,0.989
ichi,BUY,2022-12-30 19:30:00,2022-12-30 20:05:00,3.61,sl,kijun_pullback,0.01,1820.3600000000001,1823.97,1815.1834946138501,1823.97,True,5.68,0.66,8,2.588,1.056
ichi,BUY,2023-01-04 03:30:00,2023-01-04 04:10:00,4.05,sl,kijun_pullback,0.01,1840.15,1844.2,1836.306462365244,1844.2,True,5.59,0.92,9,1.922,0.778
ichi,BUY,2023-01-04 15:30:00,2023-01-04 15:55:00,0.05,sl,kijun_pullback,0.01,1859.39,1859.44,1853.7440389643873,1859.44,True,3.35,0.74,6,2.823,1.134
ichi,BUY,2023-01-05 05:00:00,2023-01-05 06:00:00,-4.32,sl,kijun_pullback,0.01,1857.07,1852.7483424969012,1852.7483424969012,1852.7483424969012,False,0.0,4.51,13,2.161,0.868
ichi,SELL,2023-01-05 15:30:00,2023-01-05 15:50:00,8.34,tp,tenkan_momentum,0.01,1844.39,1836.0538911868466,1849.9474058754358,1841.53,True,9.2,2.43,5,2.779,1.126
ichi,SELL,2023-01-06 12:30:00,2023-01-06 13:15:00,-3.97,sl,tenkan_momentum,0.01,1834.85,1838.8218688933257,1838.8218688933257,1838.8218688933257,False,0.15,4.57,10,1.986,0.791
ichi,BUY,2023-01-06 16:30:00,2023-01-06 17:05:00,11.51,tp,kijun_pullback,0.01,1846.13,1857.639929674407,1838.4567135503955,1851.65,True,14.19,5.47,8,3.837,1.541
ichi,BUY,2023-01-09 17:00:00,2023-01-09 19:10:00,-5.13,sl,kijun_pullback,0.01,1877.29,1872.1581474082925,1872.1581474082925,1872.1581474082925,False,2.04,6.04,27,2.566,1.007
ichi,BUY,2023-01-10 09:15:00,2023-01-10 11:00:00,1.89,sl,kijun_pullback,0.01,1873.0900000000001,1874.98,1869.97746000211,1874.98,True,3.14,2.45,22,1.556,0.617
ichi,BUY,2023-01-10 13:30:00,2023-01-10 14:15:00,-3.91,sl,tenkan_momentum,0.01,1876.69,1872.783450354474,1872.783450354474,1872.783450354474,False,0.33,4.15,10,1.953,0.772
ichi,BUY,2023-01-10 16:15:00,2023-01-10 16:35:00,1.43,sl,kijun_pullback,0.01,1876.75,1878.18,1872.1541674604596,1878.18,True,3.27,0.94,5,2.298,0.915
ichi,BUY,2023-01-11 13:00:00,2023-01-11 14:10:00,-3.81,sl,tenkan_momentum,0.01,1885.04,1881.2326387649664,1881.2326387649664,1881.2326387649664,False,1.0,5.88,15,1.904,0.756
ichi,BUY,2023-01-12 02:30:00,2023-01-12 04:15:00,2.93,sl,kijun_pullback,0.01,1877.53,1880.46,1874.4802145642832,1880.46,True,4.15,0.42,22,1.525,0.61
ichi,BUY,2023-01-12 10:00:00,2023-01-12 11:45:00,1.53,sl,kijun_pullback,0.01,1882.72,1884.25,1879.8459164249396,1884.25,True,2.68,1.58,22,1.437,0.571
ichi,BUY,2023-01-12 11:50:00,2023-01-12 13:55:00,0.78,sl,kijun_pullback,0.01,1884.29,1885.07,1881.232282401417,1885.07,True,2.0,1.76,26,1.529,0.606
ichi,BUY,2023-01-12 15:00:00,2023-01-12 15:10:00,0.05,sl,tenkan_momentum,0.01,1887.65,1887.7,1884.185986185055,1887.7,True,1.91,0.78,3,1.732,0.686
ichi,BUY,2023-01-12 16:30:00,2023-01-12 16:50:00,-10.15,sl,kijun_pullback,0.01,1892.3700000000001,1882.2245387792689,1882.2245387792689,1882.2245387792689,False,2.28,12.34,5,5.073,2.008
ichi,BUY,2023-01-13 02:45:00,2023-01-13 07:30:00,-4.38,sl,kijun_pullback,0.01,1898.03,1893.6548871783116,1893.6548871783116,1893.6548871783116,False,1.8,5.25,58,2.188,0.884
ichi,BUY,2023-01-13 10:15:00,2023-01-13 10:25:00,0.05,sl,kijun_pullback,0.01,1903.0900000000001,1903.14,1898.522987003282,1903.14,True,2.38,0.94,3,2.284,0.931
ichi,BUY,2023-01-16 03:00:00,2023-01-16 03:25:00,1.54,sl,kijun_pullback,0.01,1919.06,1920.6,1915.1001966855972,1920.6,True,3.12,0.82,6,1.98,0.807
ichi,SELL,2023-01-17 11:15:00,2023-01-17 12:00:00,1.02,sl,kijun_pullback,0.01,1908.63,1907.61,1912.5007474274014,1907.61,True,2.57,0.98,10,1.935,0.786
ichi,BUY,2023-01-17 17:00:00,2023-01-17 19:25:00,-5.66,sl,tenkan_momentum,0.01,1913.7,1908.0437162761293,1908.0437162761293,1908.0437162761293,False,2.06,6.69,30,2.828,1.146
ichi,SELL,2023-01-18 01:15:00,2023-01-18 04:40:00,5.51,tp,kijun_pullback,0.01,1908.29,1902.7780189773168,1911.964654015122,1911.964654015122,False,7.54,2.29,42,1.837,0.753
ichi,SELL,2023-01-18 04:45:00,2023-01-18 05:45:00,3.42,sl,kijun_pullback,0.01,1904.63,1901.21,1909.0648642284364,1901.21,True,5.19,1.0,13,2.217,0.899
ichi,SELL,2023-01-19 15:00:00,2023-01-19 15:25:00,-4.36,sl,tenkan_momentum,0.01,1908.08,1912.4354284226386,1912.4354284226386,1912.4354284226386,False,1.05,4.53,6,2.178,0.877
ichi,BUY,2023-01-19 18:15:00,2023-01-19 21:25:00,9.41,tp,tenkan_momentum,0.01,1920.53,1929.9384236951114,1914.2577175365923,1923.78,True,9.91,2.8,39,3.136,1.274
ichi,SELL,2023-01-23 11:00:00,2023-01-23 12:10:00,-4.7,sl,kijun_pullback,0.01,1924.03,1928.729626706046,1928.729626706046,1928.729626706046,False,1.76,5.22,15,2.35,0.937
ichi,BUY,2023-01-23 14:45:00,2023-01-23 15:30:00,-4.23,sl,tenkan_momentum,0.01,1927.9,1923.6680013164037,1923.6680013164037,1923.6680013164037,False,0.0,4.75,10,2.116,0.852
ichi,SELL,2023-01-23 16:15:00,2023-01-23 16:50:00,0.63,gap,kijun_pullback,0.01,1917.57,1916.94,1923.3755018866993,1915.79,True,4.1,3.23,8,2.903,1.178
ichi,BUY,2023-01-24 10:30:00,2023-01-24 11:25:00,-3.83,sl,tenkan_momentum,0.01,1939.95,1936.1211195625344,1936.1211195625344,1936.1211195625344,False,0.31,3.95,12,1.914,0.776
ichi,BUY,2023-01-24 13:00:00,2023-01-24 15:20:00,-4.02,sl,kijun_pullback,0.01,1938.65,1934.6305712120297,1934.6305712120297,1934.6305712120297,False,0.82,4.29,29,2.01,0.821
ichi,BUY,2023-01-25 03:00:00,2023-01-25 03:35:00,0.05,sl,kijun_pullback,0.01,1937.02,1937.07,1934.004243099373,1937.07,True,1.84,0.53,8,1.508,0.621
ichi,SELL,2023-01-25 11:00:00,2023-01-25 12:20:00,4.47,sl,tenkan_momentum,0.01,1929.22,1924.75,1933.7365305712942,1924.75,True,6.28,2.39,17,2.258,0.93
ichi,SELL,2023-01-25 14:15:00,2023-01-25 16:00:00,1.45,gap,tenkan_momentum,0.01,1923.97,1922.52,1928.7431225941916,1921.99,True,3.89,3.83,22,2.387,0.974
ichi,BUY,2023-01-25 17:15:00,2023-01-25 19:55:00,4.25,sl,kijun_pullback,0.01,1933.24,1937.49,1926.3574094364685,1937.49,True,7.28,4.38,33,3.441,1.4
ichi,BUY,2023-01-26 03:45:00,2023-01-26 06:05:00,1.92,sl,kijun_pullback,0.01,1945.46,1947.38,1941.7598083049224,1947.38,True,3.4,1.77,29,1.85,0.746
ichi,BUY,2023-01-26 08:00:00,2023-01-26 09:00:00,-3.28,sl,tenkan_momentum,0.01,1947.67,1944.3941088258264,1944.3941088258264,1944.3941088258264,False,1.32,3.81,13,1.638,0.658
ichi,SELL,2023-01-26 15:45:00,2023-01-26 15:50:00,-5.73,sl,kijun_pullback,0.01,1933.46,1939.1945676882733,1939.1945676882733,1939.1945676882733,False,1.65,6.31,2,2.867,1.16
ichi,SELL,2023-01-26 17:45:00,2023-01-26 18:05:00,2.23,sl,kijun_pullback,0.01,1928.66,1926.43,1936.2920007085881,1926.43,True,5.28,1.17,5,3.816,1.562
ichi,SELL,2023-01-27 10:00:00,2023-01-27 11:00:00,-3.67,sl,tenkan_momentum,0.01,1923.14,1926.806209650266,1926.806209650266,1926.806209650266,False,0.0,4.03,13,1.833,0.747
ichi,SELL,2023-01-27 17:15:00,2023-01-27 17:45:00,9.86,tp,kijun_pullback,0.01,1927.1,1917.2425402399103,1933.6716398400597,1927.05,True,10.31,0.61,7,3.286,1.349
ichi,SELL,2023-01-30 03:15:00,2023-01-30 06:10:00,-4.41,sl,kijun_pullback,0.01,1925.6,1930.0055809399958,1930.0055809399958,1930.0055809399958,False,1.02,5.12,36,2.203,0.886
ichi,SELL,2023-01-30 14:30:00,2023-01-30 15:50:00,-4.58,sl,kijun_pullback,0.01,1925.94,1930.5163874226944,1930.5163874226944,1930.5163874226944,False,0.96,4.63,17,2.288,0.929
ichi,SELL,2023-01-30 18:15:00,2023-01-30 21:20:00,1.38,sl,tenkan_momentum,0.01,1924.41,1923.03,1929.5838552810462,1923.03,True,3.45,1.21,38,2.587,1.06
ichi,SELL,2023-01-31 02:00:00,2023-01-31 03:35:00,-3.01,sl,kijun_pullback,0.01,1922.21,1925.224497460167,1925.224497460167,1925.224497460167,False,0.93,3.87,20,1.507,0.616
ichi,SELL,2023-01-31 05:45:00,2023-01-31 07:00:00,1.01,sl,kijun_pullback,0.01,1921.46,1920.45,1924.6982599885253,1920.45,True,2.36,0.63,16,1.619,0.666
ichi,SELL,2023-01-31 15:00:00,2023-01-31 15:30:00,-5.56,sl,kijun_pullback,0.01,1907.2,1912.7573726665687,1912.7573726665687,1912.7573726665687,False,0.55,10.04,7,2.779,1.14
ichi,BUY,2023-02-01 13:30:00,2023-02-01 14:15:00,0.05,sl,tenkan_momentum,0.01,1929.8600000000001,1929.91,1926.4821632429023,1929.91,True,1.76,1.28,10,1.689,0.701
ichi,BUY,2023-02-01 15:45:00,2023-02-01 16:35:00,0.05,sl,kijun_pullback,0.01,1930.43,1930.48,1926.0903310914096,1930.48,True,2.52,2.45,11,2.17,0.9
ichi,SELL,2023-02-01 19:45:00,2023-02-01 21:05:00,0.05,sl,tenkan_momentum,0.01,1924.66,1924.61,1930.4026265981738,1924.61,True,3.13,4.0,17,2.871,1.191
ichi,BUY,2023-02-02 06:45:00,2023-02-02 09:20:00,4.29,sl,kijun_pullback,0.01,1953.6200000000001,1957.91,1949.2665873509509,1957.91,True,6.06,2.34,32,2.177,0.903
ichi,BUY,2023-02-02 09:25:00,2023-02-02 10:20:00,1.4,sl,kijun_pullback,0.01,1956.25,1957.65,1951.443850396001,1957.65,True,3.39,1.44,12,2.403,0.988
ichi,BUY,2023-02-02 11:00:00,2023-02-02 12:50:00,-5.03,sl,tenkan_momentum,0.01,1957.44,1952.4054004578857,1952.4054004578857,1952.4054004578857,False,0.05,5.37,23,2.517,1.032
ichi,SELL,2023-02-03 09:30:00,2023-02-03 09:40:00,2.82,gap,tenkan_momentum,0.01,1914.9,1912.0800000000002,1918.993602235768,1912.02,True,4.52,0.2,3,2.047,0.848
ichi,SELL,2023-02-03 11:15:00,2023-02-03 12:45:00,1.77,sl,kijun_pullback,0.01,1913.4,1911.63,1918.100162372957,1911.63,True,3.65,2.95,19,2.35,0.968
ichi,SELL,2023-02-03 13:45:00,2023-02-03 14:15:00,-4.71,sl,kijun_pullback,0.01,1911.91,1916.6238703700003,1916.6238703700003,1916.6238703700003,False,0.02,4.76,7,2.357,0.967
ichi,SELL,2023-02-03 15:45:00,2023-02-03 15:55:00,-0.72,gap,kijun_pullback,0.01,1888.17,1888.89,1896.8564019301557,1888.12,True,5.22,2.45,3,4.343,1.8
ichi,SELL,2023-02-06 01:45:00,2023-02-06 03:30:00,-5.66,sl,kijun_pullback,0.01,1865.45,1871.1076217297264,1871.1076217297264,1871.1076217297264,False,1.57,7.05,22,2.829,1.174
ichi,SELL,2023-02-06 17:15:00,2023-02-06 17:50:00,4.36,sl,tenkan_momentum,0.01,1870.35,1865.99,1876.5537492779476,1865.99,True,7.08,0.9,8,3.102,1.303
ichi,SELL,2023-02-07 15:15:00,2023-02-07 15:40:00,0.05,sl,tenkan_momentum,0.01,1869.18,1869.13,1874.4931049889883,1869.13,True,3.31,0.45,6,2.657,1.106
ichi,SELL,2023-02-07 17:15:00,2023-02-07 17:35:00,-5.92,sl,tenkan_momentum,0.01,1868.05,1873.9683821539709,1873.9683821539709,1873.9683821539709,False,1.23,5.96,5,2.959,1.231
ichi,SELL,2023-02-08 01:15:00,2023-02-08 09:25:00,-6.57,sl,tenkan_momentum,0.01,1872.32,1878.8946010975442,1878.8946010975442,1878.8946010975442,False,0.71,8.04,99,3.287,1.385
ichi,BUY,2023-02-08 10:15:00,2023-02-08 10:25:00,1.6,sl,kijun_pullback,0.01,1881.21,1882.81,1875.8480550657105,1882.81,True,3.74,0.2,3,2.681,1.145
ichi,BUY,2023-02-08 14:15:00,2023-02-08 15:00:00,-4.89,sl,tenkan_momentum,0.01,1883.17,1878.282324796858,1878.282324796858,1878.282324796858,False,0.5,5.1,10,2.444,1.04
ichi,SELL,2023-02-08 16:45:00,2023-02-08 16:55:00,3.77,gap,tenkan_momentum,0.01,1876.4,1872.63,1883.2726488969854,1871.98,True,7.17,0.21,3,3.436,1.478
ichi,SELL,2023-02-08 18:45:00,2023-02-08 20:10:00,-6.85,sl,tenkan_momentum,0.01,1872.4,1879.248274317924,1879.248274317924,1879.248274317924,False,0.0,7.12,18,3.424,1.461
ichi,BUY,2023-02-09 10:15:00,2023-02-09 11:15:00,0.05,sl,tenkan_momentum,0.01,1883.0,1883.05,1878.9286306478475,1883.05,True,2.5,1.44,13,2.036,0.882
ichi,BUY,2023-02-09 12:00:00,2023-02-09 13:10:00,1.18,sl,tenkan_momentum,0.01,1883.31,1884.49,1879.0597871144969,1884.49,True,2.88,2.26,15,2.125,0.92
ichi,BUY,2023-02-09 15:45:00,2023-02-09 15:55:00,2.63,sl,tenkan_momentum,0.01,1884.05,1886.68,1878.715935468347,1886.68,True,5.77,0.68,3,2.667,1.152
ichi,SELL,2023-02-10 03:45:00,2023-02-10 05:35:00,3.89,sl,kijun_pullback,0.01,1860.99,1857.1,1865.8208480956216,1857.1,True,5.82,2.68,23,2.415,1.037
ichi,SELL,2023-02-10 17:00:00,2023-02-10 19:05:00,2.17,sl,kijun_pullback,0.01,1861.61,1859.44,1868.6179222607823,1859.44,True,4.97,5.44,26,3.504,1.493
ichi,SELL,2023-02-13 03:15:00,2023-02-13 03:35:00,1.67,sl,tenkan_momentum,0.01,1861.47,1859.8,1865.1703435387622,1859.8,True,3.15,0.31,5,1.85,0.784
ichi,SELL,2023-02-13 08:00:00,2023-02-13 08:25:00,-3.33,sl,kijun_pullback,0.01,1859.67,1863.0019282010228,1863.0019282010228,1863.0019282010228,False,0.09,4.45,6,1.666,0.704
ichi,SELL,2023-02-13 15:15:00,2023-02-13 16:00:00,1.97,sl,kijun_pullback,0.01,1859.94,1857.97,1864.6906458908268,1857.97,True,4.14,0.26,10,2.375,1.011
ichi,SELL,2023-02-13 16:45:00,2023-02-13 17:25:00,0.05,sl,kijun_pullback,0.01,1857.53,1857.48,1862.8221720198503,1857.48,True,2.69,1.94,9,2.646,1.121
ichi,SELL,2023-02-13 18:15:00,2023-02-14 04:40:00,-5.29,sl,tenkan_momentum,0.01,1853.04,1858.328325917422,1858.328325917422,1858.328325917422,False,2.37,5.74,114,2.644,1.12
ichi,BUY,2023-02-14 12:15:00,2023-02-14 13:20:00,-3.92,sl,kijun_pullback,0.01,1861.52,1857.5998115088355,1857.5998115088355,1857.5998115088355,False,0.41,4.01,14,1.96,0.84
ichi,SELL,2023-02-14 18:00:00,2023-02-14 18:45:00,3.49,sl,tenkan_momentum,0.01,1852.3,1848.81,1864.1039508712113,1848.81,True,8.21,2.66,10,5.902,2.55
ichi,SELL,2023-02-15 16:00:00,2023-02-15 17:45:00,1.92,sl,kijun_pullback,0.01,1834.75,1832.83,1840.1941986903344,1832.83,True,4.1,4.18,22,2.722,1.167
ichi,SELL,2023-02-15 18:00:00,2023-02-16 03:30:00,-6.28,sl,kijun_pullback,0.01,1834.16,1840.4385911516977,1840.4385911516977,1840.4385911516977,False,2.71,7.68,103,3.139,1.341
ichi,SELL,2023-02-16 15:30:00,2023-02-16 15:45:00,1.16,gap,tenkan_momentum,0.01,1836.46,1835.3,1841.3627328890752,1834.91,True,8.56,1.71,4,2.451,1.061
ichi,SELL,2023-02-16 17:30:00,2023-02-16 18:30:00,-6.81,sl,kijun_pullback,0.01,1832.51,1839.3214406273628,1839.3214406273628,1839.3214406273628,False,0.3,6.82,13,3.406,1.471
ichi,SELL,2023-02-17 10:00:00,2023-02-17 10:15:00,2.23,sl,tenkan_momentum,0.01,1824.17,1821.94,1828.6846674708313,1821.94,True,4.07,0.2,4,2.257,0.989
ichi,SELL,2023-02-17 12:15:00,2023-02-17 14:40:00,-5.24,sl,kijun_pullback,0.01,1823.6,1828.8407064632804,1828.8407064632804,1828.8407064632804,False,1.56,5.31,30,2.62,1.143
ichi,BUY,2023-02-20 07:45:00,2023-02-20 08:10:00,-0.13,gap,tenkan_momentum,0.01,1843.6000000000001,1843.47,1840.5395605277938,1843.65,True,1.93,0.26,6,1.53,0.675
ichi,BUY,2023-02-20 11:15:00,2023-02-20 19:00:00,-3.54,sl,kijun_pullback,0.01,1845.67,1842.1302582819446,1842.1302582819446,1842.1302582819446,False,1.39,3.65,94,1.77,0.781
ichi,SELL,2023-02-21 09:30:00,2023-02-21 09:55:00,0.05,sl,kijun_pullback,0.01,1836.07,1836.02,1839.535799103018,1836.02,True,2.25,0.82,6,1.733,0.771
ichi,SELL,2023-02-21 11:15:00,2023-02-21 14:30:00,1.78,sl,tenkan_momentum,0.01,1834.1,1832.32,1838.346862992566,1832.32,True,3.56,2.89,40,2.123,0.944
ichi,SELL,2023-02-22 01:30:00,2023-02-22 03:30:00,-3.03,sl,kijun_pullback,0.01,1835.25,1838.275371772351,1838.275371772351,1838.275371772351,False,0.15,3.4,25,1.513,0.67
ichi,SELL,2023-02-22 17:30:00,2023-02-22 19:40:00,3.22,sl,kijun_pullback,0.01,1836.54,1833.32,1842.5539801792215,1833.32,True,5.63,1.4,27,3.007,1.341
ichi,SELL,2023-02-23 15:15:00,2023-02-23 15:35:00,1.65,gap,tenkan_momentum,0.01,1825.6,1823.95,1829.5001765373775,1821.8,True,5.36,1.23,5,1.95,0.863
ichi,SELL,2023-02-23 16:45:00,2023-02-23 18:20:00,2.33,sl,kijun_pullback,0.01,1823.75,1821.42,1830.5842935357773,1821.42,True,5.06,6.12,20,3.417,1.508
ichi,SELL,2023-02-24 09:30:00,2023-02-24 10:20:00,2.01,sl,tenkan_momentum,0.01,1823.23,1821.22,1826.4205224417092,1821.22,True,3.29,1.64,11,1.595,0.7
ichi,SELL,2023-02-24 11:00:00,2023-02-24 13:45:00,3.77,sl,kijun_pullback,0.01,1822.96,1819.19,1826.937126308493,1819.19,True,5.36,2.78,34,1.989,0.869
ichi,SELL,2023-02-24 17:45:00,2023-02-27 08:10:00,0.05,sl,tenkan_momentum,0.01,1811.15,1811.1,1817.722253028031,1811.1,True,4.26,3.31,162,3.286,1.424
ichi,SELL,2023-02-27 08:30:00,2023-02-27 09:15:00,0.05,sl,tenkan_momentum,0.01,1809.1,1809.05,1812.4588908383107,1809.05,True,1.72,0.68,10,1.679,0.728
ichi,SELL,2023-02-27 11:00:00,2023-02-27 15:35:00,-3.7,sl,kijun_pullback,0.01,1810.1,1813.8037954958036,1813.8037954958036,1813.8037954958036,False,1.61,5.0,56,1.852,0.802
ichi,SELL,2023-02-28 11:00:00,2023-02-28 13:15:00,0.05,sl,kijun_pullback,0.01,1810.73,1810.68,1815.2240244624197,1810.68,True,2.73,2.51,28,2.247,0.982
ichi,BUY,2023-03-01 13:00:00,2023-03-01 13:35:00,1.8,sl,tenkan_momentum,0.01,1835.0900000000001,1836.89,1830.9059354962972,1836.89,True,3.47,0.41,8,2.092,0.914
ichi,BUY,2023-03-01 15:15:00,2023-03-01 16:50:00,2.9,sl,kijun_pullback,0.01,1837.5,1840.4,1832.543553762833,1840.4,True,4.88,3.62,20,2.478,1.078
ichi,BUY,2023-03-01 16:55:00,2023-03-01 17:05:00,-0.69,gap,tenkan_momentum,0.01,1841.19,1840.5,1835.7262186746202,1841.24,True,3.36,5.45,3,2.732,1.181
ichi,BUY,2023-03-01 18:15:00,2023-03-02 03:40:00,-7.33,sl,kijun_pullback,0.01,1838.75,1831.4247837216828,1831.4247837216828,1831.4247837216828,False,3.47,7.7,102,3.663,1.586
ichi,BUY,2023-03-02 13:30:00,2023-03-02 14:15:00,0.05,sl,tenkan_momentum,0.01,1835.22,1835.27,1831.3201327503414,1835.27,True,2.39,0.62,10,1.95,0.858
ichi,BUY,2023-03-02 16:45:00,2023-03-02 17:15:00,0.05,sl,tenkan_momentum,0.01,1835.3700000000001,1835.42,1830.0487470598664,1835.42,True,3.25,2.28,7,2.661,1.17
ichi,BUY,2023-03-03 02:15:00,2023-03-03 03:25:00,0.85,sl,tenkan_momentum,0.01,1839.38,1840.23,1836.2154513686887,1840.23,True,2.13,1.53,15,1.582,0.696
ichi,BUY,2023-03-03 04:00:00,2023-03-03 04:25:00,0.84,sl,kijun_pullback,0.01,1838.97,1839.81,1835.776697847278,1839.81,True,2.12,0.62,6,1.597,0.701
ichi,BUY,2023-03-03 07:45:00,2023-03-03 08:50:00,3.84,tp,kijun_pullback,0.01,1839.99,1843.8287766626045,1837.4308155582637,1842.76,True,4.4,1.22,14,1.28,0.561
ichi,BUY,2023-03-03 15:30:00,2023-03-03 16:20:00,-3.49,sl,kijun_pullback,0.01,1846.91,1843.422507018245,1843.422507018245,1843.422507018245,False,1.33,4.36,11,1.744,0.758
ichi,BUY,2023-03-06 03:45:00,2023-03-06 06:15:00,1.53,sl,kijun_pullback,0.01,1853.65,1855.18,1850.4280964339332,1855.18,True,2.82,2.62,31,1.611,0.705
ichi,BUY,2023-03-06 09:15:00,2023-03-06 09:40:00,1.02,sl,tenkan_momentum,0.01,1855.54,1856.56,1852.619540291751,1856.56,True,2.73,0.2,6,1.46,0.637
ichi,BUY,2023-03-06 17:45:00,2023-03-06 18:25:00,-4.07,sl,tenkan_momentum,0.01,1853.54,1849.4697259609968,1849.4697259609968,1849.4697259609968,False,0.27,4.18,9,2.035,0.886
ichi,SELL,2023-03-08 03:45:00,2023-03-08 06:05:00,2.12,sl,kijun_pullback,0.01,1813.13,1811.01,1816.2381931674745,1811.01,True,3.52,0.76,29,1.554,0.683
ichi,SELL,2023-03-08 07:15:00,2023-03-08 08:50:00,-2.4,sl,kijun_pullback,0.01,1811.11,1813.5136503500487,1813.5136503500487,1813.5136503500487,False,0.49,2.69,20,1.202,0.526
ichi,SELL,2023-03-09 03:15:00,2023-03-09 03:55:00,1.16,sl,tenkan_momentum,0.01,1814.94,1813.78,1817.5426070938493,1813.78,True,2.55,0.4,9,1.301,0.572
ichi,BUY,2023-03-10 04:15:00,2023-03-10 04:30:00,-3.36,sl,kijun_pullback,0.01,1832.6100000000001,1829.2518374563315,1829.2518374563315,1829.2518374563315,False,0.0,4.5,4,1.679,0.736
ichi,BUY,2023-03-10 10:00:00,2023-03-10 10:10:00,0.97,gap,tenkan_momentum,0.01,1833.78,1834.75,1830.1300071804042,1835.23,True,3.57,0.21,3,1.825,0.806
ichi,BUY,2023-03-10 12:30:00,2023-03-10 15:00:00,0.05,sl,tenkan_momentum,0.01,1835.16,1835.21,1830.8866052606274,1835.21,True,2.19,2.91,31,2.137,0.942
ichi,BUY,2023-03-10 15:45:00,2023-03-10 16:15:00,0.05,sl,kijun_pullback,0.01,1844.04,1844.09,1838.466353056181,1844.09,True,3.21,4.09,7,2.787,1.228
ichi,BUY,2023-03-13 04:30:00,2023-03-13 05:05:00,3.81,sl,kijun_pullback,0.01,1881.49,1885.3,1872.5899776942133,1885.3,True,7.37,0.2,8,4.45,1.961
ichi,BUY,2023-03-13 13:30:00,2023-03-13 14:35:00,8.69,sl,tenkan_momentum,0.01,1888.01,1896.7,1880.0842598915908,1896.7,True,11.86,0.76,14,3.963,1.732
ichi,BUY,2023-03-14 02:45:00,2023-03-14 03:35:00,-4.27,sl,kijun_pullback,0.01,1912.1000000000001,1907.8278675443275,1907.8278675443275,1907.8278675443275,False,2.05,5.6,11,2.136,0.916
ichi,BUY,2023-03-15 12:15:00,2023-03-15 13:05:00,0.05,sl,kijun_pullback,0.01,1905.48,1905.53,1898.0092956625604,1905.53,True,4.34,2.69,11,3.735,1.617
ichi,BUY,2023-03-15 19:30:00,2023-03-15 20:30:00,-11.0,sl,kijun_pullback,0.01,1926.27,1915.266725089297,1915.266725089297,1915.266725089297,False,2.49,17.37,13,5.502,2.381
ichi,BUY,2023-03-16 09:45:00,2023-03-16 10:25:00,0.05,sl,tenkan_momentum,0.01,1918.69,1918.74,1912.3719381213318,1918.74,True,3.88,2.9,9,3.159,1.401
ichi,BUY,2023-03-16 16:15:00,2023-03-16 16:55:00,-8.06,sl,kijun_pullback,0.01,1928.8,1920.7438052647576,1920.7438052647576,1920.7438052647576,False,3.58,9.14,9,4.028,1.786
ichi,BUY,2023-03-17 09:45:00,2023-03-17 13:30:00,3.9,sl,tenkan_momentum,0.01,1931.44,1935.34,1926.82340342502,1935.34,True,5.75,4.12,46,2.308,1.042
ichi,BUY,2023-03-17 13:35:00,2023-03-17 14:25:00,4.28,sl,kijun_pullback,0.01,1934.92,1939.2,1929.9598053986324,1939.2,True,6.26,1.06,11,2.48,1.11
ichi,BUY,2023-03-20 08:00:00,2023-03-20 09:10:00,7.7,sl,kijun_pullback,0.01,1988.38,1996.08,1981.2262543330737,1996.08,True,10.56,6.51,15,3.577,1.585
ichi,BUY,2023-03-21 03:00:00,2023-03-21 05:00:00,1.85,sl,kijun_pullback,0.01,1980.5900000000001,1982.44,1975.3107977180387,1982.44,True,3.96,1.35,25,2.64,1.15
ichi,SELL,2023-03-22 09:30:00,2023-03-22 09:45:00,-5.05,sl,kijun_pullback,0.01,1936.16,1941.2124746350541,1941.2124746350541,1941.2124746350541,False,0.31,5.29,4,2.526,1.097
ichi,BUY,2023-03-23 04:00:00,2023-03-23 07:30:00,11.07,tp,kijun_pullback,0.01,1969.23,1980.2984842111425,1961.851010525905,1975.18,True,11.3,0.39,43,3.689,1.619
ichi,BUY,2023-03-23 12:30:00,2023-03-23 14:35:00,-6.26,sl,kijun_pullback,0.01,1979.72,1973.4579092239755,1973.4579092239755,1973.4579092239755,False,1.0,9.11,26,3.131,1.342
ichi,BUY,2023-03-23 16:00:00,2023-03-23 19:15:00,7.11,sl,kijun_pullback,0.01,1984.29,1991.4,1975.9377103549868,1991.4,True,10.89,6.62,40,4.176,1.814
ichi,BUY,2023-03-24 13:30:00,2023-03-24 14:35:00,5.56,gap,tenkan_momentum,0.01,1994.27,1999.83,1987.4563668150947,2000.23,True,8.69,1.5,14,3.407,1.457
ichi,BUY,2023-03-24 16:15:00,2023-03-24 18:00:00,-9.47,sl,tenkan_momentum,0.01,1994.6200000000001,1985.1490628092145,1985.1490628092145,1985.1490628092145,False,3.75,10.73,22,4.735,2.001
ichi,SELL,2023-03-27 04:00:00,2023-03-27 09:00:00,1.67,sl,kijun_pullback,0.01,1973.63,1971.96,1979.6322839939915,1971.96,True,4.36,5.31,61,3.001,1.294
ichi,SELL,2023-03-27 09:05:00,2023-03-27 09:25:00,2.18,sl,tenkan_momentum,0.01,1970.91,1968.73,1975.6016516445886,1968.73,True,4.06,0.68,5,2.346,1.008
ichi,SELL,2023-03-28 09:15:00,2023-03-28 10:05:00,-0.44,gap,kijun_pullback,0.01,1955.15,1955.5900000000001,1959.0027053325196,1955.1,True,2.23,2.17,11,1.926,0.824
ichi,SELL,2023-03-29 11:00:00,2023-03-29 12:05:00,-4.25,sl,kijun_pullback,0.01,1961.75,1965.9993885381227,1965.9993885381227,1965.9993885381227,False,0.73,4.25,14,2.125,0.91
ichi,BUY,2023-03-29 15:00:00,2023-03-29 16:15:00,-4.91,sl,tenkan_momentum,0.01,1966.92,1962.010593465422,1962.010593465422,1962.010593465422,False,1.76,5.86,16,2.455,1.061
ichi,BUY,2023-03-29 18:30:00,2023-03-30 04:00:00,-6.3,sl,kijun_pullback,0.01,1966.76,1960.4601659770606,1960.4601659770606,1960.4601659770606,False,2.54,6.49,103,3.15,1.376
ichi,SELL,2023-03-30 05:15:00,2023-03-30 08:20:00,-4.04,sl,tenkan_momentum,0.01,1958.47,1962.5095881602756,1962.5095881602756,1962.5095881602756,False,0.66,4.23,38,2.02,0.894
ichi,BUY,2023-03-30 11:30:00,2023-03-30 13:50:00,1.58,sl,kijun_pullback,0.01,1967.6100000000001,1969.19,1963.04539308452,1969.19,True,3.41,0.85,29,2.282,1.02
ichi,BUY,2023-03-30 15:15:00,2023-03-30 15:30:00,3.15,sl,tenkan_momentum,0.01,1969.93,1973.08,1965.5897509853871,1973.08,True,5.35,0.68,4,2.17,0.966
ichi,BUY,2023-03-31 05:15:00,2023-03-31 08:25:00,-3.41,sl,kijun_pullback,0.01,1982.22,1978.8084142481675,1978.8084142481675,1978.8084142481675,False,1.09,3.87,39,1.706,0.754
ichi,BUY,2023-03-31 10:00:00,2023-03-31 10:15:00,-3.41,sl,kijun_pullback,0.01,1984.42,1981.0123637221286,1981.0123637221286,1981.0123637221286,False,0.0,3.93,4,1.704,0.759
ichi,BUY,2023-03-31 15:45:00,2023-03-31 16:05:00,-5.8,sl,kijun_pullback,0.01,1982.1200000000001,1976.3232529357279,1976.3232529357279,1976.3232529357279,False,0.95,7.3,5,2.898,1.301
ichi,SELL,2023-04-03 04:00:00,2023-04-03 05:55:00,8.85,tp,kijun_pullback,0.01,1962.42,1953.5665202001562,1968.3223198665626,1958.67,True,9.71,2.29,24,2.951,1.342
ichi,BUY,2023-04-04 12:15:00,2023-04-04 14:25:00,-4.07,sl,tenkan_momentum,0.01,1982.66,1978.5876169452827,1978.5876169452827,1978.5876169452827,False,1.71,4.2,27,2.036,0.908
ichi,BUY,2023-04-04 14:45:00,2023-04-04 15:20:00,1.04,sl,tenkan_momentum,0.01,1981.8,1982.84,1977.7883618006642,1982.84,True,3.91,0.79,8,2.006,0.902
ichi,BUY,2023-04-04 17:15:00,2023-04-04 17:25:00,3.72,gap,kijun_pullback,0.01,2016.5900000000001,2020.31,2007.3472393296283,2021.3,True,8.41,1.42,3,4.621,2.074
ichi,BUY,2023-04-05 01:30:00,2023-04-05 02:55:00,0.05,sl,kijun_pullback,0.01,2021.07,2021.12,2016.701498620514,2021.12,True,2.48,0.93,18,2.184,0.972
ichi,BUY,2023-04-05 05:45:00,2023-04-05 10:20:00,0.05,sl,kijun_pullback,0.01,2024.8400000000001,2024.89,2021.3788433771592,2024.89,True,2.01,2.96,55,1.731,0.77
ichi,BUY,2023-04-05 11:30:00,2023-04-05 11:55:00,-4.08,sl,tenkan_momentum,0.01,2027.82,2023.7376038968705,2023.7376038968705,2023.7376038968705,False,0.31,4.57,6,2.041,0.908
ichi,BUY,2023-04-05 15:30:00,2023-04-05 15:40:00,0.05,sl,kijun_pullback,0.01,2029.02,2029.07,2024.4392309872956,2029.07,True,2.89,0.6,3,2.29,1.029
ichi,BUY,2023-04-06 11:30:00,2023-04-06 11:55:00,1.41,sl,tenkan_momentum,0.01,2016.53,2017.94,2012.329154156665,2017.94,True,3.09,0.95,6,2.1,0.943
ichi,SELL,2023-04-06 20:45:00,2023-04-10 01:00:00,8.31,tp,kijun_pullback,0.01,2009.04,2000.734685064926,2014.5768766233825,2008.99,True,11.54,2.72,40,2.768,1.239
ichi,SELL,2023-04-10 03:30:00,2023-04-10 04:00:00,7.05,tp,kijun_pullback,0.01,2002.86,1995.8139892500076,2007.5573404999948,1999.76,True,7.1,0.27,7,2.349,1.032
ichi,SELL,2023-04-10 16:00:00,2023-04-10 16:45:00,0.05,sl,kijun_pullback,0.01,1989.51,1989.46,1995.3439071804942,1989.46,True,3.11,5.11,10,2.917,1.262
ichi,BUY,2023-04-12 04:00:00,2023-04-12 04:25:00,3.5,tp,kijun_pullback,0.01,2005.6200000000001,2009.1236169878885,2003.284255341408,2007.82,True,4.26,1.67,6,1.168,0.505
ichi,BUY,2023-04-12 15:45:00,2023-04-12 16:30:00,-6.88,sl,kijun_pullback,0.01,2022.42,2015.5423499914818,2015.5423499914818,2015.5423499914818,False,2.45,9.11,10,3.439,1.477
ichi,BUY,2023-04-13 04:45:00,2023-04-13 09:45:00,2.51,sl,kijun_pullback,0.01,2019.01,2021.52,2015.0214052654817,2021.52,True,4.29,3.72,61,1.994,0.869
ichi,BUY,2023-04-13 15:45:00,2023-04-13 16:00:00,5.81,sl,kijun_pullback,0.01,2037.6100000000001,2043.42,2031.5105412374908,2043.42,True,8.25,0.29,4,3.05,1.322
ichi,BUY,2023-04-14 03:45:00,2023-04-14 04:40:00,1.15,sl,tenkan_momentum,0.01,2043.3,2044.45,2040.0090762618004,2044.45,True,2.47,2.14,12,1.645,0.705
ichi,SELL,2023-04-17 04:15:00,2023-04-17 04:35:00,-5.2,sl,kijun_pullback,0.01,1997.23,2002.4285564526904,2002.4285564526904,2002.4285564526904,False,0.07,5.95,5,2.599,1.11
ichi,SELL,2023-04-17 18:45:00,2023-04-17 21:35:00,-7.57,sl,tenkan_momentum,0.01,1989.63,1997.195853253751,1997.195853253751,1997.195853253751,False,2.17,7.73,35,3.783,1.634
ichi,SELL,2023-04-18 16:30:00,2023-04-18 16:45:00,-5.38,sl,kijun_pullback,0.01,1993.44,1998.8197416509322,1998.8197416509322,1998.8197416509322,False,2.05,6.51,4,2.69,1.181
ichi,BUY,2023-04-19 04:00:00,2023-04-19 04:20:00,-2.89,sl,tenkan_momentum,0.01,2007.51,2004.6197593099105,2004.6197593099105,2004.6197593099105,False,0.69,4.61,5,1.445,0.642
ichi,SELL,2023-04-19 08:45:00,2023-04-19 08:55:00,0.73,gap,kijun_pullback,0.01,2001.75,2001.02,2005.0119443364924,2000.9,True,2.15,0.62,3,1.631,0.729
ichi,SELL,2023-04-19 10:45:00,2023-04-19 11:10:00,5.15,sl,tenkan_momentum,0.01,1992.01,1986.86,1997.5418937894121,1986.86,True,7.39,1.08,6,2.766,1.235
ichi,BUY,2023-04-20 11:00:00,2023-04-20 12:10:00,-4.47,sl,tenkan_momentum,0.01,1997.38,1992.9060531334555,1992.9060531334555,1992.9060531334555,False,1.7,4.56,15,2.237,0.987
ichi,BUY,2023-04-20 12:45:00,2023-04-20 13:35:00,4.39,sl,kijun_pullback,0.01,1998.43,2002.82,1993.4144806548459,2002.82,True,6.41,0.59,11,2.508,1.118
ichi,BUY,2023-04-20 15:45:00,2023-04-20 17:10:00,3.16,sl,kijun_pullback,0.01,2006.65,2009.81,2000.1955141136223,2009.81,True,5.74,3.67,18,3.227,1.425
ichi,BUY,2023-04-20 17:15:00,2023-04-20 17:50:00,-7.67,sl,kijun_pullback,0.01,2010.78,2003.1069736373208,2003.1069736373208,2003.1069736373208,False,0.06,7.79,8,3.837,1.682
ichi,BUY,2023-04-20 19:30:00,2023-04-21 08:25:00,-6.86,sl,kijun_pullback,0.01,2005.9,1999.044980569298,1999.044980569298,1999.044980569298,False,2.51,6.97,144,3.428,1.528
ichi,SELL,2023-04-21 14:00:00,2023-04-21 14:30:00,0.05,sl,kijun_pullback,0.01,1988.11,1988.06,1993.9180936563785,1988.06,True,3.22,0.57,7,2.904,1.315
ichi,SELL,2023-04-21 15:45:00,2023-04-21 16:30:00,-6.56,sl,kijun_pullback,0.01,1987.66,1994.2164164871597,1994.2164164871597,1994.2164164871597,False,1.12,7.45,10,3.278,1.484
ichi,SELL,2023-04-21 17:30:00,2023-04-21 20:05:00,3.11,sl,kijun_pullback,0.01,1982.3,1979.19,1993.627601206612,1979.19,True,8.07,1.2,32,5.664,2.603
ichi,SELL,2023-04-24 06:00:00,2023-04-24 08:15:00,1.85,sl,tenkan_momentum,0.01,1980.29,1978.44,1984.3880694608906,1978.44,True,3.49,1.4,28,2.049,0.935
ichi,SELL,2023-04-24 08:20:00,2023-04-24 09:20:00,-3.62,sl,tenkan_momentum,0.01,1978.04,1981.6618494327429,1981.6618494327429,1981.6618494327429,False,1.41,3.75,13,1.811,0.823
ichi,SELL,2023-04-24 09:45:00,2023-04-24 11:50:00,-3.97,sl,kijun_pullback,0.01,1979.72,1983.685114208712,1983.685114208712,1983.685114208712,False,1.82,5.0,26,1.983,0.908
ichi,SELL,2023-04-24 16:45:00,2023-04-24 16:55:00,0.05,sl,kijun_pullback,0.01,1977.76,1977.71,1983.0818947828714,1977.71,True,3.43,1.2,3,2.661,1.23
ichi,BUY,2023-04-26 11:30:00,2023-04-26 14:10:00,0.05,sl,tenkan_momentum,0.01,1998.0800000000002,1998.13,1993.7938989911752,1998.13,True,2.41,1.96,33,2.143,0.991
ichi,BUY,2023-04-26 14:30:00,2023-04-26 14:40:00,-5.04,sl,kijun_pullback,0.01,2000.89,1995.8460121002167,1995.8460121002167,1995.8460121002167,False,0.0,9.45,3,2.522,1.166
ichi,BUY,2023-04-26 16:30:00,2023-04-26 17:00:00,-7.43,sl,kijun_pullback,0.01,2008.3300000000002,2000.9040888499953,2000.9040888499953,2000.9040888499953,False,0.21,10.14,7,3.713,1.737
ichi,BUY,2023-04-27 11:15:00,2023-04-27 15:30:00,-4.56,sl,kijun_pullback,0.01,1999.49,1994.9275281167927,1994.9275281167927,1994.9275281167927,False,3.85,9.46,52,2.281,1.086
ichi,SELL,2023-04-28 09:00:00,2023-04-28 10:20:00,0.05,sl,kijun_pullback,0.01,1984.78,1984.73,1988.8666582885717,1984.73,True,2.55,2.59,17,2.043,0.983
ichi,SELL,2023-04-28 14:00:00,2023-04-28 15:20:00,0.05,sl,kijun_pullback,0.01,1983.36,1983.31,1987.24258436723,1983.31,True,2.09,1.73,17,1.941,0.934
ichi,SELL,2023-04-28 15:30:00,2023-04-28 15:30:00,-5.38,sl,kijun_pullback,0.01,1980.91,1986.2940060220187,1986.2940060220187,1986.2940060220187,False,4.56,6.91,1,2.692,1.295
ichi,BUY,2023-04-28 18:45:00,2023-05-01 04:00:00,-7.74,sl,tenkan_momentum,0.01,1991.31,1983.5660741189433,1983.5660741189433,1983.5660741189433,False,2.79,7.78,100,3.872,1.887
ichi,SELL,2023-05-01 08:15:00,2023-05-01 08:35:00,0.89,sl,tenkan_momentum,0.01,1982.36,1981.47,1985.8214692507622,1981.47,True,2.27,0.3,5,1.731,0.86
ichi,SELL,2023-05-02 01:30:00,2023-05-02 04:40:00,-3.93,sl,kijun_pullback,0.01,1981.37,1985.302852869367,1985.302852869367,1985.302852869367,False,0.4,4.08,39,1.966,0.975
ichi,SELL,2023-05-02 11:45:00,2023-05-02 12:40:00,-3.53,sl,kijun_pullback,0.01,1981.47,1984.9981876693828,1984.9981876693828,1984.9981876693828,False,0.71,3.54,12,1.764,0.883
ichi,BUY,2023-05-02 15:15:00,2023-05-02 17:00:00,5.88,tp,tenkan_momentum,0.01,1987.82,1993.6977734349555,1983.9014843766963,1983.9014843766963,False,8.42,3.39,22,1.959,0.99
ichi,BUY,2023-05-02 17:15:00,2023-05-02 17:30:00,9.84,tp,kijun_pullback,0.01,1999.44,2009.28128989163,1992.8791400722469,2001.33,True,10.09,2.26,4,3.28,1.633
ichi,BUY,2023-05-03 10:00:00,2023-05-03 10:25:00,-2.91,sl,kijun_pullback,0.01,2018.24,2015.3301213388029,2015.3301213388029,2015.3301213388029,False,0.51,3.8,6,1.455,0.707
ichi,BUY,2023-05-03 17:15:00,2023-05-03 18:20:00,8.86,tp,kijun_pullback,0.01,2015.64,2024.502336269133,2009.7317758205782,2021.93,True,10.24,3.77,14,2.954,1.445
ichi,BUY,2023-05-04 17:30:00,2023-05-04 17:45:00,0.05,sl,kijun_pullback,0.01,2054.91,2054.96,2045.73965207583,2054.96,True,4.68,3.4,4,4.585,2.196
ichi,BUY,2023-05-05 04:15:00,2023-05-05 04:40:00,1.36,sl,kijun_pullback,0.01,2050.18,2051.54,2046.537623570999,2051.54,True,2.82,0.49,6,1.821,0.872
ichi,SELL,2023-05-05 15:45:00,2023-05-05 16:55:00,3.98,sl,kijun_pullback,0.01,2008.54,2004.56,2016.8559954926593,2004.56,True,7.31,6.85,15,4.158,1.984
ichi,SELL,2023-05-08 16:45:00,2023-05-08 17:45:00,-4.81,sl,kijun_pullback,0.01,2021.0,2025.807833873233,2025.807833873233,2025.807833873233,False,0.0,5.16,13,2.404,1.136
ichi,SELL,2023-05-09 11:30:00,2023-05-09 11:40:00,-3.97,sl,tenkan_momentum,0.01,2022.11,2026.0848012641525,2026.0848012641525,2026.0848012641525,False,0.0,4.2,3,1.987,0.95
ichi,BUY,2023-05-09 17:00:00,2023-05-09 17:25:00,-4.59,sl,tenkan_momentum,0.01,2030.52,2025.9284229517655,2025.9284229517655,2025.9284229517655,False,0.0,4.67,6,2.296,1.108
ichi,BUY,2023-05-10 04:00:00,2023-05-10 04:35:00,-2.6,sl,kijun_pullback,0.01,2036.66,2034.0559611941226,2034.0559611941226,2034.0559611941226,False,0.42,3.21,8,1.302,0.636
ichi,SELL,2023-05-10 12:15:00,2023-05-10 15:25:00,2.3,sl,kijun_pullback,0.01,2028.96,2026.66,2032.4920841308779,2026.66,True,3.83,3.38,39,1.766,0.868
ichi,BUY,2023-05-10 15:45:00,2023-05-10 16:05:00,-6.65,sl,kijun_pullback,0.01,2046.31,2039.6641798108346,2039.6641798108346,2039.6641798108346,False,1.84,8.2,5,3.323,1.623
ichi,BUY,2023-05-11 16:00:00,2023-05-11 16:15:00,-7.1,sl,tenkan_momentum,0.01,2037.65,2030.554850267212,2030.554850267212,2030.554850267212,False,0.43,8.16,4,3.548,1.762
ichi,SELL,2023-05-12 04:30:00,2023-05-12 05:40:00,1.18,sl,kijun_pullback,0.01,2011.49,2010.31,2015.0387564626685,2010.31,True,2.6,2.54,15,1.774,0.897
ichi,SELL,2023-05-12 06:30:00,2023-05-12 08:05:00,-0.45,gap,tenkan_momentum,0.01,2011.03,2011.48,2014.6515652832202,2009.99,True,2.49,1.41,20,1.811,0.913
ichi,SELL,2023-05-12 08:45:00,2023-05-12 09:25:00,2.76,gap,tenkan_momentum,0.01,2010.29,2007.53,2013.6568332425798,2007.24,True,4.4,1.45,9,1.683,0.849
ichi,SELL,2023-05-12 11:00:00,2023-05-12 12:15:00,1.69,sl,kijun_pullback,0.01,2008.82,2007.13,2012.9745158576845,2007.13,True,3.35,1.24,16,2.077,1.041
ichi,SELL,2023-05-12 12:45:00,2023-05-12 13:45:00,-4.66,sl,kijun_pullback,0.01,2003.14,2007.7976601597713,2007.7976601597713,2007.7976601597713,False,2.05,4.67,13,2.329,1.162
ichi,SELL,2023-05-12 14:30:00,2023-05-12 15:20:00,-4.69,sl,tenkan_momentum,0.01,2003.55,2008.2379177327757,2008.2379177327757,2008.2379177327757,False,0.72,5.58,11,2.344,1.183
ichi,BUY,2023-05-15 10:00:00,2023-05-15 10:35:00,1.63,sl,tenkan_momentum,0.01,2016.55,2018.18,2012.920987492589,2018.18,True,3.08,0.2,8,1.815,0.927
ichi,BUY,2023-05-15 17:00:00,2023-05-15 17:20:00,-5.12,sl,kijun_pullback,0.01,2021.0,2015.879113709164,2015.879113709164,2015.879113709164,False,0.2,5.64,5,2.56,1.303
ichi,SELL,2023-05-16 08:45:00,2023-05-16 09:10:00,2.56,sl,kijun_pullback,0.01,2014.16,2011.6,2016.9427136453974,2011.6,True,4.17,0.87,6,1.391,0.717
ichi,SELL,2023-05-16 13:30:00,2023-05-16 15:00:00,1.79,sl,kijun_pullback,0.01,2008.42,2006.63,2011.645723351141,2006.63,True,3.28,1.12,19,1.613,0.826
ichi,SELL,2023-05-17 08:30:00,2023-05-17 09:25:00,1.03,sl,tenkan_momentum,0.01,1989.17,1988.14,1991.9623864156813,1988.14,True,2.15,1.22,12,1.396,0.712
ichi,SELL,2023-05-17 10:45:00,2023-05-17 11:30:00,0.05,sl,tenkan_momentum,0.01,1988.23,1988.18,1991.3669904965386,1988.18,True,1.89,1.1,10,1.568,0.797
ichi,SELL,2023-05-17 14:15:00,2023-05-17 15:25:00,3.21,sl,kijun_pullback,0.01,1986.81,1983.6,1990.1494261245405,1983.6,True,4.55,2.1,15,1.67,0.849
ichi,SELL,2023-05-17 15:45:00,2023-05-17 16:05:00,-4.14,sl,kijun_pullback,0.01,1983.17,1987.3061419844155,1987.3061419844155,1987.3061419844155,False,1.15,5.09,5,2.068,1.043
ichi,SELL,2023-05-17 18:15:00,2023-05-18 10:35:00,1.8,sl,tenkan_momentum,0.01,1980.55,1978.75,1986.5389018550202,1978.75,True,4.38,5.66,185,2.994,1.526
ichi,SELL,2023-05-18 11:00:00,2023-05-18 11:25:00,0.05,sl,kijun_pullback,0.01,1974.54,1974.49,1978.4237360495792,1974.49,True,2.12,1.34,6,1.942,0.985
ichi,SELL,2023-05-18 12:45:00,2023-05-18 14:35:00,1.14,sl,kijun_pullback,0.01,1976.83,1975.69,1980.6954849899548,1975.69,True,2.69,2.32,23,1.933,0.98
ichi,SELL,2023-05-18 15:45:00,2023-05-18 16:00:00,2.36,sl,kijun_pullback,0.01,1970.81,1968.45,1975.822216631783,1968.45,True,4.52,1.34,4,2.506,1.267
ichi,SELL,2023-05-19 04:45:00,2023-05-19 05:30:00,-3.49,sl,kijun_pullback,0.01,1955.77,1959.2587071805674,1959.2587071805674,1959.2587071805674,False,0.24,3.93,10,1.744,0.877
ichi,SELL,2023-05-19 16:15:00,2023-05-19 16:40:00,1.43,sl,kijun_pullback,0.01,1961.3,1959.87,1965.6416336138905,1959.87,True,3.17,1.6,6,2.171,1.101
ichi,SELL,2023-05-19 17:45:00,2023-05-19 18:10:00,-4.85,sl,tenkan_momentum,0.01,1959.36,1964.2127489665006,1964.2127489665006,1964.2127489665006,False,2.0,8.72,6,2.426,1.226
ichi,BUY,2023-05-22 11:45:00,2023-05-22 12:20:00,2.24,sl,tenkan_momentum,0.01,1978.65,1980.89,1974.4329971729176,1980.89,True,3.94,0.51,8,2.109,1.079
ichi,SELL,2023-05-22 17:30:00,2023-05-22 20:10:00,-6.65,sl,tenkan_momentum,0.01,1971.09,1977.7356242623828,1977.7356242623828,1977.7356242623828,False,0.04,7.52,33,3.323,1.69
ichi,SELL,2023-05-23 16:00:00,2023-05-23 16:15:00,-4.94,sl,kijun_pullback,0.01,1958.86,1963.7978053578622,1963.7978053578622,1963.7978053578622,False,0.0,9.04,4,2.469,1.277
ichi,BUY,2023-05-23 18:00:00,2023-05-23 20:15:00,2.75,sl,tenkan_momentum,0.01,1968.95,1971.7,1962.2927506629874,1971.7,True,5.73,4.61,28,3.329,1.745
ichi,BUY,2023-05-24 03:15:00,2023-05-24 05:05:00,-2.87,sl,kijun_pullback,0.01,1975.72,1972.8540400237232,1972.8540400237232,1972.8540400237232,False,1.3,2.89,23,1.433,0.746
ichi,BUY,2023-05-24 09:00:00,2023-05-24 09:10:00,-3.57,sl,tenkan_momentum,0.01,1979.71,1976.1355106170581,1976.1355106170581,1976.1355106170581,False,0.13,4.05,3,1.787,0.937
ichi,BUY,2023-05-24 14:30:00,2023-05-24 15:25:00,3.75,gap,tenkan_momentum,0.01,1979.05,1982.8,1974.4840336997243,1983.46,True,6.24,0.63,12,2.283,1.208
ichi,BUY,2023-05-24 16:00:00,2023-05-24 16:30:00,-5.51,sl,kijun_pullback,0.01,1980.1100000000001,1974.6012984184063,1974.6012984184063,1974.6012984184063,False,0.77,7.38,7,2.754,1.443
ichi,SELL,2023-05-25 06:00:00,2023-05-25 09:30:00,0.05,sl,kijun_pullback,0.01,1957.54,1957.49,1961.5823378380555,1957.49,True,2.44,1.6,43,2.021,1.075
ichi,SELL,2023-05-25 15:45:00,2023-05-25 16:00:00,-6.73,sl,kijun_pullback,0.01,1940.25,1946.984397712459,1946.984397712459,1946.984397712459,False,0.39,7.94,4,3.367,1.79
ichi,SELL,2023-05-25 17:45:00,2023-05-26 01:05:00,4.4,sl,tenkan_momentum,0.01,1946.78,1942.38,1955.1346156970992,1942.38,True,7.74,1.57,77,4.177,2.261
ichi,SELL,2023-05-26 03:15:00,2023-05-26 03:50:00,1.41,sl,kijun_pullback,0.01,1940.54,1939.13,1943.7453174335262,1939.13,True,3.58,0.5,8,1.603,0.857
ichi,SELL,2023-05-26 15:45:00,2023-05-26 16:10:00,-4.84,sl,kijun_pullback,0.01,1944.73,1949.5658822808489,1949.5658822808489,1949.5658822808489,False,0.17,5.26,6,2.418,1.289
ichi,SELL,2023-05-26 17:30:00,2023-05-26 17:50:00,5.98,gap,kijun_pullback,0.01,1947.98,1942.0,1954.5602128466373,1941.72,True,8.89,0.85,5,3.29,1.776
ichi,SELL,2023-05-26 19:45:00,2023-05-29 04:10:00,0.05,sl,kijun_pullback,0.01,1944.0,1943.95,1949.6919554118383,1943.95,True,3.58,3.76,90,2.846,1.512
ichi,SELL,2023-05-29 04:45:00,2023-05-29 08:50:00,-3.93,sl,kijun_pullback,0.01,1942.85,1946.782762440948,1946.782762440948,1946.782762440948,False,0.06,4.37,50,1.966,1.045
ichi,SELL,2023-05-30 04:30:00,2023-05-30 05:10:00,-2.72,sl,kijun_pullback,0.01,1943.24,1945.9572735260267,1945.9572735260267,1945.9572735260267,False,0.08,2.85,9,1.359,0.729
ichi,SELL,2023-05-30 10:30:00,2023-05-30 10:50:00,-4.41,sl,tenkan_momentum,0.01,1935.63,1940.0438478076203,1940.0438478076203,1940.0438478076203,False,0.32,4.86,5,2.207,1.194
ichi,BUY,2023-05-31 08:45:00,2023-05-31 09:00:00,2.11,sl,kijun_pullback,0.01,1961.8600000000001,1963.97,1958.3030009407823,1963.97,True,3.53,0.7,4,1.778,0.973
ichi,BUY,2023-05-31 16:45:00,2023-05-31 16:55:00,2.96,gap,kijun_pullback,0.01,1967.6200000000001,1970.58,1962.1357686841054,1971.18,True,6.1,0.22,3,2.742,1.492
ichi,BUY,2023-05-31 20:45:00,2023-06-01 09:05:00,-6.3,sl,kijun_pullback,0.01,1968.25,1961.946877375463,1961.946877375463,1961.946877375463,False,0.54,6.38,137,3.152,1.701
ichi,BUY,2023-06-01 15:45:00,2023-06-01 16:10:00,4.03,sl,tenkan_momentum,0.01,1964.8500000000001,1968.88,1959.1519390675637,1968.88,True,6.31,0.2,6,2.849,1.565
ichi,BUY,2023-06-02 05:15:00,2023-06-02 06:30:00,3.11,sl,kijun_pullback,0.01,1979.19,1982.3,1976.2447061105065,1982.3,True,4.29,1.05,16,1.473,0.8
ichi,BUY,2023-06-02 08:45:00,2023-06-02 09:25:00,-3.39,sl,tenkan_momentum,0.01,1981.0900000000001,1977.7036454579504,1977.7036454579504,1977.7036454579504,False,0.56,3.47,9,1.693,0.912
ichi,BUY,2023-06-02 14:30:00,2023-06-02 15:30:00,-3.45,sl,tenkan_momentum,0.01,1980.22,1976.7716179356528,1976.7716179356528,1976.7716179356528,False,0.72,8.28,13,1.724,0.937
ichi,SELL,2023-06-05 04:30:00,2023-06-05 05:40:00,0.6,gap,tenkan_momentum,0.01,1946.51,1945.91,1949.7323179224336,1945.51,True,2.29,2.07,15,1.611,0.884
ichi,SELL,2023-06-05 07:15:00,2023-06-05 08:30:00,0.05,sl,tenkan_momentum,0.01,1945.15,1945.1,1948.4603543717997,1945.1,True,1.97,1.39,16,1.655,0.907
ichi,SELL,2023-06-05 09:00:00,2023-06-05 09:25:00,1.32,sl,kijun_pullback,0.01,1944.83,1943.51,1948.3048258089862,1943.51,True,2.71,0.87,6,1.737,0.952
ichi,SELL,2023-06-05 11:30:00,2023-06-05 12:40:00,-4.0,sl,kijun_pullback,0.01,1941.95,1945.9482265856243,1945.9482265856243,1945.9482265856243,False,1.46,4.24,15,1.999,1.091
ichi,SELL,2023-06-05 14:15:00,2023-06-05 14:40:00,2.11,sl,kijun_pullback,0.01,1942.39,1940.28,1946.6851549394664,1940.28,True,3.83,0.2,6,2.148,1.185
ichi,SELL,2023-06-06 11:30:00,2023-06-06 12:10:00,-3.9,sl,tenkan_momentum,0.01,1958.16,1962.055995056727,1962.055995056727,1962.055995056727,False,0.51,4.01,9,1.948,1.069
ichi,BUY,2023-06-06 16:15:00,2023-06-06 16:35:00,-4.37,sl,tenkan_momentum,0.01,1963.96,1959.5860581802692,1959.5860581802692,1959.5860581802692,False,0.79,6.08,5,2.187,1.213
ichi,SELL,2023-06-06 17:45:00,2023-06-06 18:40:00,-5.85,sl,tenkan_momentum,0.01,1957.29,1963.1429244884348,1963.1429244884348,1963.1429244884348,False,0.18,6.42,12,2.926,1.643
ichi,BUY,2023-06-07 02:00:00,2023-06-07 04:05:00,1.06,sl,kijun_pullback,0.01,1963.91,1964.97,1961.5202936961725,1964.97,True,2.04,1.23,26,1.195,0.682
ichi,SELL,2023-06-07 11:30:00,2023-06-07 12:00:00,-3.36,sl,kijun_pullback,0.01,1959.26,1962.6170101202886,1962.6170101202886,1962.6170101202886,False,0.41,3.48,7,1.679,0.955
ichi,SELL,2023-06-07 16:30:00,2023-06-07 16:40:00,-4.13,sl,tenkan_momentum,0.01,1959.01,1963.1361817509162,1963.1361817509162,1963.1361817509162,False,0.29,4.14,3,2.063,1.185
ichi,BUY,2023-06-09 04:15:00,2023-06-09 11:00:00,-2.65,sl,kijun_pullback,0.01,1965.0,1962.3508885534197,1962.3508885534197,1962.3508885534197,False,1.05,3.14,82,1.325,0.77
ichi,BUY,2023-06-09 14:15:00,2023-06-09 14:35:00,0.05,sl,tenkan_momentum,0.01,1964.92,1964.97,1961.8666750923176,1964.97,True,1.73,0.8,5,1.527,0.894
ichi,SELL,2023-06-12 02:45:00,2023-06-12 04:05:00,0.71,gap,kijun_pullback,0.01,1959.65,1958.94,1962.158126825014,1958.89,True,1.76,1.03,17,1.254,0.735
ichi,SELL,2023-06-12 08:00:00,2023-06-12 08:10:00,-2.67,sl,kijun_pullback,0.01,1957.03,1959.7033198071408,1959.7033198071408,1959.7033198071408,False,0.23,2.83,3,1.337,0.781
ichi,BUY,2023-06-12 15:00:00,2023-06-12 15:30:00,-0.94,gap,kijun_pullback,0.01,1964.26,1963.32,1960.8471218843972,1964.31,True,1.74,2.84,7,1.706,1.005
ichi,SELL,2023-06-14 02:15:00,2023-06-14 04:15:00,-3.5,sl,kijun_pullback,0.01,1943.32,1946.8210609099535,1946.8210609099535,1946.8210609099535,False,0.32,3.72,25,1.751,1.034
ichi,SELL,2023-06-15 09:30:00,2023-06-15 10:10:00,3.99,sl,tenkan_momentum,0.01,1934.95,1930.96,1939.4510878329072,1930.96,True,5.79,0.46,9,2.251,1.344
ichi,SELL,2023-06-15 11:00:00,2023-06-15 11:30:00,0.05,sl,kijun_pullback,0.01,1933.52,1933.47,1938.300826223776,1933.47,True,2.43,1.29,7,2.39,1.41
ichi,SELL,2023-06-15 15:30:00,2023-06-15 15:35:00,-5.98,sl,kijun_pullback,0.01,1926.86,1932.8362277036233,1932.8362277036233,1932.8362277036233,False,1.96,6.78,2,2.988,1.763
ichi,BUY,2023-06-16 02:00:00,2023-06-16 04:50:00,2.21,sl,kijun_pullback,0.01,1958.68,1960.89,1955.9781368484257,1960.89,True,3.29,2.21,35,1.351,0.811
ichi,BUY,2023-06-16 04:55:00,2023-06-16 05:00:00,-3.1,sl,kijun_pullback,0.01,1961.32,1958.2235755492115,1958.2235755492115,1958.2235755492115,False,0.0,3.37,2,1.548,0.924
ichi,BUY,2023-06-16 10:45:00,2023-06-16 14:15:00,1.85,sl,tenkan_momentum,0.01,1962.51,1964.36,1958.532932591363,1964.36,True,3.44,2.51,43,1.989,1.197
ichi,SELL,2023-06-19 09:30:00,2023-06-19 10:40:00,-0.09,gap,tenkan_momentum,0.01,1954.64,1954.73,1957.3212159016807,1954.59,True,1.62,0.5,15,1.341,0.803
ichi,SELL,2023-06-19 18:15:00,2023-06-19 19:25:00,1.12,sl,kijun_pullback,0.01,1952.47,1951.35,1955.1764829631952,1951.35,True,2.2,1.17,15,1.353,0.81
ichi,SELL,2023-06-20 04:15:00,2023-06-20 04:50:00,3.92,tp,tenkan_momentum,0.01,1949.99,1946.0693105499583,1952.6037929666945,1948.52,True,4.68,0.97,8,1.307,0.78
ichi,SELL,2023-06-20 08:15:00,2023-06-20 09:15:00,-2.88,sl,kijun_pullback,0.01,1947.9,1950.776950531506,1950.776950531506,1950.776950531506,False,0.76,3.65,13,1.438,0.849
ichi,SELL,2023-06-21 09:00:00,2023-06-21 09:15:00,2.71,sl,tenkan_momentum,0.01,1935.48,1932.77,1938.7720957820118,1932.77,True,4.03,0.39,4,1.646,0.98
ichi,SELL,2023-06-21 12:15:00,2023-06-21 15:25:00,3.65,sl,kijun_pullback,0.01,1933.35,1929.7,1937.0422491407724,1929.7,True,5.8,2.72,39,1.846,1.09
ichi,SELL,2023-06-21 15:30:00,2023-06-21 15:40:00,-1.0,gap,kijun_pullback,0.01,1929.84,1930.8400000000001,1934.8219534689877,1928.15,True,3.68,4.13,3,2.491,1.455
ichi,SELL,2023-06-22 07:45:00,2023-06-22 08:20:00,1.98,sl,kijun_pullback,0.01,1931.1,1929.12,1933.552672185977,1929.12,True,2.96,0.43,8,1.226,0.718
ichi,SELL,2023-06-22 09:30:00,2023-06-22 10:15:00,1.03,sl,kijun_pullback,0.01,1930.08,1929.05,1932.9631454802716,1929.05,True,2.27,1.56,10,1.442,0.839
ichi,SELL,2023-06-22 11:30:00,2023-06-22 11:45:00,1.45,sl,tenkan_momentum,0.01,1928.1,1926.65,1931.9786272712743,1926.65,True,3.0,0.21,4,1.939,1.126
ichi,SELL,2023-06-22 13:15:00,2023-06-22 14:05:00,0.05,sl,kijun_pullback,0.01,1928.42,1928.37,1932.1084532050868,1928.37,True,2.05,1.02,11,1.844,1.066
ichi,SELL,2023-06-22 14:45:00,2023-06-22 15:25:00,0.05,sl,tenkan_momentum,0.01,1926.03,1925.98,1930.0220463181784,1925.98,True,2.17,1.96,9,1.996,1.154
ichi,SELL,2023-06-22 16:45:00,2023-06-22 17:35:00,5.44,sl,kijun_pullback,0.01,1923.74,1918.3,1929.8177679379899,1918.3,True,7.87,3.86,11,3.039,1.756
ichi,SELL,2023-06-23 04:45:00,2023-06-23 04:55:00,0.97,sl,kijun_pullback,0.01,1913.15,1912.18,1915.8459554767073,1912.18,True,2.05,0.32,3,1.348,0.767
ichi,BUY,2023-06-23 17:30:00,2023-06-23 18:15:00,-6.08,sl,kijun_pullback,0.01,1929.17,1923.086534641141,1923.086534641141,1923.086534641141,False,0.0,6.66,10,3.042,1.726
ichi,BUY,2023-06-26 07:45:00,2023-06-26 09:05:00,0.05,sl,kijun_pullback,0.01,1925.82,1925.87,1922.855201419928,1925.87,True,1.88,1.9,17,1.482,0.856
ichi,SELL,2023-06-27 02:15:00,2023-06-27 02:25:00,0.86,sl,tenkan_momentum,0.01,1923.23,1922.37,1925.6643662182184,1922.37,True,1.83,0.2,3,1.217,0.703
ichi,BUY,2023-06-27 10:15:00,2023-06-27 11:25:00,-3.08,sl,tenkan_momentum,0.01,1928.66,1925.5837777058866,1925.5837777058866,1925.5837777058866,False,0.79,3.54,15,1.538,0.886
ichi,BUY,2023-06-27 16:15:00,2023-06-27 16:35:00,0.05,sl,kijun_pullback,0.01,1927.49,1927.54,1922.8921435742197,1927.54,True,3.2,0.67,5,2.299,1.336
ichi,SELL,2023-06-28 09:30:00,2023-06-28 09:45:00,2.12,sl,kijun_pullback,0.01,1913.07,1910.95,1915.989008306338,1910.95,True,3.29,0.57,4,1.46,0.848
ichi,SELL,2023-06-28 16:45:00,2023-06-28 16:45:00,-5.46,sl,kijun_pullback,0.01,1905.3,1910.7615912629512,1910.7615912629512,1910.7615912629512,False,2.31,5.63,1,2.731,1.577
ichi,SELL,2023-06-29 05:15:00,2023-06-29 06:20:00,2.05,sl,kijun_pullback,0.01,1906.33,1904.28,1909.315883108482,1904.28,True,3.36,0.93,14,1.493,0.876
ichi,SELL,2023-06-29 12:15:00,2023-06-29 13:40:00,-3.49,sl,kijun_pullback,0.01,1904.96,1908.4494653773604,1908.4494653773604,1908.4494653773604,False,0.78,3.93,18,1.745,1.018
ichi,SELL,2023-06-29 15:45:00,2023-06-29 16:05:00,2.62,gap,kijun_pullback,0.01,1900.11,1897.49,1905.6049002629236,1897.37,True,4.94,1.65,5,2.747,1.619
ichi,SELL,2023-06-30 08:00:00,2023-06-30 09:10:00,3.56,tp,kijun_pullback,0.01,1908.21,1904.6492540101142,1910.583830659924,1905.84,True,3.71,1.94,15,1.187,0.694
ichi,BUY,2023-07-03 01:15:00,2023-07-03 04:25:00,-2.97,sl,kijun_pullback,0.01,1919.18,1916.2092815308195,1916.2092815308195,1916.2092815308195,False,0.37,3.16,39,1.485,0.86
ichi,BUY,2023-07-04 04:30:00,2023-07-04 07:30:00,0.91,sl,kijun_pullback,0.01,1922.48,1923.39,1920.358041456241,1923.39,True,1.76,1.9,37,1.061,0.619
ichi,BUY,2023-07-05 15:45:00,2023-07-05 16:25:00,3.69,sl,kijun_pullback,0.01,1929.98,1933.67,1926.540789185879,1933.67,True,5.07,1.9,9,1.72,1.001
ichi,SELL,2023-07-06 04:30:00,2023-07-06 04:55:00,-2.87,sl,tenkan_momentum,0.01,1916.68,1919.5466388720881,1919.5466388720881,1919.5466388720881,False,0.06,3.15,6,1.433,0.826
ichi,SELL,2023-07-06 12:00:00,2023-07-06 13:20:00,-2.84,sl,kijun_pullback,0.01,1918.05,1920.8859453302803,1920.8859453302803,1920.8859453302803,False,1.18,3.15,17,1.418,0.823
ichi,BUY,2023-07-07 15:00:00,2023-07-07 15:15:00,-2.8,sl,tenkan_momentum,0.01,1917.72,1914.92445697937,1914.92445697937,1914.92445697937,False,0.92,3.43,4,1.398,0.818
ichi,BUY,2023-07-07 16:45:00,2023-07-07 18:00:00,8.9,tp,kijun_pullback,0.01,1925.74,1934.6391380389116,1919.8072413073924,1931.62,True,9.23,4.46,16,2.966,1.751
ichi,BUY,2023-07-11 01:45:00,2023-07-11 03:30:00,1.08,sl,kijun_pullback,0.01,1925.18,1926.26,1922.9515277396777,1926.26,True,2.02,0.83,22,1.114,0.641
ichi,BUY,2023-07-11 03:35:00,2023-07-11 04:10:00,0.57,sl,kijun_pullback,0.01,1926.3,1926.87,1924.1591841184704,1926.87,True,1.43,0.57,8,1.07,0.614
ichi,BUY,2023-07-11 05:45:00,2023-07-11 06:10:00,0.05,sl,tenkan_momentum,0.01,1927.57,1927.62,1925.1317442237496,1927.62,True,1.41,0.98,6,1.219,0.698
ichi,BUY,2023-07-11 07:30:00,2023-07-11 08:20:00,0.05,sl,tenkan_momentum,0.01,1928.51,1928.56,1925.9062775089385,1928.56,True,1.57,0.68,11,1.302,0.745
ichi,BUY,2023-07-11 09:45:00,2023-07-11 10:10:00,-3.5,sl,kijun_pullback,0.01,1935.07,1931.5749959796292,1931.5749959796292,1931.5749959796292,False,1.73,3.82,6,1.748,1.0
ichi,BUY,2023-07-11 11:15:00,2023-07-11 12:30:00,1.1,sl,tenkan_momentum,0.01,1934.47,1935.57,1930.2300219906563,1935.57,True,2.89,0.46,16,2.12,1.226
ichi,BUY,2023-07-12 15:45:00,2023-07-12 16:00:00,-5.21,sl,kijun_pullback,0.01,1946.95,1941.735516672632,1941.735516672632,1941.735516672632,False,0.76,6.04,4,2.607,1.503
ichi,BUY,2023-07-13 03:00:00,2023-07-13 04:15:00,0.05,sl,kijun_pullback,0.01,1957.94,1957.99,1955.7282355344644,1957.99,True,1.18,1.44,16,1.106,0.647
ichi,BUY,2023-07-13 04:30:00,2023-07-13 04:55:00,0.05,sl,kijun_pullback,0.01,1958.39,1958.44,1955.6290505938045,1958.44,True,1.53,1.33,6,1.38,0.808
ichi,BUY,2023-07-13 09:30:00,2023-07-13 13:25:00,-3.76,sl,kijun_pullback,0.01,1962.46,1958.6998556903995,1958.6998556903995,1958.6998556903995,False,0.91,4.31,48,1.88,1.1
ichi,BUY,2023-07-13 13:45:00,2023-07-13 15:25:00,-0.8,gap,tenkan_momentum,0.01,1960.64,1959.84,1957.5094247615218,1960.69,True,1.6,2.7,21,1.565,0.926
ichi,BUY,2023-07-13 19:30:00,2023-07-14 05:55:00,1.93,sl,tenkan_momentum,0.01,1959.63,1961.56,1954.0837355919657,1961.56,True,4.15,2.09,114,2.773,1.644
ichi,BUY,2023-07-14 06:30:00,2023-07-14 08:00:00,-2.63,sl,tenkan_momentum,0.01,1962.5900000000001,1959.9622837259128,1959.9622837259128,1959.9622837259128,False,0.54,2.92,19,1.314,0.775
ichi,BUY,2023-07-14 15:30:00,2023-07-14 15:35:00,-4.03,sl,kijun_pullback,0.01,1961.46,1957.429936326089,1957.429936326089,1957.429936326089,False,1.29,4.5,2,2.015,1.197
ichi,BUY,2023-07-14 17:00:00,2023-07-14 17:00:00,-5.44,sl,tenkan_momentum,0.01,1960.24,1954.79516049969,1954.79516049969,1954.79516049969,False,0.0,9.31,1,2.722,1.637
ichi,SELL,2023-07-17 06:15:00,2023-07-17 08:15:00,-3.02,sl,kijun_pullback,0.01,1952.14,1955.1589491843665,1955.1589491843665,1955.1589491843665,False,1.02,3.39,25,1.509,0.923
ichi,BUY,2023-07-18 03:45:00,2023-07-18 04:30:00,2.94,tp,tenkan_momentum,0.01,1956.51,1959.4527727243712,1954.5481515170857,1958.26,True,3.07,1.32,10,0.981,0.605
ichi,BUY,2023-07-18 05:15:00,2023-07-18 06:05:00,1.5,sl,kijun_pullback,0.01,1957.49,1958.99,1954.648995312066,1958.99,True,2.66,0.5,11,1.421,0.869
ichi,BUY,2023-07-18 09:30:00,2023-07-18 10:10:00,1.41,sl,tenkan_momentum,0.01,1960.03,1961.44,1957.1998672765042,1961.44,True,2.59,1.62,9,1.415,0.861
ichi,BUY,2023-07-18 11:15:00,2023-07-18 14:05:00,0.05,sl,tenkan_momentum,0.01,1962.31,1962.36,1958.9792549902095,1962.36,True,2.04,1.76,35,1.665,1.009
ichi,BUY,2023-07-18 15:30:00,2023-07-18 15:40:00,-5.76,sl,tenkan_momentum,0.01,1967.3,1961.5442542578076,1961.5442542578076,1961.5442542578076,False,3.89,6.62,3,2.878,1.744
ichi,BUY,2023-07-18 17:00:00,2023-07-18 17:15:00,4.67,sl,kijun_pullback,0.01,1971.42,1976.09,1963.3440933690833,1976.09,True,7.9,0.41,4,4.038,2.49
ichi,BUY,2023-07-19 04:45:00,2023-07-19 05:05:00,-2.78,sl,kijun_pullback,0.01,1978.3600000000001,1975.580458586554,1975.580458586554,1975.580458586554,False,0.0,2.97,5,1.39,0.845
ichi,BUY,2023-07-20 03:15:00,2023-07-20 04:30:00,3.47,tp,kijun_pullback,0.01,1979.24,1982.7107035930708,1976.9261976046196,1981.54,True,4.69,1.19,16,1.157,0.709
ichi,SELL,2023-07-21 10:30:00,2023-07-21 10:50:00,4.23,tp,tenkan_momentum,0.01,1969.63,1965.403065734329,1972.4479561771143,1966.71,True,4.92,0.4,5,1.409,0.855
ichi,SELL,2023-07-21 15:45:00,2023-07-21 16:15:00,0.05,sl,tenkan_momentum,0.01,1963.22,1963.17,1967.3263113857633,1963.17,True,2.97,1.33,7,2.053,1.23
ichi,SELL,2023-07-21 18:00:00,2023-07-24 10:25:00,-5.95,sl,tenkan_momentum,0.01,1959.76,1965.7075498815816,1965.7075498815816,1965.7075498815816,False,2.75,6.13,186,2.974,1.781
ichi,SELL,2023-07-24 18:00:00,2023-07-24 19:45:00,0.05,sl,kijun_pullback,0.01,1961.43,1961.38,1966.8435288629737,1961.38,True,3.41,0.95,22,2.707,1.651
ichi,SELL,2023-07-25 14:15:00,2023-07-25 14:50:00,-3.78,sl,kijun_pullback,0.01,1954.82,1958.6028408371023,1958.6028408371023,1958.6028408371023,False,1.54,5.41,8,1.891,1.153
ichi,SELL,2023-07-25 16:15:00,2023-07-25 17:05:00,-1.17,gap,kijun_pullback,0.01,1956.57,1957.74,1961.501012851987,1953.91,True,4.63,4.77,11,2.466,1.521
ichi,BUY,2023-07-26 09:15:00,2023-07-26 09:30:00,1.09,sl,kijun_pullback,0.01,1967.9,1968.99,1965.279030810478,1968.99,True,2.38,0.49,4,1.31,0.811
ichi,BUY,2023-07-27 01:15:00,2023-07-27 05:10:00,7.54,tp,kijun_pullback,0.01,1973.23,1980.7690525339578,1968.2039649773615,1978.13,True,7.68,2.09,48,2.513,1.55
ichi,BUY,2023-07-27 10:15:00,2023-07-27 10:50:00,2.24,sl,kijun_pullback,0.01,1978.5,1980.74,1974.7799310660919,1980.74,True,3.73,0.94,8,1.86,1.121
ichi,SELL,2023-07-31 04:15:00,2023-07-31 07:25:00,2.59,sl,kijun_pullback,0.01,1957.42,1954.83,1960.4442354669106,1954.83,True,3.8,1.34,39,1.512,0.906
ichi,SELL,2023-07-31 10:00:00,2023-07-31 11:55:00,1.25,gap,kijun_pullback,0.01,1954.93,1953.68,1958.050210804527,1952.32,True,3.86,1.54,24,1.56,0.927
ichi,SELL,2023-08-01 14:15:00,2023-08-01 15:25:00,1.59,sl,kijun_pullback,0.01,1953.5,1951.91,1956.7824715082786,1951.91,True,2.9,2.76,15,1.641,0.972
ichi,SELL,2023-08-02 15:30:00,2023-08-02 15:45:00,2.53,gap,kijun_pullback,0.01,1948.37,1945.8400000000001,1952.96704593139,1945.67,True,4.54,1.4,4,2.299,1.355
ichi,SELL,2023-08-02 17:00:00,2023-08-02 17:15:00,7.95,tp,tenkan_momentum,0.01,1945.13,1937.1764290717822,1950.432380618812,1942.35,True,8.35,0.4,4,2.651,1.551
ichi,SELL,2023-08-03 06:15:00,2023-08-03 08:10:00,1.39,sl,kijun_pullback,0.01,1935.59,1934.2,1938.2255959218342,1934.2,True,2.44,2.58,24,1.318,0.753
ichi,SELL,2023-08-03 09:15:00,2023-08-03 10:10:00,1.29,gap,tenkan_momentum,0.01,1934.06,1932.77,1937.1282644091455,1932.37,True,2.92,1.2,12,1.534,0.874
ichi,SELL,2023-08-03 15:30:00,2023-08-03 15:40:00,-5.35,sl,kijun_pullback,0.01,1931.39,1936.7358056989938,1936.7358056989938,1936.7358056989938,False,1.29,7.24,3,2.673,1.516
ichi,SELL,2023-08-03 17:00:00,2023-08-04 15:35:00,-3.08,gap,tenkan_momentum,0.01,1932.35,1935.43,1939.2118536122482,1928.47,True,6.62,6.62,260,3.431,1.976
ichi,BUY,2023-08-07 02:00:00,2023-08-07 05:10:00,-3.14,sl,kijun_pullback,0.01,1943.91,1940.7659517793418,1940.7659517793418,1940.7659517793418,False,1.43,3.27,39,1.572,0.914
ichi,SELL,2023-08-07 15:15:00,2023-08-07 15:55:00,-3.26,sl,kijun_pullback,0.01,1935.13,1938.394007217107,1938.394007217107,1938.394007217107,False,1.36,3.33,9,1.632,0.957
ichi,SELL,2023-08-07 17:30:00,2023-08-07 18:10:00,1.25,sl,kijun_pullback,0.01,1936.44,1935.19,1940.9393751688287,1935.19,True,3.05,0.68,9,2.25,1.332
ichi,SELL,2023-08-08 04:30:00,2023-08-08 05:05:00,0.8,sl,kijun_pullback,0.01,1933.2,1932.4,1935.8152210859996,1932.4,True,1.85,1.14,8,1.308,0.772
ichi,SELL,2023-08-08 09:15:00,2023-08-08 10:10:00,0.05,sl,kijun_pullback,0.01,1933.88,1933.83,1936.555212903154,1933.83,True,1.53,0.79,12,1.338,0.787
ichi,SELL,2023-08-08 11:00:00,2023-08-08 11:40:00,-2.96,sl,tenkan_momentum,0.01,1930.54,1933.4983563797684,1933.4983563797684,1933.4983563797684,False,0.0,3.55,9,1.479,0.871
ichi,SELL,2023-08-08 14:15:00,2023-08-08 14:55:00,2.83,sl,kijun_pullback,0.01,1932.42,1929.59,1935.8906440902388,1929.59,True,4.22,1.05,9,1.735,1.03
ichi,SELL,2023-08-08 15:45:00,2023-08-08 16:35:00,-0.16,gap,kijun_pullback,0.01,1925.47,1925.63,1930.2367399412874,1925.42,True,2.54,3.74,11,2.383,1.403
ichi,SELL,2023-08-08 18:00:00,2023-08-09 04:15:00,0.05,sl,tenkan_momentum,0.01,1927.27,1927.22,1933.2874903609702,1927.22,True,3.46,1.39,112,3.009,1.772
ichi,SELL,2023-08-09 11:30:00,2023-08-09 13:35:00,1.6,sl,tenkan_momentum,0.01,1928.25,1926.65,1930.9573861056217,1926.65,True,2.68,0.94,26,1.354,0.797
ichi,SELL,2023-08-09 15:45:00,2023-08-09 17:00:00,0.92,gap,kijun_pullback,0.01,1923.97,1923.05,1927.1328020061485,1923.01,True,2.23,2.93,16,1.581,0.927
ichi,SELL,2023-08-09 17:15:00,2023-08-09 17:35:00,2.2,gap,kijun_pullback,0.01,1925.19,1922.99,1929.8882037842034,1921.28,True,5.79,2.62,5,2.349,1.373
ichi,SELL,2023-08-10 01:30:00,2023-08-10 04:30:00,-2.49,sl,kijun_pullback,0.01,1915.87,1918.357176878211,1918.357176878211,1918.357176878211,False,0.36,2.55,37,1.244,0.722
ichi,BUY,2023-08-10 16:45:00,2023-08-10 17:05:00,-5.54,sl,kijun_pullback,0.01,1924.76,1919.2182968392876,1919.2182968392876,1919.2182968392876,False,0.53,6.15,5,2.771,1.621
ichi,SELL,2023-08-11 16:15:00,2023-08-11 17:00:00,-3.52,sl,kijun_pullback,0.01,1914.79,1918.3098370013374,1918.3098370013374,1918.3098370013374,False,1.7,6.28,10,1.76,1.047
ichi,SELL,2023-08-14 02:15:00,2023-08-14 04:00:00,1.34,sl,kijun_pullback,0.01,1913.15,1911.81,1915.4121422186156,1911.81,True,2.49,1.42,22,1.131,0.68
ichi,SELL,2023-08-14 05:00:00,2023-08-14 08:30:00,-2.56,sl,kijun_pullback,0.01,1911.57,1914.1337951555286,1914.1337951555286,1914.1337951555286,False,0.74,3.31,43,1.282,0.767
ichi,SELL,2023-08-14 15:15:00,2023-08-14 15:30:00,2.09,gap,kijun_pullback,0.01,1909.92,1907.8300000000002,1913.2956609226374,1907.49,True,3.78,0.37,4,1.688,1.018
ichi,SELL,2023-08-14 17:30:00,2023-08-14 19:05:00,-5.26,sl,kijun_pullback,0.01,1908.0,1913.2561321885128,1913.2561321885128,1913.2561321885128,False,0.13,5.44,20,2.628,1.576
ichi,SELL,2023-08-15 05:00:00,2023-08-15 09:00:00,0.05,sl,kijun_pullback,0.01,1906.12,1906.07,1909.040790502346,1906.07,True,1.73,1.81,49,1.46,0.89
ichi,SELL,2023-08-15 11:45:00,2023-08-15 12:35:00,0.05,sl,kijun_pullback,0.01,1904.54,1904.49,1907.251168599743,1904.49,True,1.41,0.7,11,1.356,0.826
ichi,SELL,2023-08-15 14:15:00,2023-08-15 15:30:00,-2.62,sl,tenkan_momentum,0.01,1902.37,1904.9869081055697,1904.9869081055697,1904.9869081055697,False,5.82,2.77,16,1.308,0.797
ichi,SELL,2023-08-16 15:30:00,2023-08-16 15:55:00,-0.29,gap,kijun_pullback,0.01,1901.86,1902.15,1904.686866121907,1901.81,True,1.67,2.55,6,1.413,0.868
ichi,SELL,2023-08-18 15:30:00,2023-08-18 16:05:00,-3.12,sl,kijun_pullback,0.01,1890.01,1893.1262577785506,1893.1262577785506,1893.1262577785506,False,1.13,3.23,8,1.558,0.957
ichi,SELL,2023-08-21 02:30:00,2023-08-21 04:20:00,0.36,gap,kijun_pullback,0.01,1889.41,1889.05,1891.664836111599,1888.72,True,1.59,1.97,23,1.127,0.699
ichi,SELL,2023-08-21 04:45:00,2023-08-21 05:10:00,0.05,sl,kijun_pullback,0.01,1886.49,1886.44,1889.1457183070424,1886.44,True,1.48,1.01,6,1.328,0.823
ichi,BUY,2023-08-22 03:30:00,2023-08-22 04:05:00,1.0,sl,kijun_pullback,0.01,1894.8,1895.8,1893.0341781205223,1895.8,True,1.71,0.21,8,0.883,0.547
ichi,BUY,2023-08-22 05:15:00,2023-08-22 05:30:00,0.05,sl,kijun_pullback,0.01,1895.94,1895.99,1893.540984909833,1895.99,True,1.42,0.27,4,1.2,0.741
ichi,BUY,2023-08-22 08:30:00,2023-08-22 09:25:00,3.57,tp,tenkan_momentum,0.01,1896.43,1900.0049504474575,1894.046699701695,1898.73,True,3.8,1.49,12,1.192,0.736
ichi,BUY,2023-08-23 02:00:00,2023-08-23 03:30:00,1.56,sl,kijun_pullback,0.01,1898.1200000000001,1899.68,1896.3829363374925,1899.68,True,2.25,0.38,19,0.869,0.53
ichi,BUY,2023-08-23 05:45:00,2023-08-23 08:15:00,1.37,sl,tenkan_momentum,0.01,1901.5,1902.87,1899.458635222194,1902.87,True,2.19,1.4,31,1.021,0.62
ichi,BUY,2023-08-23 10:30:00,2023-08-23 13:30:00,-2.71,sl,tenkan_momentum,0.01,1904.23,1901.521215346183,1901.521215346183,1901.521215346183,False,1.31,2.94,37,1.354,0.82
ichi,BUY,2023-08-23 14:00:00,2023-08-23 15:30:00,4.39,tp,kijun_pullback,0.01,1903.54,1907.930635661348,1900.6129095591011,1905.5,True,4.69,0.86,19,1.464,0.893
ichi,BUY,2023-08-23 15:35:00,2023-08-23 16:00:00,-3.48,sl,kijun_pullback,0.01,1906.97,1903.4906971101614,1903.4906971101614,1903.4906971101614,False,1.71,4.0,6,1.74,1.048
ichi,BUY,2023-08-23 17:00:00,2023-08-24 10:15:00,2.09,sl,kijun_pullback,0.01,1918.19,1920.28,1912.1481572699302,1920.28,True,4.83,3.89,196,3.021,1.839
ichi,BUY,2023-08-24 11:30:00,2023-08-24 13:35:00,-2.9,sl,kijun_pullback,0.01,1922.02,1919.1184460566496,1919.1184460566496,1919.1184460566496,False,0.0,2.96,26,1.451,0.877
ichi,BUY,2023-08-25 17:15:00,2023-08-25 17:20:00,-6.14,sl,kijun_pullback,0.01,1920.46,1914.324222818623,1914.324222818623,1914.324222818623,False,1.99,7.32,2,3.068,1.872
ichi,BUY,2023-08-28 05:45:00,2023-08-28 08:40:00,0.05,sl,kijun_pullback,0.01,1916.25,1916.3,1913.878061517472,1916.3,True,1.43,1.54,36,1.186,0.737
ichi,BUY,2023-08-28 08:45:00,2023-08-28 09:25:00,0.65,sl,kijun_pullback,0.01,1916.3,1916.95,1914.143454509829,1916.95,True,1.51,0.85,9,1.078,0.67
ichi,BUY,2023-08-28 17:00:00,2023-08-28 18:35:00,5.3,tp,kijun_pullback,0.01,1918.32,1923.6153728918127,1914.789751405458,1921.04,True,6.61,1.02,20,1.765,1.095
ichi,BUY,2023-08-29 04:30:00,2023-08-29 06:10:00,1.59,gap,tenkan_momentum,0.01,1922.49,1924.08,1920.794827530092,1924.33,True,2.52,1.02,21,0.848,0.517
ichi,BUY,2023-08-29 08:45:00,2023-08-29 09:45:00,-1.98,sl,kijun_pullback,0.01,1925.3500000000001,1923.369534467281,1923.369534467281,1923.369534467281,False,0.27,2.36,13,0.99,0.602
ichi,BUY,2023-08-29 10:45:00,2023-08-29 11:10:00,-2.25,sl,kijun_pullback,0.01,1924.57,1922.3226296497617,1922.3226296497617,1922.3226296497617,False,0.37,2.29,6,1.124,0.687
ichi,BUY,2023-08-29 17:15:00,2023-08-29 17:25:00,0.87,gap,kijun_pullback,0.01,1930.74,1931.61,1925.639960214578,1932.48,True,3.88,1.44,3,2.55,1.569
ichi,BUY,2023-08-30 04:00:00,2023-08-30 10:30:00,-1.93,sl,kijun_pullback,0.01,1936.96,1935.0276436315576,1935.0276436315576,1935.0276436315576,False,0.59,2.01,79,0.966,0.593
ichi,BUY,2023-08-30 12:30:00,2023-08-30 15:10:00,0.57,sl,kijun_pullback,0.01,1938.73,1939.3,1936.5458158573492,1939.3,True,1.53,2.08,33,1.092,0.674
ichi,BUY,2023-08-31 08:00:00,2023-08-31 09:30:00,-1.71,sl,kijun_pullback,0.01,1946.0,1944.2866702879614,1944.2866702879614,1944.2866702879614,False,0.0,1.72,19,0.857,0.528
ichi,BUY,2023-08-31 15:00:00,2023-08-31 15:20:00,0.79,sl,tenkan_momentum,0.01,1945.91,1946.7,1943.8688276565683,1946.7,True,1.7,0.93,5,1.021,0.632
ichi,BUY,2023-09-01 15:45:00,2023-09-01 15:55:00,0.22,gap,kijun_pullback,0.01,1948.48,1948.7,1944.906561272124,1950.86,True,3.81,1.26,3,1.787,1.104
ichi,SELL,2023-09-04 13:30:00,2023-09-04 14:35:00,0.68,sl,tenkan_momentum,0.01,1941.63,1940.95,1943.7768177467744,1940.95,True,1.54,0.51,14,1.073,0.663
ichi,SELL,2023-09-05 01:30:00,2023-09-05 03:20:00,1.54,sl,kijun_pullback,0.02,1938.52,1937.75,1939.8780325147563,1937.75,True,2.62,0.52,23,0.679,0.837
ichi,SELL,2023-09-05 04:45:00,2023-09-05 04:55:00,1.29,sl,kijun_pullback,0.01,1937.34,1936.05,1939.0260918361746,1936.05,True,2.18,0.21,3,0.843,0.517
ichi,SELL,2023-09-05 06:15:00,2023-09-05 07:30:00,-1.87,sl,tenkan_momentum,0.01,1936.31,1938.1842880849065,1938.1842880849065,1938.1842880849065,False,0.0,1.88,16,0.937,0.573
ichi,SELL,2023-09-05 16:15:00,2023-09-05 17:10:00,2.59,sl,kijun_pullback,0.01,1930.33,1927.74,1934.580258229847,1927.74,True,4.29,3.66,12,2.125,1.306
ichi,SELL,2023-09-06 02:15:00,2023-09-06 04:00:00,0.93,sl,kijun_pullback,0.01,1926.31,1925.38,1928.0100763788662,1925.38,True,1.61,0.8,22,0.85,0.518
ichi,SELL,2023-09-06 05:30:00,2023-09-06 07:45:00,-1.72,sl,kijun_pullback,0.01,1925.49,1927.213246945905,1927.213246945905,1927.213246945905,False,0.0,1.74,28,0.862,0.524
ichi,SELL,2023-09-06 10:30:00,2023-09-06 11:05:00,0.05,sl,kijun_pullback,0.01,1923.92,1923.87,1926.091109784711,1923.87,True,1.14,1.13,8,1.086,0.663
ichi,SELL,2023-09-06 15:45:00,2023-09-06 16:10:00,2.15,gap,kijun_pullback,0.01,1924.86,1922.71,1927.4899345703136,1922.45,True,3.46,0.47,6,1.315,0.804
ichi,SELL,2023-09-06 17:15:00,2023-09-06 17:50:00,4.56,sl,kijun_pullback,0.01,1922.24,1917.68,1927.3252277661468,1917.68,True,6.73,1.54,8,2.543,1.544
ichi,SELL,2023-09-07 10:45:00,2023-09-07 12:20:00,-2.26,sl,tenkan_momentum,0.01,1917.61,1919.8705243678107,1919.8705243678107,1919.8705243678107,False,0.26,2.63,20,1.13,0.677
ichi,SELL,2023-09-08 15:30:00,2023-09-08 15:35:00,-2.48,sl,kijun_pullback,0.01,1923.04,1925.5183932275704,1925.5183932275704,1925.5183932275704,False,0.23,3.27,2,1.239,0.747
ichi,SELL,2023-09-11 02:15:00,2023-09-11 03:45:00,-2.17,sl,kijun_pullback,0.01,1918.05,1920.2184215641842,1920.2184215641842,1920.2184215641842,False,0.0,2.27,19,1.084,0.659
ichi,BUY,2023-09-11 12:00:00,2023-09-11 13:20:00,-2.9,sl,kijun_pullback,0.01,1927.95,1925.052632022815,1925.052632022815,1925.052632022815,False,0.12,3.04,17,1.449,0.886
ichi,SELL,2023-09-12 01:30:00,2023-09-12 03:10:00,0.51,sl,kijun_pullback,0.01,1922.68,1922.17,1924.408765974309,1922.17,True,1.26,0.54,21,0.864,0.533
ichi,SELL,2023-09-12 03:30:00,2023-09-12 04:10:00,-3.17,sl,kijun_pullback,0.02,1921.63,1923.2134591768265,1923.2134591768265,1923.2134591768265,False,0.62,4.24,9,0.792,0.975
ichi,SELL,2023-09-12 05:00:00,2023-09-12 06:25:00,-2.16,sl,kijun_pullback,0.01,1921.85,1924.0142157984021,1924.0142157984021,1924.0142157984021,False,0.4,2.21,18,1.082,0.673
ichi,SELL,2023-09-12 12:00:00,2023-09-12 13:35:00,2.99,tp,tenkan_momentum,0.01,1919.75,1916.757064700913,1921.7452901993915,1921.7452901993915,False,4.58,0.47,20,0.998,0.625
ichi,SELL,2023-09-12 13:45:00,2023-09-12 14:05:00,0.59,sl,kijun_pullback,0.01,1916.1,1915.51,1918.3558727796055,1915.51,True,1.49,0.33,5,1.128,0.7
ichi,SELL,2023-09-12 19:45:00,2023-09-13 07:05:00,2.76,sl,kijun_pullback,0.01,1912.8,1910.04,1916.5063177211787,1910.04,True,4.39,1.25,125,1.853,1.148
ichi,SELL,2023-09-13 16:15:00,2023-09-13 16:30:00,-4.79,sl,kijun_pullback,0.01,1909.78,1914.574182452989,1914.574182452989,1914.574182452989,False,0.14,5.74,4,2.397,1.472
ichi,SELL,2023-09-14 02:45:00,2023-09-14 03:25:00,-1.99,sl,kijun_pullback,0.01,1908.84,1910.8272509870237,1910.8272509870237,1910.8272509870237,False,0.0,2.0,9,0.994,0.619
ichi,SELL,2023-09-14 15:30:00,2023-09-14 15:30:00,4.85,tp,kijun_pullback,0.01,1907.61,1902.7559814597853,1910.8460123601428,1910.8460123601428,False,6.1,0.34,1,1.618,1.015
ichi,BUY,2023-09-15 04:30:00,2023-09-15 04:45:00,2.23,sl,tenkan_momentum,0.01,1911.93,1914.16,1909.4103137505842,1914.16,True,3.28,0.28,4,1.26,0.778
ichi,BUY,2023-09-15 11:00:00,2023-09-15 15:10:00,1.1,sl,tenkan_momentum,0.01,1918.3,1919.4,1915.4281661330833,1919.4,True,2.25,1.57,51,1.436,0.881
ichi,BUY,2023-09-15 16:15:00,2023-09-15 16:30:00,1.92,sl,kijun_pullback,0.01,1922.3500000000001,1924.27,1918.5558523585826,1924.27,True,4.01,0.71,4,1.897,1.16
ichi,BUY,2023-09-18 04:15:00,2023-09-18 04:30:00,-2.06,sl,kijun_pullback,0.01,1926.5,1924.4367189903928,1924.4367189903928,1924.4367189903928,False,0.01,2.53,4,1.032,0.627
ichi,BUY,2023-09-19 05:15:00,2023-09-19 07:40:00,-3.24,sl,kijun_pullback,0.02,1933.31,1931.692175636093,1931.692175636093,1931.692175636093,False,0.26,3.8,30,0.809,0.99
ichi,BUY,2023-09-19 16:30:00,2023-09-19 17:10:00,-2.87,sl,kijun_pullback,0.01,1935.24,1932.3653393634868,1932.3653393634868,1932.3653393634868,False,1.15,3.32,9,1.437,0.888
ichi,BUY,2023-09-20 09:00:00,2023-09-20 09:45:00,0.05,sl,tenkan_momentum,0.01,1931.41,1931.46,1929.7192093883157,1931.46,True,0.93,1.02,10,0.845,0.527
ichi,SELL,2023-09-20 12:00:00,2023-09-20 12:50:00,-2.02,sl,tenkan_momentum,0.01,1929.16,1931.1826099135303,1931.1826099135303,1931.1826099135303,False,0.0,2.17,11,1.011,0.63
ichi,BUY,2023-09-20 15:45:00,2023-09-20 16:40:00,3.67,tp,kijun_pullback,0.01,1933.01,1936.6793178746088,1930.563788083594,1935.49,True,8.14,1.42,12,1.223,0.767
ichi,SELL,2023-09-21 18:30:00,2023-09-22 03:35:00,-5.01,sl,kijun_pullback,0.01,1917.67,1922.6781051002033,1922.6781051002033,1922.6781051002033,False,1.19,5.42,98,2.504,1.553
ichi,BUY,2023-09-22 17:45:00,2023-09-22 19:50:00,-3.27,sl,kijun_pullback,0.01,1928.31,1925.035014822534,1925.035014822534,1925.035014822534,False,0.48,3.42,26,1.637,1.031
ichi,SELL,2023-09-25 03:15:00,2023-09-25 04:45:00,0.05,sl,kijun_pullback,0.01,1924.27,1924.22,1926.0000177856396,1924.22,True,1.16,1.28,19,0.865,0.55
ichi,SELL,2023-09-25 04:50:00,2023-09-25 08:35:00,0.68,sl,kijun_pullback,0.01,1923.72,1923.04,1925.6152207570142,1923.04,True,1.54,0.78,46,0.948,0.603
ichi,BUY,2023-09-25 17:00:00,2023-09-25 17:05:00,-3.5,sl,tenkan_momentum,0.01,1925.55,1922.0514487196285,1922.0514487196285,1922.0514487196285,False,0.0,3.91,2,1.749,1.111
ichi,SELL,2023-09-26 03:00:00,2023-09-26 04:00:00,1.88,sl,kijun_pullback,0.02,1916.2,1915.26,1917.720004583938,1915.26,True,3.1,0.92,13,0.76,0.976
ichi,SELL,2023-09-26 04:30:00,2023-09-26 05:20:00,1.64,sl,kijun_pullback,0.02,1915.59,1914.77,1917.1551772892503,1914.77,True,2.9,0.68,11,0.783,0.999
ichi,SELL,2023-09-26 06:00:00,2023-09-26 08:10:00,-1.71,sl,tenkan_momentum,0.01,1913.63,1915.3438951226676,1915.3438951226676,1915.3438951226676,False,0.5,1.72,27,0.857,0.544
ichi,SELL,2023-09-26 08:30:00,2023-09-26 09:45:00,2.42,tp,kijun_pullback,0.01,1913.96,1911.536769685893,1915.5754868760714,1912.61,True,3.01,0.71,16,0.808,0.516
ichi,SELL,2023-09-26 15:00:00,2023-09-26 15:35:00,3.98,tp,tenkan_momentum,0.01,1911.58,1907.6014931973443,1914.232337868437,1911.53,True,6.16,1.53,8,1.326,0.84
ichi,SELL,2023-09-26 17:45:00,2023-09-26 18:10:00,4.07,sl,tenkan_momentum,0.01,1906.76,1902.69,1910.997948920071,1902.69,True,5.77,0.52,6,2.119,1.326
ichi,SELL,2023-09-27 04:00:00,2023-09-27 04:30:00,-1.93,sl,kijun_pullback,0.01,1900.68,1902.6116743538773,1902.6116743538773,1902.6116743538773,False,0.61,3.44,7,0.966,0.597
ichi,SELL,2023-09-27 13:45:00,2023-09-27 14:30:00,1.06,sl,tenkan_momentum,0.01,1894.8,1893.74,1897.3339530683395,1893.74,True,2.09,0.23,10,1.267,0.787
ichi,SELL,2023-09-28 13:30:00,2023-09-28 15:05:00,-2.59,sl,tenkan_momentum,0.01,1874.56,1877.149626995587,1877.149626995587,1877.149626995587,False,0.0,2.94,20,1.295,0.802
ichi,SELL,2023-09-28 16:15:00,2023-09-28 16:55:00,0.05,sl,kijun_pullback,0.01,1873.81,1873.76,1877.6986797743732,1873.76,True,2.31,3.52,9,1.944,1.214
ichi,SELL,2023-09-29 17:15:00,2023-09-29 17:45:00,0.05,sl,kijun_pullback,0.01,1862.52,1862.47,1868.7560140993887,1862.47,True,3.3,0.8,7,3.118,1.946
ichi,SELL,2023-10-02 04:30:00,2023-10-02 05:45:00,1.62,sl,tenkan_momentum,0.01,1845.92,1844.3,1848.9725964423706,1844.3,True,2.84,0.26,16,1.526,0.953
ichi,SELL,2023-10-02 10:30:00,2023-10-02 11:00:00,1.87,sl,kijun_pullback,0.01,1842.91,1841.04,1846.4721685786963,1841.04,True,3.29,0.48,7,1.781,1.106
ichi,SELL,2023-10-02 15:45:00,2023-10-02 16:40:00,1.26,sl,tenkan_momentum,0.01,1835.61,1834.35,1840.2184023260095,1834.35,True,3.1,3.03,12,2.304,1.423
ichi,SELL,2023-10-02 17:15:00,2023-10-02 18:30:00,-6.39,sl,kijun_pullback,0.01,1828.34,1834.7294851426175,1834.7294851426175,1834.7294851426175,False,1.0,6.49,16,3.195,1.965
ichi,SELL,2023-10-02 18:45:00,2023-10-03 02:10:00,9.49,tp,kijun_pullback,0.01,1833.08,1823.5880160440659,1839.4079893039561,1829.29,True,10.56,0.72,78,3.164,1.985
ichi,SELL,2023-10-03 02:15:00,2023-10-03 02:30:00,0.05,sl,kijun_pullback,0.01,1822.89,1822.84,1826.7892545804493,1822.84,True,2.31,1.05,4,1.95,1.188
ichi,SELL,2023-10-04 03:30:00,2023-10-04 04:45:00,0.05,sl,kijun_pullback,0.01,1822.72,1822.67,1826.0535416040489,1822.67,True,1.7,2.54,16,1.667,1.015
ichi,SELL,2023-10-04 05:00:00,2023-10-04 05:55:00,1.1,sl,kijun_pullback,0.01,1822.72,1821.62,1826.200712383379,1821.62,True,2.49,0.49,12,1.74,1.06
ichi,SELL,2023-10-04 09:00:00,2023-10-04 09:40:00,2.67,sl,tenkan_momentum,0.01,1821.24,1818.57,1824.3505001028138,1818.57,True,4.32,0.4,9,1.555,0.944
ichi,SELL,2023-10-04 10:30:00,2023-10-04 11:55:00,-3.59,sl,kijun_pullback,0.01,1820.16,1823.7496945058451,1823.7496945058451,1823.7496945058451,False,0.45,3.68,18,1.795,1.081
ichi,SELL,2023-10-05 15:15:00,2023-10-05 15:30:00,1.87,sl,kijun_pullback,0.01,1822.68,1820.81,1825.8936981019083,1820.81,True,3.46,0.77,4,1.607,0.978
ichi,SELL,2023-10-05 18:30:00,2023-10-06 02:00:00,-5.55,sl,tenkan_momentum,0.01,1816.15,1821.6999086747087,1821.6999086747087,1821.6999086747087,False,1.54,7.26,79,2.775,1.68
ichi,SELL,2023-10-06 15:45:00,2023-10-06 16:00:00,-4.5,sl,kijun_pullback,0.01,1812.37,1816.8730325902027,1816.8730325902027,1816.8730325902027,False,1.7,5.07,4,2.252,1.386
ichi,BUY,2023-10-09 08:00:00,2023-10-09 09:25:00,1.98,gap,kijun_pullback,0.01,1850.74,1852.72,1846.484887081687,1852.78,True,3.74,2.66,18,2.128,1.328
ichi,BUY,2023-10-09 09:30:00,2023-10-09 15:35:00,-4.36,sl,kijun_pullback,0.01,1851.28,1846.9244924906222,1846.9244924906222,1846.9244924906222,False,1.33,4.84,74,2.178,1.351
ichi,BUY,2023-10-10 06:15:00,2023-10-10 07:50:00,-2.81,sl,kijun_pullback,0.01,1863.65,1860.8375804883005,1860.8375804883005,1860.8375804883005,False,0.0,2.82,20,1.406,0.884
ichi,BUY,2023-10-11 03:45:00,2023-10-11 08:20:00,-2.23,sl,tenkan_momentum,0.01,1861.57,1859.340153181232,1859.340153181232,1859.340153181232,False,0.48,2.27,56,1.115,0.707
ichi,BUY,2023-10-11 09:45:00,2023-10-11 10:05:00,0.07,gap,kijun_pullback,0.01,1863.3400000000001,1863.41,1860.7925955450737,1864.29,True,1.97,0.93,5,1.274,0.814
ichi,BUY,2023-10-11 15:45:00,2023-10-11 16:10:00,1.28,gap,kijun_pullback,0.01,1871.97,1873.25,1868.111284324624,1873.52,True,3.09,0.68,6,1.929,1.233
ichi,BUY,2023-10-11 17:30:00,2023-10-11 19:25:00,3.47,sl,kijun_pullback,0.01,1871.76,1875.23,1866.9788160229025,1875.23,True,5.44,2.29,24,2.391,1.521
ichi,BUY,2023-10-12 05:45:00,2023-10-12 08:35:00,2.46,sl,kijun_pullback,0.01,1876.54,1879.0,1873.867709153208,1879.0,True,3.53,0.59,35,1.336,0.841
ichi,BUY,2023-10-12 11:15:00,2023-10-12 13:55:00,1.02,sl,kijun_pullback,0.01,1880.53,1881.55,1877.5822787156715,1881.55,True,2.2,0.94,33,1.474,0.92
ichi,BUY,2023-10-12 15:30:00,2023-10-12 15:30:00,-4.26,sl,tenkan_momentum,0.01,1884.75,1880.493838215978,1880.493838215978,1880.493838215978,False,0.03,5.49,1,2.128,1.325
ichi,BUY,2023-10-16 15:30:00,2023-10-16 15:45:00,-5.38,sl,kijun_pullback,0.01,1922.66,1917.2815898296108,1917.2815898296108,1917.2815898296108,False,0.49,5.78,4,2.689,1.697
ichi,BUY,2023-10-16 17:15:00,2023-10-16 20:45:00,0.05,sl,kijun_pullback,0.01,1919.1100000000001,1919.16,1913.345945870563,1919.16,True,3.69,2.67,43,2.882,1.85
ichi,BUY,2023-10-17 01:45:00,2023-10-17 03:20:00,-2.71,sl,kijun_pullback,0.01,1920.79,1918.0792149230153,1918.0792149230153,1918.0792149230153,False,0.99,2.88,20,1.355,0.87
ichi,BUY,2023-10-17 15:45:00,2023-10-17 15:55:00,1.7,sl,kijun_pullback,0.01,1924.16,1925.86,1919.114240803177,1925.86,True,3.72,1.33,3,2.523,1.633
ichi,BUY,2023-10-17 18:45:00,2023-10-17 20:55:00,-6.28,sl,kijun_pullback,0.01,1926.03,1919.7514632663601,1919.7514632663601,1919.7514632663601,False,0.88,6.34,27,3.139,2.021
ichi,BUY,2023-10-18 06:30:00,2023-10-18 08:45:00,1.2,sl,tenkan_momentum,0.01,1936.5900000000001,1937.79,1931.9042881893813,1937.79,True,3.11,0.41,28,2.343,1.539
ichi,BUY,2023-10-18 10:45:00,2023-10-18 12:35:00,6.25,tp,kijun_pullback,0.01,1938.28,1944.5338497887126,1934.110766807525,1942.83,True,6.97,1.0,23,2.085,1.364
ichi,BUY,2023-10-18 12:45:00,2023-10-18 15:05:00,2.23,sl,kijun_pullback,0.01,1945.31,1947.54,1940.9070467693623,1947.54,True,3.99,2.72,29,2.201,1.412
ichi,BUY,2023-10-19 02:15:00,2023-10-19 03:35:00,0.05,sl,kijun_pullback,0.01,1951.27,1951.32,1947.3431352127768,1951.32,True,2.06,1.45,17,1.963,1.25
ichi,BUY,2023-10-19 11:15:00,2023-10-19 11:35:00,-4.68,sl,kijun_pullback,0.01,1953.57,1948.889489159486,1948.889489159486,1948.889489159486,False,0.0,5.14,5,2.34,1.49
ichi,BUY,2023-10-19 13:45:00,2023-10-19 15:10:00,1.1,sl,kijun_pullback,0.01,1951.14,1952.24,1947.2449920844144,1952.24,True,2.66,1.51,18,1.948,1.259
ichi,BUY,2023-10-19 15:30:00,2023-10-19 15:40:00,2.06,sl,kijun_pullback,0.01,1953.19,1955.25,1948.4867187730877,1955.25,True,3.94,1.82,3,2.352,1.515
ichi,BUY,2023-10-19 17:00:00,2023-10-19 18:45:00,2.86,sl,kijun_pullback,0.01,1954.64,1957.5,1948.8975209155528,1957.5,True,5.34,4.86,22,2.871,1.837
ichi,BUY,2023-10-19 19:15:00,2023-10-19 19:35:00,-7.12,sl,kijun_pullback,0.01,1959.5800000000002,1952.4558308317162,1952.4558308317162,1952.4558308317162,False,0.87,7.47,5,3.562,2.258
ichi,BUY,2023-10-20 05:00:00,2023-10-20 06:05:00,0.05,sl,kijun_pullback,0.01,1978.05,1978.1,1971.9188726025425,1978.1,True,3.92,1.54,14,3.066,1.988
ichi,BUY,2023-10-20 10:00:00,2023-10-20 10:50:00,0.05,sl,tenkan_momentum,0.01,1979.57,1979.62,1974.9900434090262,1979.62,True,2.58,1.41,11,2.29,1.485
ichi,BUY,2023-10-20 17:00:00,2023-10-20 17:10:00,0.05,sl,kijun_pullback,0.01,1987.39,1987.44,1980.8857604658308,1987.44,True,3.89,0.21,3,3.252,2.109
ichi,BUY,2023-10-20 19:30:00,2023-10-20 19:50:00,-7.26,sl,tenkan_momentum,0.01,1990.96,1983.7040306760573,1983.7040306760573,1983.7040306760573,False,0.68,8.7,5,3.628,2.352
ichi,BUY,2023-10-23 14:45:00,2023-10-23 15:35:00,0.05,sl,tenkan_momentum,0.01,1979.22,1979.27,1974.719883659813,1979.27,True,2.77,3.21,11,2.25,1.494
ichi,BUY,2023-10-24 04:15:00,2023-10-24 05:35:00,1.09,sl,tenkan_momentum,0.01,1978.06,1979.15,1974.215543064309,1979.15,True,2.81,2.34,17,1.922,1.276
ichi,BUY,2023-10-24 09:30:00,2023-10-24 10:15:00,0.05,sl,kijun_pullback,0.01,1977.41,1977.46,1974.0321743876373,1977.46,True,1.82,1.42,10,1.689,1.117
ichi,SELL,2023-10-24 17:15:00,2023-10-24 19:00:00,-6.4,sl,kijun_pullback,0.01,1963.99,1970.393459553788,1970.393459553788,1970.393459553788,False,2.49,6.47,22,3.202,2.117
ichi,BUY,2023-10-25 04:45:00,2023-10-25 05:50:00,-3.45,sl,tenkan_momentum,0.01,1975.43,1971.9825906925728,1971.9825906925728,1971.9825906925728,False,1.54,4.23,14,1.724,1.165
ichi,BUY,2023-10-25 07:45:00,2023-10-25 09:30:00,0.05,sl,kijun_pullback,0.01,1973.8400000000001,1973.89,1970.4637299744293,1973.89,True,2.14,3.1,22,1.688,1.154
ichi,SELL,2023-10-25 12:00:00,2023-10-25 14:35:00,-4.09,sl,kijun_pullback,0.01,1971.42,1975.5113606000593,1975.5113606000593,1975.5113606000593,False,1.75,4.31,32,2.046,1.398
ichi,BUY,2023-10-25 15:45:00,2023-10-25 16:15:00,2.37,sl,kijun_pullback,0.01,1974.44,1976.81,1969.942386509928,1976.81,True,4.17,0.99,7,2.249,1.559
ichi,BUY,2023-10-26 02:15:00,2023-10-26 04:25:00,2.53,sl,kijun_pullback,0.01,1982.31,1984.84,1977.7765991274566,1984.84,True,4.34,0.83,27,2.267,1.558
ichi,BUY,2023-10-26 05:00:00,2023-10-26 08:25:00,2.84,sl,tenkan_momentum,0.01,1985.13,1987.97,1980.9938304057114,1987.97,True,4.49,1.66,42,2.068,1.41
ichi,BUY,2023-10-26 08:45:00,2023-10-26 11:10:00,2.43,sl,kijun_pullback,0.01,1987.1100000000001,1989.54,1983.7356799219604,1989.54,True,3.78,3.16,30,1.687,1.139
ichi,BUY,2023-10-26 12:30:00,2023-10-26 13:35:00,-3.98,sl,tenkan_momentum,0.01,1991.8400000000001,1987.858342050769,1987.858342050769,1987.858342050769,False,0.33,5.01,14,1.991,1.333
ichi,SELL,2023-10-26 17:00:00,2023-10-26 17:30:00,4.47,sl,tenkan_momentum,0.01,1978.98,1974.51,1985.6772706069344,1974.51,True,7.15,0.37,7,3.349,2.272
ichi,BUY,2023-10-27 05:00:00,2023-10-27 05:35:00,1.73,sl,tenkan_momentum,0.01,1985.78,1987.51,1982.376781487121,1987.51,True,3.09,0.22,8,1.702,1.137
ichi,BUY,2023-10-27 09:00:00,2023-10-27 10:00:00,-3.17,sl,tenkan_momentum,0.01,1989.17,1985.9984586848002,1985.9984586848002,1985.9984586848002,False,0.57,3.32,13,1.586,1.054
ichi,BUY,2023-10-27 10:30:00,2023-10-27 13:05:00,-3.62,sl,kijun_pullback,0.01,1988.52,1984.8979928797633,1984.8979928797633,1984.8979928797633,False,0.08,3.72,32,1.811,1.216
ichi,SELL,2023-10-27 16:00:00,2023-10-27 16:15:00,0.05,sl,kijun_pullback,0.01,1980.42,1980.37,1986.1845941416145,1980.37,True,3.44,3.19,4,2.882,1.96
ichi,SELL,2023-10-27 19:15:00,2023-10-27 20:15:00,-5.89,sl,kijun_pullback,0.01,1981.06,1986.9504633851982,1986.9504633851982,1986.9504633851982,False,1.22,6.33,13,2.945,2.002
ichi,BUY,2023-10-30 03:30:00,2023-10-30 08:15:00,-5.22,sl,kijun_pullback,0.01,2003.65,1998.4264652172467,1998.4264652172467,1998.4264652172467,False,1.31,5.35,58,2.612,1.812
ichi,BUY,2023-10-30 16:15:00,2023-10-30 16:35:00,-5.72,sl,tenkan_momentum,0.01,2000.74,1995.0155819989473,1995.0155819989473,1995.0155819989473,False,1.74,7.39,5,2.862,2.022
ichi,BUY,2023-10-30 18:00:00,2023-10-31 05:05:00,-5.68,sl,kijun_pullback,0.01,1999.3600000000001,1993.6785386356746,1993.6785386356746,1993.6785386356746,False,1.32,5.82,122,2.841,2.049
ichi,BUY,2023-10-31 10:30:00,2023-10-31 11:00:00,0.05,sl,kijun_pullback,0.01,1996.2,1996.25,1992.8280807982478,1996.25,True,2.05,0.67,7,1.686,1.241
ichi,BUY,2023-10-31 16:00:00,2023-10-31 16:20:00,3.01,sl,kijun_pullback,0.01,2002.72,2005.73,1997.2208259762958,2005.73,True,5.21,2.71,5,2.75,2.024
ichi,SELL,2023-11-01 09:30:00,2023-11-01 10:45:00,-3.56,sl,kijun_pullback,0.01,1977.31,1980.8744455925794,1980.8744455925794,1980.8744455925794,False,0.62,4.85,16,1.782,1.297
ichi,SELL,2023-11-01 20:45:00,2023-11-01 21:10:00,-7.25,sl,kijun_pullback,0.01,1970.85,1978.1033672087892,1978.1033672087892,1978.1033672087892,False,0.77,10.19,6,3.627,2.675
ichi,BUY,2023-11-02 07:30:00,2023-11-02 11:20:00,1.88,sl,kijun_pullback,0.01,1986.54,1988.42,1983.508631051604,1988.42,True,3.09,2.89,47,1.516,1.149
ichi,BUY,2023-11-02 12:15:00,2023-11-02 13:20:00,1.81,sl,kijun_pullback,0.01,1987.3600000000001,1989.17,1984.1869694983022,1989.17,True,3.08,1.57,14,1.587,1.194
ichi,BUY,2023-11-02 15:00:00,2023-11-02 15:15:00,-3.83,sl,tenkan_momentum,0.01,1990.55,1986.7217105604439,1986.7217105604439,1986.7217105604439,False,0.53,4.09,4,1.914,1.431
ichi,SELL,2023-11-02 18:00:00,2023-11-02 19:30:00,-5.28,sl,tenkan_momentum,0.01,1981.15,1986.4321619209022,1986.4321619209022,1986.4321619209022,False,2.09,5.76,19,2.641,2.003
ichi,BUY,2023-11-03 08:30:00,2023-11-03 09:00:00,0.05,sl,tenkan_momentum,0.01,1987.31,1987.36,1985.307493764965,1987.36,True,1.07,0.63,7,1.001,0.775
ichi,BUY,2023-11-03 10:00:00,2023-11-03 10:30:00,0.05,sl,kijun_pullback,0.01,1986.76,1986.81,1983.79445640504,1986.81,True,1.78,0.58,7,1.483,1.147
ichi,BUY,2023-11-03 14:30:00,2023-11-03 14:30:00,7.71,tp,kijun_pullback,0.01,1989.3,1997.0115936063166,1984.158937595789,1984.158937595789,False,13.04,0.44,1,2.571,1.988
ichi,SELL,2023-11-06 10:45:00,2023-11-06 14:35:00,0.05,sl,kijun_pullback,0.01,1985.91,1985.86,1989.5295429484245,1985.86,True,2.07,2.65,47,1.81,1.359
ichi,SELL,2023-11-07 08:30:00,2023-11-07 09:10:00,1.44,sl,tenkan_momentum,0.01,1971.91,1970.47,1974.3832443422286,1970.47,True,2.71,0.51,9,1.237,0.929
ichi,SELL,2023-11-07 11:30:00,2023-11-07 12:30:00,0.05,sl,kijun_pullback,0.01,1967.72,1967.67,1971.098900556042,1967.67,True,1.99,0.83,13,1.689,1.262
ichi,SELL,2023-11-07 17:00:00,2023-11-07 18:10:00,-5.56,sl,kijun_pullback,0.01,1960.4,1965.957428338772,1965.957428338772,1965.957428338772,False,0.0,6.39,15,2.779,2.075
ichi,SELL,2023-11-08 11:15:00,2023-11-08 12:15:00,4.17,tp,kijun_pullback,0.01,1966.99,1962.8185111250523,1969.7709925832985,1964.17,True,4.21,1.12,13,1.39,1.06
ichi,SELL,2023-11-08 13:15:00,2023-11-08 16:35:00,0.25,gap,kijun_pullback,0.01,1963.68,1963.43,1967.0003608419427,1962.33,True,2.68,3.23,41,1.66,1.246
ichi,SELL,2023-11-08 16:45:00,2023-11-08 17:25:00,6.27,tp,tenkan_momentum,0.01,1962.04,1955.765709463662,1966.2228603575586,1957.46,True,6.47,0.58,9,2.091,1.568
ichi,SELL,2023-11-08 18:45:00,2023-11-08 22:50:00,5.67,sl,tenkan_momentum,0.01,1955.66,1949.99,1961.2586145713726,1949.99,True,8.02,1.25,50,2.799,2.051
ichi,SELL,2023-11-09 12:00:00,2023-11-09 15:05:00,0.05,sl,kijun_pullback,0.01,1946.87,1946.82,1950.0318819282572,1946.82,True,1.63,2.63,38,1.581,1.135
ichi,SELL,2023-11-10 08:30:00,2023-11-10 09:25:00,2.5,sl,kijun_pullback,0.01,1957.51,1955.01,1960.1567482967207,1955.01,True,3.56,0.93,12,1.323,0.95
ichi,SELL,2023-11-10 10:00:00,2023-11-10 11:45:00,0.05,sl,tenkan_momentum,0.01,1955.4,1955.35,1958.4341592761289,1955.35,True,1.65,2.04,22,1.517,1.079
ichi,SELL,2023-11-10 13:15:00,2023-11-10 13:40:00,3.05,sl,tenkan_momentum,0.01,1952.08,1949.03,1955.6375665764058,1949.03,True,4.47,0.47,6,1.779,1.265
ichi,SELL,2023-11-13 15:00:00,2023-11-13 15:10:00,0.05,sl,tenkan_momentum,0.01,1936.24,1936.19,1939.4713065606159,1936.19,True,2.04,0.48,3,1.616,1.137
ichi,SELL,2023-11-13 17:30:00,2023-11-13 18:00:00,-3.99,sl,kijun_pullback,0.01,1935.39,1939.380615422457,1939.380615422457,1939.380615422457,False,0.64,4.4,7,1.995,1.403
ichi,BUY,2023-11-14 02:00:00,2023-11-14 03:20:00,0.82,sl,kijun_pullback,0.01,1946.63,1947.45,1944.2819827413055,1947.45,True,1.76,0.81,17,1.174,0.838
ichi,BUY,2023-11-14 11:30:00,2023-11-14 15:05:00,-2.51,sl,kijun_pullback,0.01,1947.24,1944.7256332648042,1944.7256332648042,1944.7256332648042,False,0.91,2.82,44,1.257,0.894
ichi,BUY,2023-11-15 12:00:00,2023-11-15 12:25:00,1.41,sl,tenkan_momentum,0.01,1971.69,1973.1,1968.6658880604118,1973.1,True,2.62,0.44,6,1.512,1.085
ichi,BUY,2023-11-15 14:30:00,2023-11-15 15:30:00,-3.13,sl,kijun_pullback,0.01,1971.73,1968.603831783144,1968.603831783144,1968.603831783144,False,3.61,4.38,13,1.563,1.116
ichi,BUY,2023-11-16 13:15:00,2023-11-16 14:10:00,-2.59,sl,kijun_pullback,0.01,1966.18,1963.5900758440957,1963.5900758440957,1963.5900758440957,False,0.21,2.8,12,1.295,0.935
ichi,BUY,2023-11-16 15:45:00,2023-11-16 16:20:00,1.58,gap,kijun_pullback,0.01,1970.73,1972.31,1966.956083757938,1973.28,True,4.06,0.29,8,1.887,1.376
ichi,BUY,2023-11-17 03:00:00,2023-11-17 06:15:00,0.82,sl,kijun_pullback,0.01,1985.02,1985.84,1982.0982822743315,1985.84,True,1.99,2.35,40,1.461,1.059
ichi,BUY,2023-11-17 09:45:00,2023-11-17 10:00:00,0.87,sl,kijun_pullback,0.01,1985.6000000000001,1986.47,1982.7914901702143,1986.47,True,2.02,0.63,4,1.404,1.015
ichi,BUY,2023-11-17 13:30:00,2023-11-17 15:40:00,-3.85,sl,tenkan_momentum,0.01,1991.15,1987.2954674919947,1987.2954674919947,1987.2954674919947,False,0.45,6.71,27,1.927,1.388
ichi,BUY,2023-11-20 05:30:00,2023-11-20 09:30:00,-3.98,sl,tenkan_momentum,0.01,1982.71,1978.7275162070164,1978.7275162070164,1978.7275162070164,False,0.7,4.17,49,1.991,1.455
ichi,BUY,2023-11-21 10:00:00,2023-11-21 10:10:00,0.05,sl,kijun_pullback,0.01,1992.53,1992.58,1989.0257522178063,1992.58,True,1.77,0.5,3,1.752,1.299
ichi,BUY,2023-11-22 08:15:00,2023-11-22 09:30:00,2.19,sl,tenkan_momentum,0.01,2000.01,2002.2,1997.0370174796583,2002.2,True,3.38,1.39,16,1.486,1.102
ichi,BUY,2023-11-22 11:45:00,2023-11-22 15:30:00,-4.01,sl,kijun_pullback,0.01,2003.21,1999.1991539259723,1999.1991539259723,1999.1991539259723,False,0.37,4.88,46,2.005,1.474
ichi,BUY,2023-11-23 09:30:00,2023-11-23 10:20:00,-3.1,sl,kijun_pullback,0.01,1997.45,1994.3548073609966,1994.3548073609966,1994.3548073609966,False,1.07,3.43,11,1.548,1.155
ichi,SELL,2023-11-23 19:30:00,2023-11-24 01:10:00,-2.54,sl,kijun_pullback,0.01,1991.59,1994.1271728662755,1994.1271728662755,1994.1271728662755,False,0.03,2.65,27,1.269,0.958
ichi,BUY,2023-11-24 10:45:00,2023-11-24 12:25:00,1.27,gap,tenkan_momentum,0.01,1993.94,1995.21,1991.4149781727506,1995.28,True,2.35,0.94,21,1.263,0.962
ichi,BUY,2023-11-24 13:30:00,2023-11-24 14:20:00,0.05,sl,tenkan_momentum,0.01,1995.54,1995.59,1993.0613505072795,1995.59,True,1.55,0.77,11,1.239,0.94
ichi,BUY,2023-11-24 15:30:00,2023-11-24 15:45:00,2.38,sl,kijun_pullback,0.01,1998.14,2000.52,1994.6537938358022,2000.52,True,3.8,1.84,4,1.743,1.322
ichi,BUY,2023-11-24 17:45:00,2023-11-24 19:40:00,1.11,sl,kijun_pullback,0.01,1999.47,2000.58,1995.2540236296477,2000.58,True,2.89,2.36,24,2.108,1.584
ichi,BUY,2023-11-27 03:30:00,2023-11-27 03:45:00,-5.67,sl,kijun_pullback,0.01,2017.22,2011.5476962827252,2011.5476962827252,2011.5476962827252,False,0.0,6.05,4,2.836,2.123
ichi,BUY,2023-11-27 05:45:00,2023-11-27 07:25:00,0.05,sl,kijun_pullback,0.01,2011.04,2011.09,2005.7615334849731,2011.09,True,2.68,2.62,21,2.639,2.018
ichi,BUY,2023-11-27 08:15:00,2023-11-27 11:55:00,1.84,sl,kijun_pullback,0.01,2011.77,2013.61,2007.0911576675446,2013.61,True,3.71,3.08,45,2.339,1.789
ichi,BUY,2023-11-27 12:30:00,2023-11-27 15:35:00,1.1,sl,kijun_pullback,0.01,2013.76,2014.86,2009.9478428326418,2014.86,True,2.62,2.25,38,1.906,1.447
ichi,BUY,2023-11-27 15:40:00,2023-11-27 17:05:00,-4.19,sl,kijun_pullback,0.01,2013.71,2009.5209688000546,2009.5209688000546,2009.5209688000546,False,1.23,4.96,18,2.095,1.584
ichi,BUY,2023-11-28 03:45:00,2023-11-28 09:45:00,-3.45,sl,kijun_pullback,0.01,2016.8500000000001,2013.396249528356,2013.396249528356,2013.396249528356,False,0.8,4.17,73,1.727,1.327
ichi,BUY,2023-11-28 15:45:00,2023-11-28 16:05:00,0.84,gap,kijun_pullback,0.01,2020.2,2021.04,2016.1579108743967,2021.58,True,3.0,2.17,5,2.021,1.574
ichi,BUY,2023-11-29 02:30:00,2023-11-29 02:50:00,3.41,sl,tenkan_momentum,0.01,2044.54,2047.95,2040.8939608654505,2047.95,True,4.87,0.67,5,1.823,1.415
ichi,BUY,2023-11-29 07:15:00,2023-11-29 08:05:00,-3.75,sl,kijun_pullback,0.01,2047.47,2043.718982676481,2043.718982676481,2043.718982676481,False,0.0,4.37,11,1.876,1.437
ichi,BUY,2023-11-29 16:45:00,2023-11-29 17:05:00,1.72,sl,kijun_pullback,0.01,2043.24,2044.96,2038.429210871093,2044.96,True,3.64,1.36,5,2.405,1.869
ichi,BUY,2023-11-29 19:30:00,2023-11-29 21:20:00,2.82,sl,kijun_pullback,0.01,2044.66,2047.48,2039.6514495073357,2047.48,True,4.87,0.45,23,2.504,1.933
ichi,BUY,2023-11-30 01:15:00,2023-11-30 05:05:00,0.05,sl,kijun_pullback,0.01,2045.3700000000001,2045.42,2042.337128316622,2045.42,True,1.88,2.8,47,1.516,1.158
ichi,SELL,2023-11-30 16:45:00,2023-11-30 18:50:00,-6.29,sl,kijun_pullback,0.01,2034.13,2040.4153604939002,2040.4153604939002,2040.4153604939002,False,1.51,6.45,26,3.143,2.399
ichi,BUY,2023-12-01 06:45:00,2023-12-01 08:25:00,1.07,sl,kijun_pullback,0.01,2040.7,2041.77,2037.9292459964095,2041.77,True,2.18,1.05,21,1.385,1.084
ichi,BUY,2023-12-01 10:45:00,2023-12-01 11:05:00,3.44,sl,tenkan_momentum,0.01,2042.0,2045.44,2038.6585862981826,2045.44,True,4.78,0.27,5,1.671,1.301
ichi,BUY,2023-12-01 17:15:00,2023-12-01 17:25:00,4.81,gap,tenkan_momentum,0.01,2045.78,2050.59,2039.2253279832203,2050.6,True,7.44,2.14,3,3.277,2.519
ichi,SELL,2023-12-05 07:00:00,2023-12-05 10:15:00,-5.15,sl,tenkan_momentum,0.01,2032.25,2037.4033459983757,2037.4033459983757,2037.4033459983757,False,1.13,5.89,40,2.577,1.945
ichi,SELL,2023-12-05 11:15:00,2023-12-05 12:35:00,3.0,sl,kijun_pullback,0.01,2028.79,2025.79,2034.4751866385602,2025.79,True,5.57,3.94,17,2.843,2.188
ichi,SELL,2023-12-05 16:15:00,2023-12-05 16:35:00,0.05,sl,tenkan_momentum,0.01,2025.7,2025.65,2032.0716245790927,2025.65,True,3.31,1.57,5,3.186,2.424
ichi,SELL,2023-12-06 17:00:00,2023-12-06 17:45:00,-6.26,sl,kijun_pullback,0.01,2025.24,2031.502561431935,2031.502561431935,2031.502561431935,False,2.41,6.91,10,3.131,2.382
ichi,SELL,2023-12-07 04:00:00,2023-12-07 04:35:00,-3.81,sl,tenkan_momentum,0.01,2026.13,2029.9375728771765,2029.9375728771765,2029.9375728771765,False,0.0,4.05,8,1.904,1.484
ichi,SELL,2023-12-07 06:00:00,2023-12-07 09:00:00,-3.47,sl,kijun_pullback,0.01,2026.74,2030.2064806257915,2030.2064806257915,2030.2064806257915,False,1.31,3.98,37,1.733,1.371
ichi,BUY,2023-12-07 10:15:00,2023-12-07 10:50:00,2.12,sl,tenkan_momentum,0.01,2031.1000000000001,2033.22,2027.464860060377,2033.22,True,3.76,0.7,8,1.818,1.458
ichi,BUY,2023-12-07 13:45:00,2023-12-07 15:40:00,1.7,gap,tenkan_momentum,0.01,2032.8400000000001,2034.54,2029.058160913302,2034.97,True,6.77,2.93,24,1.891,1.504
ichi,BUY,2023-12-08 03:45:00,2023-12-08 05:30:00,1.1,sl,kijun_pullback,0.01,2031.26,2032.36,2027.2074002710192,2032.36,True,2.72,1.12,22,2.026,1.601
ichi,SELL,2023-12-08 11:15:00,2023-12-08 12:05:00,-3.71,sl,tenkan_momentum,0.01,2027.05,2030.7600268231372,2030.7600268231372,2030.7600268231372,False,0.0,5.53,11,1.855,1.459
ichi,SELL,2023-12-08 16:00:00,2023-12-08 16:15:00,10.38,tp,kijun_pullback,0.01,2018.57,2008.1898793878722,2025.490080408085,2012.55,True,10.87,0.95,4,3.46,2.762
ichi,SELL,2023-12-11 09:45:00,2023-12-11 10:00:00,4.73,sl,kijun_pullback,0.01,1998.01,1993.28,2002.324938843139,1993.28,True,6.46,0.39,4,2.157,1.654
ichi,SELL,2023-12-11 11:15:00,2023-12-11 12:45:00,0.05,sl,kijun_pullback,0.01,1993.75,1993.7,1998.5098966632888,1993.7,True,2.38,1.22,19,2.38,1.792
ichi,SELL,2023-12-11 15:15:00,2023-12-11 15:55:00,0.05,sl,tenkan_momentum,0.01,1993.09,1993.04,1997.4958340682674,1993.04,True,2.75,2.84,9,2.203,1.658
ichi,SELL,2023-12-13 04:15:00,2023-12-13 08:20:00,4.05,tp,tenkan_momentum,0.01,1978.35,1974.302956806202,1981.048028795865,1977.21,True,4.4,1.97,50,1.349,1.015
ichi,BUY,2023-12-14 07:45:00,2023-12-14 08:25:00,1.87,sl,kijun_pullback,0.01,2033.29,2035.16,2027.9034988777762,2035.16,True,4.02,0.42,9,2.693,1.996
ichi,BUY,2023-12-14 16:45:00,2023-12-14 17:30:00,-7.78,sl,kijun_pullback,0.01,2048.0,2040.2236183807097,2040.2236183807097,2040.2236183807097,False,0.0,10.41,10,3.888,2.862
ichi,BUY,2023-12-15 11:00:00,2023-12-15 11:15:00,2.29,sl,kijun_pullback,0.01,2040.28,2042.57,2036.305836831823,2042.57,True,3.88,0.23,4,1.987,1.506
ichi,SELL,2023-12-18 04:00:00,2023-12-18 07:30:00,-5.15,sl,kijun_pullback,0.01,2019.27,2024.4193075740448,2024.4193075740448,2024.4193075740448,False,0.11,5.58,43,2.575,1.934
ichi,SELL,2023-12-18 18:00:00,2023-12-18 19:45:00,-4.85,sl,kijun_pullback,0.01,2022.25,2027.1040761120887,2027.1040761120887,2027.1040761120887,False,0.97,8.33,22,2.427,1.859
ichi,SELL,2023-12-19 05:30:00,2023-12-19 06:45:00,0.05,sl,tenkan_momentum,0.01,2023.88,2023.83,2027.2156129935383,2023.83,True,2.06,0.85,16,1.668,1.302
ichi,SELL,2023-12-19 09:15:00,2023-12-19 10:30:00,-3.44,sl,kijun_pullback,0.01,2024.49,2027.9273394593276,2027.9273394593276,2027.9273394593276,False,0.58,4.07,16,1.719,1.341
ichi,BUY,2023-12-19 13:15:00,2023-12-19 14:25:00,1.5,sl,kijun_pullback,0.01,2026.76,2028.26,2023.59132991526,2028.26,True,2.88,0.72,15,1.584,1.253
ichi,BUY,2023-12-19 14:45:00,2023-12-19 15:20:00,2.69,sl,kijun_pullback,0.01,2028.5,2031.19,2024.7787055400156,2031.19,True,4.18,1.55,8,1.861,1.463
ichi,BUY,2023-12-19 16:15:00,2023-12-19 16:40:00,2.81,sl,tenkan_momentum,0.01,2031.57,2034.38,2027.578812775302,2034.38,True,5.99,1.91,6,1.996,1.553
ichi,BUY,2023-12-20 11:15:00,2023-12-20 11:45:00,-3.01,sl,kijun_pullback,0.01,2042.73,2039.7232362946918,2039.7232362946918,2039.7232362946918,False,0.0,3.23,7,1.503,1.157
ichi,BUY,2023-12-21 08:00:00,2023-12-21 12:40:00,-3.04,sl,kijun_pullback,0.01,2036.32,2033.2760414445336,2033.2760414445336,2033.2760414445336,False,1.05,3.39,57,1.522,1.185
ichi,SELL,2023-12-21 14:00:00,2023-12-21 14:30:00,-2.92,sl,kijun_pullback,0.01,2034.06,2036.9803395710599,2036.9803395710599,2036.9803395710599,False,0.68,3.55,7,1.46,1.151
ichi,BUY,2023-12-21 15:45:00,2023-12-21 16:05:00,-5.42,sl,kijun_pullback,0.01,2043.31,2037.8936467081066,2037.8936467081066,2037.8936467081066,False,0.11,6.33,5,2.708,2.159
ichi,BUY,2023-12-22 02:45:00,2023-12-22 12:30:00,5.08,sl,tenkan_momentum,0.01,2050.1,2055.18,2044.837462371119,2055.18,True,7.19,3.32,118,2.631,2.144
ichi,BUY,2023-12-22 15:45:00,2023-12-22 15:55:00,3.4,sl,kijun_pullback,0.01,2063.25,2066.65,2056.4740484010504,2066.65,True,6.11,1.1,3,3.388,2.705
ichi,BUY,2023-12-26 10:30:00,2023-12-26 11:00:00,-3.01,sl,kijun_pullback,0.01,2064.08,2061.0744137258007,2061.0744137258007,2061.0744137258007,False,0.0,3.47,7,1.503,1.184
ichi,BUY,2023-12-27 05:30:00,2023-12-27 10:30:00,0.05,sl,kijun_pullback,0.01,2066.47,2066.52,2063.427447996763,2066.52,True,1.96,2.52,61,1.521,1.213
ichi,BUY,2023-12-27 15:00:00,2023-12-27 15:25:00,0.05,sl,kijun_pullback,0.01,2067.7599999999998,2067.81,2063.857967938913,2067.81,True,1.99,1.49,6,1.951,1.555
ichi,BUY,2023-12-27 16:45:00,2023-12-27 17:15:00,2.78,sl,kijun_pullback,0.01,2068.89,2071.67,2064.334830024248,2071.67,True,5.91,0.2,7,2.278,1.815
ichi,BUY,2023-12-28 08:45:00,2023-12-28 10:10:00,-3.38,sl,kijun_pullback,0.01,2086.1499999999996,2082.7711159420537,2082.7711159420537,2082.7711159420537,False,1.49,4.53,18,1.689,1.331
ichi,SELL,2023-12-29 04:15:00,2023-12-29 07:55:00,-3.78,sl,kijun_pullback,0.01,2068.57,2072.3453095314308,2072.3453095314308,2072.3453095314308,False,0.78,4.01,45,1.888,1.508
ichi,BUY,2023-12-29 10:15:00,2023-12-29 10:55:00,-3.34,sl,kijun_pullback,0.01,2073.46,2070.1191984908705,2070.1191984908705,2070.1191984908705,False,0.04,4.77,9,1.67,1.355
ichi,SELL,2023-12-29 15:45:00,2023-12-29 16:00:00,4.33,sl,tenkan_momentum,0.01,2064.55,2060.22,2069.4269047375383,2060.22,True,6.28,0.55,4,2.438,2.005
ichi,SELL,2023-12-29 17:30:00,2024-01-02 03:05:00,-5.42,sl,kijun_pullback,0.01,2063.51,2068.9330603770663,2068.9330603770663,2068.9330603770663,False,2.3,6.4,104,2.712,2.19
ichi,BUY,2024-01-02 11:15:00,2024-01-02 11:55:00,2.5,sl,tenkan_momentum,0.01,2074.83,2077.33,2070.683139239831,2077.33,True,4.16,0.92,9,2.073,1.712
ichi,BUY,2024-01-02 12:45:00,2024-01-02 13:30:00,-4.42,sl,kijun_pullback,0.01,2075.9199999999996,2071.496319691023,2071.496319691023,2071.496319691023,False,0.74,5.46,10,2.212,1.808
ichi,SELL,2024-01-02 16:45:00,2024-01-02 17:40:00,7.07,sl,kijun_pullback,0.01,2065.86,2058.79,2072.7760829815948,2058.79,True,9.84,5.13,12,3.458,2.879
ichi,SELL,2024-01-02 20:15:00,2024-01-03 02:10:00,1.96,sl,kijun_pullback,0.01,2062.62,2060.66,2069.1857420092606,2060.66,True,4.59,2.6,60,3.283,2.655
ichi,SELL,2024-01-03 02:45:00,2024-01-03 04:10:00,-3.46,sl,kijun_pullback,0.01,2060.31,2063.7726085088543,2063.7726085088543,2063.7726085088543,False,0.65,3.99,18,1.731,1.389
ichi,SELL,2024-01-03 10:30:00,2024-01-03 11:35:00,1.66,sl,kijun_pullback,0.01,2060.72,2059.06,2064.544799399774,2059.06,True,3.19,1.29,14,1.912,1.556
ichi,SELL,2024-01-04 15:30:00,2024-01-04 15:45:00,3.6,sl,kijun_pullback,0.01,2044.48,2040.88,2049.482404621368,2040.88,True,5.6,0.46,4,2.501,2.021
ichi,SELL,2024-01-04 19:30:00,2024-01-05 03:10:00,-5.48,sl,kijun_pullback,0.01,2041.68,2047.1626474207565,2047.1626474207565,2047.1626474207565,False,0.73,6.03,81,2.741,2.184
ichi,SELL,2024-01-05 08:30:00,2024-01-05 08:45:00,0.05,sl,tenkan_momentum,0.01,2042.56,2042.51,2045.5215471282977,2042.51,True,1.62,0.29,4,1.481,1.206
ichi,SELL,2024-01-05 10:00:00,2024-01-05 12:05:00,5.38,tp,kijun_pullback,0.01,2043.24,2037.8595429825705,2046.8269713449529,2039.6,True,5.8,1.47,26,1.793,1.46
ichi,SELL,2024-01-05 15:30:00,2024-01-05 15:30:00,8.44,tp,tenkan_momentum,0.01,2039.39,2030.9500325106071,2045.0166449929288,2045.0166449929288,False,14.85,0.2,1,2.813,2.241
ichi,SELL,2024-01-08 05:45:00,2024-01-08 07:30:00,6.81,tp,tenkan_momentum,0.01,2037.38,2030.5704167525785,2041.9197221649479,2037.33,True,6.99,1.05,22,2.27,1.75
ichi,SELL,2024-01-08 13:30:00,2024-01-08 14:50:00,0.05,sl,kijun_pullback,0.01,2022.6,2022.55,2028.3640378105554,2022.55,True,3.61,0.92,17,2.882,2.165
ichi,SELL,2024-01-08 15:15:00,2024-01-08 16:55:00,-6.1,sl,tenkan_momentum,0.01,2020.88,2026.9797108304483,2026.9797108304483,2026.9797108304483,False,2.37,6.61,21,3.05,2.29
ichi,BUY,2024-01-09 15:45:00,2024-01-09 16:15:00,0.05,sl,kijun_pullback,0.01,2036.97,2037.02,2031.1661238116305,2037.02,True,3.29,0.74,7,2.902,2.23
ichi,SELL,2024-01-10 03:15:00,2024-01-10 03:40:00,-3.28,sl,kijun_pullback,0.01,2028.09,2031.3675524211678,2031.3675524211678,2031.3675524211678,False,0.77,3.5,6,1.639,1.259
ichi,SELL,2024-01-10 07:45:00,2024-01-10 08:15:00,2.15,sl,tenkan_momentum,0.01,2028.0,2025.85,2031.5625058494227,2025.85,True,3.58,0.38,7,1.781,1.386
ichi,SELL,2024-01-10 15:45:00,2024-01-10 16:50:00,2.35,sl,tenkan_momentum,0.01,2030.77,2028.42,2035.162950941903,2028.42,True,4.11,2.93,14,2.196,1.695
ichi,SELL,2024-01-10 18:00:00,2024-01-10 18:55:00,0.05,sl,tenkan_momentum,0.01,2027.83,2027.78,2033.2630543752011,2027.78,True,2.99,0.97,12,2.717,2.078
ichi,BUY,2024-01-11 10:15:00,2024-01-11 14:10:00,0.05,sl,kijun_pullback,0.01,2033.01,2033.06,2029.509863584292,2033.06,True,2.08,2.95,48,1.75,1.338
ichi,BUY,2024-01-11 15:15:00,2024-01-11 15:25:00,4.01,sl,tenkan_momentum,0.01,2034.05,2038.06,2029.9292360713168,2038.06,True,5.66,0.62,3,2.06,1.575
ichi,BUY,2024-01-12 08:00:00,2024-01-12 09:35:00,1.85,gap,tenkan_momentum,0.01,2036.18,2038.03,2032.6159613215427,2038.04,True,3.29,2.14,20,1.782,1.342
ichi,BUY,2024-01-12 10:00:00,2024-01-12 10:40:00,0.05,sl,kijun_pullback,0.01,2037.74,2037.79,2033.6409321980295,2037.79,True,2.15,0.32,9,2.05,1.533
ichi,BUY,2024-01-12 18:00:00,2024-01-12 19:05:00,-7.78,sl,kijun_pullback,0.01,2053.91,2046.126232625409,2046.126232625409,2046.126232625409,False,1.7,7.93,14,3.892,2.91
ichi,BUY,2024-01-15 04:30:00,2024-01-15 06:00:00,1.43,sl,kijun_pullback,0.01,2054.81,2056.24,2050.7400677042633,2056.24,True,3.28,0.95,19,2.035,1.567
ichi,BUY,2024-01-15 10:15:00,2024-01-15 11:50:00,-3.7,sl,kijun_pullback,0.01,2056.89,2053.191284968898,2053.191284968898,2053.191284968898,False,1.77,4.07,20,1.849,1.416
ichi,BUY,2024-01-16 01:45:00,2024-01-16 02:25:00,-2.74,sl,tenkan_momentum,0.01,2055.1699999999996,2052.4254626664538,2052.4254626664538,2052.4254626664538,False,0.0,3.07,9,1.372,1.066
ichi,SELL,2024-01-16 16:00:00,2024-01-16 18:15:00,1.74,gap,kijun_pullback,0.01,2037.63,2035.89,2045.1532786215926,2035.59,True,5.05,5.26,28,3.762,2.954
ichi,SELL,2024-01-17 10:45:00,2024-01-17 11:30:00,1.34,sl,kijun_pullback,0.01,2022.33,2020.99,2027.041912076156,2020.99,True,3.22,0.55,10,2.356,1.837
ichi,SELL,2024-01-17 16:15:00,2024-01-17 17:05:00,5.93,sl,kijun_pullback,0.01,2019.58,2013.65,2026.303258722266,2013.65,True,8.91,3.55,11,3.362,2.608
ichi,SELL,2024-01-18 15:45:00,2024-01-18 17:00:00,-5.1,sl,kijun_pullback,0.01,2009.27,2014.3694408769566,2014.3694408769566,2014.3694408769566,False,0.74,5.7,16,2.55,1.934
ichi,BUY,2024-01-19 10:45:00,2024-01-19 11:10:00,1.9,sl,tenkan_momentum,0.01,2027.65,2029.55,2024.1578405217726,2029.55,True,3.3,0.26,6,1.746,1.35
ichi,SELL,2024-01-22 10:45:00,2024-01-22 14:05:00,-4.91,sl,kijun_pullback,0.01,2022.62,2027.5256525070752,2027.5256525070752,2027.5256525070752,False,2.08,5.0,41,2.453,1.883
ichi,SELL,2024-01-22 16:45:00,2024-01-22 17:10:00,-6.34,sl,kijun_pullback,0.01,2018.32,2024.6647436368582,2024.6647436368582,2024.6647436368582,False,0.01,6.89,6,3.172,2.482
ichi,SELL,2024-01-23 01:30:00,2024-01-23 04:35:00,-2.99,sl,kijun_pullback,0.01,2021.19,2024.182005156731,2024.182005156731,2024.182005156731,False,1.48,3.06,38,1.496,1.2
ichi,SELL,2024-01-23 17:15:00,2024-01-23 21:30:00,-5.35,sl,kijun_pullback,0.01,2024.2,2029.5462634510216,2029.5462634510216,2029.5462634510216,False,1.51,6.49,52,2.673,2.171
ichi,BUY,2024-01-24 03:30:00,2024-01-24 04:15:00,-3.22,sl,kijun_pullback,0.01,2028.15,2024.9307491517757,2024.9307491517757,2024.9307491517757,False,0.74,3.28,10,1.61,1.336
ichi,BUY,2024-01-24 09:45:00,2024-01-24 11:20:00,0.05,sl,kijun_pullback,0.01,2031.52,2031.57,2027.6260021830278,2031.57,True,1.98,3.46,20,1.947,1.638
ichi,BUY,2024-01-24 15:15:00,2024-01-24 15:35:00,0.05,sl,tenkan_momentum,0.01,2034.23,2034.28,2029.7035330406973,2034.28,True,2.55,2.92,5,2.263,1.904
ichi,SELL,2024-01-25 08:30:00,2024-01-25 09:15:00,0.05,sl,kijun_pullback,0.01,2015.35,2015.3,2018.0123989516349,2015.3,True,1.71,1.8,10,1.331,1.119
ichi,SELL,2024-01-25 10:45:00,2024-01-25 11:25:00,0.05,sl,kijun_pullback,0.01,2014.63,2014.58,2017.9221726481596,2014.58,True,1.8,0.49,9,1.646,1.384
ichi,BUY,2024-01-26 14:00:00,2024-01-26 14:35:00,-3.25,sl,tenkan_momentum,0.01,2023.47,2020.2227845240159,2020.2227845240159,2020.2227845240159,False,1.03,3.45,8,1.624,1.365
ichi,BUY,2024-01-26 16:00:00,2024-01-26 16:30:00,-4.96,sl,kijun_pullback,0.01,2024.75,2019.7854061001337,2019.7854061001337,2019.7854061001337,False,1.43,5.53,7,2.482,2.115
ichi,BUY,2024-01-29 03:15:00,2024-01-29 07:10:00,0.05,sl,tenkan_momentum,0.01,2024.98,2025.03,2020.1691247819608,2025.03,True,2.65,3.57,48,2.405,2.094
ichi,BUY,2024-01-29 14:30:00,2024-01-29 15:35:00,1.25,sl,kijun_pullback,0.01,2030.29,2031.54,2026.8478764910667,2031.54,True,3.12,2.68,14,1.721,1.498
ichi,BUY,2024-01-30 01:30:00,2024-01-30 03:05:00,1.21,sl,kijun_pullback,0.01,2031.1200000000001,2032.33,2026.8900890314744,2032.33,True,3.01,0.88,20,2.115,1.831
ichi,BUY,2024-01-30 05:00:00,2024-01-30 08:35:00,2.5,sl,kijun_pullback,0.01,2032.13,2034.63,2028.8673734183205,2034.63,True,3.81,1.08,44,1.631,1.405
ichi,BUY,2024-01-30 09:45:00,2024-01-30 13:15:00,-3.48,sl,tenkan_momentum,0.01,2038.3400000000001,2034.8599482198108,2034.8599482198108,2034.8599482198108,False,1.19,4.7,43,1.74,1.483
ichi,BUY,2024-01-30 16:15:00,2024-01-30 16:30:00,3.65,sl,kijun_pullback,0.01,2042.89,2046.54,2037.6366743592573,2046.54,True,5.75,0.39,4,2.627,2.272
ichi,BUY,2024-01-31 09:15:00,2024-01-31 09:35:00,0.76,sl,tenkan_momentum,0.01,2036.78,2037.54,2034.2969827361776,2037.54,True,1.75,0.36,5,1.242,1.057
ichi,BUY,2024-01-31 14:15:00,2024-01-31 14:55:00,0.05,sl,kijun_pullback,0.01,2038.2,2038.25,2035.2848355384958,2038.25,True,1.48,0.5,9,1.458,1.237
ichi,BUY,2024-01-31 15:45:00,2024-01-31 16:00:00,0.05,sl,kijun_pullback,0.01,2041.0900000000001,2041.14,2037.1519093076563,2041.14,True,2.2,1.07,4,1.969,1.671
ichi,BUY,2024-01-31 18:30:00,2024-01-31 21:00:00,-6.29,sl,tenkan_momentum,0.01,2050.87,2044.5833770001796,2044.5833770001796,2044.5833770001796,False,0.67,11.39,31,3.143,2.667
ichi,BUY,2024-02-02 10:15:00,2024-02-02 10:55:00,-3.24,sl,tenkan_momentum,0.01,2056.83,2053.5889685863835,2053.5889685863835,2053.5889685863835,False,0.0,3.3,9,1.621,1.412
ichi,BUY,2024-02-02 15:15:00,2024-02-02 15:25:00,-3.89,sl,tenkan_momentum,0.01,2056.48,2052.5914509241284,2052.5914509241284,2052.5914509241284,False,1.25,5.01,3,1.944,1.719
ichi,SELL,2024-02-05 09:15:00,2024-02-05 10:30:00,6.69,tp,tenkan_momentum,0.01,2028.89,2022.202120917164,2033.3485860552241,2025.03,True,7.28,1.08,16,2.229,2.005
ichi,SELL,2024-02-05 14:30:00,2024-02-05 15:20:00,5.94,tp,kijun_pullback,0.01,2025.28,2019.3418231536446,2029.238784564237,2023.02,True,7.29,0.31,11,1.979,1.729
ichi,SELL,2024-02-05 17:45:00,2024-02-05 19:00:00,-6.11,sl,tenkan_momentum,0.01,2017.2,2023.3065792424898,2023.3065792424898,2023.3065792424898,False,1.62,6.58,16,3.053,2.599
ichi,SELL,2024-02-06 12:00:00,2024-02-06 13:30:00,-3.47,sl,tenkan_momentum,0.01,2023.55,2027.0239981559102,2027.0239981559102,2027.0239981559102,False,0.51,3.53,19,1.737,1.518
ichi,SELL,2024-02-06 14:30:00,2024-02-06 15:05:00,-3.5,sl,kijun_pullback,0.01,2025.25,2028.7508540168021,2028.7508540168021,2028.7508540168021,False,0.64,5.95,8,1.75,1.553
ichi,BUY,2024-02-06 17:15:00,2024-02-06 17:55:00,1.45,sl,kijun_pullback,0.01,2034.3700000000001,2035.82,2028.790306410511,2035.82,True,3.8,1.52,9,2.79,2.515
ichi,BUY,2024-02-07 01:15:00,2024-02-07 08:20:00,-2.96,sl,kijun_pullback,0.01,2035.93,2032.9739003585014,2032.9739003585014,2032.9739003585014,False,0.23,3.13,86,1.478,1.324
ichi,BUY,2024-02-07 13:30:00,2024-02-07 14:10:00,-2.66,sl,tenkan_momentum,0.01,2035.04,2032.3820171190168,2032.3820171190168,2032.3820171190168,False,0.81,2.88,9,1.329,1.206
ichi,BUY,2024-02-07 16:30:00,2024-02-07 16:45:00,7.23,tp,kijun_pullback,0.01,2034.81,2042.0434368304568,2029.9877087796954,2039.93,True,9.83,2.15,4,2.411,2.215
ichi,BUY,2024-02-07 18:15:00,2024-02-07 19:10:00,-5.73,sl,tenkan_momentum,0.01,2041.18,2035.4467400186581,2035.4467400186581,2035.4467400186581,False,0.0,6.15,12,2.867,2.549
ichi,BUY,2024-02-08 04:15:00,2024-02-08 04:55:00,-2.75,sl,tenkan_momentum,0.01,2038.6200000000001,2035.8742821835378,2035.8742821835378,2035.8742821835378,False,0.0,2.93,9,1.373,1.253
ichi,SELL,2024-02-08 09:45:00,2024-02-08 10:45:00,2.5,sl,tenkan_momentum,0.01,2032.61,2030.11,2035.3751736002168,2030.11,True,3.61,1.04,13,1.383,1.277
ichi,SELL,2024-02-09 11:15:00,2024-02-09 15:00:00,4.05,tp,kijun_pullback,0.01,2031.57,2027.5231170175637,2034.267921988291,2029.72,True,4.82,2.3,46,1.349,1.232
ichi,SELL,2024-02-12 07:45:00,2024-02-12 09:25:00,-2.08,sl,kijun_pullback,0.01,2023.19,2025.2746366713368,2025.2746366713368,2025.2746366713368,False,0.03,2.11,21,1.042,0.935
ichi,SELL,2024-02-13 05:00:00,2024-02-13 05:35:00,0.89,sl,kijun_pullback,0.01,2018.89,2018.0,2021.2005786781262,2018.0,True,1.9,0.44,8,1.155,1.046
ichi,SELL,2024-02-14 03:00:00,2024-02-14 03:25:00,2.46,sl,kijun_pullback,0.01,1992.64,1990.18,1995.7075329607226,1990.18,True,3.69,0.34,6,1.534,1.383
ichi,SELL,2024-02-14 10:15:00,2024-02-14 10:35:00,0.68,gap,kijun_pullback,0.01,1988.25,1987.57,1991.3443588127145,1987.36,True,2.13,0.85,5,1.547,1.38
ichi,SELL,2024-02-14 17:15:00,2024-02-14 18:25:00,-5.3,sl,kijun_pullback,0.01,1986.2,1991.498010367513,1991.498010367513,1991.498010367513,False,0.58,5.55,15,2.649,2.355
ichi,BUY,2024-02-16 09:30:00,2024-02-16 09:55:00,0.05,sl,kijun_pullback,0.01,2005.1000000000001,2005.15,2002.8844616377123,2005.15,True,1.42,0.62,6,1.108,1.009
ichi,BUY,2024-02-16 11:30:00,2024-02-16 13:00:00,0.05,sl,tenkan_momentum,0.01,2006.19,2006.24,2003.7141308753735,2006.24,True,1.41,1.57,19,1.238,1.127
ichi,BUY,2024-02-16 15:30:00,2024-02-16 15:30:00,-3.9,sl,kijun_pullback,0.01,2006.53,2002.6287398163508,2002.6287398163508,2002.6287398163508,False,0.1,8.12,1,1.951,1.775
ichi,BUY,2024-02-19 01:15:00,2024-02-19 02:35:00,2.38,sl,kijun_pullback,0.01,2014.46,2016.84,2010.1017596367317,2016.84,True,4.12,3.08,17,2.179,2.019
ichi,BUY,2024-02-19 04:00:00,2024-02-19 05:45:00,0.05,sl,tenkan_momentum,0.01,2020.06,2020.11,2015.2800328127066,2020.11,True,2.86,1.64,22,2.39,2.19
ichi,BUY,2024-02-19 09:45:00,2024-02-19 14:30:00,-3.15,sl,kijun_pullback,0.01,2020.96,2017.8118131781525,2017.8118131781525,2017.8118131781525,False,0.32,3.6,58,1.574,1.442
ichi,BUY,2024-02-20 04:15:00,2024-02-20 07:30:00,0.05,sl,kijun_pullback,0.01,2018.0800000000002,2018.13,2015.3281557506684,2018.13,True,1.68,1.15,40,1.376,1.279
ichi,BUY,2024-02-20 10:30:00,2024-02-20 11:45:00,1.56,sl,tenkan_momentum,0.01,2022.57,2024.13,2019.8416349665933,2024.13,True,2.65,1.71,16,1.364,1.268
ichi,BUY,2024-02-20 17:00:00,2024-02-20 22:00:00,-4.12,sl,kijun_pullback,0.01,2028.21,2024.0917475769284,2024.0917475769284,2024.0917475769284,False,1.89,4.44,61,2.059,1.9
ichi,BUY,2024-02-21 15:15:00,2024-02-21 15:25:00,-3.25,sl,tenkan_momentum,0.01,2031.02,2027.7700489468775,2027.7700489468775,2027.7700489468775,False,0.6,3.48,3,1.625,1.528
ichi,BUY,2024-02-21 17:15:00,2024-02-21 17:50:00,-3.93,sl,tenkan_momentum,0.01,2029.67,2025.742262051916,2025.742262051916,2025.742262051916,False,0.57,3.95,8,1.964,1.876
ichi,BUY,2024-02-22 09:15:00,2024-02-22 10:05:00,4.01,tp,tenkan_momentum,0.01,2030.1100000000001,2034.1172254554508,2027.438516363033,2030.93,True,4.75,0.54,11,1.336,1.3
ichi,BUY,2024-02-22 11:00:00,2024-02-22 11:25:00,-3.36,sl,tenkan_momentum,0.01,2033.3,2029.9356645094592,2029.9356645094592,2029.9356645094592,False,0.0,4.06,6,1.682,1.606
ichi,SELL,2024-02-22 17:15:00,2024-02-22 19:20:00,0.05,sl,tenkan_momentum,0.01,2022.98,2022.93,2028.0950436400508,2022.93,True,3.16,1.73,26,2.558,2.482
ichi,SELL,2024-02-22 19:45:00,2024-02-22 20:25:00,2.02,sl,kijun_pullback,0.01,2023.5,2021.48,2028.0014411190175,2021.48,True,3.82,0.35,9,2.251,2.184
ichi,BUY,2024-02-23 04:45:00,2024-02-23 07:40:00,-2.92,sl,kijun_pullback,0.01,2025.81,2022.8872858736518,2022.8872858736518,2022.8872858736518,False,0.71,3.59,36,1.461,1.404
ichi,BUY,2024-02-26 12:15:00,2024-02-26 12:50:00,-3.34,sl,kijun_pullback,0.01,2035.53,2032.1946715281601,2032.1946715281601,2032.1946715281601,False,0.0,3.85,8,1.668,1.625
ichi,SELL,2024-02-26 18:00:00,2024-02-26 20:00:00,0.05,sl,kijun_pullback,0.01,2029.24,2029.19,2033.848633204879,2029.19,True,2.66,0.44,25,2.304,2.282
ichi,BUY,2024-02-27 06:00:00,2024-02-27 08:40:00,0.05,sl,kijun_pullback,0.01,2033.5900000000001,2033.64,2031.3464145072267,2033.64,True,1.43,0.96,33,1.122,1.111
ichi,BUY,2024-02-27 09:00:00,2024-02-27 09:30:00,1.13,gap,kijun_pullback,0.01,2033.63,2034.76,2031.5518542959658,2035.04,True,2.24,0.47,7,1.039,1.029
ichi,BUY,2024-02-27 13:45:00,2024-02-27 15:45:00,-2.93,sl,tenkan_momentum,0.01,2038.0900000000001,2035.163414124228,2035.163414124228,2035.163414124228,False,1.11,2.98,25,1.463,1.441
ichi,SELL,2024-02-28 09:00:00,2024-02-28 10:05:00,0.63,sl,tenkan_momentum,0.01,2029.32,2028.69,2031.599206420119,2028.69,True,1.54,0.3,14,1.14,1.138
ichi,BUY,2024-02-28 19:45:00,2024-02-29 05:30:00,2.07,sl,kijun_pullback,0.01,2033.3600000000001,2035.43,2029.5931205328138,2035.43,True,3.76,2.65,106,1.883,1.875
ichi,BUY,2024-02-29 05:45:00,2024-02-29 09:10:00,0.89,sl,kijun_pullback,0.01,2035.77,2036.66,2033.4482587939056,2036.66,True,1.82,1.53,42,1.161,1.144
ichi,BUY,2024-02-29 09:30:00,2024-02-29 09:50:00,0.12,gap,kijun_pullback,0.01,2036.55,2036.67,2034.424850518913,2037.09,True,1.39,0.29,5,1.063,1.043
ichi,BUY,2024-02-29 11:00:00,2024-02-29 11:35:00,-2.51,sl,tenkan_momentum,0.01,2037.49,2034.9833132238618,2034.9833132238618,2034.9833132238618,False,0.0,2.75,8,1.253,1.229
ichi,BUY,2024-03-01 08:15:00,2024-03-01 08:30:00,0.66,sl,tenkan_momentum,0.01,2046.6100000000001,2047.27,2044.3473052588388,2047.27,True,1.57,0.36,4,1.131,1.123
ichi,BUY,2024-03-01 09:45:00,2024-03-01 10:00:00,-2.68,sl,kijun_pullback,0.01,2047.0800000000002,2044.3968078988016,2044.3968078988016,2044.3968078988016,False,0.22,2.91,4,1.342,1.328
ichi,BUY,2024-03-04 10:30:00,2024-03-04 13:55:00,-3.3,sl,kijun_pullback,0.01,2085.4399999999996,2082.141699698079,2082.141699698079,2082.141699698079,False,0.75,3.64,42,1.649,1.654
ichi,BUY,2024-03-04 16:00:00,2024-03-04 16:35:00,4.34,gap,kijun_pullback,0.01,2091.77,2096.11,2087.094256112021,2096.45,True,6.55,1.37,8,2.338,2.384
ichi,BUY,2024-03-05 07:45:00,2024-03-05 09:15:00,-3.68,sl,tenkan_momentum,0.01,2118.0,2114.3196255690946,2114.3196255690946,2114.3196255690946,False,1.77,4.12,19,1.84,1.836
ichi,BUY,2024-03-05 10:15:00,2024-03-05 10:35:00,2.5,gap,kijun_pullback,0.01,2118.93,2121.43,2114.426484862772,2121.67,True,4.54,0.78,5,2.252,2.289
ichi,BUY,2024-03-05 15:00:00,2024-03-05 15:15:00,1.49,sl,tenkan_momentum,0.01,2124.68,2126.17,2119.4602073835204,2126.17,True,3.58,0.54,4,2.61,2.62
ichi,BUY,2024-03-06 09:15:00,2024-03-06 09:45:00,0.05,sl,kijun_pullback,0.01,2129.68,2129.73,2126.5809126822082,2129.73,True,1.88,0.9,7,1.55,1.544
ichi,BUY,2024-03-06 12:00:00,2024-03-06 12:45:00,-4.21,sl,tenkan_momentum,0.01,2128.91,2124.704038424253,2124.704038424253,2124.704038424253,False,0.0,4.32,10,2.103,2.095
ichi,BUY,2024-03-06 13:45:00,2024-03-06 15:10:00,2.54,sl,kijun_pullback,0.01,2130.7999999999997,2133.34,2126.4053841639006,2133.34,True,4.42,0.47,18,2.197,2.235
ichi,BUY,2024-03-06 15:45:00,2024-03-06 16:00:00,2.37,sl,kijun_pullback,0.01,2135.06,2137.43,2129.361070678993,2137.43,True,4.92,1.24,4,2.849,2.862
ichi,BUY,2024-03-07 02:00:00,2024-03-07 04:45:00,2.24,sl,kijun_pullback,0.01,2147.58,2149.82,2141.8764777525753,2149.82,True,4.52,3.38,34,2.852,2.83
ichi,BUY,2024-03-07 06:15:00,2024-03-07 06:35:00,3.05,sl,kijun_pullback,0.01,2155.7599999999998,2158.81,2149.7797662863345,2158.81,True,5.44,0.64,5,2.99,2.935
ichi,BUY,2024-03-07 10:00:00,2024-03-07 10:40:00,1.38,gap,kijun_pullback,0.01,2156.2799999999997,2157.66,2150.8496107298215,2157.69,True,3.58,1.0,9,2.715,2.626
ichi,BUY,2024-03-07 11:30:00,2024-03-07 13:00:00,0.05,sl,kijun_pullback,0.01,2156.0099999999998,2156.06,2150.886924694589,2156.06,True,2.92,1.23,19,2.562,2.461
ichi,BUY,2024-03-07 13:05:00,2024-03-07 15:05:00,7.08,tp,kijun_pullback,0.01,2155.7799999999997,2162.8643988829785,2151.057067411347,2157.02,True,8.98,2.55,25,2.361,2.268
ichi,BUY,2024-03-07 15:10:00,2024-03-07 15:35:00,2.31,gap,kijun_pullback,0.01,2158.75,2161.06,2153.286660938976,2161.9,True,5.34,1.41,6,2.732,2.537
ichi,BUY,2024-03-08 03:00:00,2024-03-08 04:05:00,-4.13,sl,kijun_pullback,0.01,2161.0499999999997,2156.920441282592,2156.920441282592,2156.920441282592,False,0.76,4.67,14,2.065,1.898
ichi,BUY,2024-03-08 08:45:00,2024-03-08 10:30:00,3.34,sl,tenkan_momentum,0.01,2161.49,2164.83,2157.970368391145,2164.83,True,7.2,2.49,22,1.76,1.649
ichi,BUY,2024-03-11 16:00:00,2024-03-11 16:00:00,-6.49,sl,kijun_pullback,0.01,2182.0499999999997,2175.556099355433,2175.556099355433,2175.556099355433,False,0.58,6.56,1,3.247,2.995
ichi,BUY,2024-03-12 00:15:00,2024-03-12 05:05:00,-4.15,sl,kijun_pullback,0.01,2182.7,2178.5495041226754,2178.5495041226754,2178.5495041226754,False,2.06,5.26,59,2.075,1.973
ichi,BUY,2024-03-13 16:30:00,2024-03-13 17:30:00,5.22,sl,tenkan_momentum,0.01,2167.08,2172.3,2161.5878086041744,2172.3,True,7.42,0.99,13,2.746,2.664
ichi,BUY,2024-03-14 00:15:00,2024-03-14 03:10:00,1.04,sl,kijun_pullback,0.01,2174.3599999999997,2175.4,2170.4340287855184,2175.4,True,2.61,0.42,36,1.963,1.857
ichi,SELL,2024-03-14 14:15:00,2024-03-14 14:30:00,5.05,tp,kijun_pullback,0.01,2167.66,2162.6110869607246,2171.025942026183,2171.025942026183,False,5.74,1.06,4,1.683,1.584
ichi,SELL,2024-03-14 20:00:00,2024-03-15 03:20:00,-5.88,sl,kijun_pullback,0.01,2160.2,2166.083216241028,2166.083216241028,2166.083216241028,False,0.0,5.95,77,2.942,2.705
ichi,BUY,2024-03-15 09:45:00,2024-03-15 10:15:00,-3.32,sl,tenkan_momentum,0.01,2168.7799999999997,2165.460180140995,2165.460180140995,2165.460180140995,False,0.11,3.4,7,1.66,1.569
ichi,BUY,2024-03-15 12:00:00,2024-03-15 13:05:00,-4.12,sl,kijun_pullback,0.01,2172.0499999999997,2167.9335329580094,2167.9335329580094,2167.9335329580094,False,0.61,5.16,14,2.058,1.976
ichi,SELL,2024-03-15 15:15:00,2024-03-15 15:35:00,1.87,sl,tenkan_momentum,0.01,2160.86,2158.99,2166.5522686550466,2158.99,True,4.15,1.27,5,2.846,2.788
ichi,SELL,2024-03-18 02:15:00,2024-03-18 03:25:00,3.43,sl,kijun_pullback,0.01,2155.29,2151.86,2158.8348856089438,2151.86,True,4.96,2.35,15,1.772,1.72
ichi,SELL,2024-03-19 11:30:00,2024-03-19 13:45:00,-4.59,sl,tenkan_momentum,0.01,2151.88,2156.4737481904485,2156.4737481904485,2156.4737481904485,False,0.0,4.88,28,2.297,2.193
ichi,SELL,2024-03-20 12:00:00,2024-03-20 12:30:00,0.87,sl,tenkan_momentum,0.01,2154.74,2153.87,2157.675233586473,2153.87,True,2.18,0.41,7,1.468,1.433
ichi,SELL,2024-03-20 14:00:00,2024-03-20 14:45:00,2.77,sl,tenkan_momentum,0.01,2153.98,2151.21,2157.0585453410877,2151.21,True,4.17,1.46,10,1.539,1.496
ichi,SELL,2024-03-20 15:30:00,2024-03-20 15:45:00,-4.66,sl,tenkan_momentum,0.01,2151.18,2155.8379254710076,2155.8379254710076,2155.8379254710076,False,0.47,5.1,4,2.329,2.234
ichi,BUY,2024-03-25 15:45:00,2024-03-25 21:05:00,-5.7,sl,kijun_pullback,0.01,2178.6699999999996,2172.9657787036626,2172.9657787036626,2172.9657787036626,False,1.85,6.66,65,2.852,2.798
ichi,BUY,2024-03-26 10:30:00,2024-03-26 10:50:00,0.05,sl,kijun_pullback,0.01,2177.2999999999997,2177.35,2173.6347857695305,2177.35,True,1.9,0.43,5,1.833,1.85
ichi,SELL,2024-03-27 04:15:00,2024-03-27 05:10:00,-4.09,sl,kijun_pullback,0.01,2176.49,2180.5802073935256,2180.5802073935256,2180.5802073935256,False,1.61,4.33,12,2.045,2.064
ichi,BUY,2024-03-27 08:15:00,2024-03-27 10:20:00,2.33,sl,tenkan_momentum,0.01,2178.79,2181.12,2174.9731197435385,2181.12,True,3.86,1.76,26,1.908,1.966
ichi,BUY,2024-03-27 11:15:00,2024-03-27 11:40:00,6.55,tp,tenkan_momentum,0.01,2181.1499999999996,2187.6984415084135,2176.7843723277238,2176.7843723277238,False,12.69,1.61,6,2.183,2.222
ichi,BUY,2024-03-28 10:45:00,2024-03-28 12:20:00,6.96,tp,kijun_pullback,0.01,2196.45,2203.408807794454,2191.810794803697,2198.82,True,11.97,3.98,20,2.32,2.285
ichi,BUY,2024-03-28 12:30:00,2024-03-28 13:00:00,6.58,sl,kijun_pullback,0.01,2204.58,2211.16,2198.41006960525,2211.16,True,9.16,0.51,7,3.085,2.939
ichi,BUY,2024-04-02 04:30:00,2024-04-02 06:25:00,3.48,sl,kijun_pullback,0.01,2249.31,2252.79,2243.6899452937887,2252.79,True,5.9,1.54,24,2.81,2.595
ichi,BUY,2024-04-02 07:00:00,2024-04-02 07:45:00,7.23,tp,kijun_pullback,0.01,2251.72,2258.9528435678017,2246.898104288132,2255.02,True,8.11,1.3,10,2.411,2.192
ichi,BUY,2024-04-02 11:00:00,2024-04-02 11:20:00,4.16,sl,tenkan_momentum,0.01,2256.3399999999997,2260.5,2250.9379599256567,2260.5,True,6.43,0.24,5,2.701,2.377
ichi,BUY,2024-04-02 13:45:00,2024-04-02 14:15:00,-6.06,sl,tenkan_momentum,0.01,2263.9399999999996,2257.875873540955,2257.875873540955,2257.875873540955,False,0.7,6.66,7,3.032,2.621
ichi,BUY,2024-04-04 04:30:00,2024-04-04 10:10:00,-6.15,sl,kijun_pullback,0.01,2300.29,2294.1384313274757,2294.1384313274757,2294.1384313274757,False,2.68,6.56,69,3.076,2.73
ichi,BUY,2024-04-09 04:15:00,2024-04-09 04:35:00,2.73,sl,kijun_pullback,0.01,2343.46,2346.19,2337.8887285683286,2346.19,True,4.96,2.43,5,2.786,2.542
ichi,BUY,2024-04-09 10:15:00,2024-04-09 12:25:00,9.52,tp,kijun_pullback,0.01,2355.4199999999996,2364.940190317965,2349.073206454689,2361.08,True,9.86,4.48,27,3.173,2.86
ichi,BUY,2024-04-10 10:30:00,2024-04-10 12:20:00,-5.62,sl,tenkan_momentum,0.01,2357.1699999999996,2351.546687744703,2351.546687744703,2351.546687744703,False,0.0,5.85,23,2.812,2.43
ichi,SELL,2024-04-18 04:45:00,2024-04-18 05:35:00,-6.73,sl,kijun_pullback,0.01,2366.26,2372.9874683425764,2372.9874683425764,2372.9874683425764,False,0.05,7.63,11,3.364,2.979
ichi,BUY,2024-04-18 13:30:00,2024-04-18 14:35:00,1.22,gap,kijun_pullback,0.01,2381.9399999999996,2383.16,2376.9742590585806,2383.35,True,3.4,2.93,14,2.483,2.267
ichi,BUY,2024-04-18 15:15:00,2024-04-18 16:05:00,0.05,sl,kijun_pullback,0.01,2385.1299999999997,2385.18,2379.206079086791,2385.18,True,2.97,4.45,11,2.962,2.689
ichi,SELL,2024-04-23 02:15:00,2024-04-23 04:35:00,9.43,tp,kijun_pullback,0.01,2328.74,2319.3079727033282,2335.0280181977805,2335.0280181977805,False,14.92,5.8,29,3.144,2.854
ichi,SELL,2024-04-25 04:15:00,2024-04-25 05:00:00,-4.82,sl,kijun_pullback,0.01,2316.09,2320.9062620646796,2320.9062620646796,2320.9062620646796,False,0.0,4.83,10,2.408,2.096
ichi,SELL,2024-04-25 06:15:00,2024-04-25 06:45:00,-6.67,sl,kijun_pullback,0.01,2306.67,2313.3449623604242,2313.3449623604242,2313.3449623604242,False,0.0,6.89,7,3.337,2.967
ichi,BUY,2024-04-26 08:00:00,2024-04-26 09:10:00,3.31,sl,tenkan_momentum,0.01,2335.97,2339.28,2331.378541994407,2339.28,True,5.15,2.09,15,2.296,2.103
ichi,SELL,2024-04-29 07:00:00,2024-04-29 08:00:00,-6.5,sl,kijun_pullback,0.01,2328.31,2334.8131243987236,2334.8131243987236,2334.8131243987236,False,0.7,8.14,13,3.252,2.934
ichi,SELL,2024-04-30 05:00:00,2024-04-30 05:15:00,2.23,sl,kijun_pullback,0.01,2334.05,2331.82,2338.9664418802777,2331.82,True,4.2,0.56,4,2.458,2.286
ichi,SELL,2024-05-01 03:30:00,2024-05-01 03:55:00,1.55,sl,kijun_pullback,0.01,2289.83,2288.28,2295.633072819357,2288.28,True,3.87,0.8,6,2.902,2.67
ichi,SELL,2024-05-01 10:45:00,2024-05-01 12:05:00,-4.5,sl,kijun_pullback,0.01,2283.93,2288.4336539535416,2288.4336539535416,2288.4336539535416,False,0.17,5.15,17,2.252,2.058
ichi,SELL,2024-05-03 11:30:00,2024-05-03 14:15:00,1.52,sl,tenkan_momentum,0.01,2299.99,2298.47,2304.7385745207043,2298.47,True,3.42,3.39,34,2.374,2.215
ichi,SELL,2024-05-07 14:45:00,2024-05-07 15:05:00,1.63,sl,tenkan_momentum,0.01,2313.85,2312.22,2318.718043353714,2312.22,True,3.64,0.2,5,2.434,2.255
ichi,SELL,2024-05-08 04:45:00,2024-05-08 05:30:00,0.05,sl,kijun_pullback,0.01,2310.36,2310.31,2314.7241583391947,2310.31,True,2.81,0.7,10,2.182,2.006
ichi,BUY,2024-05-08 15:15:00,2024-05-08 16:15:00,-5.59,sl,tenkan_momentum,0.01,2316.6699999999996,2311.081058364735,2311.081058364735,2311.081058364735,False,1.79,9.78,13,2.794,2.569
ichi,SELL,2024-05-09 04:30:00,2024-05-09 05:25:00,0.05,sl,kijun_pullback,0.01,2310.17,2310.12,2313.410708366238,2310.12,True,2.1,2.19,12,1.62,1.529
ichi,SELL,2024-05-09 11:30:00,2024-05-09 13:05:00,2.88,sl,kijun_pullback,0.01,2311.69,2308.81,2316.392029697731,2308.81,True,4.76,1.5,20,2.351,2.217
ichi,BUY,2024-05-10 06:30:00,2024-05-10 08:30:00,3.45,sl,kijun_pullback,0.01,2351.02,2354.47,2345.9381776052933,2354.47,True,5.7,0.33,25,2.541,2.364
ichi,SELL,2024-05-13 15:00:00,2024-05-13 16:55:00,1.4,gap,kijun_pullback,0.01,2344.55,2343.1499999999996,2350.5263407217267,2342.96,True,3.98,5.43,24,2.988,2.737
ichi,BUY,2024-05-15 04:45:00,2024-05-15 07:30:00,1.86,sl,kijun_pullback,0.01,2357.5699999999997,2359.43,2354.1177671061346,2359.43,True,3.39,1.02,34,1.726,1.571
ichi,BUY,2024-05-15 10:15:00,2024-05-15 10:35:00,0.93,sl,kijun_pullback,0.01,2362.49,2363.42,2358.7825365148788,2363.42,True,2.41,0.95,5,1.854,1.673
ichi,BUY,2024-05-15 13:00:00,2024-05-15 14:05:00,-4.52,sl,tenkan_momentum,0.01,2369.4399999999996,2364.9186624481895,2364.9186624481895,2364.9186624481895,False,1.37,5.07,14,2.261,2.031
ichi,BUY,2024-05-17 12:45:00,2024-05-17 14:40:00,2.9,sl,kijun_pullback,0.01,2384.5099999999998,2387.41,2379.68570221357,2387.41,True,5.02,2.65,24,2.412,2.213
ichi,BUY,2024-05-17 15:45:00,2024-05-17 16:05:00,5.83,sl,tenkan_momentum,0.01,2390.56,2396.39,2385.2170215308824,2396.39,True,7.97,0.54,5,2.671,2.418
ichi,SELL,2024-05-22 14:45:00,2024-05-22 15:25:00,-6.43,sl,kijun_pullback,0.01,2408.01,2414.4396550725464,2414.4396550725464,2414.4396550725464,False,2.97,7.23,9,3.215,2.835
ichi,SELL,2024-05-24 05:30:00,2024-05-24 07:05:00,-6.53,sl,kijun_pullback,0.01,2326.4,2332.931463464235,2332.931463464235,2332.931463464235,False,0.74,6.62,20,3.266,2.964
ichi,BUY,2024-05-28 01:15:00,2024-05-28 04:55:00,2.03,sl,kijun_pullback,0.01,2352.62,2354.65,2348.2850918954487,2354.65,True,3.78,3.39,45,2.167,2.027
ichi,BUY,2024-05-28 05:30:00,2024-05-28 09:00:00,-4.24,sl,kijun_pullback,0.01,2353.45,2349.2065612196325,2349.2065612196325,2349.2065612196325,False,1.75,5.07,43,2.122,1.966
ichi,BUY,2024-05-29 05:15:00,2024-05-29 08:40:00,0.05,sl,kijun_pullback,0.01,2358.75,2358.8,2354.3552455686067,2358.8,True,2.62,4.25,42,2.197,2.077
ichi,BUY,2024-05-29 08:45:00,2024-05-29 09:05:00,-4.33,sl,kijun_pullback,0.01,2358.73,2354.3987750168003,2354.3987750168003,2354.3987750168003,False,1.03,4.81,5,2.166,2.046
ichi,SELL,2024-05-30 04:45:00,2024-05-30 05:45:00,3.53,sl,kijun_pullback,0.01,2333.64,2330.11,2338.2128990484857,2330.11,True,5.36,3.19,13,2.286,2.206
ichi,SELL,2024-05-30 08:45:00,2024-05-30 08:55:00,1.88,sl,kijun_pullback,0.01,2327.12,2325.24,2332.8803856081213,2325.24,True,4.18,0.62,3,2.88,2.732
ichi,BUY,2024-05-31 04:30:00,2024-05-31 05:40:00,-4.33,sl,tenkan_momentum,0.01,2347.02,2342.6916939550224,2342.6916939550224,2342.6916939550224,False,0.77,4.33,15,2.164,2.035
ichi,SELL,2024-05-31 06:15:00,2024-05-31 06:50:00,-4.95,sl,kijun_pullback,0.01,2338.63,2343.5826498231622,2343.5826498231622,2343.5826498231622,False,1.37,5.1,8,2.476,2.376
ichi,BUY,2024-05-31 15:45:00,2024-05-31 16:05:00,4.81,sl,kijun_pullback,0.01,2352.7,2357.51,2346.96712015031,2357.51,True,7.1,2.38,5,2.866,2.818
ichi,SELL,2024-06-03 08:45:00,2024-06-03 09:55:00,-5.7,sl,kijun_pullback,0.01,2315.59,2321.2915208373415,2321.2915208373415,2321.2915208373415,False,0.62,7.46,15,2.851,2.738
ichi,BUY,2024-06-04 09:15:00,2024-06-04 09:50:00,-4.33,sl,tenkan_momentum,0.01,2350.85,2346.5166490973866,2346.5166490973866,2346.5166490973866,False,0.89,5.55,8,2.167,2.139
ichi,SELL,2024-06-05 15:00:00,2024-06-05 15:15:00,-4.92,sl,kijun_pullback,0.01,2332.58,2337.4999432893,2337.4999432893,2337.4999432893,False,0.19,5.06,4,2.46,2.482
ichi,BUY,2024-06-06 04:00:00,2024-06-06 04:10:00,6.36,tp,kijun_pullback,0.01,2355.93,2362.2937877885897,2351.6874748076066,2358.49,True,7.96,0.31,3,2.121,2.195
ichi,BUY,2024-06-06 10:30:00,2024-06-06 11:15:00,-5.04,sl,kijun_pullback,0.01,2366.0099999999998,2360.9731730916196,2360.9731730916196,2360.9731730916196,False,0.81,5.1,10,2.518,2.523
ichi,SELL,2024-06-10 09:00:00,2024-06-10 09:10:00,0.05,sl,kijun_pullback,0.01,2295.85,2295.8,2300.9536001463484,2295.8,True,2.69,0.91,3,2.552,2.622
ichi,SELL,2024-06-11 05:00:00,2024-06-11 05:20:00,1.82,sl,kijun_pullback,0.01,2302.81,2300.99,2307.710593118973,2300.99,True,3.78,0.8,5,2.45,2.517
ichi,BUY,2024-06-12 09:30:00,2024-06-12 10:20:00,-3.7,sl,kijun_pullback,0.01,2316.23,2312.531147394304,2312.531147394304,2312.531147394304,False,1.52,4.19,11,1.849,1.882
ichi,SELL,2024-06-12 12:45:00,2024-06-12 15:30:00,-11.11,gap,tenkan_momentum,0.01,2312.77,2323.8799999999997,2316.9250517820124,2316.9250517820124,False,0.92,15.78,34,2.078,2.155
ichi,BUY,2024-06-18 04:45:00,2024-06-18 05:50:00,1.77,sl,kijun_pullback,0.01,2322.2999999999997,2324.07,2318.2581501246764,2324.07,True,3.39,0.68,14,2.021,2.225
ichi,BUY,2024-06-19 01:45:00,2024-06-19 06:30:00,0.05,sl,kijun_pullback,0.01,2329.1699999999996,2329.22,2325.133480727514,2329.22,True,2.61,2.59,58,2.018,2.2
ichi,BUY,2024-06-19 06:35:00,2024-06-19 10:05:00,0.86,sl,kijun_pullback,0.01,2329.25,2330.11,2325.9155713395317,2330.11,True,3.53,2.4,43,1.667,1.817
ichi,BUY,2024-06-19 10:15:00,2024-06-19 11:25:00,3.34,sl,kijun_pullback,0.01,2330.45,2333.79,2327.2628872374494,2333.79,True,4.61,0.61,15,1.594,1.729
ichi,BUY,2024-06-20 04:00:00,2024-06-20 04:10:00,2.95,gap,kijun_pullback,0.01,2330.0299999999997,2332.98,2326.6880621004702,2333.37,True,4.68,0.2,3,1.671,1.78
ichi,BUY,2024-06-21 01:15:00,2024-06-21 03:40:00,3.35,sl,kijun_pullback,0.01,2359.1099999999997,2362.46,2354.389489506212,2362.46,True,5.24,0.85,30,2.36,2.476
ichi,SELL,2024-06-24 13:00:00,2024-06-24 16:25:00,-5.7,sl,kijun_pullback,0.01,2325.06,2330.7637255483532,2330.7637255483532,2330.7637255483532,False,1.52,6.41,42,2.852,2.94
ichi,SELL,2024-06-25 08:45:00,2024-06-25 09:35:00,0.05,sl,kijun_pullback,0.01,2325.98,2325.93,2330.026391985964,2325.93,True,2.31,0.56,11,2.023,2.149
ichi,SELL,2024-06-25 10:45:00,2024-06-25 11:50:00,-4.19,sl,kijun_pullback,0.01,2324.68,2328.870082000106,2328.870082000106,2328.870082000106,False,1.54,5.23,14,2.095,2.225
ichi,SELL,2024-06-26 01:45:00,2024-06-26 03:15:00,-4.04,sl,kijun_pullback,0.01,2319.48,2323.522974861187,2323.522974861187,2323.522974861187,False,0.51,4.44,19,2.021,2.195
ichi,SELL,2024-06-26 09:45:00,2024-06-26 13:30:00,5.14,sl,kijun_pullback,0.01,2315.25,2310.11,2320.44499287857,2310.11,True,7.28,3.36,46,2.597,2.884
ichi,SELL,2024-06-27 04:00:00,2024-06-27 05:05:00,0.05,sl,kijun_pullback,0.01,2299.04,2298.99,2302.1638173224014,2298.99,True,2.01,0.95,14,1.562,1.686
ichi,BUY,2024-07-01 12:00:00,2024-07-01 12:30:00,1.45,sl,tenkan_momentum,0.01,2326.0499999999997,2327.5,2321.078997672688,2327.5,True,3.44,0.57,7,2.486,2.682
ichi,BUY,2024-07-02 04:00:00,2024-07-02 06:05:00,-3.16,sl,tenkan_momentum,0.01,2333.2799999999997,2330.1150708192017,2330.1150708192017,2330.1150708192017,False,1.04,3.4,26,1.582,1.695
ichi,BUY,2024-07-04 04:30:00,2024-07-04 05:45:00,-3.99,sl,kijun_pullback,0.01,2361.74,2357.747955306452,2357.747955306452,2357.747955306452,False,0.56,4.28,16,1.996,2.174
ichi,BUY,2024-07-04 06:30:00,2024-07-04 08:20:00,-4.08,sl,kijun_pullback,0.01,2360.1099999999997,2356.0276867563703,2356.0276867563703,2356.0276867563703,False,0.06,4.46,23,2.041,2.273
ichi,BUY,2024-07-04 16:45:00,2024-07-04 17:05:00,0.05,sl,kijun_pullback,0.01,2358.37,2358.42,2355.017237059279,2358.42,True,1.73,0.44,5,1.676,1.91
ichi,BUY,2024-07-05 04:15:00,2024-07-05 04:50:00,-2.91,sl,tenkan_momentum,0.01,2359.87,2356.9644903457506,2356.9644903457506,2356.9644903457506,False,0.29,2.94,8,1.453,1.655
ichi,BUY,2024-07-05 06:15:00,2024-07-05 08:05:00,1.75,sl,tenkan_momentum,0.01,2361.33,2363.08,2357.7317361448077,2363.08,True,3.38,1.76,23,1.799,2.084
ichi,BUY,2024-07-05 14:00:00,2024-07-05 15:20:00,1.69,sl,kijun_pullback,0.01,2365.24,2366.93,2361.2326274092056,2366.93,True,3.29,2.95,17,2.004,2.298
ichi,SELL,2024-07-09 14:15:00,2024-07-09 14:50:00,1.27,sl,kijun_pullback,0.01,2360.69,2359.42,2364.804080142376,2359.42,True,2.92,1.42,8,2.057,2.336
ichi,BUY,2024-07-10 06:30:00,2024-07-10 08:50:00,0.05,sl,kijun_pullback,0.01,2368.23,2368.28,2364.547049012873,2368.28,True,2.1,1.57,29,1.841,2.076
ichi,BUY,2024-07-10 09:30:00,2024-07-10 10:05:00,2.52,sl,tenkan_momentum,0.01,2369.8799999999997,2372.4,2366.330375177294,2372.4,True,3.94,0.89,8,1.775,2.001
ichi,BUY,2024-07-10 16:15:00,2024-07-10 16:55:00,4.34,sl,tenkan_momentum,0.01,2379.27,2383.61,2374.8782383635553,2383.61,True,7.34,1.42,9,2.196,2.441
ichi,BUY,2024-07-11 11:15:00,2024-07-11 14:50:00,-4.29,sl,kijun_pullback,0.01,2383.5099999999998,2379.2197923761187,2379.2197923761187,2379.2197923761187,False,1.09,4.46,44,2.145,2.328
ichi,BUY,2024-07-15 13:00:00,2024-07-15 13:25:00,1.42,sl,tenkan_momentum,0.01,2410.91,2412.33,2406.4370020547603,2412.33,True,3.21,0.2,6,2.236,2.485
ichi,SELL,2024-07-22 09:00:00,2024-07-22 09:20:00,1.04,gap,tenkan_momentum,0.01,2402.86,2401.8199999999997,2408.2920540879204,2401.24,True,3.79,2.32,5,2.716,2.994
ichi,BUY,2024-07-24 04:15:00,2024-07-24 04:20:00,-4.34,sl,kijun_pullback,0.01,2412.14,2407.801199803272,2407.801199803272,2407.801199803272,False,0.0,4.63,2,2.169,2.378
ichi,SELL,2024-07-30 04:30:00,2024-07-30 05:45:00,-4.94,sl,tenkan_momentum,0.01,2377.91,2382.8477465666274,2382.8477465666274,2382.8477465666274,False,1.35,5.43,16,2.469,2.772
ichi,BUY,2024-07-30 13:30:00,2024-07-30 14:00:00,1.08,sl,kijun_pullback,0.01,2389.6099999999997,2390.69,2385.596141318887,2390.69,True,2.69,1.85,7,2.007,2.318
ichi,SELL,2024-08-08 03:45:00,2024-08-08 04:05:00,-4.98,sl,kijun_pullback,0.01,2386.32,2391.3038961332563,2391.3038961332563,2391.3038961332563,False,1.53,5.16,5,2.492,2.86
ichi,BUY,2024-08-09 03:45:00,2024-08-09 04:55:00,0.05,sl,kijun_pullback,0.01,2424.6699999999996,2424.72,2419.755942448108,2424.72,True,2.73,4.69,15,2.457,2.903
ichi,BUY,2024-08-12 09:00:00,2024-08-12 10:20:00,2.55,sl,kijun_pullback,0.01,2434.7599999999998,2437.31,2430.1874704415513,2437.31,True,4.38,1.08,17,2.286,2.7
ichi,BUY,2024-08-14 04:15:00,2024-08-14 04:30:00,2.28,sl,tenkan_momentum,0.01,2468.4399999999996,2470.72,2464.0790999965243,2470.72,True,4.02,0.34,4,2.18,2.537
ichi,BUY,2024-08-15 11:45:00,2024-08-15 13:30:00,2.07,sl,kijun_pullback,0.01,2456.39,2458.46,2452.073318708474,2458.46,True,3.8,1.25,22,2.158,2.479
ichi,BUY,2024-08-16 04:00:00,2024-08-16 05:20:00,-4.09,sl,kijun_pullback,0.01,2458.58,2454.4852604886796,2454.4852604886796,2454.4852604886796,False,1.4,4.16,17,2.047,2.324
ichi,SELL,2024-08-16 10:15:00,2024-08-16 10:40:00,0.05,sl,tenkan_momentum,0.01,2453.71,2453.66,2457.6644396603688,2453.66,True,2.46,1.95,6,1.977,2.297
ichi,BUY,2024-08-20 01:15:00,2024-08-20 04:05:00,0.05,sl,kijun_pullback,0.01,2504.1899999999996,2504.24,2499.7750057232533,2504.24,True,3.91,2.15,35,2.207,2.564
ichi,BUY,2024-08-20 04:45:00,2024-08-20 05:05:00,-4.73,sl,kijun_pullback,0.01,2505.08,2500.3524139978626,2500.3524139978626,2500.3524139978626,False,0.11,5.99,5,2.364,2.745
ichi,BUY,2024-08-22 03:00:00,2024-08-22 04:40:00,-4.5,sl,kijun_pullback,0.01,2512.85,2508.3535444263816,2508.3535444263816,2508.3535444263816,False,1.71,4.69,21,2.248,2.684
ichi,BUY,2024-08-23 13:15:00,2024-08-23 15:10:00,2.85,sl,kijun_pullback,0.01,2497.6699999999996,2500.52,2493.0872303853334,2500.52,True,4.68,2.16,24,2.291,2.811
ichi,BUY,2024-08-29 10:15:00,2024-08-29 11:20:00,1.18,sl,kijun_pullback,0.01,2517.0299999999997,2518.21,2512.491742621965,2518.21,True,3.0,1.92,14,2.269,2.736
ichi,SELL,2024-08-30 08:45:00,2024-08-30 09:20:00,-3.84,sl,kijun_pullback,0.01,2513.72,2517.5590558884696,2517.5590558884696,2517.5590558884696,False,1.1,5.75,8,1.92,2.298
ichi,SELL,2024-09-03 05:30:00,2024-09-03 09:55:00,-4.3,sl,kijun_pullback,0.01,2493.79,2498.09162975646,2498.09162975646,2498.09162975646,False,1.22,5.17,54,2.151,2.636
ichi,BUY,2024-09-05 04:30:00,2024-09-05 07:00:00,-3.81,sl,kijun_pullback,0.01,2498.16,2494.354339051084,2494.354339051084,2494.354339051084,False,0.74,4.16,31,1.903,2.395
ichi,BUY,2024-09-05 09:00:00,2024-09-05 09:15:00,1.48,sl,kijun_pullback,0.01,2502.0699999999997,2503.55,2498.076081234992,2503.55,True,3.08,1.36,4,1.997,2.575
ichi,BUY,2024-09-06 04:15:00,2024-09-06 05:00:00,-2.99,sl,kijun_pullback,0.01,2516.02,2513.032976157843,2513.032976157843,2513.032976157843,False,0.24,3.12,10,1.494,1.908
ichi,BUY,2024-09-06 12:45:00,2024-09-06 14:40:00,-3.61,sl,kijun_pullback,0.01,2519.77,2516.155125677417,2516.155125677417,2516.155125677417,False,0.43,3.92,24,1.807,2.354
ichi,SELL,2024-09-09 08:45:00,2024-09-09 09:00:00,1.33,sl,kijun_pullback,0.01,2490.72,2489.39,2495.200990394583,2489.39,True,3.34,1.16,4,2.24,2.988
ichi,BUY,2024-09-10 10:30:00,2024-09-10 10:40:00,0.05,sl,tenkan_momentum,0.01,2505.3799999999997,2505.43,2501.4786621995504,2505.43,True,2.23,0.68,3,1.951,2.579
ichi,BUY,2024-09-10 14:00:00,2024-09-10 15:50:00,3.48,sl,kijun_pullback,0.01,2505.7799999999997,2509.26,2501.479968052985,2509.26,True,5.2,1.65,23,2.15,2.841
ichi,BUY,2024-09-11 04:15:00,2024-09-11 04:35:00,1.67,sl,kijun_pullback,0.01,2517.24,2518.91,2513.8366086680476,2518.91,True,3.67,1.23,5,1.702,2.198
ichi,BUY,2024-09-11 06:15:00,2024-09-11 08:30:00,1.85,sl,kijun_pullback,0.01,2518.8599999999997,2520.71,2514.8270437036367,2520.71,True,3.5,1.14,28,2.016,2.577
ichi,BUY,2024-09-11 09:00:00,2024-09-11 09:15:00,3.08,sl,tenkan_momentum,0.01,2521.3799999999997,2524.46,2517.382000462654,2524.46,True,4.68,0.58,4,1.999,2.525
ichi,BUY,2024-09-12 11:30:00,2024-09-12 13:45:00,-3.83,sl,tenkan_momentum,0.01,2519.16,2515.326133861513,2515.326133861513,2515.326133861513,False,1.76,4.52,28,1.917,2.375
ichi,BUY,2024-09-16 06:30:00,2024-09-16 09:10:00,1.76,sl,tenkan_momentum,0.01,2585.98,2587.74,2581.6723147397142,2587.74,True,3.48,1.14,33,2.154,2.733
ichi,BUY,2024-09-20 01:30:00,2024-09-20 05:55:00,3.15,sl,kijun_pullback,0.01,2587.5499999999997,2590.7,2583.307652321823,2590.7,True,4.85,2.84,54,2.121,2.662
ichi,BUY,2024-09-24 04:45:00,2024-09-24 06:40:00,5.6,tp,kijun_pullback,0.01,2630.1699999999996,2635.773913200668,2626.434057866221,2632.62,True,5.82,3.51,24,1.868,2.299
ichi,BUY,2024-09-25 03:15:00,2024-09-25 04:05:00,2.41,sl,kijun_pullback,0.01,2658.43,2660.84,2653.647033384588,2660.84,True,4.32,0.86,11,2.391,2.845
ichi,BUY,2024-09-26 03:45:00,2024-09-26 05:00:00,0.05,sl,kijun_pullback,0.01,2659.14,2659.19,2655.0196813797984,2659.19,True,2.17,1.54,16,2.06,2.416
ichi,BUY,2024-09-26 05:30:00,2024-09-26 05:45:00,-4.55,sl,tenkan_momentum,0.01,2661.6099999999997,2657.0584491051054,2657.0584491051054,2657.0584491051054,False,0.0,4.63,4,2.276,2.668
ichi,BUY,2024-09-26 09:30:00,2024-09-26 10:10:00,0.05,sl,tenkan_momentum,0.01,2661.1699999999996,2661.22,2656.675351891693,2661.22,True,2.82,0.9,9,2.247,2.707
ichi,BUY,2024-09-27 03:00:00,2024-09-27 04:35:00,-4.31,sl,kijun_pullback,0.01,2672.79,2668.480367194128,2668.480367194128,2668.480367194128,False,0.0,6.67,20,2.155,2.595
ichi,BUY,2024-10-01 14:45:00,2024-10-01 14:55:00,1.53,sl,kijun_pullback,0.01,2648.6,2650.13,2643.94268915845,2650.13,True,3.39,0.49,3,2.329,2.879
ichi,SELL,2024-10-07 08:00:00,2024-10-07 09:00:00,6.55,tp,kijun_pullback,0.01,2646.66,2640.1057472109846,2651.0295018593433,2641.96,True,6.57,0.33,13,2.185,2.676
ichi,SELL,2024-10-08 02:30:00,2024-10-08 04:10:00,3.4,sl,kijun_pullback,0.01,2643.76,2640.36,2648.7738833466346,2640.36,True,5.41,1.56,21,2.507,2.952
ichi,SELL,2024-10-08 04:15:00,2024-10-08 04:40:00,0.05,sl,kijun_pullback,0.01,2641.19,2641.14,2646.349920499866,2641.14,True,3.07,1.34,6,2.58,2.978
ichi,SELL,2024-10-10 03:15:00,2024-10-10 04:00:00,-3.95,sl,kijun_pullback,0.01,2606.78,2610.7287637740023,2610.7287637740023,2610.7287637740023,False,0.69,3.98,10,1.974,2.279
ichi,BUY,2024-10-17 03:30:00,2024-10-17 04:10:00,1.59,sl,kijun_pullback,0.01,2676.0499999999997,2677.64,2672.9534575701196,2677.64,True,3.12,0.29,9,1.548,1.829
ichi,BUY,2024-10-17 05:45:00,2024-10-17 06:35:00,-4.42,sl,kijun_pullback,0.01,2680.8799999999997,2676.458009788727,2676.458009788727,2676.458009788727,False,1.8,4.95,11,2.211,2.587
ichi,BUY,2024-10-18 04:15:00,2024-10-18 04:35:00,6.53,tp,kijun_pullback,0.01,2697.47,2703.9980230139463,2693.1179846573687,2700.47,True,7.35,1.32,5,2.176,2.614
ichi,BUY,2024-10-21 10:00:00,2024-10-21 12:30:00,3.61,sl,tenkan_momentum,0.01,2730.3999999999996,2734.01,2725.2607612337843,2734.01,True,5.83,5.08,31,2.57,2.97
ichi,BUY,2024-10-22 11:15:00,2024-10-22 11:30:00,2.08,sl,kijun_pullback,0.01,2734.2799999999997,2736.36,2729.28582300596,2736.36,True,4.08,0.3,4,2.497,2.827
ichi,BUY,2024-10-22 13:15:00,2024-10-22 14:00:00,2.58,sl,kijun_pullback,0.01,2734.71,2737.29,2729.4944848949813,2737.29,True,4.67,0.4,10,2.608,2.918
ichi,BUY,2024-10-24 15:45:00,2024-10-24 16:45:00,-5.38,sl,kijun_pullback,0.01,2741.0699999999997,2735.6860356101156,2735.6860356101156,2735.6860356101156,False,2.12,6.18,13,2.692,2.969
ichi,SELL,2024-10-25 09:15:00,2024-10-25 09:45:00,-4.59,sl,tenkan_momentum,0.01,2726.58,2731.166161816135,2731.166161816135,2731.166161816135,False,1.43,4.79,7,2.293,2.607
ichi,BUY,2024-10-29 02:45:00,2024-10-29 03:15:00,2.93,gap,tenkan_momentum,0.01,2745.5299999999997,2748.46,2742.051603370613,2748.47,True,4.47,0.2,7,1.739,2.03
ichi,BUY,2024-10-30 05:00:00,2024-10-30 07:55:00,2.38,sl,tenkan_momentum,0.01,2780.71,2783.09,2776.0993628779106,2783.09,True,4.22,3.42,36,2.305,2.646
ichi,BUY,2024-10-31 01:30:00,2024-10-31 03:10:00,1.66,sl,kijun_pullback,0.01,2786.85,2788.51,2782.892227174233,2788.51,True,3.24,2.14,21,1.979,2.24
ichi,SELL,2024-11-05 04:00:00,2024-11-05 04:35:00,5.99,tp,kijun_pullback,0.01,2734.25,2728.2564281394275,2738.245714573715,2732.35,True,7.54,1.21,8,1.998,2.241
ichi,SELL,2024-11-11 01:15:00,2024-11-11 03:10:00,3.56,gap,kijun_pullback,0.01,2682.99,2679.43,2688.4731209899956,2678.64,True,6.54,3.43,24,2.742,2.975
ichi,SELL,2024-11-15 08:00:00,2024-11-15 08:25:00,2.93,sl,kijun_pullback,0.01,2559.95,2557.02,2565.5424102820925,2557.02,True,5.17,2.13,6,2.796,2.977
ichi,BUY,2024-11-19 01:15:00,2024-11-19 03:10:00,3.55,gap,kijun_pullback,0.01,2611.5699999999997,2615.12,2607.136951405763,2615.17,True,6.08,0.62,24,2.217,2.323
ichi,BUY,2024-11-19 03:45:00,2024-11-19 04:40:00,7.31,tp,kijun_pullback,0.01,2615.4399999999996,2622.747475230163,2610.5683498465573,2620.68,True,8.67,1.33,12,2.436,2.507
ichi,BUY,2024-11-20 07:45:00,2024-11-20 08:05:00,-4.24,sl,kijun_pullback,0.01,2638.0699999999997,2633.8267963394105,2633.8267963394105,2633.8267963394105,False,0.34,6.14,5,2.122,2.104
ichi,BUY,2024-11-21 01:45:00,2024-11-21 03:00:00,4.47,sl,kijun_pullback,0.01,2652.14,2656.61,2647.140659109548,2656.61,True,8.27,0.32,16,2.5,2.532
ichi,BUY,2024-11-21 03:45:00,2024-11-21 07:10:00,0.05,sl,kijun_pullback,0.01,2655.6499999999996,2655.7,2649.907235615431,2655.7,True,3.28,5.27,42,2.871,2.845
ichi,BUY,2024-11-21 07:30:00,2024-11-21 08:20:00,3.41,sl,kijun_pullback,0.01,2656.12,2659.53,2651.3477263239283,2659.53,True,5.48,1.43,11,2.386,2.363
ichi,BUY,2024-11-22 03:15:00,2024-11-22 04:40:00,7.59,tp,kijun_pullback,0.01,2677.91,2685.4980501579357,2672.8512998947094,2682.8,True,8.44,2.55,18,2.529,2.464
ichi,BUY,2024-11-27 13:45:00,2024-11-27 14:45:00,1.99,sl,tenkan_momentum,0.01,2650.5699999999997,2652.56,2644.4557989956816,2652.56,True,4.44,1.55,13,3.057,2.871
ichi,SELL,2024-11-28 02:45:00,2024-11-28 03:05:00,6.65,tp,kijun_pullback,0.01,2637.21,2630.5582218651266,2641.6445187565823,2633.12,True,13.34,0.56,5,2.217,2.063
ichi,BUY,2024-11-28 15:45:00,2024-11-28 16:55:00,-5.34,sl,kijun_pullback,0.01,2647.1699999999996,2641.834369511941,2641.834369511941,2641.834369511941,False,0.78,6.34,15,2.668,2.408
ichi,SELL,2024-11-29 03:00:00,2024-11-29 03:10:00,-4.75,sl,tenkan_momentum,0.01,2636.06,2640.8132681461007,2640.8132681461007,2640.8132681461007,False,1.83,5.74,3,2.377,2.198
ichi,BUY,2024-12-03 11:00:00,2024-12-03 14:20:00,-6.07,sl,kijun_pullback,0.01,2645.3799999999997,2639.3053450992097,2639.3053450992097,2639.3053450992097,False,2.64,7.15,41,3.037,2.872
ichi,SELL,2024-12-04 03:45:00,2024-12-04 04:00:00,-4.65,sl,kijun_pullback,0.01,2639.71,2644.3562431757996,2644.3562431757996,2644.3562431757996,False,0.23,7.15,4,2.323,2.262
ichi,BUY,2024-12-05 07:45:00,2024-12-05 07:55:00,0.05,sl,kijun_pullback,0.01,2652.9399999999996,2652.99,2647.9490677682825,2652.99,True,2.6,0.25,3,2.495,2.486
ichi,BUY,2024-12-05 14:45:00,2024-12-05 15:10:00,0.05,sl,tenkan_momentum,0.01,2651.08,2651.13,2645.7523097884387,2651.13,True,3.41,0.88,6,2.664,2.653
ichi,BUY,2024-12-10 04:00:00,2024-12-10 04:10:00,0.05,sl,kijun_pullback,0.01,2667.71,2667.76,2661.699155235156,2667.76,True,3.15,1.55,3,3.005,2.993
ichi,BUY,2024-12-10 08:30:00,2024-12-10 09:55:00,-5.69,sl,tenkan_momentum,0.01,2669.9199999999996,2664.233240528951,2664.233240528951,2664.233240528951,False,0.94,6.23,18,2.843,2.83
ichi,BUY,2024-12-11 02:15:00,2024-12-11 02:35:00,2.87,sl,kijun_pullback,0.01,2695.0,2697.87,2690.2400892665655,2697.87,True,4.77,0.7,5,2.38,2.438
ichi,BUY,2024-12-12 01:15:00,2024-12-12 03:00:00,8.5,tp,kijun_pullback,0.01,2717.37,2725.869898863024,2711.703400757984,2722.02,True,8.78,0.57,22,2.833,2.861
ichi,SELL,2024-12-13 01:15:00,2024-12-13 02:55:00,-5.37,sl,kijun_pullback,0.01,2680.18,2685.550051640306,2685.550051640306,2685.550051640306,False,1.56,5.48,21,2.685,2.599
ichi,SELL,2024-12-16 03:00:00,2024-12-16 03:20:00,-5.98,sl,tenkan_momentum,0.01,2647.01,2652.994213041679,2652.994213041679,2652.994213041679,False,0.03,7.39,5,2.992,2.974
ichi,SELL,2024-12-17 01:15:00,2024-12-17 03:00:00,-3.68,sl,kijun_pullback,0.01,2652.06,2655.7448172088875,2655.7448172088875,2655.7448172088875,False,0.71,4.44,22,1.842,1.887
ichi,SELL,2024-12-17 08:15:00,2024-12-17 08:25:00,2.24,sl,tenkan_momentum,0.01,2651.26,2649.02,2656.14476518189,2649.02,True,4.19,0.89,3,2.442,2.55
ichi,SELL,2024-12-18 10:30:00,2024-12-18 10:50:00,-4.93,sl,kijun_pullback,0.01,2644.3,2649.2337403938163,2649.2337403938163,2649.2337403938163,False,0.0,5.02,5,2.467,2.546
ichi,SELL,2024-12-18 15:45:00,2024-12-18 16:40:00,3.72,gap,kijun_pullback,0.01,2643.62,2639.8999999999996,2648.685793386779,2639.8,True,5.9,2.63,12,2.533,2.682
ichi,SELL,2024-12-18 20:00:00,2024-12-18 21:00:00,8.22,tp,tenkan_momentum,0.01,2636.03,2627.8095920306087,2641.5102719795946,2641.5102719795946,False,10.52,3.14,13,2.74,2.846
ichi,BUY,2024-12-23 10:15:00,2024-12-23 10:50:00,0.05,sl,kijun_pullback,0.01,2629.1,2629.15,2623.7247016830506,2629.15,True,3.0,1.26,8,2.688,2.677
ichi,BUY,2024-12-24 09:00:00,2024-12-24 09:10:00,1.05,sl,tenkan_momentum,0.01,2618.81,2619.86,2614.9060539850893,2619.86,True,2.65,0.2,3,1.952,1.944
ichi,SELL,2024-12-24 15:00:00,2024-12-24 15:50:00,0.05,sl,tenkan_momentum,0.01,2613.66,2613.61,2617.9228286086554,2613.61,True,2.17,1.27,11,2.131,2.111
ichi,SELL,2024-12-24 16:45:00,2024-12-24 17:05:00,1.92,sl,kijun_pullback,0.01,2614.28,2612.36,2619.369740132899,2612.36,True,4.06,0.3,5,2.545,2.52
ichi,SELL,2024-12-24 18:15:00,2024-12-24 19:20:00,-4.95,sl,kijun_pullback,0.01,2613.66,2618.6064023866993,2618.6064023866993,2618.6064023866993,False,0.0,5.29,14,2.473,2.426
ichi,BUY,2024-12-26 01:15:00,2024-12-26 02:45:00,2.6,sl,kijun_pullback,0.01,2618.04,2620.64,2613.069731883558,2620.64,True,4.59,0.34,19,2.485,2.499
ichi,BUY,2024-12-26 10:15:00,2024-12-26 15:15:00,0.05,sl,kijun_pullback,0.01,2628.37,2628.42,2624.1280757245063,2628.42,True,2.75,3.68,61,2.121,2.105
ichi,BUY,2024-12-26 15:20:00,2024-12-26 15:30:00,-4.24,sl,kijun_pullback,0.01,2629.46,2625.223397177548,2625.223397177548,2625.223397177548,False,0.0,5.18,3,2.118,2.102
ichi,BUY,2024-12-26 20:30:00,2024-12-27 01:00:00,-5.64,sl,tenkan_momentum,0.01,2635.16,2629.515111536848,2629.515111536848,2629.515111536848,False,0.98,5.76,43,2.822,2.861
ichi,BUY,2024-12-27 01:45:00,2024-12-27 04:35:00,-4.36,sl,tenkan_momentum,0.01,2633.46,2629.103263483514,2629.103263483514,2629.103263483514,False,1.03,4.52,35,2.178,2.273
ichi,BUY,2024-12-27 08:15:00,2024-12-27 08:35:00,1.41,sl,tenkan_momentum,0.01,2633.9399999999996,2635.35,2629.9952514409856,2635.35,True,2.99,0.2,5,1.972,2.106
ichi,SELL,2024-12-30 08:45:00,2024-12-30 09:10:00,1.26,sl,tenkan_momentum,0.01,2620.16,2618.9,2624.682344047177,2618.9,True,3.07,0.2,6,2.261,2.396
ichi,BUY,2025-01-02 01:15:00,2025-01-02 02:55:00,1.12,sl,kijun_pullback,0.01,2624.89,2626.01,2620.9919466214137,2626.01,True,2.91,3.41,21,1.949,2.052
ichi,BUY,2025-01-02 03:15:00,2025-01-02 03:45:00,2.53,sl,kijun_pullback,0.01,2629.6,2632.13,2624.503534064078,2632.13,True,4.75,0.27,7,2.548,2.667
ichi,BUY,2025-01-02 09:45:00,2025-01-02 10:10:00,1.45,gap,kijun_pullback,0.01,2633.8599999999997,2635.31,2629.6997294342686,2635.47,True,3.27,0.9,6,2.08,2.148
ichi,BUY,2025-01-03 04:00:00,2025-01-03 04:20:00,1.34,gap,kijun_pullback,0.01,2659.6699999999996,2661.01,2654.6663115287374,2662.04,True,4.37,3.43,5,2.502,2.565
ichi,SELL,2025-01-06 02:15:00,2025-01-06 02:55:00,-4.21,sl,kijun_pullback,0.01,2639.21,2643.420216976487,2643.420216976487,2643.420216976487,False,0.36,4.33,9,2.105,2.143
ichi,SELL,2025-01-06 06:15:00,2025-01-06 06:25:00,0.05,sl,tenkan_momentum,0.01,2638.22,2638.17,2643.3888857964803,2638.17,True,2.69,0.82,3,2.584,2.689
ichi,SELL,2025-01-06 12:15:00,2025-01-06 13:10:00,-5.47,sl,kijun_pullback,0.01,2631.32,2636.7887995014253,2636.7887995014253,2636.7887995014253,False,0.17,5.97,12,2.734,2.844
ichi,BUY,2025-01-07 10:15:00,2025-01-07 13:10:00,1.89,sl,tenkan_momentum,0.01,2643.0299999999997,2644.92,2637.9965332150086,2644.92,True,3.9,2.51,26,2.517,2.694
ichi,BUY,2025-01-07 13:30:00,2025-01-07 14:10:00,3.69,sl,kijun_pullback,0.01,2645.77,2649.46,2640.987579181043,2649.46,True,5.6,1.05,9,2.391,2.534
ichi,BUY,2025-01-08 10:45:00,2025-01-08 13:00:00,0.05,sl,tenkan_momentum,0.01,2652.99,2653.04,2648.78694854239,2653.04,True,2.14,2.14,28,2.102,2.185
ichi,BUY,2025-01-09 03:45:00,2025-01-09 05:55:00,0.05,sl,kijun_pullback,0.01,2659.33,2659.38,2654.2473879603294,2659.38,True,2.86,3.14,27,2.541,2.641
ichi,BUY,2025-01-09 08:45:00,2025-01-09 09:30:00,0.05,sl,kijun_pullback,0.01,2664.31,2664.36,2659.6265698722304,2664.36,True,2.65,0.41,10,2.342,2.433
ichi,BUY,2025-01-09 10:30:00,2025-01-09 13:00:00,1.52,sl,tenkan_momentum,0.01,2664.99,2666.51,2659.796709784444,2666.51,True,3.73,3.79,31,2.597,2.697
ichi,BUY,2025-01-10 03:30:00,2025-01-10 04:35:00,1.48,sl,tenkan_momentum,0.01,2671.7,2673.18,2667.8731715315557,2673.18,True,3.01,2.24,14,1.913,1.972
ichi,BUY,2025-01-10 07:15:00,2025-01-10 07:45:00,1.24,sl,kijun_pullback,0.01,2673.2999999999997,2674.54,2669.9967921050993,2674.54,True,2.56,0.37,7,1.652,1.689
ichi,BUY,2025-01-10 10:00:00,2025-01-10 10:10:00,0.05,sl,kijun_pullback,0.01,2676.3599999999997,2676.41,2671.7827275424684,2676.41,True,2.52,0.73,3,2.289,2.326
ichi,BUY,2025-01-10 12:15:00,2025-01-10 14:35:00,-5.4,sl,tenkan_momentum,0.01,2680.8599999999997,2675.4582188664917,2675.4582188664917,2675.4582188664917,False,2.22,5.74,29,2.701,2.744
ichi,SELL,2025-01-14 11:45:00,2025-01-14 14:20:00,-5.43,sl,kijun_pullback,0.01,2665.4,2670.8273805228087,2670.8273805228087,2670.8273805228087,False,0.76,6.47,32,2.714,2.835
ichi,BUY,2025-01-15 15:15:00,2025-01-15 15:35:00,1.78,gap,kijun_pullback,0.01,2686.1099999999997,2687.89,2681.0599700841994,2691.26,True,7.17,3.96,5,2.525,2.715
ichi,BUY,2025-01-16 02:30:00,2025-01-16 03:35:00,3.51,sl,kijun_pullback,0.01,2696.4399999999996,2699.95,2690.9277751707978,2699.95,True,5.71,1.87,14,2.756,2.935
ichi,BUY,2025-01-20 11:30:00,2025-01-20 13:15:00,3.59,sl,kijun_pullback,0.01,2706.75,2710.34,2701.174677418643,2710.34,True,5.82,2.12,22,2.788,2.914
ichi,BUY,2025-01-22 01:30:00,2025-01-22 02:15:00,0.05,sl,kijun_pullback,0.01,2742.7599999999998,2742.81,2737.949895694686,2742.81,True,2.58,0.79,10,2.405,2.468
ichi,BUY,2025-01-22 05:00:00,2025-01-22 07:05:00,1.83,sl,tenkan_momentum,0.01,2749.1299999999997,2750.96,2744.3362248461185,2750.96,True,3.85,1.25,26,2.397,2.459
ichi,BUY,2025-01-23 08:30:00,2025-01-23 11:20:00,-3.88,sl,tenkan_momentum,0.01,2755.06,2751.180020288662,2751.180020288662,2751.180020288662,False,0.1,9.39,35,1.94,1.972
ichi,BUY,2025-01-24 02:15:00,2025-01-24 03:00:00,2.32,sl,kijun_pullback,0.01,2757.0099999999998,2759.33,2752.6225879330323,2759.33,True,4.07,1.17,10,2.194,2.275
ichi,BUY,2025-01-24 11:00:00,2025-01-24 11:35:00,0.87,gap,kijun_pullback,0.01,2773.45,2774.32,2768.075767524331,2775.61,True,4.31,2.07,8,2.687,2.753
ichi,BUY,2025-01-24 14:00:00,2025-01-24 15:25:00,4.6,sl,kijun_pullback,0.01,2776.74,2781.34,2771.221513890182,2781.34,True,6.81,0.58,18,2.759,2.814
ichi,SELL,2025-01-28 10:00:00,2025-01-28 10:40:00,2.33,sl,kijun_pullback,0.01,2739.13,2736.8,2743.593875977481,2736.8,True,4.12,0.91,9,2.232,2.224
ichi,BUY,2025-01-29 04:15:00,2025-01-29 06:05:00,-3.25,sl,kijun_pullback,0.01,2765.35,2762.102766585358,2762.102766585358,2762.102766585358,False,0.28,3.73,23,1.624,1.6
ichi,BUY,2025-01-29 11:15:00,2025-01-29 12:40:00,-4.19,sl,kijun_pullback,0.01,2762.25,2758.0577861882166,2758.0577861882166,2758.0577861882166,False,1.99,4.74,18,2.096,2.099
ichi,BUY,2025-01-30 08:15:00,2025-01-30 09:05:00,3.95,sl,kijun_pullback,0.01,2761.5899999999997,2765.54,2757.9538977328134,2765.54,True,5.41,0.99,11,1.818,1.859
ichi,BUY,2025-01-31 07:00:00,2025-01-31 09:35:00,3.6,sl,kijun_pullback,0.01,2795.8999999999996,2799.5,2791.7735268468855,2799.5,True,5.25,3.72,32,2.063,2.068
ichi,BUY,2025-01-31 09:40:00,2025-01-31 10:20:00,-4.91,sl,kijun_pullback,0.01,2799.7799999999997,2794.8719974139904,2794.8719974139904,2794.8719974139904,False,0.57,5.55,9,2.454,2.416
ichi,BUY,2025-02-05 02:30:00,2025-02-05 02:40:00,2.86,gap,kijun_pullback,0.01,2843.1,2845.96,2838.2109511861418,2846.32,True,5.18,0.3,3,2.445,2.467
ichi,BUY,2025-02-07 10:15:00,2025-02-07 11:10:00,2.67,sl,kijun_pullback,0.01,2865.68,2868.35,2860.448957330043,2868.35,True,4.97,2.38,12,2.616,2.602
ichi,BUY,2025-02-14 13:15:00,2025-02-14 13:45:00,-6.02,sl,kijun_pullback,0.01,2935.47,2929.4521816341644,2929.4521816341644,2929.4521816341644,False,0.9,6.2,7,3.009,2.954
ichi,SELL,2025-02-18 03:15:00,2025-02-18 03:35:00,2.62,sl,kijun_pullback,0.01,2896.6,2893.98,2900.9790824496786,2893.98,True,4.42,1.89,5,2.19,2.215
ichi,BUY,2025-02-18 11:45:00,2025-02-18 14:10:00,0.05,sl,kijun_pullback,0.01,2912.22,2912.27,2906.738085736008,2912.27,True,2.89,5.27,30,2.741,2.736
ichi,BUY,2025-02-19 09:15:00,2025-02-19 10:45:00,3.31,sl,tenkan_momentum,0.01,2934.3999999999996,2937.71,2928.6942429788073,2937.71,True,5.68,2.09,19,2.853,2.847
ichi,BUY,2025-02-20 04:30:00,2025-02-20 05:35:00,3.16,sl,tenkan_momentum,0.01,2938.47,2941.63,2932.466585876454,2941.63,True,5.58,2.42,14,3.002,2.947
ichi,BUY,2025-02-21 01:45:00,2025-02-21 03:25:00,4.91,sl,kijun_pullback,0.01,2942.4199999999996,2947.33,2936.7808389728725,2947.33,True,7.17,5.41,21,2.82,2.726
ichi,BUY,2025-02-25 04:15:00,2025-02-25 05:30:00,-5.59,sl,kijun_pullback,0.01,2950.16,2944.5726828200295,2944.5726828200295,2944.5726828200295,False,2.31,5.81,16,2.794,2.638
ichi,SELL,2025-03-10 07:30:00,2025-03-10 08:10:00,-5.77,sl,tenkan_momentum,0.01,2907.55,2913.3244291721494,2913.3244291721494,2913.3244291721494,False,0.28,5.9,9,2.887,2.801
ichi,BUY,2025-03-12 08:15:00,2025-03-12 08:35:00,-5.38,sl,kijun_pullback,0.01,2920.31,2914.9332754442667,2914.9332754442667,2914.9332754442667,False,0.57,7.36,5,2.688,2.683
ichi,BUY,2025-03-13 01:30:00,2025-03-13 03:20:00,3.96,sl,kijun_pullback,0.01,2935.33,2939.29,2929.668528246666,2939.29,True,6.22,0.32,23,2.831,2.903
ichi,BUY,2025-03-17 11:00:00,2025-03-17 11:45:00,7.33,tp,tenkan_momentum,0.01,2988.5899999999997,2995.9182237944356,2983.704517470376,2993.45,True,8.04,1.02,10,2.443,2.455
ichi,BUY,2025-03-18 02:30:00,2025-03-18 03:30:00,1.09,sl,tenkan_momentum,0.01,3002.5099999999998,3003.6,2998.4684972711293,3003.6,True,2.71,2.95,13,2.021,1.959
ichi,BUY,2025-03-18 04:00:00,2025-03-18 05:00:00,4.25,sl,kijun_pullback,0.01,3005.8399999999997,3010.09,3000.6539258614025,3010.09,True,6.32,2.97,13,2.593,2.5
ichi,BUY,2025-03-18 07:45:00,2025-03-18 08:20:00,0.05,sl,tenkan_momentum,0.01,3013.52,3013.57,3007.2952404850607,3013.57,True,3.64,2.55,8,3.112,2.941
ichi,BUY,2025-03-19 01:00:00,2025-03-19 02:00:00,-4.14,sl,kijun_pullback,0.01,3034.7599999999998,3030.6249206624966,3030.6249206624966,3030.6249206624966,False,0.41,4.24,13,2.068,1.953
ichi,SELL,2025-03-21 09:00:00,2025-03-21 13:45:00,-6.12,sl,kijun_pullback,0.01,3029.85,3035.970018743096,3035.970018743096,3035.970018743096,False,2.42,7.92,58,3.06,2.948
ichi,SELL,2025-03-26 03:30:00,2025-03-26 03:40:00,-4.14,sl,kijun_pullback,0.01,3018.6,3022.744426923312,3022.744426923312,3022.744426923312,False,0.23,4.22,3,2.072,2.057
ichi,BUY,2025-03-26 14:45:00,2025-03-26 15:15:00,-5.86,sl,tenkan_momentum,0.01,3029.04,3023.1816293463503,3023.1816293463503,3023.1816293463503,False,0.91,6.79,7,2.929,2.969
ichi,BUY,2025-03-27 04:15:00,2025-03-27 04:45:00,4.5,sl,tenkan_momentum,0.01,3026.3599999999997,3030.86,3021.4143781259586,3030.86,True,6.48,0.3,7,2.473,2.583
ichi,BUY,2025-03-28 02:15:00,2025-03-28 02:35:00,2.87,sl,kijun_pullback,0.01,3058.41,3061.28,3052.8896198234615,3061.28,True,5.08,0.35,5,2.76,2.817
ichi,SELL,2025-07-04 03:15:00,2025-07-04 10:25:00,-11.67,gap,tenkan_momentum,0.01,3326.15,3337.8199999999997,3331.614392262449,3331.614392262449,False,0.08,11.79,11,2.732,2.748
ichi,SELL,2025-07-18 08:45:00,2025-07-18 09:30:00,-5.52,sl,tenkan_momentum,0.01,3334.67,3340.19045916583,3340.19045916583,3340.19045916583,False,2.67,6.31,10,2.76,2.95
ichi,BUY,2025-07-30 04:15:00,2025-07-30 04:25:00,-0.03,gap,kijun_pullback,0.01,3330.47,3330.44,3325.035151539372,3330.52,True,2.86,1.51,3,2.717,2.992
ichi,BUY,2025-08-05 02:15:00,2025-08-05 04:10:00,1.6,sl,kijun_pullback,0.01,3378.9199999999996,3380.52,3374.1914975221025,3380.52,True,3.49,2.99,24,2.364,2.604
ichi,BUY,2025-08-05 04:30:00,2025-08-05 05:30:00,-4.92,sl,kijun_pullback,0.01,3380.18,3375.2586825438443,3375.2586825438443,3375.2586825438443,False,2.04,5.61,13,2.461,2.686
ichi,BUY,2025-08-06 03:45:00,2025-08-06 04:10:00,-4.84,sl,kijun_pullback,0.01,3382.9399999999996,3378.1026449737906,3378.1026449737906,3378.1026449737906,False,0.77,5.3,6,2.419,2.713
ichi,SELL,2025-08-19 02:30:00,2025-08-19 03:00:00,5.36,tp,kijun_pullback,0.01,3332.25,3326.889295655958,3335.823802896028,3335.823802896028,False,6.01,1.24,7,1.787,2.06
ichi,SELL,2025-08-20 04:15:00,2025-08-20 06:40:00,-5.08,sl,kijun_pullback,0.01,3313.36,3318.4361359867617,3318.4361359867617,3318.4361359867617,False,1.61,5.41,30,2.538,2.839
ichi,SELL,2025-08-22 10:45:00,2025-08-22 11:25:00,0.0,gap,kijun_pullback,0.01,3328.34,3328.3399999999997,3333.5431115704273,3328.29,True,2.77,2.38,9,2.602,2.995
ichi,BUY,2025-08-25 09:15:00,2025-08-25 12:00:00,-4.38,sl,tenkan_momentum,0.01,3367.83,3363.446738044732,3363.446738044732,3363.446738044732,False,1.96,4.42,34,2.192,2.523
