bot,side,entry_time,time,pnl,reason,layer,lot,entry_px,exit_px,sl_initial,sl_final,be_done,mfe,mae,bars_held,atr_entry,risk_pct
ichi,BUY,2021-09-27 10:15:00,2021-09-27 10:30:00,0.01,gap,kijun_pullback,0.01,1758.69,1758.7,1755.342821947913,1758.74,True,2.06,1.15,4,1.674,0.694
ichi,SELL,2021-09-28 04:15:00,2021-09-28 04:35:00,-4.54,sl,tenkan_momentum,0.02,1748.34,1750.6110093240602,1750.6110093240602,1750.6110093240602,False,0.2,6.28,5,1.136,0.941
ichi,SELL,2021-09-28 11:15:00,2021-09-28 12:45:00,1.63,sl,tenkan_momentum,0.01,1741.29,1739.66,1745.790371126092,1739.66,True,3.43,2.75,19,2.25,0.942
ichi,SELL,2021-09-28 16:45:00,2021-09-29 05:50:00,-8.51,sl,tenkan_momentum,0.01,1732.85,1741.361959438352,1741.361959438352,1741.361959438352,False,2.97,8.75,144,4.256,1.775
ichi,BUY,2021-09-29 15:00:00,2021-09-29 15:20:00,-3.62,sl,tenkan_momentum,0.01,1743.72,1740.0998935528548,1740.0998935528548,1740.0998935528548,False,0.0,5.1,5,1.81,0.768
ichi,SELL,2021-09-29 16:30:00,2021-09-29 17:15:00,7.33,tp,tenkan_momentum,0.01,1736.53,1729.202543540524,1741.414970972984,1731.9,True,8.91,4.12,10,2.442,1.045
ichi,SELL,2021-09-29 18:45:00,2021-09-29 20:40:00,6.52,sl,tenkan_momentum,0.01,1730.8,1724.28,1736.8758255126563,1724.28,True,8.95,0.83,24,3.038,1.28
ichi,BUY,2021-10-01 10:00:00,2021-10-01 10:50:00,-3.71,sl,tenkan_momentum,0.01,1755.96,1752.2498198366027,1752.2498198366027,1752.2498198366027,False,1.28,3.9,11,1.855,0.771
ichi,BUY,2021-10-01 16:15:00,2021-10-01 17:25:00,1.37,gap,kijun_pullback,0.01,1757.25,1758.62,1751.8992294178038,1758.95,True,3.84,4.53,15,2.675,1.12
ichi,BUY,2021-10-01 18:00:00,2021-10-01 20:10:00,0.05,sl,kijun_pullback,0.01,1758.8600000000001,1758.91,1752.113951578158,1758.91,True,3.97,3.04,27,3.373,1.408
ichi,SELL,2021-10-06 08:30:00,2021-10-06 09:00:00,0.99,sl,tenkan_momentum,0.01,1753.47,1752.48,1756.397229420458,1752.48,True,2.75,0.3,7,1.464,0.611
ichi,SELL,2021-10-06 10:00:00,2021-10-06 10:15:00,2.97,sl,tenkan_momentum,0.01,1752.39,1749.42,1756.4173094320463,1749.42,True,4.58,0.9,4,2.014,0.839
ichi,BUY,2021-10-06 17:00:00,2021-10-06 17:55:00,2.9,sl,tenkan_momentum,0.01,1758.93,1761.83,1752.7879673200355,1761.83,True,5.36,1.58,12,3.071,1.272
ichi,BUY,2021-10-06 18:30:00,2021-10-06 20:25:00,2.53,sl,kijun_pullback,0.01,1758.66,1761.19,1752.253887613002,1761.19,True,5.09,0.38,24,3.203,1.318
ichi,BUY,2021-10-07 02:30:00,2021-10-07 04:10:00,-4.86,sl,kijun_pullback,0.02,1763.8700000000001,1761.4400159887598,1761.4400159887598,1761.4400159887598,False,0.62,5.04,21,1.215,0.995
ichi,SELL,2021-10-07 18:00:00,2021-10-08 04:00:00,0.05,sl,tenkan_momentum,0.01,1756.63,1756.58,1762.188430889857,1756.58,True,2.98,3.55,107,2.779,1.149
ichi,BUY,2021-10-08 15:45:00,2021-10-08 16:30:00,3.58,sl,kijun_pullback,0.01,1774.8700000000001,1778.45,1768.5723711513122,1778.45,True,6.4,4.44,10,3.149,1.302
ichi,SELL,2021-10-11 01:30:00,2021-10-11 03:05:00,-4.17,sl,tenkan_momentum,0.01,1752.83,1757.0013738012335,1757.0013738012335,1757.0013738012335,False,1.48,5.21,20,2.086,0.856
ichi,SELL,2021-10-11 08:45:00,2021-10-11 10:05:00,0.05,sl,tenkan_momentum,0.01,1755.48,1755.43,1758.697426236208,1755.43,True,1.72,2.09,17,1.609,0.666
ichi,SELL,2021-10-11 11:30:00,2021-10-11 12:40:00,0.94,sl,tenkan_momentum,0.01,1754.81,1753.87,1758.234424622878,1753.87,True,2.31,0.81,15,1.712,0.709
ichi,SELL,2021-10-12 04:00:00,2021-10-12 04:10:00,-2.79,sl,tenkan_momentum,0.01,1752.0,1754.793970741101,1754.793970741101,1754.793970741101,False,1.0,4.12,3,1.397,0.577
ichi,BUY,2021-10-12 14:30:00,2021-10-12 15:20:00,-3.63,sl,tenkan_momentum,0.01,1763.96,1760.3270720512542,1760.3270720512542,1760.3270720512542,False,0.66,4.25,11,1.816,0.755
ichi,BUY,2021-10-12 17:00:00,2021-10-12 18:15:00,-6.62,sl,kijun_pullback,0.01,1768.52,1761.9015370164166,1761.9015370164166,1761.9015370164166,False,0.79,6.74,16,3.309,1.386
ichi,BUY,2021-10-13 05:00:00,2021-10-13 09:55:00,0.1,sl,tenkan_momentum,0.02,1762.43,1762.48,1760.1240184623377,1762.48,True,2.68,4.38,60,1.153,0.979
ichi,BUY,2021-10-13 10:15:00,2021-10-13 10:45:00,2.05,sl,kijun_pullback,0.01,1762.73,1764.78,1760.3010706590771,1764.78,True,3.02,0.41,7,1.214,0.516
ichi,BUY,2021-10-13 16:45:00,2021-10-13 17:15:00,3.41,gap,kijun_pullback,0.01,1779.16,1782.57,1770.785560303569,1783.65,True,7.84,1.01,7,4.187,1.77
ichi,BUY,2021-10-14 01:45:00,2021-10-14 04:50:00,-3.57,sl,kijun_pullback,0.01,1793.7,1790.1282075064184,1790.1282075064184,1790.1282075064184,False,0.11,4.62,38,1.786,0.75
ichi,BUY,2021-10-14 10:45:00,2021-10-14 11:40:00,2.14,gap,kijun_pullback,0.01,1794.06,1796.2,1790.8267522468461,1796.26,True,3.49,1.26,12,1.617,0.684
ichi,BUY,2021-10-14 15:30:00,2021-10-14 15:50:00,1.12,sl,kijun_pullback,0.01,1796.9,1798.02,1792.6286980392822,1798.02,True,2.83,0.87,5,2.136,0.899
ichi,BUY,2021-10-14 17:15:00,2021-10-15 08:15:00,-5.18,sl,kijun_pullback,0.01,1798.24,1793.0584234790806,1793.0584234790806,1793.0584234790806,False,1.14,5.56,167,2.591,1.088
ichi,SELL,2021-10-18 10:00:00,2021-10-18 11:30:00,1.59,sl,tenkan_momentum,0.01,1764.58,1762.99,1768.4760240332455,1762.99,True,3.15,2.63,19,1.948,0.827
ichi,SELL,2021-10-18 12:00:00,2021-10-18 15:05:00,-4.8,sl,tenkan_momentum,0.01,1762.75,1767.5480303924903,1767.5480303924903,1767.5480303924903,False,2.24,4.93,38,2.399,1.015
ichi,BUY,2021-10-19 12:45:00,2021-10-19 14:05:00,-3.2,sl,kijun_pullback,0.01,1780.3400000000001,1777.1369651436544,1777.1369651436544,1777.1369651436544,False,0.0,4.24,17,1.602,0.685
ichi,BUY,2021-10-19 14:45:00,2021-10-19 15:20:00,2.11,sl,tenkan_momentum,0.01,1780.98,1783.09,1777.4731288100195,1783.09,True,3.51,2.92,8,1.753,0.755
ichi,BUY,2021-10-19 16:30:00,2021-10-19 17:15:00,-5.56,sl,kijun_pullback,0.01,1781.14,1775.584054093285,1775.584054093285,1775.584054093285,False,0.0,8.81,10,2.778,1.19
ichi,SELL,2021-10-20 03:30:00,2021-10-20 04:00:00,-4.5,sl,tenkan_momentum,0.02,1767.39,1769.6389294909225,1769.6389294909225,1769.6389294909225,False,0.58,5.68,7,1.124,0.975
ichi,BUY,2021-10-20 15:15:00,2021-10-20 15:40:00,2.21,sl,kijun_pullback,0.01,1783.8400000000001,1786.05,1780.0452715036572,1786.05,True,4.6,2.44,6,1.897,0.831
ichi,BUY,2021-10-20 17:30:00,2021-10-20 20:00:00,1.81,sl,kijun_pullback,0.01,1782.18,1783.99,1775.972676703659,1783.99,True,5.34,0.82,31,3.104,1.353
ichi,BUY,2021-10-21 06:30:00,2021-10-21 08:30:00,-3.17,sl,tenkan_momentum,0.01,1786.7,1783.5322198306876,1783.5322198306876,1783.5322198306876,False,0.0,3.38,25,1.584,0.688
ichi,BUY,2021-10-22 09:30:00,2021-10-22 09:40:00,4.3,tp,tenkan_momentum,0.01,1788.46,1792.760460367676,1785.5930264215494,1790.68,True,4.32,0.2,3,1.433,0.627
ichi,BUY,2021-10-22 15:15:00,2021-10-22 15:25:00,3.28,gap,tenkan_momentum,0.01,1793.93,1797.21,1789.8677991548097,1797.4,True,5.94,0.74,3,2.031,0.88
ichi,BUY,2021-10-25 10:30:00,2021-10-25 11:25:00,1.13,sl,tenkan_momentum,0.01,1799.16,1800.29,1795.3459038564354,1800.29,True,2.66,2.3,12,1.907,0.82
ichi,BUY,2021-10-25 15:45:00,2021-10-25 16:35:00,0.05,sl,tenkan_momentum,0.01,1803.5,1803.55,1799.659226023585,1803.55,True,3.05,1.83,11,1.92,0.824
ichi,BUY,2021-10-25 18:00:00,2021-10-26 07:20:00,-4.69,sl,tenkan_momentum,0.01,1807.25,1802.5570157525767,1802.5570157525767,1802.5570157525767,False,1.48,5.11,147,2.346,1.006
ichi,SELL,2021-10-26 16:30:00,2021-10-26 16:40:00,3.09,gap,tenkan_momentum,0.01,1796.02,1792.93,1801.7969904936667,1791.84,True,6.49,0.26,3,2.888,1.251
ichi,SELL,2021-10-27 10:15:00,2021-10-27 10:25:00,1.06,sl,tenkan_momentum,0.01,1788.47,1787.41,1791.7522806670981,1787.41,True,2.52,0.29,3,1.641,0.706
ichi,SELL,2021-10-27 12:30:00,2021-10-27 13:40:00,-3.93,sl,tenkan_momentum,0.01,1785.47,1789.3956897429498,1789.3956897429498,1789.3956897429498,False,1.45,4.45,15,1.963,0.843
ichi,BUY,2021-10-28 02:30:00,2021-10-28 03:50:00,-2.72,sl,kijun_pullback,0.01,1797.2,1794.4845061779458,1794.4845061779458,1794.4845061779458,False,0.0,2.85,17,1.358,0.588
ichi,BUY,2021-10-28 05:15:00,2021-10-28 05:45:00,2.27,sl,kijun_pullback,0.01,1799.68,1801.95,1796.5031183418962,1801.95,True,3.54,0.59,7,1.588,0.692
ichi,BUY,2021-10-28 11:15:00,2021-10-28 12:10:00,-3.21,sl,tenkan_momentum,0.01,1803.02,1799.8071300085476,1799.8071300085476,1799.8071300085476,False,0.19,3.97,12,1.606,0.696
ichi,BUY,2021-10-28 16:15:00,2021-10-28 16:35:00,1.93,gap,tenkan_momentum,0.01,1804.57,1806.5,1798.3776880166602,1807.9,True,5.81,3.75,5,3.096,1.351
ichi,SELL,2021-10-29 09:45:00,2021-10-29 10:00:00,0.05,sl,tenkan_momentum,0.01,1795.14,1795.09,1798.5471292244954,1795.09,True,1.93,0.49,4,1.704,0.74
ichi,BUY,2021-11-02 11:00:00,2021-11-02 12:30:00,-3.1,sl,kijun_pullback,0.01,1794.97,1791.8691846252311,1791.8691846252311,1791.8691846252311,False,0.67,3.57,19,1.55,0.674
ichi,BUY,2021-11-02 12:35:00,2021-11-02 13:45:00,-3.22,sl,kijun_pullback,0.01,1792.1000000000001,1788.8778494507135,1788.8778494507135,1788.8778494507135,False,1.26,3.76,15,1.611,0.705
ichi,SELL,2021-11-02 16:15:00,2021-11-03 02:35:00,3.48,gap,tenkan_momentum,0.01,1788.5,1785.02,1793.7749183773547,1784.83,True,5.78,4.92,111,2.637,1.162
ichi,SELL,2021-11-03 03:15:00,2021-11-03 04:15:00,2.4,sl,tenkan_momentum,0.01,1784.76,1782.36,1787.7012493942198,1782.36,True,3.58,1.05,13,1.471,0.643
ichi,SELL,2021-11-03 08:45:00,2021-11-03 10:25:00,-3.06,sl,tenkan_momentum,0.01,1780.16,1783.2209972536887,1783.2209972536887,1783.2209972536887,False,0.47,3.53,21,1.53,0.666
ichi,BUY,2021-11-04 21:00:00,2021-11-05 03:50:00,0.97,sl,kijun_pullback,0.01,1792.7,1793.67,1788.9304544659412,1793.67,True,2.69,2.63,69,1.885,0.825
ichi,BUY,2021-11-05 07:45:00,2021-11-05 09:10:00,0.91,sl,tenkan_momentum,0.01,1795.92,1796.83,1793.3057105854687,1796.83,True,1.96,1.02,18,1.307,0.571
ichi,BUY,2021-11-05 10:15:00,2021-11-05 10:30:00,1.58,gap,kijun_pullback,0.01,1796.9,1798.48,1793.7185921255682,1798.87,True,3.24,0.28,4,1.591,0.694
ichi,BUY,2021-11-05 15:30:00,2021-11-05 17:45:00,6.89,sl,kijun_pullback,0.01,1802.0,1808.89,1794.7914486460925,1808.89,True,9.77,6.21,28,3.604,1.567
ichi,BUY,2021-11-08 03:15:00,2021-11-08 10:50:00,-4.69,sl,kijun_pullback,0.01,1819.24,1814.5519861916848,1814.5519861916848,1814.5519861916848,False,2.24,5.19,92,2.344,1.004
ichi,BUY,2021-11-08 15:30:00,2021-11-08 15:35:00,-4.99,sl,kijun_pullback,0.01,1823.82,1818.8334491436706,1818.8334491436706,1818.8334491436706,False,0.09,5.82,2,2.493,1.079
ichi,BUY,2021-11-08 18:15:00,2021-11-08 22:45:00,1.67,sl,kijun_pullback,0.01,1822.71,1824.38,1817.5530041714194,1824.38,True,3.73,0.27,55,2.578,1.128
ichi,BUY,2021-11-09 01:45:00,2021-11-09 03:25:00,1.26,sl,kijun_pullback,0.01,1825.01,1826.27,1822.6965744618137,1826.27,True,2.19,1.59,21,1.157,0.504
ichi,BUY,2021-11-09 03:30:00,2021-11-09 03:40:00,-2.58,sl,kijun_pullback,0.01,1826.22,1823.6382701898315,1823.6382701898315,1823.6382701898315,False,0.0,2.78,3,1.291,0.561
ichi,BUY,2021-11-09 15:15:00,2021-11-09 15:35:00,-0.1,gap,tenkan_momentum,0.01,1826.49,1826.39,1822.134336349547,1828.14,True,3.39,2.61,5,2.178,0.952
ichi,BUY,2021-11-09 16:45:00,2021-11-09 17:05:00,-5.43,sl,kijun_pullback,0.01,1828.5800000000002,1823.1544823201618,1823.1544823201618,1823.1544823201618,False,1.08,8.23,5,2.713,1.186
ichi,BUY,2021-11-10 02:00:00,2021-11-10 04:50:00,-2.97,sl,kijun_pullback,0.01,1830.0900000000001,1827.1162377831197,1827.1162377831197,1827.1162377831197,False,0.94,3.0,35,1.487,0.658
ichi,BUY,2021-11-10 15:45:00,2021-11-10 16:35:00,11.03,tp,kijun_pullback,0.01,1851.27,1862.299645077211,1843.9169032818593,1859.14,True,15.64,5.85,11,3.677,1.637
ichi,BUY,2021-11-11 15:45:00,2021-11-11 16:00:00,0.05,sl,kijun_pullback,0.01,1862.64,1862.69,1856.9213475058675,1862.69,True,3.36,0.91,4,2.859,1.243
ichi,BUY,2021-11-11 17:15:00,2021-11-12 04:35:00,-6.09,sl,tenkan_momentum,0.01,1862.56,1856.4654213610836,1856.4654213610836,1856.4654213610836,False,1.17,6.77,123,3.047,1.324
ichi,BUY,2021-11-12 16:15:00,2021-11-12 17:10:00,4.32,sl,tenkan_momentum,0.01,1856.67,1860.99,1851.5600155178217,1860.99,True,6.39,1.34,12,2.555,1.125
ichi,BUY,2021-11-15 02:00:00,2021-11-15 03:15:00,-3.55,sl,kijun_pullback,0.01,1865.64,1862.08923246708,1862.08923246708,1862.08923246708,False,0.36,4.66,16,1.775,0.774
ichi,BUY,2021-11-15 13:00:00,2021-11-15 15:15:00,3.27,sl,tenkan_momentum,0.01,1863.3700000000001,1866.64,1859.7627103116085,1866.64,True,6.93,2.78,28,1.804,0.793
ichi,BUY,2021-11-15 15:45:00,2021-11-15 16:40:00,-4.93,sl,kijun_pullback,0.01,1865.22,1860.290008304159,1860.290008304159,1860.290008304159,False,0.27,5.19,12,2.465,1.076
ichi,BUY,2021-11-16 06:00:00,2021-11-16 06:35:00,-3.18,sl,tenkan_momentum,0.01,1867.23,1864.0528839163521,1864.0528839163521,1864.0528839163521,False,0.35,3.23,8,1.589,0.701
ichi,BUY,2021-11-16 11:00:00,2021-11-16 11:20:00,0.05,sl,kijun_pullback,0.01,1872.28,1872.33,1867.7081566186432,1872.33,True,2.57,1.72,5,2.286,1.016
ichi,BUY,2021-11-16 15:45:00,2021-11-16 15:55:00,-6.0,sl,kijun_pullback,0.01,1871.99,1865.9867592879314,1865.9867592879314,1865.9867592879314,False,2.16,6.56,3,3.002,1.334
ichi,BUY,2021-11-17 15:30:00,2021-11-17 16:40:00,1.18,sl,tenkan_momentum,0.01,1863.78,1864.96,1859.4082332084533,1864.96,True,2.93,3.74,15,2.186,0.984
ichi,BUY,2021-11-17 18:30:00,2021-11-17 21:00:00,0.05,sl,tenkan_momentum,0.01,1865.16,1865.21,1860.1924423830558,1865.21,True,2.87,2.11,31,2.484,1.115
ichi,BUY,2021-11-18 04:15:00,2021-11-18 04:45:00,-3.09,sl,tenkan_momentum,0.01,1869.16,1866.069293011097,1866.069293011097,1866.069293011097,False,0.8,3.69,7,1.545,0.694
ichi,SELL,2021-11-19 09:00:00,2021-11-19 09:20:00,0.05,sl,tenkan_momentum,0.01,1859.13,1859.08,1861.7971334665315,1859.08,True,1.87,0.2,5,1.334,0.603
ichi,SELL,2021-11-22 09:30:00,2021-11-22 09:45:00,0.05,sl,tenkan_momentum,0.01,1843.92,1843.87,1847.6513381736756,1843.87,True,2.04,0.2,4,1.866,0.844
ichi,SELL,2021-11-22 12:30:00,2021-11-22 12:45:00,2.71,sl,tenkan_momentum,0.01,1841.99,1839.28,1846.3885679178904,1839.28,True,4.47,0.21,4,2.199,0.994
ichi,SELL,2021-11-22 14:15:00,2021-11-22 15:35:00,1.72,sl,tenkan_momentum,0.01,1840.1,1838.38,1844.7977384536177,1838.38,True,4.97,2.84,17,2.349,1.055
ichi,SELL,2021-11-22 16:00:00,2021-11-22 16:10:00,6.19,sl,tenkan_momentum,0.01,1837.96,1831.77,1844.7981565126456,1831.77,True,9.77,0.86,3,3.419,1.53
ichi,SELL,2021-11-23 10:15:00,2021-11-23 10:55:00,6.77,tp,tenkan_momentum,0.01,1806.12,1799.3458455832208,1810.6361029445193,1803.48,True,7.06,1.51,9,2.258,0.997
ichi,SELL,2021-11-23 17:15:00,2021-11-23 18:30:00,2.32,sl,tenkan_momentum,0.01,1787.56,1785.24,1794.9876414381201,1785.24,True,5.29,1.59,16,3.714,1.615
ichi,SELL,2021-11-24 12:15:00,2021-11-24 13:10:00,2.05,sl,tenkan_momentum,0.01,1789.79,1787.74,1793.8610197477904,1787.74,True,3.99,1.7,12,2.036,0.881
ichi,SELL,2021-11-24 13:45:00,2021-11-24 15:00:00,2.75,sl,tenkan_momentum,0.01,1788.91,1786.16,1793.1501088616633,1786.16,True,4.45,0.39,16,2.12,0.914
ichi,SELL,2021-11-24 16:00:00,2021-11-24 16:15:00,2.25,gap,tenkan_momentum,0.01,1784.64,1782.39,1790.5834701249792,1781.12,True,5.9,1.41,4,2.972,1.273
ichi,BUY,2021-11-26 11:00:00,2021-11-26 11:30:00,2.83,sl,kijun_pullback,0.01,1803.01,1805.84,1797.0385572689772,1805.84,True,5.22,1.0,7,2.986,1.273
ichi,SELL,2021-11-29 14:30:00,2021-11-29 16:05:00,2.93,sl,tenkan_momentum,0.01,1791.23,1788.3,1795.6808623215004,1788.3,True,4.71,3.11,20,2.225,0.943
ichi,BUY,2021-11-30 11:15:00,2021-11-30 12:00:00,3.84,sl,kijun_pullback,0.01,1792.79,1796.63,1788.1149439105725,1796.63,True,5.71,0.54,10,2.338,0.984
ichi,BUY,2021-11-30 17:00:00,2021-11-30 17:20:00,3.6,sl,kijun_pullback,0.01,1802.57,1806.17,1796.1427534115996,1806.17,True,6.17,0.35,5,3.214,1.343
ichi,BUY,2021-12-01 08:45:00,2021-12-01 10:05:00,-5.38,sl,tenkan_momentum,0.01,1788.15,1782.7725483396582,1782.7725483396582,1782.7725483396582,False,1.06,5.73,17,2.689,1.115
ichi,BUY,2021-12-01 15:30:00,2021-12-01 17:10:00,1.7,sl,tenkan_momentum,0.01,1788.18,1789.88,1782.306100152075,1789.88,True,4.05,5.0,21,2.937,1.231
ichi,BUY,2021-12-06 03:00:00,2021-12-06 05:00:00,2.66,sl,kijun_pullback,0.01,1783.49,1786.15,1779.5811524873802,1786.15,True,4.22,1.37,25,1.954,0.817
ichi,SELL,2021-12-06 18:00:00,2021-12-06 18:45:00,-4.85,sl,tenkan_momentum,0.01,1778.32,1783.1652185466303,1783.1652185466303,1783.1652185466303,False,0.41,4.97,10,2.423,1.007
ichi,BUY,2021-12-08 03:30:00,2021-12-08 04:10:00,3.75,tp,kijun_pullback,0.01,1785.64,1789.3926802139342,1783.1382131907105,1788.23,True,4.03,0.66,9,1.251,0.525
ichi,BUY,2021-12-08 09:30:00,2021-12-08 09:50:00,0.9,sl,tenkan_momentum,0.01,1789.53,1790.43,1786.7057303718884,1790.43,True,2.03,0.21,5,1.412,0.588
ichi,BUY,2021-12-08 12:45:00,2021-12-08 13:15:00,-3.17,sl,kijun_pullback,0.01,1792.27,1789.0953671931393,1789.0953671931393,1789.0953671931393,False,0.35,3.41,7,1.587,0.66
ichi,SELL,2021-12-08 17:30:00,2021-12-08 22:15:00,-5.02,sl,tenkan_momentum,0.01,1781.88,1786.9030541095506,1786.9030541095506,1786.9030541095506,False,1.43,5.04,58,2.512,1.051
ichi,BUY,2021-12-09 10:30:00,2021-12-09 11:35:00,-3.1,sl,kijun_pullback,0.01,1785.44,1782.3395415563682,1782.3395415563682,1782.3395415563682,False,0.51,3.17,14,1.55,0.656
ichi,SELL,2021-12-09 13:00:00,2021-12-09 14:15:00,4.84,tp,tenkan_momentum,0.01,1782.96,1778.124736552768,1786.1835089648214,1780.24,True,6.18,1.25,16,1.612,0.686
ichi,SELL,2021-12-09 16:45:00,2021-12-09 20:45:00,0.05,sl,tenkan_momentum,0.01,1777.17,1777.12,1783.1598357434434,1777.12,True,3.7,3.94,49,2.995,1.262
ichi,SELL,2021-12-10 08:15:00,2021-12-10 08:25:00,1.44,gap,tenkan_momentum,0.01,1774.42,1772.98,1777.2412652935716,1772.82,True,2.73,0.3,3,1.411,0.594
ichi,BUY,2021-12-10 17:15:00,2021-12-10 19:00:00,2.27,sl,tenkan_momentum,0.01,1781.77,1784.04,1775.729640096725,1784.04,True,4.69,1.05,22,3.02,1.269
ichi,BUY,2021-12-13 01:30:00,2021-12-13 03:50:00,1.25,sl,kijun_pullback,0.01,1784.56,1785.81,1782.1553310005736,1785.81,True,2.29,2.05,29,1.202,0.503
ichi,BUY,2021-12-13 07:30:00,2021-12-13 08:15:00,-4.37,sl,kijun_pullback,0.02,1786.43,1784.242635909349,1784.242635909349,1784.242635909349,False,0.0,4.52,10,1.094,0.912
ichi,BUY,2021-12-13 09:30:00,2021-12-13 10:45:00,0.9,sl,kijun_pullback,0.01,1785.88,1786.78,1783.4906413913288,1786.78,True,1.95,0.74,16,1.195,0.503
ichi,BUY,2021-12-13 12:15:00,2021-12-13 14:15:00,0.85,sl,tenkan_momentum,0.01,1786.57,1787.42,1783.8775694771837,1787.42,True,1.93,2.21,25,1.346,0.565
ichi,BUY,2021-12-14 04:00:00,2021-12-14 05:10:00,-4.71,sl,kijun_pullback,0.02,1788.57,1786.213023608869,1786.213023608869,1786.213023608869,False,1.92,5.22,15,1.178,0.988
ichi,BUY,2021-12-14 09:00:00,2021-12-14 09:35:00,-4.05,sl,kijun_pullback,0.02,1788.24,1786.2142964457955,1786.2142964457955,1786.2142964457955,False,0.32,4.7,8,1.013,0.858
ichi,SELL,2021-12-14 12:30:00,2021-12-14 15:25:00,2.26,gap,tenkan_momentum,0.01,1783.6,1781.3400000000001,1786.377008580431,1781.02,True,4.42,2.33,36,1.389,0.593
ichi,SELL,2021-12-14 17:15:00,2021-12-15 02:45:00,0.05,sl,tenkan_momentum,0.01,1773.57,1773.52,1779.4446918761869,1773.52,True,3.07,3.18,101,2.937,1.248
ichi,SELL,2021-12-15 05:30:00,2021-12-15 07:45:00,0.1,sl,tenkan_momentum,0.02,1769.84,1769.79,1772.1212421303221,1769.79,True,2.88,3.22,28,1.141,0.969
ichi,BUY,2021-12-16 10:45:00,2021-12-16 13:25:00,1.21,sl,tenkan_momentum,0.01,1785.99,1787.2,1783.0099236563171,1787.2,True,2.4,1.27,33,1.49,0.633
ichi,BUY,2021-12-16 14:00:00,2021-12-16 14:00:00,-3.16,sl,tenkan_momentum,0.01,1787.5800000000002,1784.423867935521,1784.423867935521,1784.423867935521,False,0.0,3.37,1,1.578,0.669
ichi,BUY,2021-12-16 15:45:00,2021-12-16 16:15:00,2.35,sl,kijun_pullback,0.01,1786.66,1789.01,1782.0454744257224,1789.01,True,4.35,0.95,7,2.307,0.984
ichi,BUY,2021-12-17 07:30:00,2021-12-17 08:45:00,1.71,sl,tenkan_momentum,0.01,1803.53,1805.24,1800.5676878623808,1805.24,True,2.89,0.67,16,1.481,0.629
ichi,BUY,2021-12-17 12:30:00,2021-12-17 14:40:00,2.38,sl,tenkan_momentum,0.01,1808.3300000000002,1810.71,1805.136902877975,1810.71,True,3.66,2.4,27,1.597,0.675
ichi,BUY,2021-12-17 14:45:00,2021-12-17 15:35:00,0.93,sl,tenkan_momentum,0.01,1811.64,1812.57,1808.266086429425,1812.57,True,2.64,0.73,11,1.687,0.71
ichi,SELL,2021-12-20 16:00:00,2021-12-20 17:00:00,2.73,sl,tenkan_momentum,0.01,1796.35,1793.62,1800.5502834844806,1793.62,True,4.41,2.05,13,2.1,0.882
ichi,SELL,2021-12-20 17:30:00,2021-12-20 22:20:00,3.55,sl,tenkan_momentum,0.01,1794.5,1790.95,1799.48732516392,1790.95,True,5.54,1.96,59,2.494,1.041
ichi,SELL,2021-12-21 03:30:00,2021-12-21 07:30:00,-2.98,sl,tenkan_momentum,0.01,1789.97,1792.9537535464754,1792.9537535464754,1792.9537535464754,False,0.09,3.54,49,1.492,0.619
ichi,BUY,2021-12-21 16:00:00,2021-12-21 16:15:00,-3.58,sl,kijun_pullback,0.01,1798.1200000000001,1794.535174916057,1794.535174916057,1794.535174916057,False,0.28,3.75,4,1.792,0.748
ichi,SELL,2021-12-22 09:00:00,2021-12-22 10:00:00,0.1,sl,tenkan_momentum,0.02,1787.63,1787.58,1789.7232415001074,1787.58,True,2.68,1.72,13,1.047,0.88
ichi,SELL,2021-12-22 10:30:00,2021-12-22 12:05:00,-2.44,sl,tenkan_momentum,0.01,1786.84,1789.2838579312047,1789.2838579312047,1789.2838579312047,False,0.78,2.83,20,1.222,0.513
ichi,BUY,2021-12-23 05:00:00,2021-12-23 07:45:00,0.05,sl,tenkan_momentum,0.01,1806.9,1806.95,1804.2783928417753,1806.95,True,1.39,1.94,34,1.311,0.554
ichi,BUY,2021-12-23 08:15:00,2021-12-23 11:55:00,0.05,sl,kijun_pullback,0.01,1806.76,1806.81,1804.3781976820105,1806.81,True,1.27,1.97,45,1.191,0.503
ichi,BUY,2021-12-23 15:30:00,2021-12-23 15:40:00,0.05,sl,kijun_pullback,0.01,1808.3300000000002,1808.38,1805.3234211892882,1808.38,True,1.7,1.66,3,1.503,0.635
ichi,BUY,2021-12-27 01:15:00,2021-12-27 03:35:00,2.46,sl,kijun_pullback,0.01,1808.25,1810.71,1805.7992337418814,1810.71,True,3.44,1.69,29,1.225,0.517
ichi,BUY,2021-12-27 07:15:00,2021-12-27 09:30:00,-4.68,sl,tenkan_momentum,0.02,1810.77,1808.4281128330238,1808.4281128330238,1808.4281128330238,False,0.0,5.86,28,1.171,0.984
ichi,BUY,2021-12-28 15:30:00,2021-12-28 16:05:00,-2.8,sl,kijun_pullback,0.01,1818.92,1816.123603720328,1816.123603720328,1816.123603720328,False,1.26,7.47,8,1.398,0.593
ichi,SELL,2021-12-29 11:15:00,2021-12-29 12:25:00,3.61,tp,tenkan_momentum,0.01,1803.65,1800.0361945767431,1806.0592036155047,1801.24,True,4.82,0.95,15,1.205,0.514
ichi,BUY,2021-12-31 04:00:00,2021-12-31 05:25:00,1.09,sl,kijun_pullback,0.01,1816.66,1817.75,1814.0717657081186,1817.75,True,2.16,2.09,18,1.294,0.548
ichi,BUY,2021-12-31 10:45:00,2021-12-31 11:30:00,1.15,sl,tenkan_momentum,0.01,1817.97,1819.12,1815.4808336468375,1819.12,True,2.15,0.28,10,1.245,0.526
ichi,BUY,2021-12-31 15:15:00,2021-12-31 15:40:00,4.53,tp,kijun_pullback,0.01,1822.72,1827.2467851894012,1819.702143207066,1826.03,True,4.75,1.15,6,1.509,0.636
ichi,BUY,2021-12-31 18:45:00,2022-01-03 01:15:00,4.5,sl,kijun_pullback,0.01,1825.6000000000001,1830.1,1821.2991606336716,1830.1,True,6.22,0.95,30,2.15,0.898
ichi,BUY,2022-01-05 02:30:00,2022-01-05 04:05:00,0.1,sl,kijun_pullback,0.02,1814.25,1814.3,1811.9723145338314,1814.3,True,2.38,3.12,20,1.139,0.942
ichi,BUY,2022-01-05 05:15:00,2022-01-05 08:30:00,1.18,sl,kijun_pullback,0.02,1815.56,1816.15,1813.2674715471169,1816.15,True,3.02,2.7,40,1.146,0.948
ichi,BUY,2022-01-05 15:30:00,2022-01-05 15:45:00,4.22,sl,kijun_pullback,0.01,1821.3400000000001,1825.56,1816.7824896526708,1825.56,True,6.55,0.2,4,2.279,0.94
ichi,BUY,2022-01-05 17:30:00,2022-01-05 19:50:00,0.05,sl,kijun_pullback,0.01,1823.0,1823.05,1817.9159716097176,1823.05,True,2.58,2.57,29,2.542,1.04
ichi,SELL,2022-01-07 09:45:00,2022-01-07 10:25:00,0.05,sl,tenkan_momentum,0.01,1789.35,1789.3,1791.8574421345165,1789.3,True,1.33,1.08,9,1.254,0.513
ichi,SELL,2022-01-07 11:15:00,2022-01-07 11:40:00,-2.95,sl,tenkan_momentum,0.01,1789.69,1792.6431725888374,1792.6431725888374,1792.6431725888374,False,0.14,3.72,6,1.477,0.604
ichi,SELL,2022-01-10 10:15:00,2022-01-10 10:30:00,-3.02,sl,tenkan_momentum,0.01,1792.56,1795.5791251741643,1795.5791251741643,1795.5791251741643,False,0.2,3.23,4,1.51,0.621
ichi,BUY,2022-01-11 03:15:00,2022-01-11 05:35:00,1.54,sl,kijun_pullback,0.01,1804.96,1806.5,1801.9536893734078,1806.5,True,2.88,0.59,29,1.503,0.622
ichi,BUY,2022-01-11 10:30:00,2022-01-11 11:45:00,-2.8,sl,tenkan_momentum,0.01,1809.6200000000001,1806.8150733622836,1806.8150733622836,1806.8150733622836,False,0.61,3.08,16,1.402,0.579
ichi,BUY,2022-01-11 18:00:00,2022-01-11 19:00:00,2.66,sl,kijun_pullback,0.01,1811.92,1814.58,1806.4669261894267,1814.58,True,4.84,1.85,13,2.727,1.132
ichi,BUY,2022-01-12 15:45:00,2022-01-12 16:00:00,-4.03,sl,kijun_pullback,0.01,1823.93,1819.8984571124504,1819.8984571124504,1819.8984571124504,False,0.0,4.47,4,2.016,0.832
ichi,BUY,2022-01-12 17:15:00,2022-01-12 20:55:00,2.04,sl,tenkan_momentum,0.01,1824.06,1826.1,1819.495960819696,1826.1,True,3.87,3.94,45,2.282,0.95
ichi,BUY,2022-01-13 07:45:00,2022-01-13 07:55:00,-4.45,sl,tenkan_momentum,0.02,1827.92,1825.6937543674862,1825.6937543674862,1825.6937543674862,False,0.02,4.52,3,1.113,0.923
ichi,BUY,2022-01-14 03:15:00,2022-01-14 03:40:00,1.49,sl,kijun_pullback,0.01,1822.0,1823.49,1819.268118800148,1823.49,True,2.58,0.94,6,1.366,0.571
ichi,BUY,2022-01-17 12:00:00,2022-01-17 14:20:00,-4.22,sl,kijun_pullback,0.02,1821.71,1819.5997032863875,1819.5997032863875,1819.5997032863875,False,0.48,4.34,29,1.055,0.88
ichi,SELL,2022-01-17 17:15:00,2022-01-18 03:40:00,-4.71,sl,tenkan_momentum,0.02,1819.24,1821.5972317031624,1821.5972317031624,1821.5972317031624,False,1.82,5.42,83,1.179,0.992
ichi,BUY,2022-01-18 03:45:00,2022-01-18 05:15:00,0.1,sl,kijun_pullback,0.02,1821.8400000000001,1821.89,1820.0573930635974,1821.89,True,1.88,1.52,19,0.891,0.758
ichi,SELL,2022-01-19 04:00:00,2022-01-19 05:50:00,0.05,sl,tenkan_momentum,0.01,1812.24,1812.19,1815.1865662348814,1812.19,True,1.79,1.43,23,1.473,0.626
ichi,BUY,2022-01-19 17:15:00,2022-01-19 18:20:00,0.05,sl,kijun_pullback,0.01,1837.19,1837.24,1831.8980252531983,1837.24,True,3.06,1.54,14,2.646,1.124
ichi,BUY,2022-01-20 03:30:00,2022-01-20 04:15:00,-3.21,sl,kijun_pullback,0.01,1843.65,1840.440971947383,1840.440971947383,1840.440971947383,False,0.45,3.21,10,1.605,0.682
ichi,BUY,2022-01-20 15:30:00,2022-01-20 15:40:00,1.96,gap,kijun_pullback,0.01,1842.27,1844.23,1838.3578555194995,1844.84,True,4.65,0.32,3,1.956,0.837
ichi,BUY,2022-01-21 15:15:00,2022-01-21 16:25:00,4.02,sl,tenkan_momentum,0.01,1837.45,1841.47,1833.0172771010223,1841.47,True,5.79,0.61,15,2.216,0.944
ichi,BUY,2022-01-24 10:15:00,2022-01-24 11:15:00,2.44,gap,kijun_pullback,0.01,1840.3,1842.74,1837.189231667915,1843.14,True,4.08,0.65,13,1.555,0.657
ichi,BUY,2022-01-24 12:15:00,2022-01-24 12:30:00,-3.48,sl,kijun_pullback,0.01,1841.8600000000001,1838.378667545116,1838.378667545116,1838.378667545116,False,0.4,4.04,4,1.741,0.731
ichi,BUY,2022-01-25 06:45:00,2022-01-25 09:35:00,0.1,sl,kijun_pullback,0.02,1842.19,1842.24,1839.84483530638,1842.24,True,2.38,3.4,35,1.173,0.993
ichi,BUY,2022-01-25 15:30:00,2022-01-25 16:45:00,5.85,tp,tenkan_momentum,0.01,1841.32,1847.169608954126,1837.4202606972492,1837.4202606972492,False,11.28,1.98,16,1.95,0.825
ichi,BUY,2022-01-25 17:00:00,2022-01-25 17:00:00,-6.5,sl,kijun_pullback,0.01,1850.5800000000002,1844.0785748120243,1844.0785748120243,1844.0785748120243,False,0.74,7.51,1,3.251,1.359
ichi,BUY,2022-01-26 15:45:00,2022-01-26 16:00:00,-3.8,sl,kijun_pullback,0.01,1846.5,1842.6985941928467,1842.6985941928467,1842.6985941928467,False,0.69,4.76,4,1.901,0.805
ichi,SELL,2022-01-27 09:30:00,2022-01-27 10:20:00,0.05,sl,tenkan_momentum,0.01,1812.38,1812.33,1816.7475293512127,1812.33,True,2.63,1.32,11,2.184,0.933
ichi,SELL,2022-01-27 14:30:00,2022-01-27 14:50:00,2.19,gap,tenkan_momentum,0.01,1811.26,1809.07,1815.9712425148202,1809.04,True,4.1,0.79,5,2.356,1.006
ichi,SELL,2022-01-27 17:30:00,2022-01-27 18:25:00,4.53,sl,tenkan_momentum,0.01,1800.96,1796.43,1808.8892604534349,1796.43,True,8.48,0.25,12,3.965,1.685
ichi,SELL,2022-01-28 15:30:00,2022-01-28 16:30:00,1.61,gap,tenkan_momentum,0.01,1785.54,1783.93,1791.81221719867,1783.43,True,4.62,5.78,13,3.136,1.32
ichi,SELL,2022-01-31 09:30:00,2022-01-31 09:55:00,-2.6,sl,tenkan_momentum,0.01,1786.39,1788.9859050882076,1788.9859050882076,1788.9859050882076,False,0.0,3.1,6,1.298,0.545
ichi,BUY,2022-02-01 01:30:00,2022-02-01 07:45:00,4.62,tp,kijun_pullback,0.01,1798.07,1802.6941564914184,1794.987229005721,1801.19,True,4.96,2.3,76,1.541,0.65
ichi,BUY,2022-02-01 15:15:00,2022-02-01 15:30:00,-4.0,sl,kijun_pullback,0.01,1806.45,1802.450086512721,1802.450086512721,1802.450086512721,False,1.24,4.13,4,2.0,0.836
ichi,SELL,2022-02-02 09:30:00,2022-02-02 09:50:00,1.65,sl,tenkan_momentum,0.01,1797.45,1795.8,1799.9892986509124,1795.8,True,2.74,0.84,5,1.27,0.535
ichi,BUY,2022-02-02 17:15:00,2022-02-02 17:30:00,2.35,gap,kijun_pullback,0.01,1804.04,1806.39,1798.5737907793218,1808.46,True,6.61,0.24,4,2.733,1.148
ichi,BUY,2022-02-03 04:00:00,2022-02-03 04:25:00,-4.35,sl,tenkan_momentum,0.02,1808.77,1806.5939999652087,1806.5939999652087,1806.5939999652087,False,0.32,4.58,6,1.088,0.909
ichi,BUY,2022-02-04 02:00:00,2022-02-04 04:50:00,0.05,sl,kijun_pullback,0.01,1806.0,1806.05,1803.4216941000118,1806.05,True,1.57,1.0,35,1.289,0.544
ichi,BUY,2022-02-04 07:15:00,2022-02-04 09:10:00,3.38,sl,kijun_pullback,0.02,1806.77,1808.46,1804.903405487997,1808.46,True,4.88,1.98,24,0.933,0.787
ichi,BUY,2022-02-04 11:00:00,2022-02-04 12:05:00,3.69,tp,kijun_pullback,0.01,1808.81,1812.496132236341,1806.3525785091058,1811.07,True,4.02,0.43,14,1.229,0.514
ichi,BUY,2022-02-04 15:15:00,2022-02-04 15:30:00,-3.13,sl,kijun_pullback,0.01,1813.8600000000001,1810.7266139279157,1810.7266139279157,1810.7266139279157,False,1.02,12.87,4,1.567,0.651
ichi,BUY,2022-02-07 03:15:00,2022-02-07 10:10:00,0.05,sl,kijun_pullback,0.01,1811.99,1812.04,1808.181097631508,1812.04,True,2.17,3.2,84,1.904,0.796
ichi,BUY,2022-02-07 12:00:00,2022-02-07 15:00:00,0.05,sl,tenkan_momentum,0.01,1812.64,1812.69,1809.7606869769031,1812.69,True,2.43,2.38,37,1.44,0.602
ichi,BUY,2022-02-07 16:15:00,2022-02-07 17:10:00,-3.87,sl,kijun_pullback,0.01,1815.99,1812.1219672204509,1812.1219672204509,1812.1219672204509,False,0.09,4.1,12,1.934,0.809
ichi,BUY,2022-02-07 18:30:00,2022-02-07 22:05:00,4.6,sl,kijun_pullback,0.01,1817.2,1821.8,1812.8496800619882,1821.8,True,6.34,0.46,44,2.175,0.917
ichi,BUY,2022-02-08 03:30:00,2022-02-08 05:35:00,0.1,sl,kijun_pullback,0.02,1822.19,1822.24,1819.9627367178605,1822.24,True,2.24,2.36,26,1.114,0.93
ichi,BUY,2022-02-08 15:15:00,2022-02-08 15:40:00,1.57,gap,tenkan_momentum,0.01,1819.99,1821.56,1817.2092970476178,1821.9,True,3.02,1.2,6,1.39,0.58
ichi,BUY,2022-02-08 16:45:00,2022-02-08 17:30:00,5.63,tp,kijun_pullback,0.01,1822.66,1828.2920167464938,1818.9053221690042,1825.85,True,5.67,2.28,10,1.877,0.781
ichi,BUY,2022-02-08 18:15:00,2022-02-08 22:35:00,0.05,sl,tenkan_momentum,0.01,1826.63,1826.68,1822.4219972111493,1826.68,True,2.12,1.76,53,2.104,0.865
ichi,BUY,2022-02-09 10:45:00,2022-02-09 15:00:00,6.82,tp,kijun_pullback,0.02,1827.99,1831.398588909542,1825.7176073936387,1825.7176073936387,False,9.14,4.52,52,1.136,0.934
ichi,BUY,2022-02-09 15:15:00,2022-02-09 15:30:00,0.05,sl,kijun_pullback,0.01,1830.48,1830.53,1827.5464065254796,1830.53,True,1.71,1.39,4,1.467,0.595
ichi,BUY,2022-02-10 01:45:00,2022-02-10 03:10:00,1.3,sl,kijun_pullback,0.02,1833.01,1833.66,1830.9370167727518,1833.66,True,2.96,2.92,18,1.036,0.84
ichi,BUY,2022-02-10 08:45:00,2022-02-10 09:45:00,1.05,gap,tenkan_momentum,0.03,1834.76,1835.11,1833.204604142575,1835.4,True,3.78,3.0,13,0.778,0.943
ichi,SELL,2022-02-11 07:00:00,2022-02-11 08:45:00,0.93,sl,tenkan_momentum,0.01,1824.21,1823.28,1827.0017028963762,1823.28,True,2.05,1.39,22,1.396,0.563
ichi,SELL,2022-02-11 08:50:00,2022-02-11 09:25:00,-0.85,gap,tenkan_momentum,0.01,1822.5,1823.3500000000001,1825.2203030709634,1822.45,True,1.38,1.69,8,1.36,0.548
ichi,BUY,2022-02-14 15:30:00,2022-02-14 16:25:00,3.44,sl,tenkan_momentum,0.01,1857.48,1860.92,1851.8325436020193,1860.92,True,5.7,2.15,12,2.824,1.139
ichi,BUY,2022-02-15 03:45:00,2022-02-15 04:45:00,5.41,tp,kijun_pullback,0.01,1871.31,1876.7192663107949,1867.70382245947,1875.25,True,5.52,0.86,13,1.803,0.722
ichi,SELL,2022-02-15 17:30:00,2022-02-15 18:35:00,0.05,sl,tenkan_momentum,0.01,1850.85,1850.8,1858.9624808738415,1850.8,True,4.12,0.82,14,4.056,1.608
ichi,BUY,2022-02-16 16:45:00,2022-02-16 19:55:00,4.87,sl,kijun_pullback,0.01,1863.19,1868.06,1858.281997770364,1868.06,True,6.83,3.15,39,2.454,0.973
ichi,BUY,2022-02-17 06:00:00,2022-02-17 07:05:00,-4.03,sl,kijun_pullback,0.01,1875.1000000000001,1871.0679022629326,1871.0679022629326,1871.0679022629326,False,1.15,4.63,14,2.016,0.791
ichi,BUY,2022-02-17 07:45:00,2022-02-17 08:25:00,0.05,sl,tenkan_momentum,0.01,1874.76,1874.81,1870.1600706433208,1874.81,True,2.38,1.5,9,2.3,0.91
ichi,BUY,2022-02-17 10:30:00,2022-02-17 11:35:00,6.19,sl,kijun_pullback,0.01,1884.56,1890.75,1877.852331281245,1890.75,True,8.87,3.3,14,3.354,1.327
ichi,BUY,2022-02-17 14:15:00,2022-02-17 15:30:00,8.5,tp,kijun_pullback,0.01,1885.98,1894.4827237712059,1880.3115174858629,1891.09,True,9.11,0.81,16,2.834,1.108
ichi,BUY,2022-02-17 16:15:00,2022-02-17 16:35:00,0.05,sl,kijun_pullback,0.01,1889.55,1889.6,1881.607609966195,1889.6,True,4.47,3.34,5,3.971,1.527
ichi,BUY,2022-02-18 16:45:00,2022-02-18 17:40:00,-5.59,sl,tenkan_momentum,0.01,1897.74,1892.1508731248355,1892.1508731248355,1892.1508731248355,False,0.46,7.36,12,2.795,1.074
ichi,BUY,2022-02-18 18:15:00,2022-02-21 01:25:00,9.47,tp,tenkan_momentum,0.01,1895.44,1904.9077938062555,1889.1281374624964,1901.92,True,9.82,2.88,73,3.156,1.226
ichi,BUY,2022-02-21 16:00:00,2022-02-21 20:05:00,1.0,gap,kijun_pullback,0.01,1896.15,1897.15,1891.2355431460883,1897.57,True,3.39,3.67,50,2.457,0.938
ichi,BUY,2022-02-22 03:45:00,2022-02-22 09:45:00,0.05,sl,tenkan_momentum,0.01,1910.2,1910.25,1904.1230372870973,1910.25,True,3.16,3.84,73,3.038,1.157
ichi,BUY,2022-02-22 10:15:00,2022-02-22 10:25:00,-5.27,sl,kijun_pullback,0.01,1910.93,1905.6578671242441,1905.6578671242441,1905.6578671242441,False,0.14,7.11,3,2.636,1.004
ichi,SELL,2022-02-23 08:15:00,2022-02-23 09:00:00,-2.85,sl,tenkan_momentum,0.01,1894.88,1897.732406606834,1897.732406606834,1897.732406606834,False,0.0,3.7,10,1.426,0.549
ichi,SELL,2022-02-23 10:00:00,2022-02-23 10:55:00,1.25,sl,tenkan_momentum,0.01,1894.84,1893.59,1898.0605384169737,1893.59,True,2.54,3.01,12,1.61,0.623
ichi,BUY,2022-02-24 03:30:00,2022-02-24 04:50:00,6.3,tp,tenkan_momentum,0.01,1912.6000000000001,1918.8982024517472,1908.401198365502,1916.31,True,8.34,0.54,17,2.099,0.81
ichi,BUY,2022-02-24 14:45:00,2022-02-24 16:30:00,-12.33,sl,kijun_pullback,0.01,1963.54,1951.2063477928814,1951.2063477928814,1951.2063477928814,False,3.65,21.31,22,6.167,2.351
ichi,BUY,2022-02-28 17:15:00,2022-02-28 17:50:00,-9.23,sl,kijun_pullback,0.01,1914.77,1905.5395668346944,1905.5395668346944,1905.5395668346944,False,2.11,9.36,8,4.615,1.802
ichi,BUY,2022-03-01 09:00:00,2022-03-01 10:35:00,5.08,tp,tenkan_momentum,0.01,1907.98,1913.0565569211415,1904.5956287192391,1910.99,True,5.61,1.72,20,1.692,0.673
ichi,BUY,2022-03-01 15:15:00,2022-03-01 17:00:00,4.62,sl,kijun_pullback,0.01,1919.42,1924.04,1911.9467123937993,1924.04,True,7.61,7.06,22,3.737,1.471
ichi,BUY,2022-03-02 09:15:00,2022-03-02 09:55:00,4.29,sl,tenkan_momentum,0.01,1941.21,1945.5,1935.2793830804465,1945.5,True,6.66,2.04,9,2.965,1.157
ichi,BUY,2022-03-02 17:15:00,2022-03-02 18:05:00,-10.65,sl,tenkan_momentum,0.01,1931.71,1921.0585210778686,1921.0585210778686,1921.0585210778686,False,3.87,10.92,11,5.326,2.06
ichi,BUY,2022-03-03 04:45:00,2022-03-03 06:40:00,-4.65,sl,kijun_pullback,0.01,1928.8,1924.15307204916,1924.15307204916,1924.15307204916,False,1.81,5.12,24,2.323,0.918
ichi,BUY,2022-03-03 09:45:00,2022-03-03 10:05:00,2.64,gap,tenkan_momentum,0.01,1929.73,1932.37,1924.5356936078083,1932.51,True,4.86,1.53,5,2.597,1.035
ichi,BUY,2022-03-03 11:15:00,2022-03-03 12:35:00,2.9,sl,kijun_pullback,0.01,1930.0,1932.9,1923.4687091604862,1932.9,True,5.51,6.3,17,3.266,1.295
ichi,SELL,2022-03-03 17:00:00,2022-03-03 20:30:00,-8.12,sl,tenkan_momentum,0.01,1926.72,1934.844062531082,1934.844062531082,1934.844062531082,False,3.23,8.67,43,4.062,1.601
ichi,BUY,2022-03-04 02:15:00,2022-03-04 02:25:00,1.82,sl,kijun_pullback,0.01,1939.4,1941.22,1934.135163960306,1941.22,True,3.93,0.22,3,2.632,1.055
ichi,BUY,2022-03-04 11:15:00,2022-03-04 12:05:00,3.29,sl,kijun_pullback,0.01,1941.56,1944.85,1935.7853378975417,1944.85,True,5.6,1.39,11,2.887,1.153
ichi,BUY,2022-03-04 16:00:00,2022-03-04 16:35:00,10.15,tp,tenkan_momentum,0.01,1947.16,1957.3121782654246,1940.3918811563838,1953.08,True,12.05,1.68,8,3.384,1.342
ichi,BUY,2022-03-08 10:30:00,2022-03-08 14:50:00,4.81,sl,kijun_pullback,0.01,2006.17,2010.98,1994.557958652005,2010.98,True,9.45,7.0,53,5.806,2.257
ichi,BUY,2022-03-08 16:45:00,2022-03-08 17:05:00,20.96,tp,kijun_pullback,0.01,2028.26,2049.215871650767,2014.2894188994885,2036.61,True,35.26,0.82,5,6.985,2.691
ichi,BUY,2022-03-09 04:00:00,2022-03-09 05:00:00,8.52,sl,kijun_pullback,0.01,2042.13,2050.65,2030.2645179794154,2050.65,True,13.27,1.68,13,5.933,2.197
ichi,SELL,2022-03-10 03:15:00,2022-03-10 05:20:00,0.05,sl,tenkan_momentum,0.01,1977.01,1976.96,1987.2920506725984,1976.96,True,6.55,0.72,26,5.141,1.874
ichi,SELL,2022-03-11 04:00:00,2022-03-11 07:20:00,6.09,sl,tenkan_momentum,0.01,1992.46,1986.37,1999.4177112496818,1986.37,True,8.87,4.13,41,3.479,1.268
ichi,SELL,2022-03-11 13:30:00,2022-03-11 13:45:00,6.83,gap,tenkan_momentum,0.01,1980.82,1973.99,1990.561240386922,1973.52,True,11.25,2.86,4,4.871,1.756
ichi,SELL,2022-03-14 01:30:00,2022-03-14 02:35:00,0.05,sl,tenkan_momentum,0.01,1975.04,1974.99,1984.3853326066042,1974.99,True,4.94,1.95,14,4.673,1.664
ichi,SELL,2022-03-14 15:15:00,2022-03-14 16:00:00,0.44,gap,tenkan_momentum,0.01,1959.53,1959.0900000000001,1968.740901654839,1953.58,True,9.63,4.17,10,4.605,1.64
ichi,SELL,2022-03-14 16:45:00,2022-03-15 02:05:00,6.5,gap,tenkan_momentum,0.01,1956.77,1950.27,1967.2458358955575,1950.01,True,10.95,5.4,99,5.238,1.863
ichi,SELL,2022-03-15 02:15:00,2022-03-15 03:00:00,0.05,sl,tenkan_momentum,0.01,1949.4,1949.35,1955.0446331984015,1949.35,True,3.27,2.53,10,2.822,0.993
ichi,SELL,2022-03-15 10:00:00,2022-03-15 13:05:00,5.27,gap,tenkan_momentum,0.01,1929.23,1923.96,1937.0747759660526,1923.63,True,8.74,6.2,38,3.922,1.379
ichi,SELL,2022-03-15 14:30:00,2022-03-15 15:25:00,5.44,sl,tenkan_momentum,0.01,1922.92,1917.48,1931.7787379252695,1917.48,True,8.98,2.99,12,4.429,1.543
ichi,SELL,2022-03-16 08:15:00,2022-03-16 08:40:00,2.97,sl,tenkan_momentum,0.01,1917.59,1914.62,1921.8985839647617,1914.62,True,4.81,0.42,6,2.154,0.744
ichi,SELL,2022-03-16 09:45:00,2022-03-16 10:20:00,1.51,sl,tenkan_momentum,0.01,1915.68,1914.17,1920.7032692450596,1914.17,True,3.81,1.53,8,2.512,0.863
ichi,SELL,2022-03-16 16:15:00,2022-03-16 16:25:00,2.32,sl,tenkan_momentum,0.01,1911.32,1909.0,1920.0749929626572,1909.0,True,7.24,0.75,3,4.377,1.499
ichi,SELL,2022-03-16 20:30:00,2022-03-16 20:50:00,-10.64,sl,tenkan_momentum,0.01,1904.03,1914.6666686086803,1914.6666686086803,1914.6666686086803,False,2.74,14.5,5,5.318,1.814
ichi,BUY,2022-03-17 09:45:00,2022-03-17 10:35:00,7.65,tp,kijun_pullback,0.01,1933.92,1941.5706622902696,1928.8195584731536,1938.82,True,8.17,0.9,11,2.55,0.886
ichi,BUY,2022-03-17 11:15:00,2022-03-17 11:50:00,3.67,sl,kijun_pullback,0.01,1937.29,1940.96,1931.6669246357603,1940.96,True,5.92,2.53,8,2.812,0.964
ichi,BUY,2022-03-17 15:45:00,2022-03-17 17:05:00,3.12,sl,tenkan_momentum,0.01,1943.03,1946.15,1934.0672957878733,1946.15,True,6.71,3.36,17,4.481,1.527
ichi,SELL,2022-03-18 08:15:00,2022-03-18 10:30:00,-5.06,sl,tenkan_momentum,0.01,1932.22,1937.2768450694934,1937.2768450694934,1937.2768450694934,False,0.52,5.15,28,2.528,0.857
ichi,SELL,2022-03-21 11:30:00,2022-03-21 12:00:00,-4.16,sl,tenkan_momentum,0.01,1923.28,1927.437013667479,1927.437013667479,1927.437013667479,False,0.52,4.68,7,2.079,0.711
ichi,SELL,2022-03-21 15:15:00,2022-03-21 15:30:00,1.36,gap,tenkan_momentum,0.01,1922.97,1921.6100000000001,1928.331227823067,1920.03,True,5.08,1.76,4,2.681,0.923
ichi,SELL,2022-03-22 15:15:00,2022-03-22 15:35:00,2.82,sl,tenkan_momentum,0.01,1926.2,1923.38,1931.7392274047777,1923.38,True,5.04,0.95,5,2.77,0.951
ichi,BUY,2022-03-23 16:30:00,2022-03-23 17:00:00,0.05,sl,kijun_pullback,0.01,1930.82,1930.87,1924.5794525288766,1930.87,True,3.4,2.44,7,3.12,1.067
ichi,BUY,2022-03-24 12:30:00,2022-03-24 13:40:00,6.81,tp,kijun_pullback,0.01,1946.4,1953.2149949285251,1941.8566700476501,1941.8566700476501,False,7.15,3.6,15,2.272,0.777
ichi,BUY,2022-03-24 15:00:00,2022-03-24 15:35:00,4.21,sl,kijun_pullback,0.01,1949.48,1953.69,1942.2143245761183,1953.69,True,7.73,3.03,8,3.633,1.228
ichi,BUY,2022-03-25 04:15:00,2022-03-25 07:05:00,-4.18,sl,tenkan_momentum,0.01,1962.93,1958.7541004466877,1958.7541004466877,1958.7541004466877,False,1.44,4.53,35,2.088,0.701
ichi,BUY,2022-03-25 18:15:00,2022-03-28 04:15:00,-7.7,sl,tenkan_momentum,0.01,1958.96,1951.2554860661994,1951.2554860661994,1951.2554860661994,False,0.0,8.21,95,3.852,1.302
ichi,SELL,2022-03-28 14:45:00,2022-03-28 15:10:00,-6.4,sl,tenkan_momentum,0.01,1929.51,1935.911293761457,1935.911293761457,1935.911293761457,False,2.07,9.13,6,3.201,1.096
ichi,SELL,2022-03-30 12:00:00,2022-03-30 14:35:00,-5.65,sl,tenkan_momentum,0.01,1919.35,1924.9971672353124,1924.9971672353124,1924.9971672353124,False,1.91,5.98,32,2.824,0.977
ichi,BUY,2022-03-30 16:45:00,2022-03-30 18:05:00,2.76,sl,kijun_pullback,0.01,1932.79,1935.55,1925.6307598109047,1935.55,True,5.66,3.17,17,3.58,1.251
ichi,SELL,2022-03-31 07:00:00,2022-03-31 07:30:00,2.54,sl,tenkan_momentum,0.01,1925.07,1922.53,1929.4345955351291,1922.53,True,4.32,0.64,7,2.182,0.759
ichi,SELL,2022-04-01 16:00:00,2022-04-01 16:20:00,0.05,sl,tenkan_momentum,0.01,1927.35,1927.3,1934.576978728779,1927.3,True,4.61,1.04,5,3.613,1.252
ichi,SELL,2022-04-01 17:30:00,2022-04-01 17:40:00,0.05,sl,tenkan_momentum,0.01,1924.88,1924.83,1933.6488742003332,1924.83,True,5.94,0.65,3,4.384,1.518
ichi,BUY,2022-04-04 16:30:00,2022-04-04 16:45:00,0.91,gap,kijun_pullback,0.01,1931.81,1932.72,1925.7647319110552,1934.4,True,5.01,1.06,4,3.023,1.047
ichi,BUY,2022-04-05 01:15:00,2022-04-05 04:35:00,-3.78,sl,kijun_pullback,0.01,1933.3700000000001,1929.5912105802406,1929.5912105802406,1929.5912105802406,False,0.48,3.85,41,1.889,0.653
ichi,SELL,2022-04-05 15:15:00,2022-04-05 15:25:00,-4.71,sl,tenkan_momentum,0.01,1926.18,1930.8939418587722,1930.8939418587722,1930.8939418587722,False,1.05,4.85,3,2.357,0.82
ichi,BUY,2022-04-05 17:15:00,2022-04-05 17:45:00,-7.46,sl,kijun_pullback,0.01,1934.82,1927.3575681057168,1927.3575681057168,1927.3575681057168,False,0.5,7.6,7,3.731,1.309
ichi,SELL,2022-04-06 10:15:00,2022-04-06 10:40:00,-4.78,sl,tenkan_momentum,0.01,1916.83,1921.6074533250141,1921.6074533250141,1921.6074533250141,False,0.59,6.52,6,2.389,0.849
ichi,BUY,2022-04-06 17:15:00,2022-04-06 21:00:00,-7.54,sl,kijun_pullback,0.01,1927.07,1919.5317332004654,1919.5317332004654,1919.5317332004654,False,2.45,7.91,46,3.769,1.352
ichi,SELL,2022-04-07 06:30:00,2022-04-07 08:35:00,0.05,sl,tenkan_momentum,0.01,1922.81,1922.76,1927.0453376170908,1922.76,True,2.14,1.08,26,2.118,0.77
ichi,BUY,2022-04-07 11:15:00,2022-04-07 11:45:00,0.05,sl,tenkan_momentum,0.01,1926.3600000000001,1926.41,1922.4854236575623,1926.41,True,2.08,0.44,7,1.937,0.704
ichi,BUY,2022-04-07 14:15:00,2022-04-07 14:35:00,1.54,sl,kijun_pullback,0.01,1927.43,1928.97,1923.5648738224152,1928.97,True,3.09,0.3,5,1.933,0.702
ichi,BUY,2022-04-07 16:15:00,2022-04-07 16:45:00,0.05,sl,kijun_pullback,0.01,1929.22,1929.27,1923.8449339294618,1929.27,True,3.0,2.46,7,2.688,0.974
ichi,BUY,2022-04-08 04:15:00,2022-04-08 05:25:00,-3.83,sl,tenkan_momentum,0.01,1934.49,1930.660957180929,1930.660957180929,1930.660957180929,False,0.8,4.14,15,1.915,0.694
ichi,BUY,2022-04-08 12:00:00,2022-04-08 13:45:00,1.4,sl,tenkan_momentum,0.01,1931.79,1933.19,1928.2285903665327,1933.19,True,2.82,0.77,22,1.781,0.65
ichi,BUY,2022-04-08 14:15:00,2022-04-08 15:10:00,5.26,tp,kijun_pullback,0.01,1932.3,1937.556947663186,1928.7953682245425,1934.22,True,6.5,0.78,12,1.752,0.638
ichi,BUY,2022-04-08 16:30:00,2022-04-08 16:45:00,3.65,sl,kijun_pullback,0.01,1934.8300000000002,1938.48,1928.6272869674378,1938.48,True,6.13,0.29,4,3.101,1.118
ichi,BUY,2022-04-11 04:15:00,2022-04-11 04:35:00,-3.95,sl,kijun_pullback,0.01,1946.71,1942.763317998443,1942.763317998443,1942.763317998443,False,0.63,4.08,5,1.973,0.707
ichi,BUY,2022-04-11 11:15:00,2022-04-11 11:25:00,4.19,sl,tenkan_momentum,0.01,1948.95,1953.14,1943.423410167449,1953.14,True,6.4,0.82,3,2.763,0.997
ichi,BUY,2022-04-12 15:15:00,2022-04-12 15:30:00,8.43,tp,tenkan_momentum,0.01,1959.56,1967.9856217816562,1953.942918812229,1953.942918812229,False,8.76,4.3,4,2.809,1.006
ichi,BUY,2022-04-12 17:30:00,2022-04-12 18:00:00,7.91,sl,tenkan_momentum,0.01,1967.2,1975.11,1958.299292275678,1975.11,True,11.48,0.25,7,4.45,1.57
ichi,BUY,2022-04-13 10:45:00,2022-04-13 11:00:00,0.05,sl,kijun_pullback,0.01,1970.05,1970.1,1965.3587142595086,1970.1,True,2.76,0.37,4,2.346,0.816
ichi,BUY,2022-04-13 15:30:00,2022-04-13 16:40:00,0.05,sl,kijun_pullback,0.01,1975.9,1975.95,1969.5080295915075,1975.95,True,4.74,3.24,15,3.196,1.112
ichi,BUY,2022-04-13 17:15:00,2022-04-14 09:45:00,-7.0,sl,kijun_pullback,0.01,1978.21,1971.210019011978,1971.210019011978,1971.210019011978,False,3.38,7.66,185,3.5,1.217
ichi,BUY,2022-04-14 15:30:00,2022-04-14 16:10:00,0.05,sl,kijun_pullback,0.01,1974.56,1974.61,1968.7732331070195,1974.61,True,2.9,4.62,9,2.893,1.019
ichi,BUY,2022-04-18 09:00:00,2022-04-18 09:55:00,3.81,sl,kijun_pullback,0.01,1985.2,1989.01,1980.7783661409342,1989.01,True,5.58,1.54,12,2.211,0.778
ichi,BUY,2022-04-18 14:30:00,2022-04-18 15:15:00,2.63,sl,kijun_pullback,0.01,1990.32,1992.95,1986.559858857472,1992.95,True,4.3,0.2,10,1.88,0.657
ichi,BUY,2022-04-18 16:00:00,2022-04-18 16:30:00,-4.69,sl,kijun_pullback,0.01,1995.31,1990.6153172057316,1990.6153172057316,1990.6153172057316,False,1.13,5.21,7,2.347,0.817
ichi,SELL,2022-04-19 08:45:00,2022-04-19 10:10:00,-3.39,sl,tenkan_momentum,0.01,1973.52,1976.9132043670284,1976.9132043670284,1976.9132043670284,False,0.25,4.08,18,1.697,0.595
ichi,BUY,2022-04-19 15:15:00,2022-04-19 15:35:00,-4.69,sl,kijun_pullback,0.01,1979.92,1975.227040285215,1975.227040285215,1975.227040285215,False,2.08,5.33,5,2.346,0.829
ichi,SELL,2022-04-20 07:00:00,2022-04-20 07:25:00,0.05,sl,tenkan_momentum,0.01,1944.2,1944.15,1949.564918071646,1944.15,True,3.57,0.23,6,2.682,0.955
ichi,SELL,2022-04-20 09:00:00,2022-04-20 10:00:00,0.05,sl,tenkan_momentum,0.01,1942.31,1942.26,1947.329848041636,1942.26,True,2.79,1.27,13,2.51,0.894
ichi,SELL,2022-04-20 10:45:00,2022-04-20 12:25:00,-4.91,sl,tenkan_momentum,0.01,1942.64,1947.5484550210763,1947.5484550210763,1947.5484550210763,False,2.23,5.44,21,2.454,0.874
ichi,SELL,2022-04-21 09:30:00,2022-04-21 11:25:00,5.14,tp,tenkan_momentum,0.01,1951.44,1946.3028159822081,1954.8647893451946,1947.79,True,5.56,2.21,24,1.712,0.615
ichi,SELL,2022-04-21 13:45:00,2022-04-21 14:20:00,2.22,gap,tenkan_momentum,0.01,1944.18,1941.96,1948.8859244770263,1941.92,True,4.39,1.34,8,2.353,0.837
ichi,SELL,2022-04-21 17:15:00,2022-04-21 18:50:00,0.05,sl,tenkan_momentum,0.01,1941.92,1941.87,1948.8022588704443,1941.87,True,3.72,5.14,20,3.441,1.22
ichi,SELL,2022-04-21 18:55:00,2022-04-21 20:30:00,-7.03,sl,tenkan_momentum,0.01,1940.76,1947.7919166116199,1947.7919166116199,1947.7919166116199,False,2.23,8.08,20,3.516,1.246
ichi,BUY,2022-04-22 09:00:00,2022-04-22 09:15:00,0.05,sl,tenkan_momentum,0.01,1953.3600000000001,1953.41,1949.5006094203882,1953.41,True,2.27,0.31,4,1.93,0.693
ichi,SELL,2022-04-22 17:45:00,2022-04-22 18:15:00,8.21,sl,tenkan_momentum,0.01,1938.57,1930.36,1947.2741726568456,1930.36,True,11.69,0.52,7,4.352,1.562
ichi,SELL,2022-04-25 10:45:00,2022-04-25 13:40:00,3.43,sl,tenkan_momentum,0.01,1916.15,1912.72,1922.3302134107398,1912.72,True,5.9,5.23,36,3.09,1.093
ichi,SELL,2022-04-25 13:45:00,2022-04-25 14:10:00,3.02,gap,tenkan_momentum,0.01,1911.27,1908.25,1917.64514584512,1907.89,True,5.93,0.5,6,3.188,1.12
ichi,SELL,2022-04-26 11:30:00,2022-04-26 13:05:00,-5.89,sl,tenkan_momentum,0.01,1900.37,1906.2610195976383,1906.2610195976383,1906.2610195976383,False,0.0,6.88,20,2.946,1.03
ichi,SELL,2022-04-27 09:45:00,2022-04-27 10:30:00,-4.37,sl,tenkan_momentum,0.01,1898.65,1903.0199819805769,1903.0199819805769,1903.0199819805769,False,1.74,5.07,10,2.185,0.772
ichi,SELL,2022-04-27 11:15:00,2022-04-27 12:35:00,-6.82,sl,tenkan_momentum,0.01,1891.27,1898.0934073884082,1898.0934073884082,1898.0934073884082,False,0.93,6.92,17,3.412,1.215
ichi,SELL,2022-04-28 03:45:00,2022-04-28 04:15:00,1.22,sl,tenkan_momentum,0.01,1884.46,1883.24,1888.2984497891516,1883.24,True,2.76,1.44,7,1.919,0.692
ichi,SELL,2022-04-28 05:15:00,2022-04-28 06:20:00,1.59,sl,tenkan_momentum,0.01,1881.14,1879.55,1885.0992920079439,1879.55,True,3.45,3.52,14,1.98,0.712
ichi,SELL,2022-04-28 07:00:00,2022-04-28 07:45:00,0.05,sl,tenkan_momentum,0.01,1878.95,1878.9,1883.3106822331647,1878.9,True,2.75,0.21,10,2.18,0.782
ichi,BUY,2022-04-29 06:00:00,2022-04-29 06:40:00,1.65,sl,kijun_pullback,0.01,1900.98,1902.63,1896.7581690386105,1902.63,True,3.34,0.63,9,2.111,0.757
ichi,SELL,2022-05-02 10:15:00,2022-05-02 11:50:00,2.37,sl,tenkan_momentum,0.01,1884.14,1881.77,1889.319577096792,1881.77,True,4.44,2.41,20,2.59,0.926
ichi,SELL,2022-05-02 14:15:00,2022-05-02 15:05:00,3.95,sl,tenkan_momentum,0.01,1879.46,1875.51,1884.4024650329743,1875.51,True,5.93,0.75,11,2.471,0.88
ichi,SELL,2022-05-03 07:45:00,2022-05-03 08:10:00,1.83,sl,tenkan_momentum,0.01,1861.03,1859.2,1864.8214100565442,1859.2,True,3.35,0.22,6,1.896,0.67
ichi,SELL,2022-05-03 11:00:00,2022-05-03 11:50:00,1.88,gap,tenkan_momentum,0.01,1855.7,1853.82,1861.254430496318,1852.8,True,5.12,1.17,11,2.777,0.979
ichi,SELL,2022-05-04 03:30:00,2022-05-04 04:20:00,1.27,sl,tenkan_momentum,0.01,1865.78,1864.51,1869.3123191699938,1864.51,True,2.82,1.0,11,1.766,0.62
ichi,SELL,2022-05-04 09:15:00,2022-05-04 09:55:00,-3.46,sl,tenkan_momentum,0.01,1863.06,1866.520933283007,1866.520933283007,1866.520933283007,False,0.13,3.91,9,1.73,0.606
ichi,SELL,2022-05-04 17:00:00,2022-05-04 18:15:00,-5.96,sl,tenkan_momentum,0.01,1862.85,1868.8079836649256,1868.8079836649256,1868.8079836649256,False,0.95,6.49,16,2.979,1.05
ichi,BUY,2022-05-05 14:15:00,2022-05-05 15:20:00,0.05,sl,tenkan_momentum,0.01,1899.99,1900.04,1894.4406223627714,1900.04,True,3.13,4.29,14,2.775,0.989
ichi,BUY,2022-05-05 16:30:00,2022-05-05 16:45:00,-7.53,sl,kijun_pullback,0.01,1903.7,1896.1703461170134,1896.1703461170134,1896.1703461170134,False,0.2,8.98,4,3.765,1.341
ichi,SELL,2022-05-06 03:45:00,2022-05-06 04:05:00,2.94,sl,tenkan_momentum,0.01,1874.74,1871.8,1879.341273937563,1871.8,True,4.78,0.2,5,2.301,0.831
ichi,BUY,2022-05-06 17:15:00,2022-05-06 18:35:00,5.11,sl,tenkan_momentum,0.01,1883.8400000000001,1888.95,1875.774662815775,1888.95,True,8.72,1.73,17,4.033,1.449
ichi,SELL,2022-05-10 13:00:00,2022-05-10 14:30:00,-4.98,sl,tenkan_momentum,0.01,1857.63,1862.607995038972,1862.607995038972,1862.607995038972,False,1.17,6.88,19,2.489,0.886
ichi,SELL,2022-05-10 17:00:00,2022-05-10 17:45:00,9.01,tp,tenkan_momentum,0.01,1857.13,1848.117411572611,1863.1383922849263,1857.08,True,10.71,2.98,10,3.004,1.079
ichi,SELL,2022-05-11 15:45:00,2022-05-11 16:00:00,1.65,gap,tenkan_momentum,0.01,1841.04,1839.39,1848.4362987062696,1838.65,True,5.35,2.37,4,3.698,1.307
ichi,BUY,2022-05-12 02:30:00,2022-05-12 02:55:00,1.11,sl,kijun_pullback,0.01,1853.5900000000001,1854.7,1849.9789288698275,1854.7,True,2.55,0.22,6,1.806,0.636
ichi,BUY,2022-05-12 04:15:00,2022-05-12 04:55:00,1.67,sl,kijun_pullback,0.01,1855.3700000000001,1857.04,1851.1933234089265,1857.04,True,3.4,0.2,9,2.088,0.734
ichi,SELL,2022-05-12 11:45:00,2022-05-12 14:30:00,0.05,sl,tenkan_momentum,0.01,1848.44,1848.39,1854.1436378250532,1848.39,True,3.59,3.75,34,2.852,1.0
ichi,SELL,2022-05-12 17:30:00,2022-05-12 19:25:00,2.51,sl,tenkan_momentum,0.01,1839.47,1836.96,1847.58272500875,1836.96,True,5.95,4.03,24,4.056,1.422
ichi,SELL,2022-05-13 14:15:00,2022-05-13 15:10:00,3.25,sl,tenkan_momentum,0.01,1818.44,1815.19,1823.4515268581456,1815.19,True,5.25,0.84,12,2.506,0.875
ichi,SELL,2022-05-16 11:30:00,2022-05-16 12:25:00,-7.79,sl,tenkan_momentum,0.01,1797.78,1805.5698818666356,1805.5698818666356,1805.5698818666356,False,1.65,9.04,12,3.895,1.352
ichi,BUY,2022-05-17 05:30:00,2022-05-17 06:40:00,-4.21,sl,kijun_pullback,0.01,1826.13,1821.921454499084,1821.921454499084,1821.921454499084,False,0.85,4.27,15,2.104,0.74
ichi,BUY,2022-05-17 09:45:00,2022-05-17 10:20:00,-3.77,sl,tenkan_momentum,0.01,1828.94,1825.1747989413286,1825.1747989413286,1825.1747989413286,False,1.42,4.78,8,1.883,0.667
ichi,BUY,2022-05-17 11:30:00,2022-05-17 12:20:00,0.05,sl,tenkan_momentum,0.01,1827.51,1827.56,1822.9956532404192,1827.56,True,2.46,2.57,11,2.257,0.806
ichi,BUY,2022-05-17 13:30:00,2022-05-17 15:00:00,4.7,sl,kijun_pullback,0.01,1829.47,1834.17,1824.8893997097396,1834.17,True,6.58,2.76,19,2.29,0.817
ichi,BUY,2022-05-17 16:00:00,2022-05-17 16:15:00,-5.92,sl,tenkan_momentum,0.01,1832.6200000000001,1826.7009509552827,1826.7009509552827,1826.7009509552827,False,0.32,6.28,4,2.96,1.047
ichi,SELL,2022-05-18 04:45:00,2022-05-18 07:10:00,3.09,sl,tenkan_momentum,0.01,1812.57,1809.48,1816.445939135908,1809.48,True,4.71,1.42,30,1.938,0.693
ichi,SELL,2022-05-18 09:45:00,2022-05-18 10:20:00,-3.95,sl,tenkan_momentum,0.01,1811.06,1815.014799028345,1815.014799028345,1815.014799028345,False,1.28,3.96,8,1.977,0.703
ichi,SELL,2022-05-18 16:00:00,2022-05-18 18:25:00,-5.96,sl,tenkan_momentum,0.01,1811.34,1817.3041113052986,1817.3041113052986,1817.3041113052986,False,1.32,6.74,30,2.982,1.068
ichi,SELL,2022-05-19 10:30:00,2022-05-19 11:40:00,-3.44,sl,tenkan_momentum,0.01,1812.77,1816.2112583798198,1816.2112583798198,1816.2112583798198,False,1.61,5.1,15,1.721,0.623
ichi,BUY,2022-05-20 10:45:00,2022-05-20 13:25:00,1.42,sl,kijun_pullback,0.01,1844.63,1846.05,1840.2935368193669,1846.05,True,3.15,1.56,33,2.168,0.79
ichi,BUY,2022-05-20 14:00:00,2022-05-20 14:55:00,-4.14,sl,kijun_pullback,0.01,1845.68,1841.5398253525484,1841.5398253525484,1841.5398253525484,False,1.14,4.46,12,2.07,0.752
ichi,BUY,2022-05-23 01:30:00,2022-05-23 03:50:00,6.34,tp,kijun_pullback,0.01,1847.23,1853.565789087228,1843.0061406085147,1850.15,True,6.4,1.64,29,2.112,0.773
ichi,BUY,2022-05-23 09:15:00,2022-05-23 10:35:00,0.89,gap,kijun_pullback,0.01,1854.68,1855.57,1850.7097984217273,1855.75,True,2.66,2.28,17,1.985,0.718
ichi,BUY,2022-05-23 11:00:00,2022-05-23 11:25:00,4.58,sl,tenkan_momentum,0.01,1856.7,1861.28,1852.3705045531199,1861.28,True,6.31,0.75,6,2.165,0.782
ichi,BUY,2022-05-24 12:15:00,2022-05-24 15:15:00,0.05,sl,kijun_pullback,0.01,1857.29,1857.34,1853.3013050718907,1857.34,True,2.38,2.6,37,1.994,0.715
ichi,BUY,2022-05-24 16:00:00,2022-05-24 16:20:00,0.05,sl,kijun_pullback,0.01,1860.3700000000001,1860.42,1855.770913447233,1860.42,True,2.36,0.82,5,2.3,0.824
ichi,BUY,2022-05-24 17:30:00,2022-05-24 19:15:00,1.63,sl,kijun_pullback,0.01,1865.45,1867.08,1859.148737177872,1867.08,True,4.22,1.89,22,3.151,1.129
ichi,SELL,2022-05-25 16:00:00,2022-05-25 16:10:00,2.08,gap,tenkan_momentum,0.01,1852.53,1850.45,1857.5690432990182,1850.12,True,4.43,0.31,3,2.52,0.9
ichi,SELL,2022-05-26 14:00:00,2022-05-26 14:25:00,1.34,gap,tenkan_momentum,0.01,1844.64,1843.3,1848.7876561356786,1842.64,True,3.66,2.17,6,2.074,0.738
ichi,SELL,2022-05-26 16:00:00,2022-05-26 16:45:00,-5.28,sl,tenkan_momentum,0.01,1843.3,1848.5848020082735,1848.5848020082735,1848.5848020082735,False,1.67,5.67,10,2.642,0.938
ichi,BUY,2022-05-27 08:45:00,2022-05-27 10:20:00,2.57,sl,tenkan_momentum,0.01,1854.8,1857.37,1851.328958346615,1857.37,True,3.96,2.21,20,1.736,0.622
ichi,BUY,2022-05-27 12:15:00,2022-05-27 12:45:00,0.05,sl,tenkan_momentum,0.01,1858.3700000000001,1858.42,1854.5141744927241,1858.42,True,2.01,0.35,7,1.928,0.688
ichi,BUY,2022-05-27 14:15:00,2022-05-27 15:05:00,1.44,sl,tenkan_momentum,0.01,1859.0800000000002,1860.52,1855.3724740858763,1860.52,True,2.92,1.55,11,1.854,0.661
ichi,SELL,2022-05-30 03:45:00,2022-05-30 04:35:00,-3.05,sl,tenkan_momentum,0.01,1849.73,1852.7792439118127,1852.7792439118127,1852.7792439118127,False,0.83,6.14,11,1.525,0.543
ichi,SELL,2022-05-31 14:30:00,2022-05-31 15:00:00,0.28,gap,tenkan_momentum,0.01,1849.32,1849.04,1853.4982876433326,1846.47,True,4.52,1.53,7,2.089,0.748
ichi,SELL,2022-05-31 17:15:00,2022-05-31 17:30:00,3.72,gap,tenkan_momentum,0.01,1846.54,1842.82,1853.118947087518,1842.51,True,6.66,0.35,4,3.289,1.176
ichi,SELL,2022-06-01 07:15:00,2022-06-01 07:55:00,0.95,sl,tenkan_momentum,0.01,1834.42,1833.47,1837.6836776768596,1833.47,True,2.26,0.55,9,1.632,0.58
ichi,SELL,2022-06-01 10:45:00,2022-06-01 11:10:00,-4.07,sl,tenkan_momentum,0.01,1832.69,1836.7632790834348,1836.7632790834348,1836.7632790834348,False,0.0,4.37,6,2.037,0.722
ichi,BUY,2022-06-02 01:45:00,2022-06-02 04:00:00,0.05,sl,kijun_pullback,0.01,1847.02,1847.07,1843.8739403686914,1847.07,True,1.92,1.52,28,1.573,0.562
ichi,BUY,2022-06-02 15:45:00,2022-06-02 15:55:00,1.87,gap,kijun_pullback,0.01,1854.5900000000001,1856.46,1850.2530536397558,1856.78,True,3.92,0.71,3,2.168,0.775
ichi,BUY,2022-06-03 03:30:00,2022-06-03 03:40:00,1.63,gap,tenkan_momentum,0.01,1870.54,1872.17,1867.664487568541,1872.6,True,3.55,0.44,3,1.438,0.512
ichi,BUY,2022-06-03 05:15:00,2022-06-03 06:15:00,-2.96,sl,kijun_pullback,0.01,1872.04,1869.0825950793826,1869.0825950793826,1869.0825950793826,False,0.36,2.99,13,1.479,0.525
ichi,SELL,2022-06-07 02:30:00,2022-06-07 03:40:00,0.1,sl,tenkan_momentum,0.02,1839.38,1839.33,1842.123056948368,1839.33,True,2.76,1.78,15,1.372,0.979
ichi,BUY,2022-06-07 17:15:00,2022-06-07 23:10:00,2.44,sl,kijun_pullback,0.01,1850.75,1853.19,1845.1066465861331,1853.19,True,4.77,3.63,72,2.822,1.007
ichi,SELL,2022-06-08 08:00:00,2022-06-08 09:00:00,-5.34,sl,tenkan_momentum,0.02,1847.53,1850.2021822331646,1850.2021822331646,1850.2021822331646,False,0.66,5.9,13,1.336,0.949
ichi,BUY,2022-06-09 04:45:00,2022-06-09 07:55:00,2.2,sl,tenkan_momentum,0.02,1853.06,1854.16,1850.478624804589,1854.16,True,4.52,4.36,39,1.291,0.926
ichi,SELL,2022-06-09 16:45:00,2022-06-09 17:20:00,3.74,sl,tenkan_momentum,0.01,1846.23,1842.49,1851.888156123941,1842.49,True,6.0,3.55,8,2.829,1.011
ichi,SELL,2022-06-10 10:00:00,2022-06-10 10:25:00,-5.34,sl,tenkan_momentum,0.02,1844.44,1847.1085061540637,1847.1085061540637,1847.1085061540637,False,0.8,5.92,6,1.334,0.947
ichi,SELL,2022-06-10 14:30:00,2022-06-10 14:45:00,5.78,tp,tenkan_momentum,0.01,1840.81,1835.034940178783,1844.6600398808112,1837.39,True,5.83,0.31,4,1.925,0.69
ichi,SELL,2022-06-10 16:30:00,2022-06-10 17:25:00,-8.6,sl,tenkan_momentum,0.01,1832.8,1841.3972616804613,1841.3972616804613,1841.3972616804613,False,4.18,9.41,12,4.299,1.524
ichi,SELL,2022-06-14 14:30:00,2022-06-14 14:55:00,2.8,sl,tenkan_momentum,0.01,1821.31,1818.51,1826.8014995844246,1818.51,True,5.0,1.95,6,2.746,0.989
ichi,BUY,2022-06-16 12:15:00,2022-06-16 12:45:00,-5.82,sl,kijun_pullback,0.01,1835.98,1830.1635297970574,1830.1635297970574,1830.1635297970574,False,0.0,6.34,7,2.908,1.042
ichi,BUY,2022-06-16 17:30:00,2022-06-16 18:20:00,12.17,tp,tenkan_momentum,0.01,1830.23,1842.3963536836768,1822.1190975442155,1836.92,True,13.05,2.0,11,4.055,1.468
ichi,BUY,2022-06-17 15:45:00,2022-06-17 16:25:00,-5.06,sl,tenkan_momentum,0.01,1850.79,1845.728946285831,1845.728946285831,1845.728946285831,False,2.26,5.08,9,2.531,0.897
ichi,BUY,2022-06-20 09:45:00,2022-06-20 11:05:00,-4.23,sl,tenkan_momentum,0.01,1843.57,1839.3432121351589,1839.3432121351589,1839.3432121351589,False,0.6,4.54,17,2.113,0.756
ichi,SELL,2022-06-20 17:15:00,2022-06-21 04:05:00,-4.12,sl,tenkan_momentum,0.01,1837.72,1841.8433537839976,1841.8433537839976,1841.8433537839976,False,1.94,4.49,88,2.062,0.743
ichi,BUY,2022-06-21 04:45:00,2022-06-21 07:50:00,-2.94,sl,tenkan_momentum,0.01,1841.06,1838.1208122576736,1838.1208122576736,1838.1208122576736,False,1.2,2.99,38,1.47,0.533
ichi,SELL,2022-06-21 11:30:00,2022-06-21 14:10:00,1.43,sl,tenkan_momentum,0.01,1834.92,1833.49,1838.7603528402465,1833.49,True,2.97,3.69,33,1.92,0.701
ichi,BUY,2022-06-21 18:30:00,2022-06-21 20:45:00,-6.01,sl,tenkan_momentum,0.01,1839.66,1833.6536989232338,1833.6536989232338,1833.6536989232338,False,0.57,6.63,28,3.003,1.093
ichi,SELL,2022-06-22 04:45:00,2022-06-22 05:50:00,1.11,sl,tenkan_momentum,0.01,1828.63,1827.52,1832.6843326798298,1827.52,True,2.73,0.74,14,2.027,0.746
ichi,SELL,2022-06-22 07:00:00,2022-06-22 09:05:00,1.24,sl,tenkan_momentum,0.01,1827.57,1826.33,1831.538898817164,1826.33,True,2.83,1.1,26,1.984,0.729
ichi,SELL,2022-06-22 10:15:00,2022-06-22 10:40:00,-4.3,sl,tenkan_momentum,0.01,1824.86,1829.1598284374666,1829.1598284374666,1829.1598284374666,False,0.73,5.69,6,2.15,0.788
ichi,SELL,2022-06-23 06:45:00,2022-06-23 08:35:00,0.05,sl,tenkan_momentum,0.01,1833.09,1833.04,1836.1510368744596,1833.04,True,1.77,1.67,23,1.531,0.565
ichi,SELL,2022-06-24 15:15:00,2022-06-24 16:05:00,3.52,sl,tenkan_momentum,0.01,1823.73,1820.21,1828.4612238933048,1820.21,True,6.61,2.5,11,2.366,0.873
ichi,BUY,2022-06-27 11:30:00,2022-06-27 14:55:00,-4.19,sl,kijun_pullback,0.01,1838.78,1834.5872866128884,1834.5872866128884,1834.5872866128884,False,1.7,5.37,42,2.096,0.769
ichi,SELL,2022-06-28 16:00:00,2022-06-28 16:55:00,1.54,sl,tenkan_momentum,0.01,1822.59,1821.05,1827.0113603620198,1821.05,True,3.54,3.84,12,2.211,0.817
ichi,SELL,2022-06-28 17:45:00,2022-06-29 10:00:00,1.5,sl,tenkan_momentum,0.01,1819.94,1818.44,1825.3013600323857,1818.44,True,3.81,4.03,182,2.681,0.988
ichi,SELL,2022-06-29 12:30:00,2022-06-29 13:00:00,1.25,sl,tenkan_momentum,0.01,1816.55,1815.3,1820.1343031547126,1815.3,True,4.19,0.58,7,1.792,0.659
ichi,SELL,2022-06-30 10:30:00,2022-06-30 10:50:00,2.27,gap,tenkan_momentum,0.01,1816.16,1813.89,1819.1574658974066,1813.81,True,3.55,1.06,5,1.499,0.55
ichi,SELL,2022-06-30 12:15:00,2022-06-30 12:50:00,2.3,sl,tenkan_momentum,0.01,1814.86,1812.56,1818.2717131309887,1812.56,True,3.66,0.48,8,1.706,0.623
ichi,SELL,2022-06-30 14:30:00,2022-06-30 14:40:00,6.81,tp,tenkan_momentum,0.01,1810.49,1803.6806747115297,1815.0295501923135,1806.75,True,7.21,0.25,3,2.27,0.826
ichi,SELL,2022-07-01 10:45:00,2022-07-01 12:00:00,1.21,gap,tenkan_momentum,0.01,1796.31,1795.1000000000001,1801.1902580077772,1794.71,True,3.55,0.4,16,2.44,0.877
ichi,SELL,2022-07-01 15:15:00,2022-07-01 15:30:00,0.05,sl,tenkan_momentum,0.01,1788.33,1788.28,1794.0550506925733,1788.28,True,3.52,0.33,4,2.863,1.026
ichi,BUY,2022-07-04 05:15:00,2022-07-04 06:35:00,1.35,sl,kijun_pullback,0.01,1810.31,1811.66,1805.8992013216075,1811.66,True,3.95,1.41,17,2.205,0.791
ichi,BUY,2022-07-04 10:15:00,2022-07-04 10:35:00,-3.46,sl,tenkan_momentum,0.01,1812.13,1808.6650560772105,1808.6650560772105,1808.6650560772105,False,0.0,3.68,5,1.732,0.62
ichi,SELL,2022-07-04 14:45:00,2022-07-04 15:40:00,-3.42,sl,tenkan_momentum,0.01,1806.12,1809.5428786695356,1809.5428786695356,1809.5428786695356,False,0.79,3.62,12,1.711,0.616
ichi,BUY,2022-07-05 01:30:00,2022-07-05 04:20:00,0.1,sl,kijun_pullback,0.02,1808.8500000000001,1808.9,1806.474900267514,1808.9,True,3.06,4.5,35,1.188,0.86
ichi,BUY,2022-07-05 06:00:00,2022-07-05 07:50:00,2.4,sl,kijun_pullback,0.02,1809.79,1810.99,1807.0376857122167,1810.99,True,4.6,0.7,23,1.376,0.996
ichi,SELL,2022-07-06 16:30:00,2022-07-06 16:55:00,4.88,sl,tenkan_momentum,0.01,1763.1,1758.22,1769.5649989762144,1758.22,True,7.47,2.53,6,3.232,1.165
ichi,SELL,2022-07-07 13:30:00,2022-07-07 15:55:00,1.77,gap,tenkan_momentum,0.01,1742.02,1740.25,1746.1798985473827,1740.24,True,3.44,4.13,30,2.08,0.743
ichi,SELL,2022-07-07 16:00:00,2022-07-07 16:35:00,-4.96,sl,tenkan_momentum,0.01,1739.59,1744.5454753248164,1744.5454753248164,1744.5454753248164,False,1.39,5.53,8,2.478,0.882
ichi,SELL,2022-07-08 07:30:00,2022-07-08 08:50:00,-2.95,sl,tenkan_momentum,0.01,1740.54,1743.4875124068008,1743.4875124068008,1743.4875124068008,False,0.42,3.15,17,1.474,0.53
ichi,SELL,2022-07-08 10:30:00,2022-07-08 10:45:00,4.3,sl,tenkan_momentum,0.01,1740.07,1735.77,1744.2299085387788,1735.77,True,6.63,0.68,4,2.08,0.751
ichi,SELL,2022-07-08 12:15:00,2022-07-08 13:40:00,-5.92,sl,tenkan_momentum,0.01,1736.51,1742.433403312198,1742.433403312198,1742.433403312198,False,1.43,6.8,18,2.962,1.062
ichi,SELL,2022-07-11 03:45:00,2022-07-11 10:45:00,2.05,sl,tenkan_momentum,0.01,1740.38,1738.33,1743.8116092639752,1738.33,True,3.89,3.41,85,1.716,0.622
ichi,SELL,2022-07-11 12:30:00,2022-07-11 13:10:00,1.88,sl,tenkan_momentum,0.01,1737.6,1735.72,1741.165020323296,1735.72,True,3.31,0.45,9,1.783,0.643
ichi,SELL,2022-07-11 14:00:00,2022-07-11 15:10:00,0.05,sl,tenkan_momentum,0.01,1736.18,1736.13,1739.8359093630295,1736.13,True,2.37,2.14,15,1.828,0.658
ichi,SELL,2022-07-12 03:45:00,2022-07-12 04:00:00,8.18,tp,tenkan_momentum,0.02,1732.09,1728.000086657387,1734.8166088950752,1734.8166088950752,False,10.32,2.38,4,1.363,0.981
ichi,SELL,2022-07-13 09:30:00,2022-07-13 09:45:00,-3.41,sl,tenkan_momentum,0.01,1723.5,1726.9100333012268,1726.9100333012268,1726.9100333012268,False,0.36,3.87,4,1.705,0.604
ichi,SELL,2022-07-14 09:15:00,2022-07-14 09:45:00,0.05,sl,tenkan_momentum,0.01,1725.87,1725.82,1730.5862458750164,1725.82,True,2.82,0.2,7,2.358,0.841
ichi,SELL,2022-07-15 15:00:00,2022-07-15 15:35:00,2.63,sl,tenkan_momentum,0.01,1704.52,1701.89,1708.6516477733112,1701.89,True,4.28,6.53,8,2.066,0.737
ichi,SELL,2022-07-19 05:00:00,2022-07-19 06:50:00,-3.09,sl,tenkan_momentum,0.01,1706.01,1709.097316589196,1709.097316589196,1709.097316589196,False,0.1,3.82,23,1.544,0.548
ichi,SELL,2022-07-19 17:00:00,2022-07-20 10:00:00,2.8,sl,tenkan_momentum,0.01,1710.99,1708.19,1715.8658435765906,1708.19,True,4.75,4.52,193,2.438,0.87
ichi,SELL,2022-07-20 11:30:00,2022-07-20 12:15:00,-2.9,sl,tenkan_momentum,0.01,1707.12,1710.0209819803695,1710.0209819803695,1710.0209819803695,False,0.0,3.09,10,1.45,0.515
ichi,SELL,2022-07-21 11:15:00,2022-07-21 12:20:00,4.09,sl,tenkan_momentum,0.01,1688.55,1684.46,1692.6991332357077,1684.46,True,5.98,0.63,14,2.075,0.741
ichi,SELL,2022-07-21 13:00:00,2022-07-21 13:45:00,1.27,sl,tenkan_momentum,0.01,1684.56,1683.29,1688.9985326786602,1683.29,True,3.24,1.56,10,2.219,0.786
ichi,BUY,2022-07-22 04:15:00,2022-07-22 05:55:00,-3.13,sl,kijun_pullback,0.01,1717.74,1714.6069320853735,1714.6069320853735,1714.6069320853735,False,0.45,4.01,21,1.567,0.554
ichi,BUY,2022-07-22 11:15:00,2022-07-22 12:30:00,5.99,tp,kijun_pullback,0.01,1717.8700000000001,1723.8573781526513,1713.8784145648992,1721.24,True,7.4,0.6,16,1.996,0.71
ichi,BUY,2022-07-22 16:15:00,2022-07-22 16:45:00,7.92,tp,tenkan_momentum,0.01,1726.72,1734.6407849685131,1721.439476687658,1721.439476687658,False,10.77,4.56,7,2.64,0.929
ichi,BUY,2022-07-25 09:45:00,2022-07-25 10:40:00,1.79,sl,tenkan_momentum,0.01,1726.16,1727.95,1723.0355361676156,1727.95,True,3.04,1.07,12,1.562,0.542
ichi,BUY,2022-07-25 11:15:00,2022-07-25 11:45:00,1.59,sl,kijun_pullback,0.01,1727.41,1729.0,1724.0625083555844,1729.0,True,2.93,0.94,7,1.674,0.579
ichi,BUY,2022-07-25 13:00:00,2022-07-25 13:25:00,-4.69,sl,kijun_pullback,0.01,1735.23,1730.5407894795246,1730.5407894795246,1730.5407894795246,False,0.19,5.25,6,2.345,0.809
ichi,BUY,2022-07-26 09:30:00,2022-07-26 09:55:00,1.61,sl,kijun_pullback,0.01,1723.82,1725.43,1720.7654631027074,1725.43,True,2.83,0.85,6,1.527,0.531
ichi,BUY,2022-07-26 11:00:00,2022-07-26 11:40:00,-3.3,sl,kijun_pullback,0.01,1724.99,1721.6948063590262,1721.6948063590262,1721.6948063590262,False,0.82,3.52,9,1.648,0.571
ichi,SELL,2022-07-26 17:45:00,2022-07-27 08:25:00,1.74,sl,tenkan_momentum,0.01,1718.15,1716.41,1723.6792176740234,1716.41,True,4.28,2.65,165,2.765,0.964
ichi,BUY,2022-07-27 14:15:00,2022-07-27 15:30:00,-3.52,sl,tenkan_momentum,0.01,1722.6200000000001,1719.0956215465849,1719.0956215465849,1719.0956215465849,False,0.62,4.41,16,1.762,0.613
ichi,BUY,2022-07-28 06:00:00,2022-07-28 10:00:00,1.97,sl,kijun_pullback,0.01,1738.1000000000001,1740.07,1733.6491591378174,1740.07,True,3.75,2.65,49,2.225,0.779
ichi,BUY,2022-07-28 10:45:00,2022-07-28 11:10:00,6.68,tp,kijun_pullback,0.01,1740.3400000000001,1747.0200563624417,1735.8866290917058,1743.32,True,7.29,0.55,6,2.227,0.776
ichi,BUY,2022-07-28 16:15:00,2022-07-28 16:30:00,5.16,sl,kijun_pullback,0.01,1745.6200000000001,1750.78,1738.0071338687164,1750.78,True,8.21,0.9,4,3.806,1.312
ichi,BUY,2022-07-29 05:15:00,2022-07-29 06:20:00,4.46,tp,kijun_pullback,0.01,1754.71,1759.1724078527973,1751.7350614314685,1757.32,True,5.42,1.35,14,1.487,0.508
ichi,BUY,2022-08-01 01:30:00,2022-08-01 07:40:00,-3.74,sl,kijun_pullback,0.01,1764.3300000000002,1760.5901686366553,1760.5901686366553,1760.5901686366553,False,1.53,4.48,75,1.87,0.634
ichi,BUY,2022-08-01 10:15:00,2022-08-01 11:00:00,-3.61,sl,kijun_pullback,0.01,1766.69,1763.08335214475,1763.08335214475,1763.08335214475,False,0.73,4.38,10,1.803,0.615
ichi,BUY,2022-08-01 16:15:00,2022-08-01 17:25:00,-5.78,sl,kijun_pullback,0.01,1772.96,1767.1790324374049,1767.1790324374049,1767.1790324374049,False,1.81,6.69,15,2.89,0.992
ichi,BUY,2022-08-02 14:15:00,2022-08-02 15:15:00,1.25,sl,kijun_pullback,0.01,1777.1000000000001,1778.35,1772.8755645476829,1778.35,True,4.49,0.47,13,2.112,0.732
ichi,BUY,2022-08-02 17:15:00,2022-08-02 17:55:00,-7.05,sl,kijun_pullback,0.01,1783.48,1776.4275276598137,1776.4275276598137,1776.4275276598137,False,2.67,7.65,9,3.526,1.22
ichi,BUY,2022-08-02 18:45:00,2022-08-02 20:25:00,-7.69,sl,kijun_pullback,0.01,1780.81,1773.1245813495198,1773.1245813495198,1773.1245813495198,False,0.37,8.0,21,3.843,1.346
ichi,BUY,2022-08-03 10:45:00,2022-08-03 13:15:00,-4.38,sl,kijun_pullback,0.01,1768.07,1763.6932634029934,1763.6932634029934,1763.6932634029934,False,0.29,5.32,31,2.188,0.777
ichi,BUY,2022-08-04 05:30:00,2022-08-04 06:20:00,2.31,sl,tenkan_momentum,0.01,1768.0800000000002,1770.39,1765.1776244764808,1770.39,True,3.47,0.8,11,1.451,0.519
ichi,BUY,2022-08-04 09:45:00,2022-08-04 10:50:00,1.94,sl,kijun_pullback,0.01,1771.48,1773.42,1768.338335839663,1773.42,True,3.37,0.33,14,1.571,0.56
ichi,BUY,2022-08-04 17:00:00,2022-08-04 17:40:00,1.59,sl,kijun_pullback,0.01,1783.7,1785.29,1777.5521588470488,1785.29,True,4.05,1.54,9,3.074,1.092
ichi,BUY,2022-08-05 02:15:00,2022-08-05 04:00:00,1.21,sl,kijun_pullback,0.01,1792.42,1793.63,1789.2688272633782,1793.63,True,2.47,0.5,22,1.576,0.558
ichi,BUY,2022-08-09 01:15:00,2022-08-09 02:45:00,2.36,sl,kijun_pullback,0.02,1788.39,1789.57,1785.7296391712084,1789.57,True,4.48,1.1,19,1.33,0.94
ichi,BUY,2022-08-09 02:50:00,2022-08-09 04:05:00,-4.86,sl,kijun_pullback,0.02,1789.52,1787.0893946623457,1787.0893946623457,1787.0893946623457,False,1.26,5.46,16,1.215,0.855
ichi,BUY,2022-08-09 09:00:00,2022-08-09 09:15:00,-4.91,sl,tenkan_momentum,0.02,1788.78,1786.3267027615136,1786.3267027615136,1786.3267027615136,False,0.92,4.92,4,1.227,0.871
ichi,BUY,2022-08-09 11:00:00,2022-08-09 11:10:00,1.96,gap,tenkan_momentum,0.01,1787.27,1789.23,1783.6042666606427,1790.19,True,4.39,0.84,3,1.833,0.656
ichi,BUY,2022-08-09 13:00:00,2022-08-09 13:30:00,0.05,sl,tenkan_momentum,0.01,1791.16,1791.21,1787.207847439934,1791.21,True,2.18,0.87,7,1.976,0.705
ichi,BUY,2022-08-09 14:30:00,2022-08-09 16:05:00,6.11,tp,tenkan_momentum,0.01,1791.81,1797.9237532059676,1787.7341645293548,1791.86,True,6.31,3.78,20,2.038,0.727
ichi,BUY,2022-08-09 17:45:00,2022-08-09 18:00:00,-5.73,sl,kijun_pullback,0.01,1796.05,1790.3189909431078,1790.3189909431078,1790.3189909431078,False,0.0,5.87,4,2.866,1.011
ichi,BUY,2022-08-10 15:00:00,2022-08-10 15:25:00,-3.17,sl,tenkan_momentum,0.01,1792.56,1789.3904882854765,1789.3904882854765,1789.3904882854765,False,1.0,4.62,6,1.585,0.565
ichi,SELL,2022-08-11 09:45:00,2022-08-11 10:20:00,-3.38,sl,tenkan_momentum,0.01,1784.83,1788.208764499256,1788.208764499256,1788.208764499256,False,0.0,3.69,8,1.689,0.606
ichi,BUY,2022-08-11 16:30:00,2022-08-11 16:55:00,2.91,sl,kijun_pullback,0.01,1794.26,1797.17,1789.1462323723906,1797.17,True,4.96,3.12,6,2.557,0.922
ichi,SELL,2022-08-12 03:15:00,2022-08-12 06:20:00,-2.86,sl,tenkan_momentum,0.01,1787.64,1790.4993826074588,1790.4993826074588,1790.4993826074588,False,1.15,3.01,38,1.43,0.513
ichi,BUY,2022-08-12 08:30:00,2022-08-12 08:40:00,0.1,sl,tenkan_momentum,0.02,1791.28,1791.33,1788.8106578346824,1791.33,True,2.56,0.4,3,1.235,0.891
ichi,SELL,2022-08-12 14:30:00,2022-08-12 15:20:00,-4.07,sl,tenkan_momentum,0.01,1786.9,1790.9725854934757,1790.9725854934757,1790.9725854934757,False,1.82,5.8,11,2.036,0.734
ichi,BUY,2022-08-12 17:15:00,2022-08-12 20:20:00,4.83,sl,kijun_pullback,0.01,1794.57,1799.4,1788.8311403245643,1799.4,True,7.36,4.14,38,2.869,1.043
ichi,BUY,2022-08-15 04:00:00,2022-08-15 04:10:00,-3.03,sl,kijun_pullback,0.01,1801.43,1798.4044964078414,1798.4044964078414,1798.4044964078414,False,0.33,3.1,3,1.513,0.545
ichi,SELL,2022-08-15 16:45:00,2022-08-15 20:10:00,-7.03,sl,tenkan_momentum,0.01,1777.25,1784.2837963394486,1784.2837963394486,1784.2837963394486,False,1.32,7.09,42,3.517,1.274
ichi,SELL,2022-08-16 14:15:00,2022-08-16 15:35:00,1.1,gap,tenkan_momentum,0.01,1775.56,1774.46,1779.1532049434816,1773.11,True,3.89,3.2,17,1.797,0.659
ichi,SELL,2022-08-17 03:30:00,2022-08-17 05:15:00,-4.43,sl,tenkan_momentum,0.02,1774.41,1776.623278796493,1776.623278796493,1776.623278796493,False,0.76,4.64,22,1.107,0.81
ichi,SELL,2022-08-17 17:00:00,2022-08-17 19:45:00,5.23,sl,tenkan_momentum,0.01,1767.78,1762.55,1773.8472845797523,1762.55,True,7.78,2.23,34,3.034,1.12
ichi,SELL,2022-08-18 09:00:00,2022-08-18 10:05:00,2.16,sl,tenkan_momentum,0.02,1763.36,1762.28,1765.9503881133257,1762.28,True,4.52,0.72,14,1.295,0.947
ichi,SELL,2022-08-19 03:15:00,2022-08-19 05:00:00,0.05,sl,tenkan_momentum,0.01,1755.58,1755.53,1758.4588241904185,1755.53,True,1.78,2.23,22,1.439,0.524
ichi,SELL,2022-08-19 12:15:00,2022-08-19 13:30:00,2.13,sl,tenkan_momentum,0.01,1753.47,1751.34,1756.6835430238475,1751.34,True,3.49,0.98,16,1.607,0.585
ichi,SELL,2022-08-19 15:15:00,2022-08-19 15:30:00,-3.99,sl,tenkan_momentum,0.01,1751.03,1755.0201886017626,1755.0201886017626,1755.0201886017626,False,0.98,4.11,4,1.995,0.724
ichi,SELL,2022-08-22 04:00:00,2022-08-22 05:25:00,-2.83,sl,tenkan_momentum,0.01,1745.38,1748.2050900076465,1748.2050900076465,1748.2050900076465,False,0.18,3.03,18,1.413,0.516
ichi,SELL,2022-08-22 09:00:00,2022-08-22 10:10:00,4.15,tp,tenkan_momentum,0.01,1743.59,1739.436770705188,1746.3588195298746,1741.61,True,4.19,0.39,15,1.384,0.508
ichi,SELL,2022-08-23 09:30:00,2022-08-23 10:15:00,-2.92,sl,tenkan_momentum,0.01,1735.09,1738.0069188636076,1738.0069188636076,1738.0069188636076,False,0.0,3.44,10,1.458,0.531
ichi,SELL,2022-08-23 15:15:00,2022-08-23 15:25:00,1.69,sl,tenkan_momentum,0.01,1736.1,1734.41,1740.403216701128,1734.41,True,3.41,0.44,3,2.152,0.788
ichi,BUY,2022-08-24 10:00:00,2022-08-24 10:20:00,-5.14,sl,tenkan_momentum,0.02,1747.4,1744.831836879301,1744.831836879301,1744.831836879301,False,0.16,6.34,5,1.284,0.938
ichi,BUY,2022-08-25 03:30:00,2022-08-25 04:35:00,5.4,sl,tenkan_momentum,0.02,1752.41,1755.11,1749.7532927401812,1755.11,True,7.52,1.14,14,1.328,0.979
ichi,BUY,2022-08-26 09:15:00,2022-08-26 09:35:00,1.5,sl,tenkan_momentum,0.02,1757.06,1757.81,1754.5471560980861,1757.81,True,3.52,0.48,5,1.256,0.917
ichi,SELL,2022-08-29 01:45:00,2022-08-29 02:25:00,0.95,gap,tenkan_momentum,0.01,1735.94,1734.99,1739.9634482626748,1734.48,True,3.07,0.97,9,2.012,0.732
ichi,BUY,2022-08-30 04:00:00,2022-08-30 04:30:00,-5.32,sl,tenkan_momentum,0.02,1739.81,1737.1513920016916,1737.1513920016916,1737.1513920016916,False,0.86,6.38,7,1.329,0.966
ichi,SELL,2022-08-30 09:00:00,2022-08-30 09:45:00,0.05,sl,tenkan_momentum,0.01,1734.53,1734.48,1737.4817933993502,1734.48,True,1.48,1.47,10,1.476,0.542
ichi,SELL,2022-08-30 11:00:00,2022-08-30 11:10:00,-3.93,sl,tenkan_momentum,0.01,1731.35,1735.2793461750234,1735.2793461750234,1735.2793461750234,False,0.0,5.27,3,1.965,0.721
ichi,SELL,2022-08-30 15:45:00,2022-08-30 17:30:00,4.51,sl,tenkan_momentum,0.01,1730.49,1725.98,1734.946153513081,1725.98,True,7.35,2.61,22,2.228,0.823
ichi,SELL,2022-08-31 04:30:00,2022-08-31 04:55:00,0.1,sl,tenkan_momentum,0.02,1722.12,1722.07,1724.6073593542521,1722.07,True,2.6,2.06,6,1.244,0.912
ichi,SELL,2022-09-01 09:15:00,2022-09-01 09:35:00,0.05,sl,tenkan_momentum,0.01,1705.38,1705.33,1708.6889039757762,1705.33,True,1.69,0.32,5,1.654,0.606
ichi,SELL,2022-09-01 11:45:00,2022-09-01 12:15:00,-3.88,sl,tenkan_momentum,0.01,1702.27,1706.1460744280946,1706.1460744280946,1706.1460744280946,False,0.3,5.03,7,1.938,0.71
ichi,SELL,2022-09-01 15:00:00,2022-09-01 15:40:00,6.38,tp,tenkan_momentum,0.01,1701.81,1695.4257575437055,1706.0661616375296,1706.0661616375296,False,6.56,2.49,9,2.128,0.785
ichi,SELL,2022-09-01 18:30:00,2022-09-02 08:55:00,-7.68,sl,tenkan_momentum,0.01,1694.21,1701.8905761623034,1701.8905761623034,1701.8905761623034,False,1.19,7.69,162,3.84,1.401
ichi,BUY,2022-09-02 16:30:00,2022-09-02 18:10:00,5.18,sl,kijun_pullback,0.01,1710.66,1715.84,1705.318461509946,1715.84,True,7.32,2.21,21,2.671,0.988
ichi,BUY,2022-09-05 09:00:00,2022-09-05 09:25:00,-3.08,sl,tenkan_momentum,0.01,1713.54,1710.4634236975594,1710.4634236975594,1710.4634236975594,False,0.0,3.35,6,1.538,0.564
ichi,BUY,2022-09-05 12:45:00,2022-09-05 13:30:00,0.05,sl,tenkan_momentum,0.01,1713.98,1714.03,1710.57602483639,1714.03,True,1.77,1.05,10,1.702,0.627
ichi,SELL,2022-09-06 17:00:00,2022-09-06 17:10:00,3.18,gap,tenkan_momentum,0.01,1708.91,1705.73,1714.3849529334796,1704.86,True,6.38,0.2,3,2.737,1.009
ichi,BUY,2022-09-08 04:30:00,2022-09-08 04:55:00,-3.07,sl,tenkan_momentum,0.01,1718.66,1715.5870574940618,1715.5870574940618,1715.5870574940618,False,0.65,3.37,6,1.536,0.563
ichi,BUY,2022-09-08 10:30:00,2022-09-08 13:00:00,1.13,sl,kijun_pullback,0.01,1718.8600000000001,1719.99,1715.4618004849135,1719.99,True,2.49,2.67,31,1.699,0.626
ichi,BUY,2022-09-09 13:00:00,2022-09-09 14:50:00,-4.15,sl,tenkan_momentum,0.01,1727.53,1723.3799367967983,1723.3799367967983,1723.3799367967983,False,1.85,6.08,23,2.075,0.763
ichi,SELL,2022-09-12 09:00:00,2022-09-12 09:30:00,-2.83,sl,tenkan_momentum,0.01,1713.13,1715.9596867501075,1715.9596867501075,1715.9596867501075,False,0.77,2.96,7,1.415,0.524
ichi,BUY,2022-09-12 18:00:00,2022-09-12 19:20:00,2.55,sl,kijun_pullback,0.01,1730.29,1732.84,1724.55342381451,1732.84,True,4.84,1.83,17,2.868,1.068
ichi,BUY,2022-09-13 11:45:00,2022-09-13 12:55:00,2.16,sl,tenkan_momentum,0.01,1724.45,1726.61,1721.0341479672843,1726.61,True,3.68,0.34,15,1.708,0.633
ichi,BUY,2022-09-13 13:45:00,2022-09-13 14:15:00,1.14,sl,tenkan_momentum,0.01,1727.4,1728.54,1723.8387805765133,1728.54,True,2.63,0.2,7,1.781,0.657
ichi,SELL,2022-09-14 04:00:00,2022-09-14 04:30:00,0.05,sl,tenkan_momentum,0.01,1700.21,1700.16,1704.0418167765597,1700.16,True,1.92,1.49,7,1.916,0.706
ichi,SELL,2022-09-15 04:00:00,2022-09-15 04:35:00,0.1,sl,tenkan_momentum,0.02,1695.57,1695.52,1698.1881758473385,1695.52,True,3.4,0.54,8,1.309,0.964
ichi,SELL,2022-09-15 06:15:00,2022-09-15 07:55:00,4.33,tp,tenkan_momentum,0.01,1691.72,1687.386388460435,1694.6090743597101,1690.28,True,4.73,1.77,21,1.445,0.532
ichi,SELL,2022-09-15 12:00:00,2022-09-15 13:00:00,-3.64,sl,tenkan_momentum,0.01,1687.31,1690.948700768381,1690.948700768381,1690.948700768381,False,0.9,3.83,13,1.819,0.665
ichi,SELL,2022-09-15 13:45:00,2022-09-15 15:25:00,1.73,sl,tenkan_momentum,0.01,1686.29,1684.56,1690.1214116664091,1684.56,True,3.26,1.48,21,1.916,0.705
ichi,SELL,2022-09-15 15:30:00,2022-09-15 15:45:00,-4.92,sl,tenkan_momentum,0.01,1685.28,1690.1986251004773,1690.1986251004773,1690.1986251004773,False,2.86,7.21,4,2.459,0.902
ichi,SELL,2022-09-16 10:30:00,2022-09-16 10:50:00,4.9,tp,tenkan_momentum,0.01,1661.26,1656.355394712639,1664.5297368582405,1658.72,True,5.65,0.27,5,1.635,0.605
ichi,SELL,2022-09-19 12:00:00,2022-09-19 15:25:00,-4.5,sl,tenkan_momentum,0.01,1662.61,1667.114035374314,1667.114035374314,1667.114035374314,False,1.64,5.18,42,2.252,0.826
ichi,BUY,2022-09-20 05:30:00,2022-09-20 07:45:00,-2.98,sl,kijun_pullback,0.01,1676.5,1673.5187699104783,1673.5187699104783,1673.5187699104783,False,1.39,3.31,28,1.491,0.551
ichi,SELL,2022-09-20 10:45:00,2022-09-20 11:20:00,2.51,sl,tenkan_momentum,0.01,1672.42,1669.91,1676.0167114852331,1669.91,True,3.95,1.77,8,1.798,0.669
ichi,SELL,2022-09-20 13:45:00,2022-09-20 15:35:00,1.32,sl,tenkan_momentum,0.01,1668.25,1666.93,1672.0857994715907,1666.93,True,2.85,2.16,23,1.918,0.71
ichi,SELL,2022-09-20 17:15:00,2022-09-21 09:00:00,-5.1,sl,tenkan_momentum,0.01,1663.27,1668.3728383847042,1668.3728383847042,1668.3728383847042,False,2.36,6.17,178,2.551,0.942
ichi,BUY,2022-09-21 16:15:00,2022-09-21 17:20:00,-4.06,sl,kijun_pullback,0.01,1674.24,1670.1777627459849,1670.1777627459849,1670.1777627459849,False,0.84,4.2,14,2.031,0.757
ichi,SELL,2022-09-22 11:00:00,2022-09-22 11:00:00,-5.64,sl,tenkan_momentum,0.01,1658.89,1664.5304397274062,1664.5304397274062,1664.5304397274062,False,0.72,6.62,1,2.82,1.059
ichi,BUY,2022-09-22 14:45:00,2022-09-22 15:20:00,2.03,gap,tenkan_momentum,0.01,1670.4,1672.43,1663.1239741732586,1672.66,True,5.17,1.74,8,3.638,1.381
ichi,BUY,2022-09-22 17:15:00,2022-09-23 10:15:00,-8.78,sl,kijun_pullback,0.01,1676.21,1667.4303622135544,1667.4303622135544,1667.4303622135544,False,1.8,9.33,193,4.39,1.66
ichi,SELL,2022-09-23 16:45:00,2022-09-23 17:25:00,2.5,sl,tenkan_momentum,0.01,1647.81,1645.31,1656.5972412193184,1645.31,True,6.01,0.79,9,4.394,1.689
ichi,SELL,2022-09-26 03:45:00,2022-09-26 03:55:00,9.71,tp,tenkan_momentum,0.01,1639.13,1629.4230300061338,1645.6013133292442,1645.6013133292442,False,12.12,0.48,3,3.236,1.238
ichi,SELL,2022-09-26 13:15:00,2022-09-26 15:20:00,-6.92,sl,tenkan_momentum,0.01,1636.77,1643.6928672543222,1643.6928672543222,1643.6928672543222,False,0.34,7.96,26,3.461,1.3
ichi,SELL,2022-09-27 17:30:00,2022-09-27 20:05:00,4.64,sl,tenkan_momentum,0.01,1634.19,1629.55,1640.860358845289,1629.55,True,7.31,3.95,32,3.335,1.269
ichi,SELL,2022-09-28 03:45:00,2022-09-28 05:25:00,1.4,sl,tenkan_momentum,0.01,1626.2,1624.8,1629.852895197099,1624.8,True,3.0,1.36,21,1.826,0.689
ichi,SELL,2022-09-28 11:45:00,2022-09-28 13:00:00,0.05,sl,tenkan_momentum,0.01,1619.31,1619.26,1624.7333389023954,1619.26,True,3.2,6.4,16,2.712,1.02
ichi,BUY,2022-09-29 16:15:00,2022-09-29 17:15:00,-6.81,sl,tenkan_momentum,0.01,1654.78,1647.9693112873772,1647.9693112873772,1647.9693112873772,False,3.38,9.6,13,3.405,1.281
ichi,BUY,2022-09-29 18:00:00,2022-09-29 18:15:00,2.88,sl,kijun_pullback,0.01,1653.54,1656.42,1644.8638541850794,1656.42,True,6.65,0.52,4,4.338,1.653
ichi,BUY,2022-09-30 03:00:00,2022-09-30 05:00:00,-4.15,sl,kijun_pullback,0.01,1664.8,1660.6518121855868,1660.6518121855868,1660.6518121855868,False,0.5,4.2,25,2.074,0.786
ichi,BUY,2022-09-30 06:00:00,2022-09-30 09:15:00,3.65,sl,kijun_pullback,0.01,1663.5,1667.15,1659.6605493967259,1667.15,True,5.26,2.26,40,1.92,0.733
ichi,BUY,2022-10-03 15:30:00,2022-10-03 16:20:00,3.52,gap,kijun_pullback,0.01,1668.91,1672.43,1663.798580488927,1672.57,True,5.7,3.56,11,2.556,0.97
ichi,BUY,2022-10-03 17:15:00,2022-10-03 17:30:00,12.48,tp,kijun_pullback,0.01,1678.38,1690.8636355744047,1670.0575762837304,1683.11,True,12.93,1.8,4,4.161,1.568
ichi,BUY,2022-10-04 09:00:00,2022-10-04 10:00:00,1.61,sl,kijun_pullback,0.01,1703.46,1705.07,1699.1434019492763,1705.07,True,3.34,1.56,13,2.158,0.795
ichi,BUY,2022-10-04 15:30:00,2022-10-04 16:00:00,1.81,sl,kijun_pullback,0.01,1709.07,1710.88,1703.2305624452224,1710.88,True,4.15,1.64,7,2.92,1.072
ichi,BUY,2022-10-04 17:00:00,2022-10-04 17:10:00,3.79,gap,tenkan_momentum,0.01,1710.25,1714.04,1703.004582592561,1714.78,True,7.43,0.2,3,3.623,1.326
ichi,BUY,2022-10-05 01:30:00,2022-10-05 03:50:00,-4.24,sl,kijun_pullback,0.01,1725.93,1721.6914427992303,1721.6914427992303,1721.6914427992303,False,0.0,4.41,29,2.119,0.77
ichi,BUY,2022-10-06 05:00:00,2022-10-06 06:30:00,1.25,sl,tenkan_momentum,0.01,1721.46,1722.71,1717.5078143235576,1722.71,True,2.83,1.34,19,1.976,0.724
ichi,BUY,2022-10-06 08:45:00,2022-10-06 10:00:00,-3.41,sl,tenkan_momentum,0.01,1723.73,1720.3184991654346,1720.3184991654346,1720.3184991654346,False,0.79,4.05,16,1.706,0.623
ichi,BUY,2022-10-06 10:15:00,2022-10-06 11:20:00,-4.09,sl,kijun_pullback,0.01,1723.65,1719.5639313084116,1719.5639313084116,1719.5639313084116,False,1.92,6.18,14,2.043,0.751
ichi,SELL,2022-10-06 18:45:00,2022-10-07 13:45:00,0.05,sl,tenkan_momentum,0.01,1710.38,1710.33,1717.0185388319396,1710.33,True,3.91,5.03,217,3.319,1.23
ichi,SELL,2022-10-07 16:45:00,2022-10-07 17:15:00,0.05,sl,tenkan_momentum,0.01,1699.07,1699.02,1707.5649773437963,1699.02,True,4.92,3.67,7,4.247,1.573
ichi,SELL,2022-10-10 05:15:00,2022-10-10 06:30:00,3.67,sl,tenkan_momentum,0.01,1692.8,1689.13,1697.2871740186783,1689.13,True,5.46,0.97,16,2.244,0.831
ichi,SELL,2022-10-10 17:30:00,2022-10-10 18:20:00,4.86,sl,tenkan_momentum,0.01,1673.61,1668.75,1680.5586225087604,1668.75,True,7.7,3.93,11,3.474,1.278
ichi,SELL,2022-10-12 16:15:00,2022-10-12 21:05:00,-5.94,sl,tenkan_momentum,0.01,1668.01,1673.9482135601725,1673.9482135601725,1673.9482135601725,False,0.58,7.33,59,2.969,1.083
ichi,BUY,2022-10-13 03:30:00,2022-10-13 05:00:00,-3.07,sl,kijun_pullback,0.01,1674.64,1671.5677396751264,1671.5677396751264,1671.5677396751264,False,0.82,3.12,19,1.536,0.566
ichi,SELL,2022-10-14 16:30:00,2022-10-14 17:05:00,4.47,gap,tenkan_momentum,0.01,1654.61,1650.14,1662.2678545506235,1648.47,True,9.2,1.73,8,3.829,1.419
ichi,BUY,2022-10-17 15:30:00,2022-10-17 16:00:00,2.11,sl,kijun_pullback,0.01,1663.95,1666.06,1658.6158402816907,1666.06,True,4.24,0.71,7,2.667,0.981
ichi,BUY,2022-10-17 17:30:00,2022-10-17 20:00:00,-5.47,sl,kijun_pullback,0.01,1662.6000000000001,1657.1257894720386,1657.1257894720386,1657.1257894720386,False,1.94,5.88,31,2.737,1.002
ichi,SELL,2022-10-18 18:15:00,2022-10-18 18:25:00,2.62,sl,tenkan_momentum,0.01,1651.7,1649.08,1657.0005381693004,1649.08,True,4.74,0.2,3,2.65,0.98
ichi,SELL,2022-10-19 11:15:00,2022-10-19 13:40:00,7.5,tp,tenkan_momentum,0.01,1641.77,1634.2688453801827,1646.7707697465448,1636.3,True,8.68,0.72,30,2.5,0.921
ichi,SELL,2022-10-19 18:00:00,2022-10-20 03:15:00,5.32,sl,tenkan_momentum,0.01,1634.0,1628.68,1640.1468853247625,1628.68,True,7.8,2.0,100,3.073,1.116
ichi,SELL,2022-10-20 04:15:00,2022-10-20 05:40:00,2.01,sl,tenkan_momentum,0.01,1625.85,1623.84,1628.8802970368163,1623.84,True,3.22,1.44,18,1.515,0.545
ichi,SELL,2022-10-20 06:15:00,2022-10-20 07:15:00,-3.34,sl,tenkan_momentum,0.01,1625.45,1628.79026570871,1628.79026570871,1628.79026570871,False,0.12,6.28,13,1.67,0.599
ichi,SELL,2022-10-21 09:00:00,2022-10-21 10:15:00,2.52,sl,tenkan_momentum,0.01,1621.4,1618.88,1624.8760045530266,1618.88,True,3.91,1.66,16,1.738,0.627
ichi,SELL,2022-10-21 11:30:00,2022-10-21 12:50:00,-4.81,sl,tenkan_momentum,0.01,1621.18,1625.9939389271149,1625.9939389271149,1625.9939389271149,False,1.72,4.86,17,2.407,0.864
ichi,BUY,2022-10-24 02:45:00,2022-10-24 03:50:00,-7.56,sl,kijun_pullback,0.01,1665.31,1657.7526171984064,1657.7526171984064,1657.7526171984064,False,5.22,8.81,14,3.779,1.368
ichi,BUY,2022-10-25 03:15:00,2022-10-25 03:50:00,0.05,sl,kijun_pullback,0.01,1652.5900000000001,1652.64,1649.654492665083,1652.64,True,1.54,0.39,8,1.468,0.539
ichi,SELL,2022-10-25 11:30:00,2022-10-25 12:20:00,2.02,sl,tenkan_momentum,0.01,1645.96,1643.94,1649.7967416714257,1643.94,True,3.55,1.28,11,1.918,0.704
ichi,SELL,2022-10-25 15:30:00,2022-10-25 16:10:00,-4.62,sl,tenkan_momentum,0.01,1641.46,1646.077504135373,1646.077504135373,1646.077504135373,False,2.16,5.25,9,2.309,0.844
ichi,BUY,2022-10-27 03:45:00,2022-10-27 04:15:00,2.25,sl,kijun_pullback,0.01,1667.28,1669.53,1664.186818889145,1669.53,True,3.55,0.95,7,1.547,0.57
ichi,SELL,2022-10-27 17:00:00,2022-10-27 17:15:00,-7.07,sl,tenkan_momentum,0.01,1658.37,1665.4444167600102,1665.4444167600102,1665.4444167600102,False,0.0,7.33,4,3.537,1.299
ichi,BUY,2022-10-28 03:30:00,2022-10-28 04:15:00,1.25,sl,kijun_pullback,0.01,1661.27,1662.52,1658.0602440798991,1662.52,True,2.53,0.37,10,1.605,0.597
ichi,BUY,2022-10-28 06:00:00,2022-10-28 08:35:00,-3.81,sl,kijun_pullback,0.01,1665.6200000000001,1661.8148140500493,1661.8148140500493,1661.8148140500493,False,0.59,3.82,32,1.903,0.706
ichi,SELL,2022-10-28 16:30:00,2022-10-28 18:20:00,1.92,sl,tenkan_momentum,0.01,1643.22,1641.3,1650.8466001352303,1641.3,True,4.97,6.27,23,3.813,1.426
ichi,SELL,2022-10-31 05:00:00,2022-10-31 05:55:00,-3.05,sl,tenkan_momentum,0.01,1641.52,1644.5744447363716,1644.5744447363716,1644.5744447363716,False,0.14,3.44,12,1.527,0.569
ichi,SELL,2022-10-31 10:00:00,2022-10-31 10:20:00,2.14,sl,tenkan_momentum,0.01,1641.18,1639.04,1644.6039783556255,1639.04,True,3.51,0.52,5,1.712,0.641
ichi,SELL,2022-10-31 12:15:00,2022-10-31 13:00:00,-3.39,sl,tenkan_momentum,0.01,1637.74,1641.1347869533276,1641.1347869533276,1641.1347869533276,False,0.88,3.87,10,1.697,0.633
ichi,SELL,2022-10-31 14:30:00,2022-10-31 15:35:00,2.56,gap,tenkan_momentum,0.01,1638.08,1635.52,1642.4834968720668,1635.43,True,4.41,1.56,14,2.202,0.827
ichi,BUY,2022-11-01 10:00:00,2022-11-01 10:20:00,1.3,sl,kijun_pullback,0.01,1645.51,1646.81,1640.823750439755,1646.81,True,3.17,0.24,5,2.343,0.876
ichi,SELL,2022-11-01 18:30:00,2022-11-01 20:00:00,-6.02,sl,tenkan_momentum,0.01,1644.58,1650.597129470315,1650.597129470315,1650.597129470315,False,1.41,6.37,19,3.009,1.122
ichi,BUY,2022-11-02 03:00:00,2022-11-02 04:05:00,-2.94,sl,kijun_pullback,0.01,1650.63,1647.6909787888894,1647.6909787888894,1647.6909787888894,False,0.75,3.17,14,1.47,0.554
ichi,BUY,2022-11-02 04:45:00,2022-11-02 05:25:00,1.67,sl,tenkan_momentum,0.01,1650.39,1652.06,1647.0731784940122,1652.06,True,3.0,0.25,9,1.658,0.629
ichi,BUY,2022-11-02 07:15:00,2022-11-02 07:50:00,0.77,sl,kijun_pullback,0.01,1650.8500000000001,1651.62,1647.9659593218323,1651.62,True,1.92,0.29,8,1.442,0.545
ichi,BUY,2022-11-02 09:00:00,2022-11-02 10:05:00,1.04,gap,kijun_pullback,0.01,1651.53,1652.57,1648.4312602366135,1652.63,True,2.34,1.43,14,1.549,0.585
ichi,BUY,2022-11-02 11:15:00,2022-11-02 11:50:00,0.05,sl,kijun_pullback,0.01,1654.24,1654.29,1650.7804585270455,1654.29,True,2.07,0.65,8,1.73,0.652
ichi,BUY,2022-11-02 14:30:00,2022-11-02 16:00:00,-4.27,sl,kijun_pullback,0.01,1656.8700000000001,1652.6036808641506,1652.6036808641506,1652.6036808641506,False,1.25,5.27,19,2.133,0.803
ichi,BUY,2022-11-02 20:15:00,2022-11-02 20:35:00,0.05,sl,kijun_pullback,0.01,1664.41,1664.46,1658.5204757541705,1664.46,True,4.92,9.18,5,2.945,1.118
ichi,SELL,2022-11-03 08:15:00,2022-11-03 09:10:00,4.82,tp,tenkan_momentum,0.01,1634.85,1630.0300836199779,1638.0632775866814,1632.88,True,4.89,1.62,12,1.607,0.61
ichi,BUY,2022-11-04 12:30:00,2022-11-04 12:55:00,0.05,sl,kijun_pullback,0.01,1649.02,1649.07,1644.1460542345226,1649.07,True,3.02,0.56,6,2.437,0.917
ichi,BUY,2022-11-04 14:45:00,2022-11-04 15:15:00,9.7,tp,kijun_pullback,0.01,1656.3500000000001,1666.0529866756453,1649.8813422162368,1663.0,True,10.66,0.92,7,3.234,1.217
ichi,BUY,2022-11-07 01:15:00,2022-11-07 01:50:00,-5.42,sl,kijun_pullback,0.01,1678.46,1673.0377172195983,1673.0377172195983,1673.0377172195983,False,0.43,5.43,8,2.711,1.002
ichi,BUY,2022-11-07 16:45:00,2022-11-07 17:20:00,-4.9,sl,tenkan_momentum,0.01,1680.45,1675.5471946537143,1675.5471946537143,1675.5471946537143,False,1.45,5.31,8,2.451,0.915
ichi,BUY,2022-11-08 17:15:00,2022-11-08 17:25:00,4.67,gap,kijun_pullback,0.01,1698.99,1703.66,1691.0743965328636,1705.25,True,9.57,1.26,3,3.958,1.491
ichi,BUY,2022-11-09 01:30:00,2022-11-09 03:00:00,-4.37,sl,kijun_pullback,0.01,1713.0800000000002,1708.7097461548892,1708.7097461548892,1708.7097461548892,False,0.0,5.04,19,2.185,0.816
ichi,BUY,2022-11-09 10:15:00,2022-11-09 11:10:00,-3.99,sl,kijun_pullback,0.01,1715.07,1711.0835924558685,1711.0835924558685,1711.0835924558685,False,0.76,4.31,12,1.993,0.75
ichi,BUY,2022-11-09 17:15:00,2022-11-09 17:35:00,-7.03,sl,kijun_pullback,0.01,1716.54,1709.5085037765516,1709.5085037765516,1709.5085037765516,False,1.07,7.7,5,3.516,1.333
ichi,BUY,2022-11-10 08:45:00,2022-11-10 09:10:00,-3.55,sl,kijun_pullback,0.01,1711.3700000000001,1707.816802486414,1707.816802486414,1707.816802486414,False,0.04,3.62,6,1.777,0.683
ichi,BUY,2022-11-10 15:30:00,2022-11-10 15:30:00,10.98,tp,tenkan_momentum,0.01,1711.8500000000001,1722.8255508188863,1704.5329661207427,1704.5329661207427,False,23.23,0.26,1,3.659,1.416
ichi,BUY,2022-11-11 09:00:00,2022-11-11 09:40:00,2.1,sl,tenkan_momentum,0.01,1758.3700000000001,1760.47,1753.0039606150942,1760.47,True,4.25,2.62,9,2.683,1.017
ichi,BUY,2022-11-11 10:30:00,2022-11-11 11:00:00,3.62,sl,tenkan_momentum,0.01,1760.1100000000001,1763.73,1754.0785706586146,1763.73,True,6.03,0.54,7,3.016,1.138
ichi,BUY,2022-11-14 10:15:00,2022-11-14 11:00:00,-5.02,sl,tenkan_momentum,0.01,1765.8600000000001,1760.8384940154106,1760.8384940154106,1760.8384940154106,False,0.28,6.08,10,2.511,0.941
ichi,BUY,2022-11-15 09:15:00,2022-11-15 09:30:00,5.78,tp,tenkan_momentum,0.01,1771.92,1777.6999416412411,1768.066705572506,1775.91,True,7.27,0.4,4,1.927,0.729
ichi,BUY,2022-11-15 11:00:00,2022-11-15 15:30:00,7.79,tp,kijun_pullback,0.01,1777.78,1785.570876242141,1772.5860825052393,1772.5860825052393,False,8.79,4.76,55,2.597,0.972
ichi,BUY,2022-11-16 02:45:00,2022-11-16 05:45:00,-5.4,sl,kijun_pullback,0.01,1778.31,1772.9089061357638,1772.9089061357638,1772.9089061357638,False,1.96,5.67,37,2.701,0.997
ichi,BUY,2022-11-16 15:30:00,2022-11-16 16:35:00,-5.34,sl,tenkan_momentum,0.01,1779.5800000000002,1774.2357937605182,1774.2357937605182,1774.2357937605182,False,1.92,5.8,14,2.672,0.996
ichi,SELL,2022-11-17 14:45:00,2022-11-17 15:10:00,3.25,gap,tenkan_momentum,0.01,1762.96,1759.71,1767.5533601533994,1758.77,True,6.03,1.91,6,2.297,0.865
ichi,SELL,2022-11-17 17:45:00,2022-11-17 19:00:00,0.05,sl,tenkan_momentum,0.01,1759.36,1759.31,1765.6669275993352,1759.31,True,3.67,1.31,16,3.153,1.18
ichi,SELL,2022-11-18 16:00:00,2022-11-18 16:30:00,3.43,sl,tenkan_momentum,0.01,1760.26,1756.83,1764.863190074456,1756.83,True,6.37,1.2,7,2.302,0.861
ichi,SELL,2022-11-18 17:45:00,2022-11-18 19:35:00,2.31,sl,tenkan_momentum,0.01,1754.95,1752.64,1760.6461440966923,1752.64,True,4.59,3.91,23,2.848,1.059
ichi,SELL,2022-11-21 09:30:00,2022-11-21 09:55:00,1.14,sl,tenkan_momentum,0.01,1744.79,1743.65,1748.27376658186,1743.65,True,2.53,1.17,6,1.742,0.645
ichi,SELL,2022-11-22 17:00:00,2022-11-22 18:25:00,1.12,sl,tenkan_momentum,0.01,1742.89,1741.77,1747.2159453084216,1741.77,True,2.95,1.98,18,2.163,0.799
ichi,BUY,2022-11-24 09:00:00,2022-11-24 09:15:00,0.79,sl,kijun_pullback,0.01,1755.5900000000001,1756.38,1752.6638087423305,1756.38,True,1.96,0.53,4,1.463,0.539
ichi,BUY,2022-11-24 11:45:00,2022-11-24 12:25:00,0.83,sl,kijun_pullback,0.01,1756.49,1757.32,1753.27292413383,1757.32,True,2.12,0.49,9,1.609,0.592
ichi,BUY,2022-11-24 13:45:00,2022-11-24 20:20:00,-3.3,sl,tenkan_momentum,0.01,1758.1100000000001,1754.8050917453731,1754.8050917453731,1754.8050917453731,False,0.5,3.31,80,1.652,0.607
ichi,SELL,2022-11-28 03:15:00,2022-11-28 03:55:00,1.66,sl,tenkan_momentum,0.01,1749.31,1747.65,1752.9364010390427,1747.65,True,3.11,0.65,9,1.813,0.67
ichi,BUY,2022-11-29 12:30:00,2022-11-29 14:05:00,0.05,sl,kijun_pullback,0.01,1755.3600000000001,1755.41,1751.612840645711,1755.41,True,2.18,2.0,20,1.874,0.691
ichi,BUY,2022-11-30 03:45:00,2022-11-30 07:00:00,0.05,sl,kijun_pullback,0.01,1754.1100000000001,1754.16,1751.1357189579176,1754.16,True,1.65,2.88,40,1.487,0.548
ichi,BUY,2022-11-30 09:15:00,2022-11-30 11:00:00,4.15,tp,kijun_pullback,0.01,1755.88,1760.0346916467934,1753.1102055688048,1758.82,True,4.92,1.62,22,1.385,0.51
ichi,BUY,2022-11-30 13:30:00,2022-11-30 14:35:00,0.05,sl,tenkan_momentum,0.01,1761.05,1761.1,1757.4756411539875,1761.1,True,2.31,1.29,14,1.787,0.654
ichi,BUY,2022-12-01 12:30:00,2022-12-01 15:05:00,6.53,tp,kijun_pullback,0.01,1779.82,1786.35182896547,1775.465447356353,1784.18,True,7.41,3.33,32,2.177,0.796
ichi,BUY,2022-12-02 10:30:00,2022-12-02 11:00:00,0.05,sl,tenkan_momentum,0.01,1800.99,1801.04,1797.4833769873403,1801.04,True,2.11,0.7,7,1.753,0.634
ichi,SELL,2022-12-06 07:45:00,2022-12-06 10:40:00,-3.94,sl,tenkan_momentum,0.01,1769.29,1773.234754017476,1773.234754017476,1773.234754017476,False,1.82,4.09,36,1.972,0.713
ichi,BUY,2022-12-07 16:45:00,2022-12-07 17:15:00,-0.36,gap,kijun_pullback,0.01,1784.63,1784.27,1779.0505740257606,1784.68,True,3.25,3.73,7,2.79,1.015
ichi,BUY,2022-12-08 14:15:00,2022-12-08 15:10:00,1.13,sl,tenkan_momentum,0.01,1786.17,1787.3,1782.7335635441646,1787.3,True,2.5,1.69,12,1.718,0.626
ichi,BUY,2022-12-08 15:45:00,2022-12-08 16:10:00,1.44,sl,kijun_pullback,0.01,1787.74,1789.18,1783.3764068658472,1789.18,True,3.19,1.05,6,2.182,0.793
ichi,BUY,2022-12-08 18:45:00,2022-12-09 03:20:00,3.21,sl,kijun_pullback,0.01,1789.98,1793.19,1784.4262428881777,1793.19,True,5.43,3.38,92,2.777,1.007
ichi,BUY,2022-12-09 03:25:00,2022-12-09 07:00:00,1.43,sl,kijun_pullback,0.01,1794.67,1796.1,1791.5096982508555,1796.1,True,2.84,2.54,44,1.58,0.57
ichi,BUY,2022-12-09 13:30:00,2022-12-09 14:45:00,1.41,sl,kijun_pullback,0.01,1798.66,1800.07,1794.539130993126,1800.07,True,3.06,1.26,16,2.06,0.741
ichi,BUY,2022-12-09 16:00:00,2022-12-09 17:20:00,-6.39,sl,kijun_pullback,0.01,1798.28,1791.8884540223642,1791.8884540223642,1791.8884540223642,False,2.12,8.14,17,3.196,1.146
ichi,SELL,2022-12-12 17:30:00,2022-12-12 17:45:00,2.08,sl,tenkan_momentum,0.01,1787.32,1785.24,1792.1945873899351,1785.24,True,4.03,0.53,4,2.437,0.884
ichi,BUY,2022-12-13 15:00:00,2022-12-13 15:25:00,5.18,tp,tenkan_momentum,0.01,1789.27,1794.4469480936784,1785.8187012708809,1785.8187012708809,False,5.54,2.63,6,1.726,0.624
ichi,BUY,2022-12-14 03:00:00,2022-12-14 09:45:00,-3.92,sl,kijun_pullback,0.01,1811.41,1807.4891664749102,1807.4891664749102,1807.4891664749102,False,1.78,3.95,82,1.96,0.702
ichi,BUY,2022-12-14 16:45:00,2022-12-14 20:15:00,-3.95,sl,kijun_pullback,0.01,1811.81,1807.858351569268,1807.858351569268,1807.858351569268,False,1.24,4.23,43,1.976,0.712
ichi,BUY,2022-12-16 18:15:00,2022-12-19 05:20:00,4.07,sl,tenkan_momentum,0.01,1790.47,1794.54,1784.3395941325064,1794.54,True,6.52,3.33,122,3.065,1.113
ichi,BUY,2022-12-19 05:25:00,2022-12-19 07:25:00,-3.36,sl,tenkan_momentum,0.01,1794.7,1791.335069177894,1791.335069177894,1791.335069177894,False,0.58,3.53,25,1.682,0.607
ichi,SELL,2022-12-20 04:30:00,2022-12-20 05:00:00,-5.36,sl,tenkan_momentum,0.02,1785.43,1788.1075697303818,1788.1075697303818,1788.1075697303818,False,0.0,14.28,7,1.339,0.971
ichi,BUY,2022-12-20 15:45:00,2022-12-20 16:45:00,8.17,tp,kijun_pullback,0.01,1804.2,1812.3709620625411,1798.752691958306,1806.65,True,8.35,1.43,13,2.724,0.998
ichi,BUY,2022-12-21 01:15:00,2022-12-21 03:30:00,0.05,sl,kijun_pullback,0.01,1817.96,1818.01,1814.549219841074,1818.01,True,1.9,1.36,28,1.705,0.615
ichi,BUY,2022-12-21 16:15:00,2022-12-21 16:55:00,1.34,sl,kijun_pullback,0.01,1817.2,1818.54,1813.715632531689,1818.54,True,2.73,0.99,9,1.742,0.629
ichi,BUY,2022-12-21 17:45:00,2022-12-21 18:05:00,-4.72,sl,tenkan_momentum,0.01,1821.93,1817.2081159695165,1817.2081159695165,1817.2081159695165,False,0.46,5.93,5,2.361,0.85
ichi,BUY,2022-12-22 05:00:00,2022-12-22 07:55:00,0.05,sl,tenkan_momentum,0.01,1818.6100000000001,1818.66,1815.7509162706613,1818.66,True,1.82,0.6,36,1.43,0.519
ichi,BUY,2022-12-22 08:15:00,2022-12-22 08:35:00,-5.09,sl,tenkan_momentum,0.02,1819.56,1817.0125260288944,1817.0125260288944,1817.0125260288944,False,0.08,6.82,5,1.274,0.925
ichi,BUY,2022-12-27 08:00:00,2022-12-27 08:10:00,0.1,sl,tenkan_momentum,0.02,1806.13,1806.18,1803.4942417877623,1806.18,True,2.68,0.7,3,1.318,0.966
ichi,BUY,2022-12-27 10:45:00,2022-12-27 11:35:00,1.49,sl,kijun_pullback,0.01,1807.24,1808.73,1804.464066167099,1808.73,True,2.6,0.92,11,1.388,0.508
ichi,BUY,2022-12-27 17:15:00,2022-12-27 17:30:00,8.62,tp,kijun_pullback,0.01,1815.17,1823.7942794200692,1809.4204803866205,1819.58,True,12.74,0.57,4,2.875,1.05
ichi,SELL,2022-12-28 16:00:00,2022-12-28 16:45:00,-4.35,sl,tenkan_momentum,0.01,1803.76,1808.1086773526436,1808.1086773526436,1808.1086773526436,False,0.09,5.94,10,2.174,0.782
ichi,BUY,2022-12-29 03:15:00,2022-12-29 03:50:00,0.05,sl,kijun_pullback,0.01,1806.99,1807.04,1804.0199749474007,1807.04,True,1.71,1.15,8,1.485,0.538
ichi,BUY,2022-12-29 09:00:00,2022-12-29 09:20:00,-2.88,sl,kijun_pullback,0.01,1808.57,1805.6937818908111,1805.6937818908111,1805.6937818908111,False,0.65,2.94,5,1.438,0.521
ichi,SELL,2022-12-29 14:00:00,2022-12-29 15:35:00,-3.35,sl,tenkan_momentum,0.01,1806.78,1810.1343981995492,1810.1343981995492,1810.1343981995492,False,1.35,5.36,20,1.677,0.611
ichi,BUY,2022-12-29 15:45:00,2022-12-29 16:35:00,0.05,sl,tenkan_momentum,0.01,1811.8,1811.85,1807.819753814187,1811.85,True,3.27,3.09,11,1.99,0.73
ichi,BUY,2022-12-30 05:00:00,2022-12-30 06:50:00,-4.94,sl,tenkan_momentum,0.02,1818.24,1815.7700087202995,1815.7700087202995,1815.7700087202995,False,1.88,5.26,23,1.235,0.905
ichi,BUY,2022-12-30 16:45:00,2022-12-30 17:00:00,-4.9,sl,kijun_pullback,0.01,1820.92,1816.0244265459914,1816.0244265459914,1816.0244265459914,False,1.05,5.29,4,2.448,0.905
ichi,BUY,2022-12-30 19:30:00,2022-12-30 20:05:00,3.61,sl,kijun_pullback,0.01,1820.3600000000001,1823.97,1815.1834946138501,1823.97,True,5.68,0.66,8,2.588,0.966
ichi,BUY,2023-01-04 03:30:00,2023-01-04 04:10:00,4.05,sl,kijun_pullback,0.01,1840.15,1844.2,1836.306462365244,1844.2,True,5.59,0.92,9,1.922,0.713
ichi,BUY,2023-01-04 15:30:00,2023-01-04 15:55:00,0.05,sl,kijun_pullback,0.01,1859.39,1859.44,1853.7440389643873,1859.44,True,3.35,0.74,6,2.823,1.039
ichi,BUY,2023-01-05 05:00:00,2023-01-05 06:00:00,-4.32,sl,kijun_pullback,0.01,1857.07,1852.7483424969012,1852.7483424969012,1852.7483424969012,False,0.0,4.51,13,2.161,0.795
ichi,SELL,2023-01-05 15:30:00,2023-01-05 15:50:00,8.34,tp,tenkan_momentum,0.01,1844.39,1836.0538911868466,1849.9474058754358,1841.53,True,9.2,2.43,5,2.779,1.031
ichi,SELL,2023-01-06 12:30:00,2023-01-06 13:15:00,-3.97,sl,tenkan_momentum,0.01,1834.85,1838.8218688933257,1838.8218688933257,1838.8218688933257,False,0.15,4.57,10,1.986,0.725
ichi,BUY,2023-01-06 16:30:00,2023-01-06 17:05:00,11.51,tp,kijun_pullback,0.01,1846.13,1857.639929674407,1838.4567135503955,1851.65,True,14.19,5.47,8,3.837,1.412
ichi,BUY,2023-01-09 17:00:00,2023-01-09 19:10:00,-5.13,sl,kijun_pullback,0.01,1877.29,1872.1581474082925,1872.1581474082925,1872.1581474082925,False,2.04,6.04,27,2.566,0.925
ichi,BUY,2023-01-10 09:15:00,2023-01-10 11:00:00,1.89,sl,kijun_pullback,0.01,1873.0900000000001,1874.98,1869.97746000211,1874.98,True,3.14,2.45,22,1.556,0.566
ichi,BUY,2023-01-10 13:30:00,2023-01-10 14:15:00,-3.91,sl,tenkan_momentum,0.01,1876.69,1872.783450354474,1872.783450354474,1872.783450354474,False,0.33,4.15,10,1.953,0.708
ichi,BUY,2023-01-10 16:15:00,2023-01-10 16:35:00,1.43,sl,kijun_pullback,0.01,1876.75,1878.18,1872.1541674604596,1878.18,True,3.27,0.94,5,2.298,0.839
ichi,BUY,2023-01-11 13:00:00,2023-01-11 14:10:00,-3.81,sl,tenkan_momentum,0.01,1885.04,1881.2326387649664,1881.2326387649664,1881.2326387649664,False,1.0,5.88,15,1.904,0.693
ichi,BUY,2023-01-12 02:30:00,2023-01-12 04:15:00,2.93,sl,kijun_pullback,0.01,1877.53,1880.46,1874.4802145642832,1880.46,True,4.15,0.42,22,1.525,0.559
ichi,BUY,2023-01-12 10:00:00,2023-01-12 11:45:00,1.53,sl,kijun_pullback,0.01,1882.72,1884.25,1879.8459164249396,1884.25,True,2.68,1.58,22,1.437,0.524
ichi,BUY,2023-01-12 11:50:00,2023-01-12 13:55:00,0.78,sl,kijun_pullback,0.01,1884.29,1885.07,1881.232282401417,1885.07,True,2.0,1.76,26,1.529,0.556
ichi,BUY,2023-01-12 15:00:00,2023-01-12 15:10:00,0.05,sl,tenkan_momentum,0.01,1887.65,1887.7,1884.185986185055,1887.7,True,1.91,0.78,3,1.732,0.629
ichi,BUY,2023-01-12 16:30:00,2023-01-12 16:50:00,-10.15,sl,kijun_pullback,0.01,1892.3700000000001,1882.2245387792689,1882.2245387792689,1882.2245387792689,False,2.28,12.34,5,5.073,1.842
ichi,BUY,2023-01-13 02:45:00,2023-01-13 07:30:00,-4.38,sl,kijun_pullback,0.01,1898.03,1893.6548871783116,1893.6548871783116,1893.6548871783116,False,1.8,5.25,58,2.188,0.809
ichi,BUY,2023-01-13 10:15:00,2023-01-13 10:25:00,0.05,sl,kijun_pullback,0.01,1903.0900000000001,1903.14,1898.522987003282,1903.14,True,2.38,0.94,3,2.284,0.852
ichi,BUY,2023-01-16 03:00:00,2023-01-16 03:25:00,1.54,sl,kijun_pullback,0.01,1919.06,1920.6,1915.1001966855972,1920.6,True,3.12,0.82,6,1.98,0.738
ichi,SELL,2023-01-17 11:15:00,2023-01-17 12:00:00,1.02,sl,tenkan_momentum,0.01,1908.63,1907.61,1912.5007474274014,1907.61,True,2.57,0.98,10,1.935,0.72
ichi,BUY,2023-01-17 17:00:00,2023-01-17 19:25:00,-5.66,sl,tenkan_momentum,0.01,1913.7,1908.0437162761293,1908.0437162761293,1908.0437162761293,False,2.06,6.69,30,2.828,1.05
ichi,SELL,2023-01-18 04:45:00,2023-01-18 05:45:00,3.42,sl,tenkan_momentum,0.01,1904.63,1901.21,1909.0648642284364,1901.21,True,5.19,1.0,13,2.217,0.832
ichi,SELL,2023-01-19 15:00:00,2023-01-19 15:25:00,-4.36,sl,tenkan_momentum,0.01,1908.08,1912.4354284226386,1912.4354284226386,1912.4354284226386,False,1.05,4.53,6,2.178,0.812
ichi,BUY,2023-01-19 18:15:00,2023-01-19 21:25:00,9.41,tp,tenkan_momentum,0.01,1920.53,1929.9384236951114,1914.2577175365923,1923.78,True,9.91,2.8,39,3.136,1.178
ichi,BUY,2023-01-23 14:45:00,2023-01-23 15:30:00,-4.23,sl,tenkan_momentum,0.01,1927.9,1923.6680013164037,1923.6680013164037,1923.6680013164037,False,0.0,4.75,10,2.116,0.781
ichi,SELL,2023-01-23 16:15:00,2023-01-23 16:50:00,0.63,gap,tenkan_momentum,0.01,1917.57,1916.94,1923.3755018866993,1915.79,True,4.1,3.23,8,2.903,1.08
ichi,BUY,2023-01-24 10:30:00,2023-01-24 11:25:00,-3.83,sl,tenkan_momentum,0.01,1939.95,1936.1211195625344,1936.1211195625344,1936.1211195625344,False,0.31,3.95,12,1.914,0.712
ichi,BUY,2023-01-24 13:00:00,2023-01-24 15:20:00,-4.02,sl,kijun_pullback,0.01,1938.65,1934.6305712120297,1934.6305712120297,1934.6305712120297,False,0.82,4.29,29,2.01,0.752
ichi,BUY,2023-01-25 03:00:00,2023-01-25 03:35:00,0.05,sl,kijun_pullback,0.01,1937.02,1937.07,1934.004243099373,1937.07,True,1.84,0.53,8,1.508,0.569
ichi,SELL,2023-01-25 11:00:00,2023-01-25 12:20:00,4.47,sl,tenkan_momentum,0.01,1929.22,1924.75,1933.7365305712942,1924.75,True,6.28,2.39,17,2.258,0.852
ichi,SELL,2023-01-25 14:15:00,2023-01-25 16:00:00,1.45,gap,tenkan_momentum,0.01,1923.97,1922.52,1928.7431225941916,1921.99,True,3.89,3.83,22,2.387,0.893
ichi,BUY,2023-01-25 17:15:00,2023-01-25 19:55:00,4.25,sl,kijun_pullback,0.01,1933.24,1937.49,1926.3574094364685,1937.49,True,7.28,4.38,33,3.441,1.284
ichi,BUY,2023-01-26 03:45:00,2023-01-26 06:05:00,1.92,sl,kijun_pullback,0.01,1945.46,1947.38,1941.7598083049224,1947.38,True,3.4,1.77,29,1.85,0.685
ichi,BUY,2023-01-26 08:00:00,2023-01-26 09:00:00,-3.28,sl,tenkan_momentum,0.01,1947.67,1944.3941088258264,1944.3941088258264,1944.3941088258264,False,1.32,3.81,13,1.638,0.604
ichi,SELL,2023-01-27 10:00:00,2023-01-27 11:00:00,-3.67,sl,tenkan_momentum,0.01,1923.14,1926.806209650266,1926.806209650266,1926.806209650266,False,0.0,4.03,13,1.833,0.68
ichi,SELL,2023-01-30 03:15:00,2023-01-30 06:10:00,-4.41,sl,tenkan_momentum,0.01,1925.6,1930.0055809399958,1930.0055809399958,1930.0055809399958,False,1.02,5.12,36,2.203,0.823
ichi,SELL,2023-01-30 18:15:00,2023-01-30 21:20:00,1.38,sl,tenkan_momentum,0.01,1924.41,1923.03,1929.5838552810462,1923.03,True,3.45,1.21,38,2.587,0.974
ichi,BUY,2023-02-01 13:30:00,2023-02-01 14:15:00,0.05,sl,tenkan_momentum,0.01,1929.8600000000001,1929.91,1926.4821632429023,1929.91,True,1.76,1.28,10,1.689,0.634
ichi,BUY,2023-02-01 15:45:00,2023-02-01 16:35:00,0.05,sl,kijun_pullback,0.01,1930.43,1930.48,1926.0903310914096,1930.48,True,2.52,2.45,11,2.17,0.815
ichi,SELL,2023-02-01 19:45:00,2023-02-01 21:05:00,0.05,sl,tenkan_momentum,0.01,1924.66,1924.61,1930.4026265981738,1924.61,True,3.13,4.0,17,2.871,1.078
ichi,BUY,2023-02-02 06:45:00,2023-02-02 09:20:00,4.29,sl,kijun_pullback,0.01,1953.6200000000001,1957.91,1949.2665873509509,1957.91,True,6.06,2.34,32,2.177,0.817
ichi,BUY,2023-02-02 09:25:00,2023-02-02 10:20:00,1.4,sl,kijun_pullback,0.01,1956.25,1957.65,1951.443850396001,1957.65,True,3.39,1.44,12,2.403,0.895
ichi,BUY,2023-02-02 11:00:00,2023-02-02 12:50:00,-5.03,sl,tenkan_momentum,0.01,1957.44,1952.4054004578857,1952.4054004578857,1952.4054004578857,False,0.05,5.37,23,2.517,0.935
ichi,SELL,2023-02-03 09:30:00,2023-02-03 09:40:00,2.82,gap,tenkan_momentum,0.01,1914.9,1912.0800000000002,1918.993602235768,1912.02,True,4.52,0.2,3,2.047,0.768
ichi,SELL,2023-02-03 12:15:00,2023-02-03 14:00:00,-4.66,sl,tenkan_momentum,0.01,1911.2,1915.8583698858292,1915.8583698858292,1915.8583698858292,False,1.69,4.82,22,2.329,0.869
ichi,SELL,2023-02-06 17:15:00,2023-02-06 17:50:00,4.36,sl,tenkan_momentum,0.01,1870.35,1865.99,1876.5537492779476,1865.99,True,7.08,0.9,8,3.102,1.167
ichi,SELL,2023-02-07 15:15:00,2023-02-07 15:40:00,0.05,sl,tenkan_momentum,0.01,1869.18,1869.13,1874.4931049889883,1869.13,True,3.31,0.45,6,2.657,0.992
ichi,SELL,2023-02-07 17:15:00,2023-02-07 17:35:00,-5.92,sl,tenkan_momentum,0.01,1868.05,1873.9683821539709,1873.9683821539709,1873.9683821539709,False,1.23,5.96,5,2.959,1.105
ichi,SELL,2023-02-08 01:15:00,2023-02-08 09:25:00,-6.57,sl,tenkan_momentum,0.01,1872.32,1878.8946010975442,1878.8946010975442,1878.8946010975442,False,0.71,8.04,99,3.287,1.241
ichi,BUY,2023-02-08 10:15:00,2023-02-08 10:25:00,1.6,sl,kijun_pullback,0.01,1881.21,1882.81,1875.8480550657105,1882.81,True,3.74,0.2,3,2.681,1.025
ichi,BUY,2023-02-08 14:15:00,2023-02-08 15:00:00,-4.89,sl,tenkan_momentum,0.01,1883.17,1878.282324796858,1878.282324796858,1878.282324796858,False,0.5,5.1,10,2.444,0.931
ichi,SELL,2023-02-08 16:45:00,2023-02-08 16:55:00,3.77,gap,tenkan_momentum,0.01,1876.4,1872.63,1883.2726488969854,1871.98,True,7.17,0.21,3,3.436,1.322
ichi,SELL,2023-02-08 18:45:00,2023-02-08 20:10:00,-6.85,sl,tenkan_momentum,0.01,1872.4,1879.248274317924,1879.248274317924,1879.248274317924,False,0.0,7.12,18,3.424,1.307
ichi,BUY,2023-02-09 10:15:00,2023-02-09 11:15:00,0.05,sl,tenkan_momentum,0.01,1883.0,1883.05,1878.9286306478475,1883.05,True,2.5,1.44,13,2.036,0.788
ichi,BUY,2023-02-09 12:00:00,2023-02-09 13:10:00,1.18,sl,tenkan_momentum,0.01,1883.31,1884.49,1879.0597871144969,1884.49,True,2.88,2.26,15,2.125,0.822
ichi,BUY,2023-02-09 15:45:00,2023-02-09 15:55:00,2.63,sl,tenkan_momentum,0.01,1884.05,1886.68,1878.715935468347,1886.68,True,5.77,0.68,3,2.667,1.029
ichi,SELL,2023-02-10 03:45:00,2023-02-10 05:35:00,3.89,sl,tenkan_momentum,0.01,1860.99,1857.1,1865.8208480956216,1857.1,True,5.82,2.68,23,2.415,0.928
ichi,SELL,2023-02-10 17:00:00,2023-02-10 19:05:00,2.17,sl,tenkan_momentum,0.01,1861.61,1859.44,1868.6179222607823,1859.44,True,4.97,5.44,26,3.504,1.336
ichi,SELL,2023-02-13 03:15:00,2023-02-13 03:35:00,1.67,sl,tenkan_momentum,0.01,1861.47,1859.8,1865.1703435387622,1859.8,True,3.15,0.31,5,1.85,0.702
ichi,SELL,2023-02-13 17:15:00,2023-02-13 19:10:00,2.39,sl,tenkan_momentum,0.01,1855.39,1853.0,1860.6966177109935,1853.0,True,4.52,3.24,24,2.653,1.004
ichi,BUY,2023-02-14 12:15:00,2023-02-14 13:20:00,-3.92,sl,kijun_pullback,0.01,1861.52,1857.5998115088355,1857.5998115088355,1857.5998115088355,False,0.41,4.01,14,1.96,0.738
ichi,SELL,2023-02-14 18:00:00,2023-02-14 18:45:00,3.49,sl,tenkan_momentum,0.01,1852.3,1848.81,1864.1039508712113,1848.81,True,8.21,2.66,10,5.902,2.24
ichi,SELL,2023-02-15 18:30:00,2023-02-16 03:30:00,-6.52,sl,tenkan_momentum,0.01,1832.54,1839.0629689012087,1839.0629689012087,1839.0629689012087,False,1.02,9.3,97,3.261,1.23
ichi,SELL,2023-02-16 15:30:00,2023-02-16 15:45:00,1.16,gap,tenkan_momentum,0.01,1836.46,1835.3,1841.3627328890752,1834.91,True,8.56,1.71,4,2.451,0.936
ichi,SELL,2023-02-17 10:00:00,2023-02-17 10:15:00,2.23,sl,tenkan_momentum,0.01,1824.17,1821.94,1828.6846674708313,1821.94,True,4.07,0.2,4,2.257,0.86
ichi,BUY,2023-02-20 07:45:00,2023-02-20 08:10:00,-0.13,gap,tenkan_momentum,0.01,1843.6000000000001,1843.47,1840.5395605277938,1843.65,True,1.93,0.26,6,1.53,0.58
ichi,BUY,2023-02-20 11:15:00,2023-02-20 19:00:00,-3.54,sl,kijun_pullback,0.01,1845.67,1842.1302582819446,1842.1302582819446,1842.1302582819446,False,1.39,3.65,94,1.77,0.671
ichi,SELL,2023-02-21 09:30:00,2023-02-21 09:55:00,0.05,sl,tenkan_momentum,0.01,1836.07,1836.02,1839.535799103018,1836.02,True,2.25,0.82,6,1.733,0.662
ichi,SELL,2023-02-21 11:15:00,2023-02-21 14:30:00,1.78,sl,tenkan_momentum,0.01,1834.1,1832.32,1838.346862992566,1832.32,True,3.56,2.89,40,2.123,0.811
ichi,SELL,2023-02-22 18:15:00,2023-02-22 19:40:00,1.97,sl,tenkan_momentum,0.01,1835.15,1833.18,1840.8134600778972,1833.18,True,4.24,0.88,18,2.832,1.078
ichi,SELL,2023-02-23 15:15:00,2023-02-23 15:35:00,1.65,gap,tenkan_momentum,0.01,1825.6,1823.95,1829.5001765373775,1821.8,True,5.36,1.23,5,1.95,0.739
ichi,SELL,2023-02-24 09:30:00,2023-02-24 10:20:00,2.01,sl,tenkan_momentum,0.01,1823.23,1821.22,1826.4205224417092,1821.22,True,3.29,1.64,11,1.595,0.603
ichi,SELL,2023-02-24 11:45:00,2023-02-24 13:45:00,3.2,sl,tenkan_momentum,0.01,1822.38,1819.18,1826.325410531982,1819.18,True,4.78,2.05,25,1.973,0.743
ichi,SELL,2023-02-24 17:45:00,2023-02-27 08:10:00,0.05,sl,tenkan_momentum,0.01,1811.15,1811.1,1817.722253028031,1811.1,True,4.26,3.31,162,3.286,1.23
ichi,SELL,2023-02-27 08:30:00,2023-02-27 09:15:00,0.05,sl,tenkan_momentum,0.01,1809.1,1809.05,1812.4588908383107,1809.05,True,1.72,0.68,10,1.679,0.629
ichi,BUY,2023-03-01 13:00:00,2023-03-01 13:35:00,1.8,sl,tenkan_momentum,0.01,1835.0900000000001,1836.89,1830.9059354962972,1836.89,True,3.47,0.41,8,2.092,0.783
ichi,BUY,2023-03-01 15:15:00,2023-03-01 16:50:00,2.9,sl,kijun_pullback,0.01,1837.5,1840.4,1832.543553762833,1840.4,True,4.88,3.62,20,2.478,0.924
ichi,BUY,2023-03-01 16:55:00,2023-03-01 17:05:00,-0.69,gap,tenkan_momentum,0.01,1841.19,1840.5,1835.7262186746202,1841.24,True,3.36,5.45,3,2.732,1.013
ichi,BUY,2023-03-01 18:15:00,2023-03-02 03:40:00,-7.33,sl,kijun_pullback,0.01,1838.75,1831.4247837216828,1831.4247837216828,1831.4247837216828,False,3.47,7.7,102,3.663,1.36
ichi,BUY,2023-03-02 13:30:00,2023-03-02 14:15:00,0.05,sl,tenkan_momentum,0.01,1835.22,1835.27,1831.3201327503414,1835.27,True,2.39,0.62,10,1.95,0.734
ichi,BUY,2023-03-02 16:45:00,2023-03-02 17:15:00,0.05,sl,tenkan_momentum,0.01,1835.3700000000001,1835.42,1830.0487470598664,1835.42,True,3.25,2.28,7,2.661,1.002
ichi,BUY,2023-03-03 02:15:00,2023-03-03 03:25:00,0.85,sl,tenkan_momentum,0.01,1839.38,1840.23,1836.2154513686887,1840.23,True,2.13,1.53,15,1.582,0.596
ichi,BUY,2023-03-03 04:00:00,2023-03-03 04:25:00,0.84,sl,kijun_pullback,0.01,1838.97,1839.81,1835.776697847278,1839.81,True,2.12,0.62,6,1.597,0.6
ichi,BUY,2023-03-03 07:45:00,2023-03-03 08:50:00,7.68,tp,kijun_pullback,0.02,1839.99,1843.8287766626045,1837.4308155582637,1842.76,True,8.8,2.44,14,1.28,0.96
ichi,BUY,2023-03-03 15:30:00,2023-03-03 16:20:00,-3.49,sl,kijun_pullback,0.01,1846.91,1843.422507018245,1843.422507018245,1843.422507018245,False,1.33,4.36,11,1.744,0.645
ichi,BUY,2023-03-06 03:45:00,2023-03-06 06:15:00,1.53,sl,kijun_pullback,0.01,1853.65,1855.18,1850.4280964339332,1855.18,True,2.82,2.62,31,1.611,0.6
ichi,BUY,2023-03-06 09:15:00,2023-03-06 09:40:00,1.02,sl,tenkan_momentum,0.01,1855.54,1856.56,1852.619540291751,1856.56,True,2.73,0.2,6,1.46,0.542
ichi,BUY,2023-03-06 17:45:00,2023-03-06 18:25:00,-4.07,sl,tenkan_momentum,0.01,1853.54,1849.4697259609968,1849.4697259609968,1849.4697259609968,False,0.27,4.18,9,2.035,0.754
ichi,SELL,2023-03-08 04:00:00,2023-03-08 06:05:00,1.36,sl,tenkan_momentum,0.01,1812.34,1810.98,1815.3704650840832,1810.98,True,2.73,0.8,26,1.515,0.566
ichi,SELL,2023-03-09 03:15:00,2023-03-09 03:55:00,2.32,sl,tenkan_momentum,0.02,1814.94,1813.78,1817.5426070938493,1813.78,True,5.1,0.8,9,1.301,0.969
ichi,BUY,2023-03-10 04:15:00,2023-03-10 04:30:00,-3.36,sl,kijun_pullback,0.01,1832.6100000000001,1829.2518374563315,1829.2518374563315,1829.2518374563315,False,0.0,4.5,4,1.679,0.623
ichi,BUY,2023-03-10 10:00:00,2023-03-10 10:10:00,0.97,gap,tenkan_momentum,0.01,1833.78,1834.75,1830.1300071804042,1835.23,True,3.57,0.21,3,1.825,0.681
ichi,BUY,2023-03-10 12:30:00,2023-03-10 15:00:00,0.05,sl,tenkan_momentum,0.01,1835.16,1835.21,1830.8866052606274,1835.21,True,2.19,2.91,31,2.137,0.796
ichi,BUY,2023-03-10 15:45:00,2023-03-10 16:15:00,0.05,sl,kijun_pullback,0.01,1844.04,1844.09,1838.466353056181,1844.09,True,3.21,4.09,7,2.787,1.038
ichi,BUY,2023-03-13 04:30:00,2023-03-13 05:05:00,3.81,sl,kijun_pullback,0.01,1881.49,1885.3,1872.5899776942133,1885.3,True,7.37,0.2,8,4.45,1.657
ichi,BUY,2023-03-13 13:30:00,2023-03-13 14:35:00,8.69,sl,tenkan_momentum,0.01,1888.01,1896.7,1880.0842598915908,1896.7,True,11.86,0.76,14,3.963,1.466
ichi,BUY,2023-03-14 02:45:00,2023-03-14 03:35:00,-4.27,sl,kijun_pullback,0.01,1912.1000000000001,1907.8278675443275,1907.8278675443275,1907.8278675443275,False,2.05,5.6,11,2.136,0.777
ichi,BUY,2023-03-15 12:15:00,2023-03-15 13:05:00,0.05,sl,kijun_pullback,0.01,1905.48,1905.53,1898.0092956625604,1905.53,True,4.34,2.69,11,3.735,1.37
ichi,BUY,2023-03-15 19:30:00,2023-03-15 20:30:00,-11.0,sl,kijun_pullback,0.01,1926.27,1915.266725089297,1915.266725089297,1915.266725089297,False,2.49,17.37,13,5.502,2.018
ichi,BUY,2023-03-16 09:45:00,2023-03-16 10:25:00,0.05,sl,tenkan_momentum,0.01,1918.69,1918.74,1912.3719381213318,1918.74,True,3.88,2.9,9,3.159,1.183
ichi,BUY,2023-03-16 16:15:00,2023-03-16 16:55:00,-8.06,sl,kijun_pullback,0.01,1928.8,1920.7438052647576,1920.7438052647576,1920.7438052647576,False,3.58,9.14,9,4.028,1.508
ichi,BUY,2023-03-17 09:45:00,2023-03-17 13:30:00,3.9,sl,tenkan_momentum,0.01,1931.44,1935.34,1926.82340342502,1935.34,True,5.75,4.12,46,2.308,0.877
ichi,BUY,2023-03-17 13:35:00,2023-03-17 14:25:00,4.28,sl,kijun_pullback,0.01,1934.92,1939.2,1929.9598053986324,1939.2,True,6.26,1.06,11,2.48,0.936
ichi,BUY,2023-03-20 08:00:00,2023-03-20 09:10:00,7.7,sl,kijun_pullback,0.01,1988.38,1996.08,1981.2262543330737,1996.08,True,10.56,6.51,15,3.577,1.339
ichi,BUY,2023-03-21 03:00:00,2023-03-21 05:00:00,1.85,sl,kijun_pullback,0.01,1980.5900000000001,1982.44,1975.3107977180387,1982.44,True,3.96,1.35,25,2.64,0.974
ichi,SELL,2023-03-22 09:30:00,2023-03-22 09:45:00,-5.05,sl,tenkan_momentum,0.01,1936.16,1941.2124746350541,1941.2124746350541,1941.2124746350541,False,0.31,5.29,4,2.526,0.929
ichi,BUY,2023-03-23 04:00:00,2023-03-23 07:30:00,11.07,tp,kijun_pullback,0.01,1969.23,1980.2984842111425,1961.851010525905,1975.18,True,11.3,0.39,43,3.689,1.369
ichi,BUY,2023-03-23 12:30:00,2023-03-23 14:35:00,-6.26,sl,kijun_pullback,0.01,1979.72,1973.4579092239755,1973.4579092239755,1973.4579092239755,False,1.0,9.11,26,3.131,1.139
ichi,BUY,2023-03-23 16:00:00,2023-03-23 19:15:00,7.11,sl,kijun_pullback,0.01,1984.29,1991.4,1975.9377103549868,1991.4,True,10.89,6.62,40,4.176,1.536
ichi,BUY,2023-03-24 13:30:00,2023-03-24 14:35:00,5.56,gap,tenkan_momentum,0.01,1994.27,1999.83,1987.4563668150947,2000.23,True,8.69,1.5,14,3.407,1.237
ichi,BUY,2023-03-24 16:15:00,2023-03-24 18:00:00,-9.47,sl,tenkan_momentum,0.01,1994.6200000000001,1985.1490628092145,1985.1490628092145,1985.1490628092145,False,3.75,10.73,22,4.735,1.702
ichi,SELL,2023-03-27 09:00:00,2023-03-27 09:25:00,1.49,sl,tenkan_momentum,0.01,1970.22,1968.73,1974.9116516445886,1968.73,True,3.37,1.84,6,2.346,0.858
ichi,SELL,2023-03-29 11:00:00,2023-03-29 12:05:00,-4.25,sl,tenkan_momentum,0.01,1961.75,1965.9993885381227,1965.9993885381227,1965.9993885381227,False,0.73,4.25,14,2.125,0.775
ichi,BUY,2023-03-29 15:00:00,2023-03-29 16:15:00,-4.91,sl,tenkan_momentum,0.01,1966.92,1962.010593465422,1962.010593465422,1962.010593465422,False,1.76,5.86,16,2.455,0.902
ichi,BUY,2023-03-29 18:30:00,2023-03-30 04:00:00,-6.3,sl,kijun_pullback,0.01,1966.76,1960.4601659770606,1960.4601659770606,1960.4601659770606,False,2.54,6.49,103,3.15,1.168
ichi,SELL,2023-03-30 05:15:00,2023-03-30 08:20:00,-4.04,sl,tenkan_momentum,0.01,1958.47,1962.5095881602756,1962.5095881602756,1962.5095881602756,False,0.66,4.23,38,2.02,0.758
ichi,BUY,2023-03-30 11:30:00,2023-03-30 13:50:00,1.58,sl,kijun_pullback,0.01,1967.6100000000001,1969.19,1963.04539308452,1969.19,True,3.41,0.85,29,2.282,0.863
ichi,BUY,2023-03-30 15:15:00,2023-03-30 15:30:00,3.15,sl,tenkan_momentum,0.01,1969.93,1973.08,1965.5897509853871,1973.08,True,5.35,0.68,4,2.17,0.818
ichi,BUY,2023-03-31 05:15:00,2023-03-31 08:25:00,-3.41,sl,kijun_pullback,0.01,1982.22,1978.8084142481675,1978.8084142481675,1978.8084142481675,False,1.09,3.87,39,1.706,0.639
ichi,BUY,2023-03-31 10:00:00,2023-03-31 10:15:00,-3.41,sl,kijun_pullback,0.01,1984.42,1981.0123637221286,1981.0123637221286,1981.0123637221286,False,0.0,3.93,4,1.704,0.643
ichi,BUY,2023-03-31 15:45:00,2023-03-31 16:05:00,-5.8,sl,kijun_pullback,0.01,1982.1200000000001,1976.3232529357279,1976.3232529357279,1976.3232529357279,False,0.95,7.3,5,2.898,1.1
ichi,SELL,2023-04-03 04:45:00,2023-04-03 06:10:00,8.76,tp,tenkan_momentum,0.01,1960.13,1951.3680994459705,1965.9712670360198,1954.6,True,9.09,0.96,18,2.921,1.121
ichi,BUY,2023-04-04 12:15:00,2023-04-04 14:25:00,-4.07,sl,tenkan_momentum,0.01,1982.66,1978.5876169452827,1978.5876169452827,1978.5876169452827,False,1.71,4.2,27,2.036,0.769
ichi,BUY,2023-04-04 14:45:00,2023-04-04 15:20:00,1.04,sl,tenkan_momentum,0.01,1981.8,1982.84,1977.7883618006642,1982.84,True,3.91,0.79,8,2.006,0.763
ichi,BUY,2023-04-04 17:15:00,2023-04-04 17:25:00,3.72,gap,kijun_pullback,0.01,2016.5900000000001,2020.31,2007.3472393296283,2021.3,True,8.41,1.42,3,4.621,1.755
ichi,BUY,2023-04-05 01:30:00,2023-04-05 02:55:00,0.05,sl,kijun_pullback,0.01,2021.07,2021.12,2016.701498620514,2021.12,True,2.48,0.93,18,2.184,0.823
ichi,BUY,2023-04-05 05:45:00,2023-04-05 10:20:00,0.05,sl,kijun_pullback,0.01,2024.8400000000001,2024.89,2021.3788433771592,2024.89,True,2.01,2.96,55,1.731,0.652
ichi,BUY,2023-04-05 11:30:00,2023-04-05 11:55:00,-4.08,sl,tenkan_momentum,0.01,2027.82,2023.7376038968705,2023.7376038968705,2023.7376038968705,False,0.31,4.57,6,2.041,0.769
ichi,BUY,2023-04-05 15:30:00,2023-04-05 15:40:00,0.05,sl,kijun_pullback,0.01,2029.02,2029.07,2024.4392309872956,2029.07,True,2.89,0.6,3,2.29,0.87
ichi,BUY,2023-04-06 11:30:00,2023-04-06 11:55:00,1.41,sl,tenkan_momentum,0.01,2016.53,2017.94,2012.329154156665,2017.94,True,3.09,0.95,6,2.1,0.798
ichi,BUY,2023-04-12 04:00:00,2023-04-12 04:25:00,7.01,tp,kijun_pullback,0.02,2005.6200000000001,2009.1236169878885,2003.284255341408,2007.82,True,8.52,3.34,6,1.168,0.885
ichi,BUY,2023-04-12 15:45:00,2023-04-12 16:30:00,-6.88,sl,kijun_pullback,0.01,2022.42,2015.5423499914818,2015.5423499914818,2015.5423499914818,False,2.45,9.11,10,3.439,1.286
ichi,BUY,2023-04-13 04:45:00,2023-04-13 09:45:00,2.51,sl,kijun_pullback,0.01,2019.01,2021.52,2015.0214052654817,2021.52,True,4.29,3.72,61,1.994,0.755
ichi,BUY,2023-04-13 15:45:00,2023-04-13 16:00:00,5.81,sl,kijun_pullback,0.01,2037.6100000000001,2043.42,2031.5105412374908,2043.42,True,8.25,0.29,4,3.05,1.15
ichi,BUY,2023-04-14 03:45:00,2023-04-14 04:40:00,1.15,sl,tenkan_momentum,0.01,2043.3,2044.45,2040.0090762618004,2044.45,True,2.47,2.14,12,1.645,0.613
ichi,SELL,2023-04-17 18:45:00,2023-04-17 21:35:00,-7.57,sl,tenkan_momentum,0.01,1989.63,1997.195853253751,1997.195853253751,1997.195853253751,False,2.17,7.73,35,3.783,1.407
ichi,BUY,2023-04-19 04:00:00,2023-04-19 04:20:00,-2.89,sl,tenkan_momentum,0.01,2007.51,2004.6197593099105,2004.6197593099105,2004.6197593099105,False,0.69,4.61,5,1.445,0.545
ichi,SELL,2023-04-19 10:45:00,2023-04-19 11:10:00,5.15,sl,tenkan_momentum,0.01,1992.01,1986.86,1997.5418937894121,1986.86,True,7.39,1.08,6,2.766,1.049
ichi,BUY,2023-04-20 11:00:00,2023-04-20 12:10:00,-4.47,sl,tenkan_momentum,0.01,1997.38,1992.9060531334555,1992.9060531334555,1992.9060531334555,False,1.7,4.56,15,2.237,0.841
ichi,BUY,2023-04-20 12:45:00,2023-04-20 13:35:00,4.39,sl,kijun_pullback,0.01,1998.43,2002.82,1993.4144806548459,2002.82,True,6.41,0.59,11,2.508,0.95
ichi,BUY,2023-04-20 15:45:00,2023-04-20 17:10:00,3.16,sl,kijun_pullback,0.01,2006.65,2009.81,2000.1955141136223,2009.81,True,5.74,3.67,18,3.227,1.213
ichi,BUY,2023-04-20 17:15:00,2023-04-20 17:50:00,-7.67,sl,kijun_pullback,0.01,2010.78,2003.1069736373208,2003.1069736373208,2003.1069736373208,False,0.06,7.79,8,3.837,1.433
ichi,BUY,2023-04-20 19:30:00,2023-04-21 08:25:00,-6.86,sl,kijun_pullback,0.01,2005.9,1999.044980569298,1999.044980569298,1999.044980569298,False,2.51,6.97,144,3.428,1.299
ichi,SELL,2023-04-21 14:00:00,2023-04-21 14:30:00,0.05,sl,tenkan_momentum,0.01,1988.11,1988.06,1993.9180936563785,1988.06,True,3.22,0.57,7,2.904,1.115
ichi,SELL,2023-04-24 06:00:00,2023-04-24 08:15:00,1.85,sl,tenkan_momentum,0.01,1980.29,1978.44,1984.3880694608906,1978.44,True,3.49,1.4,28,2.049,0.787
ichi,SELL,2023-04-24 08:20:00,2023-04-24 09:20:00,-3.62,sl,tenkan_momentum,0.01,1978.04,1981.6618494327429,1981.6618494327429,1981.6618494327429,False,1.41,3.75,13,1.811,0.693
ichi,SELL,2023-04-24 10:00:00,2023-04-24 10:25:00,-3.93,sl,tenkan_momentum,0.01,1979.0,1982.9347489080897,1982.9347489080897,1982.9347489080897,False,0.67,4.24,6,1.967,0.758
ichi,SELL,2023-04-24 16:45:00,2023-04-24 16:55:00,0.05,sl,tenkan_momentum,0.01,1977.76,1977.71,1983.0818947828714,1977.71,True,3.43,1.2,3,2.661,1.033
ichi,BUY,2023-04-26 11:30:00,2023-04-26 14:10:00,0.05,sl,tenkan_momentum,0.01,1998.0800000000002,1998.13,1993.7938989911752,1998.13,True,2.41,1.96,33,2.143,0.832
ichi,BUY,2023-04-26 14:30:00,2023-04-26 14:40:00,-5.04,sl,kijun_pullback,0.01,2000.89,1995.8460121002167,1995.8460121002167,1995.8460121002167,False,0.0,9.45,3,2.522,0.979
ichi,BUY,2023-04-26 16:30:00,2023-04-26 17:00:00,-7.43,sl,kijun_pullback,0.01,2008.3300000000002,2000.9040888499953,2000.9040888499953,2000.9040888499953,False,0.21,10.14,7,3.713,1.455
ichi,BUY,2023-04-27 11:15:00,2023-04-27 15:30:00,-4.56,sl,kijun_pullback,0.01,1999.49,1994.9275281167927,1994.9275281167927,1994.9275281167927,False,3.85,9.46,52,2.281,0.907
ichi,SELL,2023-04-28 09:00:00,2023-04-28 10:20:00,0.05,sl,tenkan_momentum,0.01,1984.78,1984.73,1988.8666582885717,1984.73,True,2.55,2.59,17,2.043,0.82
ichi,SELL,2023-04-28 15:15:00,2023-04-28 15:30:00,-4.03,sl,tenkan_momentum,0.01,1982.0,1986.0335449467893,1986.0335449467893,1986.0335449467893,False,5.65,5.82,4,2.017,0.809
ichi,BUY,2023-04-28 18:45:00,2023-05-01 04:00:00,-7.74,sl,tenkan_momentum,0.01,1991.31,1983.5660741189433,1983.5660741189433,1983.5660741189433,False,2.79,7.78,100,3.872,1.567
ichi,SELL,2023-05-01 08:15:00,2023-05-01 08:35:00,0.89,sl,tenkan_momentum,0.01,1982.36,1981.47,1985.8214692507622,1981.47,True,2.27,0.3,5,1.731,0.712
ichi,BUY,2023-05-02 15:15:00,2023-05-02 17:00:00,5.88,tp,tenkan_momentum,0.01,1987.82,1993.6977734349555,1983.9014843766963,1983.9014843766963,False,8.42,3.39,22,1.959,0.804
ichi,BUY,2023-05-02 17:15:00,2023-05-02 17:30:00,9.84,tp,kijun_pullback,0.01,1999.44,2009.28128989163,1992.8791400722469,2001.33,True,10.09,2.26,4,3.28,1.33
ichi,BUY,2023-05-03 10:00:00,2023-05-03 10:25:00,-2.91,sl,kijun_pullback,0.01,2018.24,2015.3301213388029,2015.3301213388029,2015.3301213388029,False,0.51,3.8,6,1.455,0.578
ichi,BUY,2023-05-03 17:15:00,2023-05-03 18:20:00,8.86,tp,kijun_pullback,0.01,2015.64,2024.502336269133,2009.7317758205782,2021.93,True,10.24,3.77,14,2.954,1.181
ichi,BUY,2023-05-04 17:30:00,2023-05-04 17:45:00,0.05,sl,kijun_pullback,0.01,2054.91,2054.96,2045.73965207583,2054.96,True,4.68,3.4,4,4.585,1.801
ichi,BUY,2023-05-05 04:15:00,2023-05-05 04:40:00,1.36,sl,kijun_pullback,0.01,2050.18,2051.54,2046.537623570999,2051.54,True,2.82,0.49,6,1.821,0.715
ichi,SELL,2023-05-09 11:30:00,2023-05-09 11:40:00,-3.97,sl,tenkan_momentum,0.01,2022.11,2026.0848012641525,2026.0848012641525,2026.0848012641525,False,0.0,4.2,3,1.987,0.779
ichi,BUY,2023-05-09 17:00:00,2023-05-09 17:25:00,-4.59,sl,tenkan_momentum,0.01,2030.52,2025.9284229517655,2025.9284229517655,2025.9284229517655,False,0.0,4.67,6,2.296,0.907
ichi,BUY,2023-05-10 04:00:00,2023-05-10 04:35:00,-2.6,sl,kijun_pullback,0.01,2036.66,2034.0559611941226,2034.0559611941226,2034.0559611941226,False,0.42,3.21,8,1.302,0.519
ichi,BUY,2023-05-10 15:45:00,2023-05-10 16:05:00,-6.65,sl,kijun_pullback,0.01,2046.31,2039.6641798108346,2039.6641798108346,2039.6641798108346,False,1.84,8.2,5,3.323,1.331
ichi,BUY,2023-05-11 16:00:00,2023-05-11 16:15:00,-7.1,sl,tenkan_momentum,0.01,2037.65,2030.554850267212,2030.554850267212,2030.554850267212,False,0.43,8.16,4,3.548,1.44
ichi,SELL,2023-05-12 06:30:00,2023-05-12 08:05:00,-0.45,gap,tenkan_momentum,0.01,2011.03,2011.48,2014.6515652832202,2009.99,True,2.49,1.41,20,1.811,0.746
ichi,SELL,2023-05-12 08:45:00,2023-05-12 09:25:00,2.76,gap,tenkan_momentum,0.01,2010.29,2007.53,2013.6568332425798,2007.24,True,4.4,1.45,9,1.683,0.694
ichi,SELL,2023-05-12 11:00:00,2023-05-12 12:15:00,1.69,sl,tenkan_momentum,0.01,2008.82,2007.13,2012.9745158576845,2007.13,True,3.35,1.24,16,2.077,0.852
ichi,SELL,2023-05-12 12:45:00,2023-05-12 13:45:00,-4.66,sl,tenkan_momentum,0.01,2003.14,2007.7976601597713,2007.7976601597713,2007.7976601597713,False,2.05,4.67,13,2.329,0.951
ichi,SELL,2023-05-12 14:30:00,2023-05-12 15:20:00,-4.69,sl,tenkan_momentum,0.01,2003.55,2008.2379177327757,2008.2379177327757,2008.2379177327757,False,0.72,5.58,11,2.344,0.967
ichi,BUY,2023-05-15 10:00:00,2023-05-15 10:35:00,1.63,sl,tenkan_momentum,0.01,2016.55,2018.18,2012.920987492589,2018.18,True,3.08,0.2,8,1.815,0.756
ichi,BUY,2023-05-15 17:00:00,2023-05-15 17:20:00,-5.12,sl,kijun_pullback,0.01,2021.0,2015.879113709164,2015.879113709164,2015.879113709164,False,0.2,5.64,5,2.56,1.063
ichi,SELL,2023-05-16 08:45:00,2023-05-16 09:10:00,2.56,sl,tenkan_momentum,0.01,2014.16,2011.6,2016.9427136453974,2011.6,True,4.17,0.87,6,1.391,0.584
ichi,SELL,2023-05-17 08:30:00,2023-05-17 09:25:00,1.03,sl,tenkan_momentum,0.01,1989.17,1988.14,1991.9623864156813,1988.14,True,2.15,1.22,12,1.396,0.583
ichi,SELL,2023-05-17 10:45:00,2023-05-17 11:30:00,0.05,sl,tenkan_momentum,0.01,1988.23,1988.18,1991.3669904965386,1988.18,True,1.89,1.1,10,1.568,0.653
ichi,SELL,2023-05-17 15:45:00,2023-05-17 16:05:00,-4.14,sl,tenkan_momentum,0.01,1983.17,1987.3061419844155,1987.3061419844155,1987.3061419844155,False,1.15,5.09,5,2.068,0.861
ichi,SELL,2023-05-17 18:15:00,2023-05-18 10:35:00,1.8,sl,tenkan_momentum,0.01,1980.55,1978.75,1986.5389018550202,1978.75,True,4.38,5.66,185,2.994,1.258
ichi,SELL,2023-05-18 15:00:00,2023-05-18 15:30:00,5.51,tp,tenkan_momentum,0.01,1974.17,1968.6584644258446,1977.844357049437,1977.844357049437,False,6.68,1.47,7,1.837,0.769
ichi,SELL,2023-05-19 17:15:00,2023-05-19 18:05:00,0.05,sl,tenkan_momentum,0.01,1959.92,1959.87,1964.7386911090778,1959.87,True,2.56,2.26,11,2.409,0.997
ichi,BUY,2023-05-22 11:45:00,2023-05-22 12:20:00,2.24,sl,tenkan_momentum,0.01,1978.65,1980.89,1974.4329971729176,1980.89,True,3.94,0.51,8,2.109,0.872
ichi,SELL,2023-05-22 17:30:00,2023-05-22 20:10:00,-6.65,sl,tenkan_momentum,0.01,1971.09,1977.7356242623828,1977.7356242623828,1977.7356242623828,False,0.04,7.52,33,3.323,1.368
ichi,BUY,2023-05-23 18:00:00,2023-05-23 20:15:00,2.75,sl,tenkan_momentum,0.01,1968.95,1971.7,1962.2927506629874,1971.7,True,5.73,4.61,28,3.329,1.389
ichi,BUY,2023-05-24 03:15:00,2023-05-24 05:05:00,-2.87,sl,kijun_pullback,0.01,1975.72,1972.8540400237232,1972.8540400237232,1972.8540400237232,False,1.3,2.89,23,1.433,0.595
ichi,BUY,2023-05-24 09:00:00,2023-05-24 09:10:00,-3.57,sl,tenkan_momentum,0.01,1979.71,1976.1355106170581,1976.1355106170581,1976.1355106170581,False,0.13,4.05,3,1.787,0.746
ichi,BUY,2023-05-24 14:30:00,2023-05-24 15:25:00,3.75,gap,tenkan_momentum,0.01,1979.05,1982.8,1974.4840336997243,1983.46,True,6.24,0.63,12,2.283,0.96
ichi,BUY,2023-05-24 16:00:00,2023-05-24 16:30:00,-5.51,sl,kijun_pullback,0.01,1980.1100000000001,1974.6012984184063,1974.6012984184063,1974.6012984184063,False,0.77,7.38,7,2.754,1.149
ichi,SELL,2023-05-25 17:45:00,2023-05-26 01:05:00,4.4,sl,tenkan_momentum,0.01,1946.78,1942.38,1955.1346156970992,1942.38,True,7.74,1.57,77,4.177,1.764
ichi,SELL,2023-05-26 17:00:00,2023-05-26 17:50:00,4.91,gap,tenkan_momentum,0.01,1946.91,1942.0,1952.6271699286444,1941.38,True,7.82,5.11,11,2.859,1.196
ichi,SELL,2023-05-29 04:45:00,2023-05-29 08:50:00,-3.93,sl,tenkan_momentum,0.01,1942.85,1946.782762440948,1946.782762440948,1946.782762440948,False,0.06,4.37,50,1.966,0.814
ichi,SELL,2023-05-30 10:30:00,2023-05-30 10:50:00,-4.41,sl,tenkan_momentum,0.01,1935.63,1940.0438478076203,1940.0438478076203,1940.0438478076203,False,0.32,4.86,5,2.207,0.921
ichi,BUY,2023-05-31 08:45:00,2023-05-31 09:00:00,2.11,sl,kijun_pullback,0.01,1961.8600000000001,1963.97,1958.3030009407823,1963.97,True,3.53,0.7,4,1.778,0.749
ichi,BUY,2023-05-31 16:45:00,2023-05-31 16:55:00,2.96,gap,kijun_pullback,0.01,1967.6200000000001,1970.58,1962.1357686841054,1971.18,True,6.1,0.22,3,2.742,1.15
ichi,BUY,2023-05-31 20:45:00,2023-06-01 09:05:00,-6.3,sl,kijun_pullback,0.01,1968.25,1961.946877375463,1961.946877375463,1961.946877375463,False,0.54,6.38,137,3.152,1.314
ichi,BUY,2023-06-01 15:45:00,2023-06-01 16:10:00,4.03,sl,tenkan_momentum,0.01,1964.8500000000001,1968.88,1959.1519390675637,1968.88,True,6.31,0.2,6,2.849,1.203
ichi,BUY,2023-06-02 05:15:00,2023-06-02 06:30:00,3.11,sl,kijun_pullback,0.01,1979.19,1982.3,1976.2447061105065,1982.3,True,4.29,1.05,16,1.473,0.617
ichi,BUY,2023-06-02 08:45:00,2023-06-02 09:25:00,-3.39,sl,tenkan_momentum,0.01,1981.0900000000001,1977.7036454579504,1977.7036454579504,1977.7036454579504,False,0.56,3.47,9,1.693,0.705
ichi,BUY,2023-06-02 14:30:00,2023-06-02 15:30:00,-3.45,sl,tenkan_momentum,0.01,1980.22,1976.7716179356528,1976.7716179356528,1976.7716179356528,False,0.72,8.28,13,1.724,0.723
ichi,SELL,2023-06-05 04:30:00,2023-06-05 05:40:00,0.6,gap,tenkan_momentum,0.01,1946.51,1945.91,1949.7323179224336,1945.51,True,2.29,2.07,15,1.611,0.68
ichi,SELL,2023-06-05 07:15:00,2023-06-05 08:30:00,0.05,sl,tenkan_momentum,0.01,1945.15,1945.1,1948.4603543717997,1945.1,True,1.97,1.39,16,1.655,0.698
ichi,SELL,2023-06-05 09:00:00,2023-06-05 09:25:00,1.32,sl,tenkan_momentum,0.01,1944.83,1943.51,1948.3048258089862,1943.51,True,2.71,0.87,6,1.737,0.732
ichi,SELL,2023-06-05 11:45:00,2023-06-05 12:40:00,-3.94,sl,tenkan_momentum,0.01,1941.22,1945.1597818295081,1945.1597818295081,1945.1597818295081,False,0.73,4.97,12,1.97,0.828
ichi,SELL,2023-06-05 15:30:00,2023-06-05 16:00:00,-4.26,sl,tenkan_momentum,0.01,1940.11,1944.3688932121647,1944.3688932121647,1944.3688932121647,False,1.78,5.15,7,2.129,0.903
ichi,SELL,2023-06-06 11:30:00,2023-06-06 12:10:00,-3.9,sl,tenkan_momentum,0.01,1958.16,1962.055995056727,1962.055995056727,1962.055995056727,False,0.51,4.01,9,1.948,0.833
ichi,BUY,2023-06-06 16:15:00,2023-06-06 16:35:00,-4.37,sl,tenkan_momentum,0.01,1963.96,1959.5860581802692,1959.5860581802692,1959.5860581802692,False,0.79,6.08,5,2.187,0.943
ichi,SELL,2023-06-06 17:45:00,2023-06-06 18:40:00,-5.85,sl,tenkan_momentum,0.01,1957.29,1963.1429244884348,1963.1429244884348,1963.1429244884348,False,0.18,6.42,12,2.926,1.274
ichi,BUY,2023-06-07 02:00:00,2023-06-07 04:05:00,1.06,sl,kijun_pullback,0.01,1963.91,1964.97,1961.5202936961725,1964.97,True,2.04,1.23,26,1.195,0.527
ichi,SELL,2023-06-07 16:30:00,2023-06-07 16:40:00,-4.13,sl,tenkan_momentum,0.01,1959.01,1963.1361817509162,1963.1361817509162,1963.1361817509162,False,0.29,4.14,3,2.063,0.908
ichi,BUY,2023-06-09 04:15:00,2023-06-09 11:00:00,-2.65,sl,kijun_pullback,0.01,1965.0,1962.3508885534197,1962.3508885534197,1962.3508885534197,False,1.05,3.14,82,1.325,0.588
ichi,BUY,2023-06-09 14:15:00,2023-06-09 14:35:00,0.05,sl,tenkan_momentum,0.01,1964.92,1964.97,1961.8666750923176,1964.97,True,1.73,0.8,5,1.527,0.682
ichi,SELL,2023-06-12 03:30:00,2023-06-12 04:30:00,1.13,sl,tenkan_momentum,0.01,1958.43,1957.3,1961.00675460443,1957.3,True,2.25,1.35,13,1.288,0.575
ichi,BUY,2023-06-12 15:00:00,2023-06-12 15:30:00,-0.94,gap,kijun_pullback,0.01,1964.26,1963.32,1960.8471218843972,1964.31,True,1.74,2.84,7,1.706,0.76
ichi,SELL,2023-06-15 09:30:00,2023-06-15 10:10:00,3.99,sl,tenkan_momentum,0.01,1934.95,1930.96,1939.4510878329072,1930.96,True,5.79,0.46,9,2.251,1.005
ichi,SELL,2023-06-15 11:30:00,2023-06-15 15:15:00,3.0,sl,tenkan_momentum,0.01,1932.06,1929.06,1937.0304062847865,1929.06,True,4.99,4.92,46,2.485,1.1
ichi,BUY,2023-06-16 02:00:00,2023-06-16 04:50:00,2.21,sl,kijun_pullback,0.01,1958.68,1960.89,1955.9781368484257,1960.89,True,3.29,2.21,35,1.351,0.594
ichi,BUY,2023-06-16 04:55:00,2023-06-16 05:00:00,-3.1,sl,kijun_pullback,0.01,1961.32,1958.2235755492115,1958.2235755492115,1958.2235755492115,False,0.0,3.37,2,1.548,0.677
ichi,BUY,2023-06-16 10:45:00,2023-06-16 14:15:00,1.85,sl,tenkan_momentum,0.01,1962.51,1964.36,1958.532932591363,1964.36,True,3.44,2.51,43,1.989,0.876
ichi,SELL,2023-06-19 09:30:00,2023-06-19 10:40:00,-0.09,gap,tenkan_momentum,0.01,1954.64,1954.73,1957.3212159016807,1954.59,True,1.62,0.5,15,1.341,0.588
ichi,SELL,2023-06-20 04:15:00,2023-06-20 04:50:00,3.92,tp,tenkan_momentum,0.01,1949.99,1946.0693105499583,1952.6037929666945,1948.52,True,4.68,0.97,8,1.307,0.573
ichi,SELL,2023-06-21 09:00:00,2023-06-21 09:15:00,2.71,sl,tenkan_momentum,0.01,1935.48,1932.77,1938.7720957820118,1932.77,True,4.03,0.39,4,1.646,0.716
ichi,SELL,2023-06-21 13:00:00,2023-06-21 15:25:00,3.58,sl,tenkan_momentum,0.01,1933.25,1929.67,1936.8673583681768,1929.67,True,5.7,2.59,30,1.809,0.782
ichi,SELL,2023-06-21 15:30:00,2023-06-21 15:40:00,-1.0,gap,tenkan_momentum,0.01,1929.84,1930.8400000000001,1934.8219534689877,1928.15,True,3.68,4.13,3,2.491,1.069
ichi,SELL,2023-06-22 07:45:00,2023-06-22 08:20:00,1.98,sl,tenkan_momentum,0.01,1931.1,1929.12,1933.552672185977,1929.12,True,2.96,0.43,8,1.226,0.527
ichi,SELL,2023-06-22 09:30:00,2023-06-22 10:15:00,1.03,sl,tenkan_momentum,0.01,1930.08,1929.05,1932.9631454802716,1929.05,True,2.27,1.56,10,1.442,0.617
ichi,SELL,2023-06-22 11:30:00,2023-06-22 11:45:00,1.45,sl,tenkan_momentum,0.01,1928.1,1926.65,1931.9786272712743,1926.65,True,3.0,0.21,4,1.939,0.829
ichi,SELL,2023-06-22 14:45:00,2023-06-22 15:25:00,0.05,sl,tenkan_momentum,0.01,1926.03,1925.98,1930.0220463181784,1925.98,True,2.17,1.96,9,1.996,0.85
ichi,BUY,2023-06-23 17:30:00,2023-06-23 18:15:00,-6.08,sl,kijun_pullback,0.01,1929.17,1923.086534641141,1923.086534641141,1923.086534641141,False,0.0,6.66,10,3.042,1.296
ichi,BUY,2023-06-26 07:45:00,2023-06-26 09:05:00,0.05,sl,kijun_pullback,0.01,1925.82,1925.87,1922.855201419928,1925.87,True,1.88,1.9,17,1.482,0.64
ichi,SELL,2023-06-27 02:15:00,2023-06-27 02:25:00,0.86,sl,tenkan_momentum,0.01,1923.23,1922.37,1925.6643662182184,1922.37,True,1.83,0.2,3,1.217,0.525
ichi,BUY,2023-06-27 10:15:00,2023-06-27 11:25:00,-3.08,sl,tenkan_momentum,0.01,1928.66,1925.5837777058866,1925.5837777058866,1925.5837777058866,False,0.79,3.54,15,1.538,0.662
ichi,BUY,2023-06-27 16:15:00,2023-06-27 16:35:00,0.05,sl,kijun_pullback,0.01,1927.49,1927.54,1922.8921435742197,1927.54,True,3.2,0.67,5,2.299,0.997
ichi,SELL,2023-06-28 09:30:00,2023-06-28 09:45:00,2.12,sl,tenkan_momentum,0.01,1913.07,1910.95,1915.989008306338,1910.95,True,3.29,0.57,4,1.46,0.633
ichi,SELL,2023-06-28 16:45:00,2023-06-28 16:45:00,-5.46,sl,tenkan_momentum,0.01,1905.3,1910.7615912629512,1910.7615912629512,1910.7615912629512,False,2.31,5.63,1,2.731,1.178
ichi,BUY,2023-07-03 01:15:00,2023-07-03 04:25:00,-2.97,sl,kijun_pullback,0.01,1919.18,1916.2092815308195,1916.2092815308195,1916.2092815308195,False,0.37,3.16,39,1.485,0.649
ichi,BUY,2023-07-04 04:30:00,2023-07-04 07:30:00,1.82,sl,kijun_pullback,0.02,1922.48,1923.39,1920.358041456241,1923.39,True,3.52,3.8,37,1.061,0.933
ichi,BUY,2023-07-05 15:45:00,2023-07-05 16:25:00,3.69,sl,kijun_pullback,0.01,1929.98,1933.67,1926.540789185879,1933.67,True,5.07,1.9,9,1.72,0.753
ichi,SELL,2023-07-06 04:30:00,2023-07-06 04:55:00,-2.87,sl,tenkan_momentum,0.01,1916.68,1919.5466388720881,1919.5466388720881,1919.5466388720881,False,0.06,3.15,6,1.433,0.622
ichi,BUY,2023-07-07 15:00:00,2023-07-07 15:15:00,-2.8,sl,tenkan_momentum,0.01,1917.72,1914.92445697937,1914.92445697937,1914.92445697937,False,0.92,3.43,4,1.398,0.611
ichi,BUY,2023-07-07 16:45:00,2023-07-07 18:00:00,8.9,tp,kijun_pullback,0.01,1925.74,1934.6391380389116,1919.8072413073924,1931.62,True,9.23,4.46,16,2.966,1.304
ichi,BUY,2023-07-11 01:45:00,2023-07-11 03:30:00,2.16,sl,kijun_pullback,0.02,1925.18,1926.26,1922.9515277396777,1926.26,True,4.04,1.66,22,1.114,0.961
ichi,BUY,2023-07-11 03:35:00,2023-07-11 04:10:00,1.14,sl,kijun_pullback,0.02,1926.3,1926.87,1924.1591841184704,1926.87,True,2.86,1.14,8,1.07,0.919
ichi,BUY,2023-07-11 05:45:00,2023-07-11 06:10:00,0.05,sl,tenkan_momentum,0.01,1927.57,1927.62,1925.1317442237496,1927.62,True,1.41,0.98,6,1.219,0.522
ichi,BUY,2023-07-11 07:30:00,2023-07-11 08:20:00,0.05,sl,tenkan_momentum,0.01,1928.51,1928.56,1925.9062775089385,1928.56,True,1.57,0.68,11,1.302,0.557
ichi,BUY,2023-07-11 09:45:00,2023-07-11 10:10:00,-3.5,sl,kijun_pullback,0.01,1935.07,1931.5749959796292,1931.5749959796292,1931.5749959796292,False,1.73,3.82,6,1.748,0.748
ichi,BUY,2023-07-11 11:15:00,2023-07-11 12:30:00,1.1,sl,tenkan_momentum,0.01,1934.47,1935.57,1930.2300219906563,1935.57,True,2.89,0.46,16,2.12,0.914
ichi,BUY,2023-07-12 15:45:00,2023-07-12 16:00:00,-5.21,sl,kijun_pullback,0.01,1946.95,1941.735516672632,1941.735516672632,1941.735516672632,False,0.76,6.04,4,2.607,1.122
ichi,BUY,2023-07-13 03:00:00,2023-07-13 04:15:00,0.1,sl,kijun_pullback,0.02,1957.94,1957.99,1955.7282355344644,1957.99,True,2.36,2.88,16,1.106,0.963
ichi,BUY,2023-07-13 04:30:00,2023-07-13 04:55:00,0.05,sl,kijun_pullback,0.01,1958.39,1958.44,1955.6290505938045,1958.44,True,1.53,1.33,6,1.38,0.601
ichi,BUY,2023-07-13 09:30:00,2023-07-13 13:25:00,-3.76,sl,kijun_pullback,0.01,1962.46,1958.6998556903995,1958.6998556903995,1958.6998556903995,False,0.91,4.31,48,1.88,0.818
ichi,BUY,2023-07-13 13:45:00,2023-07-13 15:25:00,-0.8,gap,tenkan_momentum,0.01,1960.64,1959.84,1957.5094247615218,1960.69,True,1.6,2.7,21,1.565,0.687
ichi,BUY,2023-07-13 19:30:00,2023-07-14 05:55:00,1.93,sl,tenkan_momentum,0.01,1959.63,1961.56,1954.0837355919657,1961.56,True,4.15,2.09,114,2.773,1.219
ichi,BUY,2023-07-14 06:30:00,2023-07-14 08:00:00,-2.63,sl,tenkan_momentum,0.01,1962.5900000000001,1959.9622837259128,1959.9622837259128,1959.9622837259128,False,0.54,2.92,19,1.314,0.575
ichi,BUY,2023-07-14 15:30:00,2023-07-14 15:35:00,-4.03,sl,kijun_pullback,0.01,1961.46,1957.429936326089,1957.429936326089,1957.429936326089,False,1.29,4.5,2,2.015,0.887
ichi,BUY,2023-07-14 17:00:00,2023-07-14 17:00:00,-5.44,sl,tenkan_momentum,0.01,1960.24,1954.79516049969,1954.79516049969,1954.79516049969,False,0.0,9.31,1,2.722,1.209
ichi,BUY,2023-07-18 03:45:00,2023-07-18 04:30:00,5.89,tp,tenkan_momentum,0.02,1956.51,1959.4527727243712,1954.5481515170857,1958.26,True,6.14,2.64,10,0.981,0.882
ichi,BUY,2023-07-18 05:15:00,2023-07-18 06:05:00,1.5,sl,kijun_pullback,0.01,1957.49,1958.99,1954.648995312066,1958.99,True,2.66,0.5,11,1.421,0.63
ichi,BUY,2023-07-18 09:30:00,2023-07-18 10:10:00,1.41,sl,tenkan_momentum,0.01,1960.03,1961.44,1957.1998672765042,1961.44,True,2.59,1.62,9,1.415,0.626
ichi,BUY,2023-07-18 11:15:00,2023-07-18 14:05:00,0.05,sl,tenkan_momentum,0.01,1962.31,1962.36,1958.9792549902095,1962.36,True,2.04,1.76,35,1.665,0.734
ichi,BUY,2023-07-18 15:30:00,2023-07-18 15:40:00,-5.76,sl,tenkan_momentum,0.01,1967.3,1961.5442542578076,1961.5442542578076,1961.5442542578076,False,3.89,6.62,3,2.878,1.268
ichi,BUY,2023-07-18 17:00:00,2023-07-18 17:15:00,4.67,sl,kijun_pullback,0.01,1971.42,1976.09,1963.3440933690833,1976.09,True,7.9,0.41,4,4.038,1.802
ichi,BUY,2023-07-19 04:45:00,2023-07-19 05:05:00,-2.78,sl,kijun_pullback,0.01,1978.3600000000001,1975.580458586554,1975.580458586554,1975.580458586554,False,0.0,2.97,5,1.39,0.614
ichi,BUY,2023-07-20 03:15:00,2023-07-20 04:30:00,3.47,tp,kijun_pullback,0.01,1979.24,1982.7107035930708,1976.9261976046196,1981.54,True,4.69,1.19,16,1.157,0.514
ichi,SELL,2023-07-21 10:30:00,2023-07-21 10:50:00,4.23,tp,tenkan_momentum,0.01,1969.63,1965.403065734329,1972.4479561771143,1966.71,True,4.92,0.4,5,1.409,0.621
ichi,SELL,2023-07-21 15:45:00,2023-07-21 16:15:00,0.05,sl,tenkan_momentum,0.01,1963.22,1963.17,1967.3263113857633,1963.17,True,2.97,1.33,7,2.053,0.897
ichi,SELL,2023-07-21 18:00:00,2023-07-24 10:25:00,-5.95,sl,tenkan_momentum,0.01,1959.76,1965.7075498815816,1965.7075498815816,1965.7075498815816,False,2.75,6.13,186,2.974,1.299
ichi,SELL,2023-07-24 18:15:00,2023-07-24 21:35:00,4.08,sl,tenkan_momentum,0.01,1960.54,1956.46,1966.0597053727613,1956.46,True,6.29,1.14,41,2.76,1.222
ichi,SELL,2023-07-25 16:15:00,2023-07-25 17:05:00,-1.17,gap,tenkan_momentum,0.01,1956.57,1957.74,1961.501012851987,1953.91,True,4.63,4.77,11,2.466,1.082
ichi,BUY,2023-07-26 09:15:00,2023-07-26 09:30:00,1.09,sl,kijun_pullback,0.01,1967.9,1968.99,1965.279030810478,1968.99,True,2.38,0.49,4,1.31,0.576
ichi,BUY,2023-07-27 01:15:00,2023-07-27 05:10:00,7.54,tp,kijun_pullback,0.01,1973.23,1980.7690525339578,1968.2039649773615,1978.13,True,7.68,2.09,48,2.513,1.103
ichi,BUY,2023-07-27 10:15:00,2023-07-27 10:50:00,2.24,sl,kijun_pullback,0.01,1978.5,1980.74,1974.7799310660919,1980.74,True,3.73,0.94,8,1.86,0.803
ichi,SELL,2023-07-31 10:00:00,2023-07-31 11:55:00,1.25,gap,tenkan_momentum,0.01,1954.93,1953.68,1958.050210804527,1952.32,True,3.86,1.54,24,1.56,0.67
ichi,SELL,2023-08-01 14:45:00,2023-08-01 15:05:00,-1.79,gap,tenkan_momentum,0.01,1953.77,1955.56,1957.1459065556076,1953.72,True,1.77,2.49,5,1.688,0.723
ichi,SELL,2023-08-02 17:00:00,2023-08-02 17:15:00,7.95,tp,tenkan_momentum,0.01,1945.13,1937.1764290717822,1950.432380618812,1942.35,True,8.35,0.4,4,2.651,1.14
ichi,SELL,2023-08-03 07:45:00,2023-08-03 10:10:00,1.6,gap,tenkan_momentum,0.01,1934.37,1932.77,1937.0410647689143,1932.21,True,3.23,1.9,30,1.336,0.565
ichi,SELL,2023-08-03 15:30:00,2023-08-03 15:40:00,-5.35,sl,tenkan_momentum,0.01,1931.39,1936.7358056989938,1936.7358056989938,1936.7358056989938,False,1.29,7.24,3,2.673,1.127
ichi,SELL,2023-08-03 17:00:00,2023-08-04 15:35:00,-3.08,gap,tenkan_momentum,0.01,1932.35,1935.43,1939.2118536122482,1928.47,True,6.62,6.62,260,3.431,1.462
ichi,BUY,2023-08-07 02:00:00,2023-08-07 05:10:00,-3.14,sl,kijun_pullback,0.01,1943.91,1940.7659517793418,1940.7659517793418,1940.7659517793418,False,1.43,3.27,39,1.572,0.675
ichi,SELL,2023-08-08 09:30:00,2023-08-08 11:00:00,1.7,sl,tenkan_momentum,0.01,1933.16,1931.46,1935.8026976957856,1931.46,True,2.76,1.38,19,1.321,0.571
ichi,SELL,2023-08-08 11:05:00,2023-08-08 11:40:00,-2.96,sl,tenkan_momentum,0.01,1930.89,1933.8483563797686,1933.8483563797686,1933.8483563797686,False,0.01,3.2,8,1.479,0.637
ichi,SELL,2023-08-08 16:30:00,2023-08-08 17:40:00,-5.75,sl,tenkan_momentum,0.01,1924.81,1930.561897832,1930.561897832,1930.561897832,False,1.88,7.47,15,2.876,1.246
ichi,SELL,2023-08-08 18:00:00,2023-08-09 04:15:00,0.05,sl,tenkan_momentum,0.01,1927.27,1927.22,1933.2874903609702,1927.22,True,3.46,1.39,112,3.009,1.32
ichi,SELL,2023-08-09 11:30:00,2023-08-09 13:35:00,1.6,sl,tenkan_momentum,0.01,1928.25,1926.65,1930.9573861056217,1926.65,True,2.68,0.94,26,1.354,0.594
ichi,SELL,2023-08-09 16:15:00,2023-08-09 17:00:00,1.12,sl,tenkan_momentum,0.01,1924.19,1923.07,1927.519456831832,1923.07,True,2.45,2.71,10,1.665,0.728
ichi,BUY,2023-08-10 16:45:00,2023-08-10 17:05:00,-5.54,sl,kijun_pullback,0.01,1924.76,1919.2182968392876,1919.2182968392876,1919.2182968392876,False,0.53,6.15,5,2.771,1.208
ichi,SELL,2023-08-14 03:15:00,2023-08-14 04:10:00,0.05,sl,tenkan_momentum,0.01,1912.08,1912.03,1914.4286209888035,1912.03,True,1.42,0.4,12,1.174,0.518
ichi,SELL,2023-08-14 05:15:00,2023-08-14 06:20:00,-2.53,sl,tenkan_momentum,0.01,1911.05,1913.579238358705,1913.579238358705,1913.579238358705,False,0.0,2.76,14,1.265,0.558
ichi,SELL,2023-08-14 15:15:00,2023-08-14 15:30:00,2.09,gap,tenkan_momentum,0.01,1909.92,1907.8300000000002,1913.2956609226374,1907.49,True,3.78,0.37,4,1.688,0.749
ichi,SELL,2023-08-15 05:15:00,2023-08-15 10:45:00,0.05,sl,tenkan_momentum,0.01,1905.43,1905.38,1908.2850197521786,1905.38,True,1.74,2.5,67,1.428,0.631
ichi,SELL,2023-08-15 14:15:00,2023-08-15 15:30:00,-2.62,sl,tenkan_momentum,0.01,1902.37,1904.9869081055697,1904.9869081055697,1904.9869081055697,False,5.82,2.77,16,1.308,0.578
ichi,SELL,2023-08-16 15:30:00,2023-08-16 15:55:00,-0.29,gap,tenkan_momentum,0.01,1901.86,1902.15,1904.686866121907,1901.81,True,1.67,2.55,6,1.413,0.628
ichi,BUY,2023-08-22 03:30:00,2023-08-22 04:05:00,2.0,sl,kijun_pullback,0.02,1894.8,1895.8,1893.0341781205223,1895.8,True,3.42,0.42,8,0.883,0.785
ichi,BUY,2023-08-22 05:15:00,2023-08-22 05:30:00,0.05,sl,kijun_pullback,0.01,1895.94,1895.99,1893.540984909833,1895.99,True,1.42,0.27,4,1.2,0.531
ichi,BUY,2023-08-22 08:30:00,2023-08-22 09:25:00,3.57,tp,tenkan_momentum,0.01,1896.43,1900.0049504474575,1894.046699701695,1898.73,True,3.8,1.49,12,1.192,0.527
ichi,BUY,2023-08-23 02:00:00,2023-08-23 03:30:00,3.12,sl,kijun_pullback,0.02,1898.1200000000001,1899.68,1896.3829363374925,1899.68,True,4.5,0.76,19,0.869,0.763
ichi,BUY,2023-08-23 05:45:00,2023-08-23 08:15:00,2.74,sl,tenkan_momentum,0.02,1901.5,1902.87,1899.458635222194,1902.87,True,4.38,2.8,31,1.021,0.89
ichi,BUY,2023-08-23 10:30:00,2023-08-23 13:30:00,-2.71,sl,tenkan_momentum,0.01,1904.23,1901.521215346183,1901.521215346183,1901.521215346183,False,1.31,2.94,37,1.354,0.587
ichi,BUY,2023-08-23 14:00:00,2023-08-23 15:30:00,4.39,tp,kijun_pullback,0.01,1903.54,1907.930635661348,1900.6129095591011,1905.5,True,4.69,0.86,19,1.464,0.638
ichi,BUY,2023-08-23 15:35:00,2023-08-23 16:00:00,-3.48,sl,kijun_pullback,0.01,1906.97,1903.4906971101614,1903.4906971101614,1903.4906971101614,False,1.71,4.0,6,1.74,0.751
ichi,BUY,2023-08-23 17:00:00,2023-08-24 10:15:00,2.09,sl,kijun_pullback,0.01,1918.19,1920.28,1912.1481572699302,1920.28,True,4.83,3.89,196,3.021,1.314
ichi,BUY,2023-08-24 11:30:00,2023-08-24 13:35:00,-2.9,sl,kijun_pullback,0.01,1922.02,1919.1184460566496,1919.1184460566496,1919.1184460566496,False,0.0,2.96,26,1.451,0.628
ichi,BUY,2023-08-25 17:15:00,2023-08-25 17:20:00,-6.14,sl,kijun_pullback,0.01,1920.46,1914.324222818623,1914.324222818623,1914.324222818623,False,1.99,7.32,2,3.068,1.337
ichi,BUY,2023-08-28 05:45:00,2023-08-28 08:40:00,0.05,sl,kijun_pullback,0.01,1916.25,1916.3,1913.878061517472,1916.3,True,1.43,1.54,36,1.186,0.524
ichi,BUY,2023-08-28 08:45:00,2023-08-28 09:25:00,1.3,sl,kijun_pullback,0.02,1916.3,1916.95,1914.143454509829,1916.95,True,3.02,1.7,9,1.078,0.953
ichi,BUY,2023-08-28 17:00:00,2023-08-28 18:35:00,5.3,tp,kijun_pullback,0.01,1918.32,1923.6153728918127,1914.789751405458,1921.04,True,6.61,1.02,20,1.765,0.778
ichi,BUY,2023-08-29 04:30:00,2023-08-29 06:10:00,3.18,gap,tenkan_momentum,0.02,1922.49,1924.08,1920.794827530092,1924.33,True,5.04,2.04,21,0.848,0.738
ichi,BUY,2023-08-29 08:45:00,2023-08-29 09:45:00,-3.96,sl,kijun_pullback,0.02,1925.3500000000001,1923.369534467281,1923.369534467281,1923.369534467281,False,0.54,4.72,13,0.99,0.856
ichi,BUY,2023-08-29 10:45:00,2023-08-29 11:10:00,-4.49,sl,kijun_pullback,0.02,1924.57,1922.3226296497617,1922.3226296497617,1922.3226296497617,False,0.74,4.58,6,1.124,0.98
ichi,BUY,2023-08-29 17:15:00,2023-08-29 17:25:00,0.87,gap,kijun_pullback,0.01,1930.74,1931.61,1925.639960214578,1932.48,True,3.88,1.44,3,2.55,1.123
ichi,BUY,2023-08-30 04:00:00,2023-08-30 10:30:00,-3.86,sl,kijun_pullback,0.02,1936.96,1935.0276436315576,1935.0276436315576,1935.0276436315576,False,1.18,4.02,79,0.966,0.85
ichi,BUY,2023-08-30 12:30:00,2023-08-30 15:10:00,1.14,sl,kijun_pullback,0.02,1938.73,1939.3,1936.5458158573492,1939.3,True,3.06,4.16,33,1.092,0.968
ichi,BUY,2023-08-31 08:00:00,2023-08-31 09:30:00,-3.43,sl,kijun_pullback,0.02,1946.0,1944.2866702879614,1944.2866702879614,1944.2866702879614,False,0.0,3.44,19,0.857,0.758
ichi,BUY,2023-08-31 15:00:00,2023-08-31 15:20:00,1.58,sl,tenkan_momentum,0.02,1945.91,1946.7,1943.8688276565683,1946.7,True,3.4,1.86,5,1.021,0.91
ichi,BUY,2023-09-01 15:45:00,2023-09-01 15:55:00,0.22,gap,kijun_pullback,0.01,1948.48,1948.7,1944.906561272124,1950.86,True,3.81,1.26,3,1.787,0.793
ichi,SELL,2023-09-04 13:30:00,2023-09-04 14:35:00,1.36,sl,tenkan_momentum,0.02,1941.63,1940.95,1943.7768177467744,1940.95,True,3.08,1.02,14,1.073,0.953
ichi,SELL,2023-09-05 04:45:00,2023-09-05 04:55:00,2.58,sl,tenkan_momentum,0.02,1937.34,1936.05,1939.0260918361746,1936.05,True,4.36,0.42,3,0.843,0.746
ichi,SELL,2023-09-05 06:15:00,2023-09-05 07:30:00,-3.75,sl,tenkan_momentum,0.02,1936.31,1938.1842880849065,1938.1842880849065,1938.1842880849065,False,0.0,3.76,16,0.937,0.825
ichi,SELL,2023-09-05 16:15:00,2023-09-05 17:10:00,2.59,sl,tenkan_momentum,0.01,1930.33,1927.74,1934.580258229847,1927.74,True,4.29,3.66,12,2.125,0.943
ichi,SELL,2023-09-06 04:00:00,2023-09-06 05:40:00,-3.38,sl,tenkan_momentum,0.02,1924.78,1926.4685121528698,1926.4685121528698,1926.4685121528698,False,0.82,3.68,21,0.844,0.745
ichi,SELL,2023-09-07 10:45:00,2023-09-07 12:20:00,-2.26,sl,tenkan_momentum,0.01,1917.61,1919.8705243678107,1919.8705243678107,1919.8705243678107,False,0.26,2.63,20,1.13,0.502
ichi,BUY,2023-09-11 12:00:00,2023-09-11 13:20:00,-2.9,sl,kijun_pullback,0.01,1927.95,1925.052632022815,1925.052632022815,1925.052632022815,False,0.12,3.04,17,1.449,0.647
ichi,SELL,2023-09-12 12:00:00,2023-09-12 13:35:00,5.99,tp,tenkan_momentum,0.02,1919.75,1916.757064700913,1921.7452901993915,1921.7452901993915,False,9.16,0.94,20,0.998,0.897
ichi,BUY,2023-09-15 04:30:00,2023-09-15 04:45:00,2.23,sl,tenkan_momentum,0.01,1911.93,1914.16,1909.4103137505842,1914.16,True,3.28,0.28,4,1.26,0.559
ichi,BUY,2023-09-15 11:00:00,2023-09-15 15:10:00,1.1,sl,tenkan_momentum,0.01,1918.3,1919.4,1915.4281661330833,1919.4,True,2.25,1.57,51,1.436,0.634
ichi,BUY,2023-09-15 16:15:00,2023-09-15 16:30:00,1.92,sl,kijun_pullback,0.01,1922.3500000000001,1924.27,1918.5558523585826,1924.27,True,4.01,0.71,4,1.897,0.835
ichi,BUY,2023-09-18 04:15:00,2023-09-18 04:30:00,-4.13,sl,kijun_pullback,0.02,1926.5,1924.4367189903928,1924.4367189903928,1924.4367189903928,False,0.02,5.06,4,1.032,0.905
ichi,BUY,2023-09-19 05:15:00,2023-09-19 07:40:00,-3.24,sl,kijun_pullback,0.02,1933.31,1931.692175636093,1931.692175636093,1931.692175636093,False,0.26,3.8,30,0.809,0.716
ichi,BUY,2023-09-19 16:30:00,2023-09-19 17:10:00,-2.87,sl,kijun_pullback,0.01,1935.24,1932.3653393634868,1932.3653393634868,1932.3653393634868,False,1.15,3.32,9,1.437,0.641
ichi,BUY,2023-09-20 09:00:00,2023-09-20 09:45:00,0.1,sl,tenkan_momentum,0.02,1931.41,1931.46,1929.7192093883157,1931.46,True,1.86,2.04,10,0.845,0.759
ichi,SELL,2023-09-20 12:00:00,2023-09-20 12:50:00,-4.05,sl,tenkan_momentum,0.02,1929.16,1931.1826099135303,1931.1826099135303,1931.1826099135303,False,0.0,4.34,11,1.011,0.907
ichi,BUY,2023-09-20 15:45:00,2023-09-20 16:40:00,3.67,tp,kijun_pullback,0.01,1933.01,1936.6793178746088,1930.563788083594,1935.49,True,8.14,1.42,12,1.223,0.554
ichi,BUY,2023-09-22 17:45:00,2023-09-22 19:50:00,-3.27,sl,kijun_pullback,0.01,1928.31,1925.035014822534,1925.035014822534,1925.035014822534,False,0.48,3.42,26,1.637,0.735
ichi,SELL,2023-09-25 04:15:00,2023-09-25 04:45:00,0.88,sl,tenkan_momentum,0.02,1924.33,1923.89,1926.0835104637558,1923.89,True,2.44,1.1,7,0.877,0.793
ichi,SELL,2023-09-25 06:30:00,2023-09-25 08:40:00,0.84,gap,tenkan_momentum,0.02,1923.36,1922.94,1925.1653432422684,1922.9,True,2.58,1.76,27,0.903,0.815
ichi,BUY,2023-09-25 17:00:00,2023-09-25 17:05:00,-3.5,sl,tenkan_momentum,0.01,1925.55,1922.0514487196285,1922.0514487196285,1922.0514487196285,False,0.0,3.91,2,1.749,0.788
ichi,SELL,2023-09-26 04:45:00,2023-09-26 05:20:00,0.94,sl,tenkan_momentum,0.02,1915.26,1914.79,1916.879093197161,1914.79,True,2.24,1.34,8,0.81,0.735
ichi,SELL,2023-09-26 08:30:00,2023-09-26 09:45:00,4.85,tp,tenkan_momentum,0.02,1913.96,1911.536769685893,1915.5754868760714,1912.61,True,6.02,1.42,16,0.808,0.732
ichi,SELL,2023-09-26 15:00:00,2023-09-26 15:35:00,3.98,tp,tenkan_momentum,0.01,1911.58,1907.6014931973443,1914.232337868437,1911.53,True,6.16,1.53,8,1.326,0.594
ichi,SELL,2023-09-26 17:45:00,2023-09-26 18:10:00,4.07,sl,tenkan_momentum,0.01,1906.76,1902.69,1910.997948920071,1902.69,True,5.77,0.52,6,2.119,0.941
ichi,SELL,2023-09-27 13:45:00,2023-09-27 14:30:00,1.06,sl,tenkan_momentum,0.01,1894.8,1893.74,1897.3339530683395,1893.74,True,2.09,0.23,10,1.267,0.558
ichi,SELL,2023-09-28 13:30:00,2023-09-28 15:05:00,-2.59,sl,tenkan_momentum,0.01,1874.56,1877.149626995587,1877.149626995587,1877.149626995587,False,0.0,2.94,20,1.295,0.569
ichi,SELL,2023-10-02 04:30:00,2023-10-02 05:45:00,1.62,sl,tenkan_momentum,0.01,1845.92,1844.3,1848.9725964423706,1844.3,True,2.84,0.26,16,1.526,0.674
ichi,SELL,2023-10-02 10:45:00,2023-10-02 12:10:00,2.17,sl,tenkan_momentum,0.01,1840.58,1838.41,1844.1405851087893,1838.41,True,3.59,2.85,18,1.78,0.784
ichi,SELL,2023-10-02 15:45:00,2023-10-02 16:40:00,1.26,sl,tenkan_momentum,0.01,1835.61,1834.35,1840.2184023260095,1834.35,True,3.1,3.03,12,2.304,1.009
ichi,SELL,2023-10-04 04:45:00,2023-10-04 07:00:00,0.05,sl,tenkan_momentum,0.01,1821.73,1821.68,1825.2846133359467,1821.68,True,1.9,2.25,28,1.777,0.776
ichi,SELL,2023-10-04 09:00:00,2023-10-04 09:40:00,2.67,sl,tenkan_momentum,0.01,1821.24,1818.57,1824.3505001028138,1818.57,True,4.32,0.4,9,1.555,0.679
ichi,SELL,2023-10-05 15:30:00,2023-10-05 15:35:00,6.2,tp,tenkan_momentum,0.01,1820.33,1814.1266347866276,1824.4655768089146,1824.4655768089146,False,7.12,0.94,2,2.068,0.898
ichi,SELL,2023-10-05 18:30:00,2023-10-06 02:00:00,-5.55,sl,tenkan_momentum,0.01,1816.15,1821.6999086747087,1821.6999086747087,1821.6999086747087,False,1.54,7.26,79,2.775,1.189
ichi,BUY,2023-10-09 08:00:00,2023-10-09 09:25:00,1.98,gap,kijun_pullback,0.01,1850.74,1852.72,1846.484887081687,1852.78,True,3.74,2.66,18,2.128,0.923
ichi,BUY,2023-10-09 09:30:00,2023-10-09 15:35:00,-4.36,sl,kijun_pullback,0.01,1851.28,1846.9244924906222,1846.9244924906222,1846.9244924906222,False,1.33,4.84,74,2.178,0.94
ichi,BUY,2023-10-10 06:15:00,2023-10-10 07:50:00,-2.81,sl,kijun_pullback,0.01,1863.65,1860.8375804883005,1860.8375804883005,1860.8375804883005,False,0.0,2.82,20,1.406,0.613
ichi,BUY,2023-10-11 03:45:00,2023-10-11 08:20:00,-4.46,sl,tenkan_momentum,0.02,1861.57,1859.340153181232,1859.340153181232,1859.340153181232,False,0.96,4.54,56,1.115,0.978
ichi,BUY,2023-10-11 09:45:00,2023-10-11 10:05:00,0.07,gap,kijun_pullback,0.01,1863.3400000000001,1863.41,1860.7925955450737,1864.29,True,1.97,0.93,5,1.274,0.564
ichi,BUY,2023-10-11 15:45:00,2023-10-11 16:10:00,1.28,gap,kijun_pullback,0.01,1871.97,1873.25,1868.111284324624,1873.52,True,3.09,0.68,6,1.929,0.854
ichi,BUY,2023-10-11 17:30:00,2023-10-11 19:25:00,3.47,sl,kijun_pullback,0.01,1871.76,1875.23,1866.9788160229025,1875.23,True,5.44,2.29,24,2.391,1.056
ichi,BUY,2023-10-12 05:45:00,2023-10-12 08:35:00,2.46,sl,kijun_pullback,0.01,1876.54,1879.0,1873.867709153208,1879.0,True,3.53,0.59,35,1.336,0.586
ichi,BUY,2023-10-12 11:15:00,2023-10-12 13:55:00,1.02,sl,kijun_pullback,0.01,1880.53,1881.55,1877.5822787156715,1881.55,True,2.2,0.94,33,1.474,0.642
ichi,BUY,2023-10-12 15:30:00,2023-10-12 15:30:00,-4.26,sl,tenkan_momentum,0.01,1884.75,1880.493838215978,1880.493838215978,1880.493838215978,False,0.03,5.49,1,2.128,0.926
ichi,BUY,2023-10-16 15:30:00,2023-10-16 15:45:00,-5.38,sl,kijun_pullback,0.01,1922.66,1917.2815898296108,1917.2815898296108,1917.2815898296108,False,0.49,5.78,4,2.689,1.18
ichi,BUY,2023-10-16 17:15:00,2023-10-16 20:45:00,0.05,sl,kijun_pullback,0.01,1919.1100000000001,1919.16,1913.345945870563,1919.16,True,3.69,2.67,43,2.882,1.28
ichi,BUY,2023-10-17 01:45:00,2023-10-17 03:20:00,-2.71,sl,kijun_pullback,0.01,1920.79,1918.0792149230153,1918.0792149230153,1918.0792149230153,False,0.99,2.88,20,1.355,0.602
ichi,BUY,2023-10-17 15:45:00,2023-10-17 15:55:00,1.7,sl,kijun_pullback,0.01,1924.16,1925.86,1919.114240803177,1925.86,True,3.72,1.33,3,2.523,1.127
ichi,BUY,2023-10-17 18:45:00,2023-10-17 20:55:00,-6.28,sl,kijun_pullback,0.01,1926.03,1919.7514632663601,1919.7514632663601,1919.7514632663601,False,0.88,6.34,27,3.139,1.397
ichi,BUY,2023-10-18 06:30:00,2023-10-18 08:45:00,1.2,sl,tenkan_momentum,0.01,1936.5900000000001,1937.79,1931.9042881893813,1937.79,True,3.11,0.41,28,2.343,1.058
ichi,BUY,2023-10-18 10:45:00,2023-10-18 12:35:00,6.25,tp,kijun_pullback,0.01,1938.28,1944.5338497887126,1934.110766807525,1942.83,True,6.97,1.0,23,2.085,0.939
ichi,BUY,2023-10-18 12:45:00,2023-10-18 15:05:00,2.23,sl,kijun_pullback,0.01,1945.31,1947.54,1940.9070467693623,1947.54,True,3.99,2.72,29,2.201,0.977
ichi,BUY,2023-10-19 02:15:00,2023-10-19 03:35:00,0.05,sl,kijun_pullback,0.01,1951.27,1951.32,1947.3431352127768,1951.32,True,2.06,1.45,17,1.963,0.867
ichi,BUY,2023-10-19 11:15:00,2023-10-19 11:35:00,-4.68,sl,kijun_pullback,0.01,1953.57,1948.889489159486,1948.889489159486,1948.889489159486,False,0.0,5.14,5,2.34,1.034
ichi,BUY,2023-10-19 13:45:00,2023-10-19 15:10:00,1.1,sl,kijun_pullback,0.01,1951.14,1952.24,1947.2449920844144,1952.24,True,2.66,1.51,18,1.948,0.869
ichi,BUY,2023-10-19 15:30:00,2023-10-19 15:40:00,2.06,sl,kijun_pullback,0.01,1953.19,1955.25,1948.4867187730877,1955.25,True,3.94,1.82,3,2.352,1.047
ichi,BUY,2023-10-19 17:00:00,2023-10-19 18:45:00,2.86,sl,kijun_pullback,0.01,1954.64,1957.5,1948.8975209155528,1957.5,True,5.34,4.86,22,2.871,1.273
ichi,BUY,2023-10-19 19:15:00,2023-10-19 19:35:00,-7.12,sl,kijun_pullback,0.01,1959.5800000000002,1952.4558308317162,1952.4558308317162,1952.4558308317162,False,0.87,7.47,5,3.562,1.569
ichi,BUY,2023-10-20 05:00:00,2023-10-20 06:05:00,0.05,sl,kijun_pullback,0.01,1978.05,1978.1,1971.9188726025425,1978.1,True,3.92,1.54,14,3.066,1.372
ichi,BUY,2023-10-20 10:00:00,2023-10-20 10:50:00,0.05,sl,tenkan_momentum,0.01,1979.57,1979.62,1974.9900434090262,1979.62,True,2.58,1.41,11,2.29,1.025
ichi,BUY,2023-10-20 17:00:00,2023-10-20 17:10:00,0.05,sl,kijun_pullback,0.01,1987.39,1987.44,1980.8857604658308,1987.44,True,3.89,0.21,3,3.252,1.455
ichi,BUY,2023-10-20 19:30:00,2023-10-20 19:50:00,-7.26,sl,tenkan_momentum,0.01,1990.96,1983.7040306760573,1983.7040306760573,1983.7040306760573,False,0.68,8.7,5,3.628,1.623
ichi,BUY,2023-10-23 14:45:00,2023-10-23 15:35:00,0.05,sl,tenkan_momentum,0.01,1979.22,1979.27,1974.719883659813,1979.27,True,2.77,3.21,11,2.25,1.023
ichi,BUY,2023-10-24 04:15:00,2023-10-24 05:35:00,1.09,sl,tenkan_momentum,0.01,1978.06,1979.15,1974.215543064309,1979.15,True,2.81,2.34,17,1.922,0.874
ichi,BUY,2023-10-24 09:30:00,2023-10-24 10:15:00,0.05,sl,kijun_pullback,0.01,1977.41,1977.46,1974.0321743876373,1977.46,True,1.82,1.42,10,1.689,0.766
ichi,BUY,2023-10-25 04:45:00,2023-10-25 05:50:00,-3.45,sl,tenkan_momentum,0.01,1975.43,1971.9825906925728,1971.9825906925728,1971.9825906925728,False,1.54,4.23,14,1.724,0.782
ichi,BUY,2023-10-25 07:45:00,2023-10-25 09:30:00,0.05,sl,kijun_pullback,0.01,1973.8400000000001,1973.89,1970.4637299744293,1973.89,True,2.14,3.1,22,1.688,0.772
ichi,SELL,2023-10-25 12:00:00,2023-10-25 14:35:00,-4.09,sl,tenkan_momentum,0.01,1971.42,1975.5113606000593,1975.5113606000593,1975.5113606000593,False,1.75,4.31,32,2.046,0.935
ichi,BUY,2023-10-25 15:45:00,2023-10-25 16:15:00,2.37,sl,kijun_pullback,0.01,1974.44,1976.81,1969.942386509928,1976.81,True,4.17,0.99,7,2.249,1.037
ichi,BUY,2023-10-26 02:15:00,2023-10-26 04:25:00,2.53,sl,kijun_pullback,0.01,1982.31,1984.84,1977.7765991274566,1984.84,True,4.34,0.83,27,2.267,1.04
ichi,BUY,2023-10-26 05:00:00,2023-10-26 08:25:00,2.84,sl,tenkan_momentum,0.01,1985.13,1987.97,1980.9938304057114,1987.97,True,4.49,1.66,42,2.068,0.943
ichi,BUY,2023-10-26 08:45:00,2023-10-26 11:10:00,2.43,sl,kijun_pullback,0.01,1987.1100000000001,1989.54,1983.7356799219604,1989.54,True,3.78,3.16,30,1.687,0.765
ichi,BUY,2023-10-26 12:30:00,2023-10-26 13:35:00,-3.98,sl,tenkan_momentum,0.01,1991.8400000000001,1987.858342050769,1987.858342050769,1987.858342050769,False,0.33,5.01,14,1.991,0.897
ichi,SELL,2023-10-26 17:00:00,2023-10-26 17:30:00,4.47,sl,tenkan_momentum,0.01,1978.98,1974.51,1985.6772706069344,1974.51,True,7.15,0.37,7,3.349,1.523
ichi,BUY,2023-10-27 05:00:00,2023-10-27 05:35:00,1.73,sl,tenkan_momentum,0.01,1985.78,1987.51,1982.376781487121,1987.51,True,3.09,0.22,8,1.702,0.766
ichi,BUY,2023-10-27 09:00:00,2023-10-27 10:00:00,-3.17,sl,tenkan_momentum,0.01,1989.17,1985.9984586848002,1985.9984586848002,1985.9984586848002,False,0.57,3.32,13,1.586,0.711
ichi,BUY,2023-10-27 10:30:00,2023-10-27 13:05:00,-3.62,sl,kijun_pullback,0.01,1988.52,1984.8979928797633,1984.8979928797633,1984.8979928797633,False,0.08,3.72,32,1.811,0.818
ichi,SELL,2023-10-27 16:00:00,2023-10-27 16:15:00,0.05,sl,tenkan_momentum,0.01,1980.42,1980.37,1986.1845941416145,1980.37,True,3.44,3.19,4,2.882,1.313
ichi,BUY,2023-10-30 03:30:00,2023-10-30 08:15:00,-5.22,sl,kijun_pullback,0.01,2003.65,1998.4264652172467,1998.4264652172467,1998.4264652172467,False,1.31,5.35,58,2.612,1.189
ichi,BUY,2023-10-30 16:15:00,2023-10-30 16:35:00,-5.72,sl,tenkan_momentum,0.01,2000.74,1995.0155819989473,1995.0155819989473,1995.0155819989473,False,1.74,7.39,5,2.862,1.319
ichi,BUY,2023-10-30 18:00:00,2023-10-31 05:05:00,-5.68,sl,kijun_pullback,0.01,1999.3600000000001,1993.6785386356746,1993.6785386356746,1993.6785386356746,False,1.32,5.82,122,2.841,1.327
ichi,BUY,2023-10-31 10:30:00,2023-10-31 11:00:00,0.05,sl,kijun_pullback,0.01,1996.2,1996.25,1992.8280807982478,1996.25,True,2.05,0.67,7,1.686,0.798
ichi,BUY,2023-10-31 16:00:00,2023-10-31 16:20:00,3.01,sl,kijun_pullback,0.01,2002.72,2005.73,1997.2208259762958,2005.73,True,5.21,2.71,5,2.75,1.301
ichi,BUY,2023-11-02 07:30:00,2023-11-02 11:20:00,1.88,sl,kijun_pullback,0.01,1986.54,1988.42,1983.508631051604,1988.42,True,3.09,2.89,47,1.516,0.712
ichi,BUY,2023-11-02 12:15:00,2023-11-02 13:20:00,1.81,sl,kijun_pullback,0.01,1987.3600000000001,1989.17,1984.1869694983022,1989.17,True,3.08,1.57,14,1.587,0.742
ichi,BUY,2023-11-02 15:00:00,2023-11-02 15:15:00,-3.83,sl,tenkan_momentum,0.01,1990.55,1986.7217105604439,1986.7217105604439,1986.7217105604439,False,0.53,4.09,4,1.914,0.892
ichi,SELL,2023-11-02 18:00:00,2023-11-02 19:30:00,-5.28,sl,tenkan_momentum,0.01,1981.15,1986.4321619209022,1986.4321619209022,1986.4321619209022,False,2.09,5.76,19,2.641,1.241
ichi,BUY,2023-11-03 08:30:00,2023-11-03 09:00:00,0.1,sl,tenkan_momentum,0.02,1987.31,1987.36,1985.307493764965,1987.36,True,2.14,1.26,7,1.001,0.953
ichi,BUY,2023-11-03 10:00:00,2023-11-03 10:30:00,0.05,sl,kijun_pullback,0.01,1986.76,1986.81,1983.79445640504,1986.81,True,1.78,0.58,7,1.483,0.706
ichi,BUY,2023-11-03 14:30:00,2023-11-03 14:30:00,7.71,tp,kijun_pullback,0.01,1989.3,1997.0115936063166,1984.158937595789,1984.158937595789,False,13.04,0.44,1,2.571,1.223
ichi,SELL,2023-11-07 08:30:00,2023-11-07 09:10:00,1.44,sl,tenkan_momentum,0.01,1971.91,1970.47,1974.3832443422286,1970.47,True,2.71,0.51,9,1.237,0.578
ichi,SELL,2023-11-07 11:45:00,2023-11-07 13:45:00,2.49,sl,tenkan_momentum,0.01,1966.72,1964.23,1970.1018362306106,1964.23,True,3.84,1.53,25,1.691,0.787
ichi,SELL,2023-11-07 17:00:00,2023-11-07 18:10:00,-5.56,sl,tenkan_momentum,0.01,1960.4,1965.957428338772,1965.957428338772,1965.957428338772,False,0.0,6.39,15,2.779,1.286
ichi,SELL,2023-11-08 16:45:00,2023-11-08 17:25:00,6.27,tp,tenkan_momentum,0.01,1962.04,1955.765709463662,1966.2228603575586,1957.46,True,6.47,0.58,9,2.091,0.981
ichi,SELL,2023-11-08 18:45:00,2023-11-08 22:50:00,5.67,sl,tenkan_momentum,0.01,1955.66,1949.99,1961.2586145713726,1949.99,True,8.02,1.25,50,2.799,1.294
ichi,SELL,2023-11-09 14:45:00,2023-11-09 15:50:00,-3.43,sl,tenkan_momentum,0.01,1946.61,1950.0393111562187,1950.0393111562187,1950.0393111562187,False,1.57,3.94,14,1.715,0.782
ichi,SELL,2023-11-10 10:00:00,2023-11-10 11:45:00,0.05,sl,tenkan_momentum,0.01,1955.4,1955.35,1958.4341592761289,1955.35,True,1.65,2.04,22,1.517,0.698
ichi,SELL,2023-11-10 13:15:00,2023-11-10 13:40:00,3.05,sl,tenkan_momentum,0.01,1952.08,1949.03,1955.6375665764058,1949.03,True,4.47,0.47,6,1.779,0.818
ichi,SELL,2023-11-13 15:00:00,2023-11-13 15:10:00,0.05,sl,tenkan_momentum,0.01,1936.24,1936.19,1939.4713065606159,1936.19,True,2.04,0.48,3,1.616,0.738
ichi,BUY,2023-11-14 02:00:00,2023-11-14 03:20:00,0.82,sl,kijun_pullback,0.01,1946.63,1947.45,1944.2819827413055,1947.45,True,1.76,0.81,17,1.174,0.536
ichi,BUY,2023-11-14 11:30:00,2023-11-14 15:05:00,-2.51,sl,kijun_pullback,0.01,1947.24,1944.7256332648042,1944.7256332648042,1944.7256332648042,False,0.91,2.82,44,1.257,0.573
ichi,BUY,2023-11-15 12:00:00,2023-11-15 12:25:00,1.41,sl,tenkan_momentum,0.01,1971.69,1973.1,1968.6658880604118,1973.1,True,2.62,0.44,6,1.512,0.693
ichi,BUY,2023-11-15 14:30:00,2023-11-15 15:30:00,-3.13,sl,kijun_pullback,0.01,1971.73,1968.603831783144,1968.603831783144,1968.603831783144,False,3.61,4.38,13,1.563,0.714
ichi,BUY,2023-11-16 13:15:00,2023-11-16 14:10:00,-2.59,sl,kijun_pullback,0.01,1966.18,1963.5900758440957,1963.5900758440957,1963.5900758440957,False,0.21,2.8,12,1.295,0.596
ichi,BUY,2023-11-16 15:45:00,2023-11-16 16:20:00,1.58,gap,kijun_pullback,0.01,1970.73,1972.31,1966.956083757938,1973.28,True,4.06,0.29,8,1.887,0.873
ichi,BUY,2023-11-17 03:00:00,2023-11-17 06:15:00,0.82,sl,kijun_pullback,0.01,1985.02,1985.84,1982.0982822743315,1985.84,True,1.99,2.35,40,1.461,0.674
ichi,BUY,2023-11-17 09:45:00,2023-11-17 10:00:00,0.87,sl,kijun_pullback,0.01,1985.6000000000001,1986.47,1982.7914901702143,1986.47,True,2.02,0.63,4,1.404,0.646
ichi,BUY,2023-11-17 13:30:00,2023-11-17 15:40:00,-3.85,sl,tenkan_momentum,0.01,1991.15,1987.2954674919947,1987.2954674919947,1987.2954674919947,False,0.45,6.71,27,1.927,0.885
ichi,BUY,2023-11-20 05:30:00,2023-11-20 09:30:00,-3.98,sl,tenkan_momentum,0.01,1982.71,1978.7275162070164,1978.7275162070164,1978.7275162070164,False,0.7,4.17,49,1.991,0.923
ichi,BUY,2023-11-21 10:00:00,2023-11-21 10:10:00,0.05,sl,kijun_pullback,0.01,1992.53,1992.58,1989.0257522178063,1992.58,True,1.77,0.5,3,1.752,0.82
ichi,BUY,2023-11-22 08:15:00,2023-11-22 09:30:00,2.19,sl,tenkan_momentum,0.01,2000.01,2002.2,1997.0370174796583,2002.2,True,3.38,1.39,16,1.486,0.695
ichi,BUY,2023-11-22 11:45:00,2023-11-22 15:30:00,-4.01,sl,kijun_pullback,0.01,2003.21,1999.1991539259723,1999.1991539259723,1999.1991539259723,False,0.37,4.88,46,2.005,0.933
ichi,BUY,2023-11-23 09:30:00,2023-11-23 10:20:00,-3.1,sl,kijun_pullback,0.01,1997.45,1994.3548073609966,1994.3548073609966,1994.3548073609966,False,1.07,3.43,11,1.548,0.727
ichi,SELL,2023-11-23 19:30:00,2023-11-24 01:10:00,-2.54,sl,tenkan_momentum,0.01,1991.59,1994.1271728662755,1994.1271728662755,1994.1271728662755,False,0.03,2.65,27,1.269,0.6
ichi,BUY,2023-11-24 10:45:00,2023-11-24 12:25:00,1.27,gap,tenkan_momentum,0.01,1993.94,1995.21,1991.4149781727506,1995.28,True,2.35,0.94,21,1.263,0.601
ichi,BUY,2023-11-24 13:30:00,2023-11-24 14:20:00,0.05,sl,tenkan_momentum,0.01,1995.54,1995.59,1993.0613505072795,1995.59,True,1.55,0.77,11,1.239,0.588
ichi,BUY,2023-11-24 15:30:00,2023-11-24 15:45:00,2.38,sl,kijun_pullback,0.01,1998.14,2000.52,1994.6537938358022,2000.52,True,3.8,1.84,4,1.743,0.827
ichi,BUY,2023-11-24 17:45:00,2023-11-24 19:40:00,1.11,sl,kijun_pullback,0.01,1999.47,2000.58,1995.2540236296477,2000.58,True,2.89,2.36,24,2.108,0.995
ichi,BUY,2023-11-27 03:30:00,2023-11-27 03:45:00,-5.67,sl,kijun_pullback,0.01,2017.22,2011.5476962827252,2011.5476962827252,2011.5476962827252,False,0.0,6.05,4,2.836,1.335
ichi,BUY,2023-11-27 05:45:00,2023-11-27 07:25:00,0.05,sl,kijun_pullback,0.01,2011.04,2011.09,2005.7615334849731,2011.09,True,2.68,2.62,21,2.639,1.259
ichi,BUY,2023-11-27 08:15:00,2023-11-27 11:55:00,1.84,sl,kijun_pullback,0.01,2011.77,2013.61,2007.0911576675446,2013.61,True,3.71,3.08,45,2.339,1.116
ichi,BUY,2023-11-27 12:30:00,2023-11-27 15:35:00,1.1,sl,kijun_pullback,0.01,2013.76,2014.86,2009.9478428326418,2014.86,True,2.62,2.25,38,1.906,0.905
ichi,BUY,2023-11-27 15:40:00,2023-11-27 17:05:00,-4.19,sl,kijun_pullback,0.01,2013.71,2009.5209688000546,2009.5209688000546,2009.5209688000546,False,1.23,4.96,18,2.095,0.992
ichi,BUY,2023-11-28 03:45:00,2023-11-28 09:45:00,-3.45,sl,kijun_pullback,0.01,2016.8500000000001,2013.396249528356,2013.396249528356,2013.396249528356,False,0.8,4.17,73,1.727,0.826
ichi,BUY,2023-11-28 15:45:00,2023-11-28 16:05:00,0.84,gap,kijun_pullback,0.01,2020.2,2021.04,2016.1579108743967,2021.58,True,3.0,2.17,5,2.021,0.975
ichi,BUY,2023-11-29 02:30:00,2023-11-29 02:50:00,3.41,sl,tenkan_momentum,0.01,2044.54,2047.95,2040.8939608654505,2047.95,True,4.87,0.67,5,1.823,0.878
ichi,BUY,2023-11-29 07:15:00,2023-11-29 08:05:00,-3.75,sl,kijun_pullback,0.01,2047.47,2043.718982676481,2043.718982676481,2043.718982676481,False,0.0,4.37,11,1.876,0.896
ichi,BUY,2023-11-29 16:45:00,2023-11-29 17:05:00,1.72,sl,kijun_pullback,0.01,2043.24,2044.96,2038.429210871093,2044.96,True,3.64,1.36,5,2.405,1.159
ichi,BUY,2023-11-29 19:30:00,2023-11-29 21:20:00,2.82,sl,kijun_pullback,0.01,2044.66,2047.48,2039.6514495073357,2047.48,True,4.87,0.45,23,2.504,1.202
ichi,BUY,2023-11-30 01:15:00,2023-11-30 05:05:00,0.05,sl,kijun_pullback,0.01,2045.3700000000001,2045.42,2042.337128316622,2045.42,True,1.88,2.8,47,1.516,0.723
ichi,SELL,2023-11-30 16:45:00,2023-11-30 18:50:00,-6.29,sl,tenkan_momentum,0.01,2034.13,2040.4153604939002,2040.4153604939002,2040.4153604939002,False,1.51,6.45,26,3.143,1.498
ichi,BUY,2023-12-01 06:45:00,2023-12-01 08:25:00,1.07,sl,kijun_pullback,0.01,2040.7,2041.77,2037.9292459964095,2041.77,True,2.18,1.05,21,1.385,0.67
ichi,BUY,2023-12-01 10:45:00,2023-12-01 11:05:00,3.44,sl,tenkan_momentum,0.01,2042.0,2045.44,2038.6585862981826,2045.44,True,4.78,0.27,5,1.671,0.806
ichi,BUY,2023-12-01 17:15:00,2023-12-01 17:25:00,4.81,gap,tenkan_momentum,0.01,2045.78,2050.59,2039.2253279832203,2050.6,True,7.44,2.14,3,3.277,1.568
ichi,SELL,2023-12-05 07:00:00,2023-12-05 10:15:00,-5.15,sl,tenkan_momentum,0.01,2032.25,2037.4033459983757,2037.4033459983757,2037.4033459983757,False,1.13,5.89,40,2.577,1.219
ichi,SELL,2023-12-05 16:15:00,2023-12-05 16:35:00,0.05,sl,tenkan_momentum,0.01,2025.7,2025.65,2032.0716245790927,2025.65,True,3.31,1.57,5,3.186,1.526
ichi,SELL,2023-12-07 04:00:00,2023-12-07 04:35:00,-3.81,sl,tenkan_momentum,0.01,2026.13,2029.9375728771765,2029.9375728771765,2029.9375728771765,False,0.0,4.05,8,1.904,0.912
ichi,BUY,2023-12-07 10:15:00,2023-12-07 10:50:00,2.12,sl,tenkan_momentum,0.01,2031.1000000000001,2033.22,2027.464860060377,2033.22,True,3.76,0.7,8,1.818,0.878
ichi,BUY,2023-12-07 13:45:00,2023-12-07 15:40:00,1.7,gap,tenkan_momentum,0.01,2032.8400000000001,2034.54,2029.058160913302,2034.97,True,6.77,2.93,24,1.891,0.909
ichi,BUY,2023-12-08 03:45:00,2023-12-08 05:30:00,1.1,sl,kijun_pullback,0.01,2031.26,2032.36,2027.2074002710192,2032.36,True,2.72,1.12,22,2.026,0.97
ichi,SELL,2023-12-08 11:15:00,2023-12-08 12:05:00,-3.71,sl,tenkan_momentum,0.01,2027.05,2030.7600268231372,2030.7600268231372,2030.7600268231372,False,0.0,5.53,11,1.855,0.886
ichi,SELL,2023-12-08 16:00:00,2023-12-08 16:15:00,10.38,tp,tenkan_momentum,0.01,2018.57,2008.1898793878722,2025.490080408085,2012.55,True,10.87,0.95,4,3.46,1.667
ichi,SELL,2023-12-08 17:45:00,2023-12-08 19:00:00,12.54,tp,tenkan_momentum,0.01,2011.26,1998.7194481813056,2019.6203678791296,2004.72,True,12.9,0.21,16,4.18,1.965
ichi,SELL,2023-12-11 09:45:00,2023-12-11 10:00:00,4.73,sl,tenkan_momentum,0.01,1998.01,1993.28,2002.324938843139,1993.28,True,6.46,0.39,4,2.157,0.985
ichi,SELL,2023-12-11 15:15:00,2023-12-11 15:55:00,0.05,sl,tenkan_momentum,0.01,1993.09,1993.04,1997.4958340682674,1993.04,True,2.75,2.84,9,2.203,0.995
ichi,SELL,2023-12-13 04:15:00,2023-12-13 08:20:00,4.05,tp,tenkan_momentum,0.01,1978.35,1974.302956806202,1981.048028795865,1977.21,True,4.4,1.97,50,1.349,0.609
ichi,BUY,2023-12-14 07:45:00,2023-12-14 08:25:00,1.87,sl,kijun_pullback,0.01,2033.29,2035.16,2027.9034988777762,2035.16,True,4.02,0.42,9,2.693,1.206
ichi,BUY,2023-12-14 16:45:00,2023-12-14 17:30:00,-7.78,sl,kijun_pullback,0.01,2048.0,2040.2236183807097,2040.2236183807097,2040.2236183807097,False,0.0,10.41,10,3.888,1.733
ichi,BUY,2023-12-15 11:00:00,2023-12-15 11:15:00,2.29,sl,kijun_pullback,0.01,2040.28,2042.57,2036.305836831823,2042.57,True,3.88,0.23,4,1.987,0.901
ichi,SELL,2023-12-19 05:30:00,2023-12-19 06:45:00,0.05,sl,tenkan_momentum,0.01,2023.88,2023.83,2027.2156129935383,2023.83,True,2.06,0.85,16,1.668,0.753
ichi,BUY,2023-12-19 13:15:00,2023-12-19 14:25:00,1.5,sl,kijun_pullback,0.01,2026.76,2028.26,2023.59132991526,2028.26,True,2.88,0.72,15,1.584,0.715
ichi,BUY,2023-12-19 14:45:00,2023-12-19 15:20:00,2.69,sl,kijun_pullback,0.01,2028.5,2031.19,2024.7787055400156,2031.19,True,4.18,1.55,8,1.861,0.837
ichi,BUY,2023-12-19 16:15:00,2023-12-19 16:40:00,2.81,sl,tenkan_momentum,0.01,2031.57,2034.38,2027.578812775302,2034.38,True,5.99,1.91,6,1.996,0.892
ichi,BUY,2023-12-20 11:15:00,2023-12-20 11:45:00,-3.01,sl,kijun_pullback,0.01,2042.73,2039.7232362946918,2039.7232362946918,2039.7232362946918,False,0.0,3.23,7,1.503,0.668
ichi,BUY,2023-12-21 08:00:00,2023-12-21 12:40:00,-3.04,sl,kijun_pullback,0.01,2036.32,2033.2760414445336,2033.2760414445336,2033.2760414445336,False,1.05,3.39,57,1.522,0.681
ichi,BUY,2023-12-21 15:15:00,2023-12-21 15:30:00,-3.71,sl,kijun_pullback,0.01,2036.65,2032.9449985490469,2032.9449985490469,2032.9449985490469,False,4.14,4.64,4,1.853,0.834
ichi,BUY,2023-12-22 02:45:00,2023-12-22 12:30:00,5.08,sl,tenkan_momentum,0.01,2050.1,2055.18,2044.837462371119,2055.18,True,7.19,3.32,118,2.631,1.195
ichi,BUY,2023-12-22 15:45:00,2023-12-22 15:55:00,3.4,sl,kijun_pullback,0.01,2063.25,2066.65,2056.4740484010504,2066.65,True,6.11,1.1,3,3.388,1.521
ichi,BUY,2023-12-26 10:30:00,2023-12-26 11:00:00,-3.01,sl,kijun_pullback,0.01,2064.08,2061.0744137258007,2061.0744137258007,2061.0744137258007,False,0.0,3.47,7,1.503,0.669
ichi,BUY,2023-12-27 05:30:00,2023-12-27 10:30:00,0.05,sl,kijun_pullback,0.01,2066.47,2066.52,2063.427447996763,2066.52,True,1.96,2.52,61,1.521,0.682
ichi,BUY,2023-12-27 15:00:00,2023-12-27 15:25:00,0.05,sl,kijun_pullback,0.01,2067.7599999999998,2067.81,2063.857967938913,2067.81,True,1.99,1.49,6,1.951,0.875
ichi,BUY,2023-12-27 16:45:00,2023-12-27 17:15:00,2.78,sl,kijun_pullback,0.01,2068.89,2071.67,2064.334830024248,2071.67,True,5.91,0.2,7,2.278,1.021
ichi,BUY,2023-12-28 08:45:00,2023-12-28 10:10:00,-3.38,sl,kijun_pullback,0.01,2086.1499999999996,2082.7711159420537,2082.7711159420537,2082.7711159420537,False,1.49,4.53,18,1.689,0.753
ichi,BUY,2023-12-29 10:15:00,2023-12-29 10:55:00,-3.34,sl,kijun_pullback,0.01,2073.46,2070.1191984908705,2070.1191984908705,2070.1191984908705,False,0.04,4.77,9,1.67,0.75
ichi,SELL,2023-12-29 15:45:00,2023-12-29 16:00:00,4.33,sl,tenkan_momentum,0.01,2064.55,2060.22,2069.4269047375383,2060.22,True,6.28,0.55,4,2.438,1.103
ichi,BUY,2024-01-02 11:15:00,2024-01-02 11:55:00,2.5,sl,tenkan_momentum,0.01,2074.83,2077.33,2070.683139239831,2077.33,True,4.16,0.92,9,2.073,0.929
ichi,BUY,2024-01-02 12:45:00,2024-01-02 13:30:00,-4.42,sl,kijun_pullback,0.01,2075.9199999999996,2071.496319691023,2071.496319691023,2071.496319691023,False,0.74,5.46,10,2.212,0.985
ichi,SELL,2024-01-03 10:30:00,2024-01-03 11:35:00,1.66,sl,tenkan_momentum,0.01,2060.72,2059.06,2064.544799399774,2059.06,True,3.19,1.29,14,1.912,0.86
ichi,SELL,2024-01-04 15:30:00,2024-01-04 15:45:00,3.6,sl,tenkan_momentum,0.01,2044.48,2040.88,2049.482404621368,2040.88,True,5.6,0.46,4,2.501,1.121
ichi,SELL,2024-01-05 08:30:00,2024-01-05 08:45:00,0.05,sl,tenkan_momentum,0.01,2042.56,2042.51,2045.5215471282977,2042.51,True,1.62,0.29,4,1.481,0.658
ichi,SELL,2024-01-05 15:30:00,2024-01-05 15:30:00,8.44,tp,tenkan_momentum,0.01,2039.39,2030.9500325106071,2045.0166449929288,2045.0166449929288,False,14.85,0.2,1,2.813,1.251
ichi,SELL,2024-01-08 05:45:00,2024-01-08 07:30:00,6.81,tp,tenkan_momentum,0.01,2037.38,2030.5704167525785,2041.9197221649479,2037.33,True,6.99,1.05,22,2.27,0.991
ichi,SELL,2024-01-08 13:30:00,2024-01-08 14:50:00,0.05,sl,tenkan_momentum,0.01,2022.6,2022.55,2028.3640378105554,2022.55,True,3.61,0.92,17,2.882,1.239
ichi,SELL,2024-01-08 15:15:00,2024-01-08 16:55:00,-6.1,sl,tenkan_momentum,0.01,2020.88,2026.9797108304483,2026.9797108304483,2026.9797108304483,False,2.37,6.61,21,3.05,1.311
ichi,BUY,2024-01-09 15:45:00,2024-01-09 16:15:00,0.05,sl,kijun_pullback,0.01,2036.97,2037.02,2031.1661238116305,2037.02,True,3.29,0.74,7,2.902,1.264
ichi,SELL,2024-01-10 07:45:00,2024-01-10 08:15:00,2.15,sl,tenkan_momentum,0.01,2028.0,2025.85,2031.5625058494227,2025.85,True,3.58,0.38,7,1.781,0.776
ichi,SELL,2024-01-10 15:45:00,2024-01-10 16:50:00,2.35,sl,tenkan_momentum,0.01,2030.77,2028.42,2035.162950941903,2028.42,True,4.11,2.93,14,2.196,0.952
ichi,SELL,2024-01-10 18:00:00,2024-01-10 18:55:00,0.05,sl,tenkan_momentum,0.01,2027.83,2027.78,2033.2630543752011,2027.78,True,2.99,0.97,12,2.717,1.172
ichi,BUY,2024-01-11 10:15:00,2024-01-11 14:10:00,0.05,sl,kijun_pullback,0.01,2033.01,2033.06,2029.509863584292,2033.06,True,2.08,2.95,48,1.75,0.755
ichi,BUY,2024-01-11 15:15:00,2024-01-11 15:25:00,4.01,sl,tenkan_momentum,0.01,2034.05,2038.06,2029.9292360713168,2038.06,True,5.66,0.62,3,2.06,0.889
ichi,BUY,2024-01-12 08:00:00,2024-01-12 09:35:00,1.85,gap,tenkan_momentum,0.01,2036.18,2038.03,2032.6159613215427,2038.04,True,3.29,2.14,20,1.782,0.762
ichi,BUY,2024-01-12 10:00:00,2024-01-12 10:40:00,0.05,sl,kijun_pullback,0.01,2037.74,2037.79,2033.6409321980295,2037.79,True,2.15,0.32,9,2.05,0.873
ichi,BUY,2024-01-12 18:00:00,2024-01-12 19:05:00,-7.78,sl,kijun_pullback,0.01,2053.91,2046.126232625409,2046.126232625409,2046.126232625409,False,1.7,7.93,14,3.892,1.658
ichi,BUY,2024-01-15 04:30:00,2024-01-15 06:00:00,1.43,sl,kijun_pullback,0.01,2054.81,2056.24,2050.7400677042633,2056.24,True,3.28,0.95,19,2.035,0.881
ichi,BUY,2024-01-15 10:15:00,2024-01-15 11:50:00,-3.7,sl,kijun_pullback,0.01,2056.89,2053.191284968898,2053.191284968898,2053.191284968898,False,1.77,4.07,20,1.849,0.798
ichi,BUY,2024-01-16 01:45:00,2024-01-16 02:25:00,-2.74,sl,tenkan_momentum,0.01,2055.1699999999996,2052.4254626664538,2052.4254626664538,2052.4254626664538,False,0.0,3.07,9,1.372,0.597
ichi,SELL,2024-01-16 16:00:00,2024-01-16 18:15:00,1.74,gap,tenkan_momentum,0.01,2037.63,2035.89,2045.1532786215926,2035.59,True,5.05,5.26,28,3.762,1.647
ichi,SELL,2024-01-16 18:20:00,2024-01-16 19:15:00,8.63,sl,tenkan_momentum,0.01,2037.24,2028.61,2045.1137736415321,2028.61,True,11.78,3.41,12,3.937,1.717
ichi,BUY,2024-01-19 10:45:00,2024-01-19 11:10:00,1.9,sl,tenkan_momentum,0.01,2027.65,2029.55,2024.1578405217726,2029.55,True,3.3,0.26,6,1.746,0.748
ichi,SELL,2024-01-22 10:45:00,2024-01-22 14:05:00,-4.91,sl,tenkan_momentum,0.01,2022.62,2027.5256525070752,2027.5256525070752,2027.5256525070752,False,2.08,5.0,41,2.453,1.046
ichi,BUY,2024-01-24 03:30:00,2024-01-24 04:15:00,-3.22,sl,kijun_pullback,0.01,2028.15,2024.9307491517757,2024.9307491517757,2024.9307491517757,False,0.74,3.28,10,1.61,0.694
ichi,BUY,2024-01-24 09:45:00,2024-01-24 11:20:00,0.05,sl,kijun_pullback,0.01,2031.52,2031.57,2027.6260021830278,2031.57,True,1.98,3.46,20,1.947,0.845
ichi,BUY,2024-01-24 15:15:00,2024-01-24 15:35:00,0.05,sl,tenkan_momentum,0.01,2034.23,2034.28,2029.7035330406973,2034.28,True,2.55,2.92,5,2.263,0.982
ichi,BUY,2024-01-26 14:00:00,2024-01-26 14:35:00,-3.25,sl,tenkan_momentum,0.01,2023.47,2020.2227845240159,2020.2227845240159,2020.2227845240159,False,1.03,3.45,8,1.624,0.704
ichi,BUY,2024-01-26 16:00:00,2024-01-26 16:30:00,-4.96,sl,kijun_pullback,0.01,2024.75,2019.7854061001337,2019.7854061001337,2019.7854061001337,False,1.43,5.53,7,2.482,1.085
ichi,BUY,2024-01-29 03:15:00,2024-01-29 07:10:00,0.05,sl,tenkan_momentum,0.01,2024.98,2025.03,2020.1691247819608,2025.03,True,2.65,3.57,48,2.405,1.062
ichi,BUY,2024-01-29 14:30:00,2024-01-29 15:35:00,1.25,sl,kijun_pullback,0.01,2030.29,2031.54,2026.8478764910667,2031.54,True,3.12,2.68,14,1.721,0.76
ichi,BUY,2024-01-30 01:30:00,2024-01-30 03:05:00,1.21,sl,kijun_pullback,0.01,2031.1200000000001,2032.33,2026.8900890314744,2032.33,True,3.01,0.88,20,2.115,0.931
ichi,BUY,2024-01-30 05:00:00,2024-01-30 08:35:00,2.5,sl,kijun_pullback,0.01,2032.13,2034.63,2028.8673734183205,2034.63,True,3.81,1.08,44,1.631,0.717
ichi,BUY,2024-01-30 09:45:00,2024-01-30 13:15:00,-3.48,sl,tenkan_momentum,0.01,2038.3400000000001,2034.8599482198108,2034.8599482198108,2034.8599482198108,False,1.19,4.7,43,1.74,0.76
ichi,BUY,2024-01-30 16:15:00,2024-01-30 16:30:00,3.65,sl,kijun_pullback,0.01,2042.89,2046.54,2037.6366743592573,2046.54,True,5.75,0.39,4,2.627,1.156
ichi,BUY,2024-01-31 09:15:00,2024-01-31 09:35:00,0.76,sl,tenkan_momentum,0.01,2036.78,2037.54,2034.2969827361776,2037.54,True,1.75,0.36,5,1.242,0.542
ichi,BUY,2024-01-31 14:15:00,2024-01-31 14:55:00,0.05,sl,kijun_pullback,0.01,2038.2,2038.25,2035.2848355384958,2038.25,True,1.48,0.5,9,1.458,0.635
ichi,BUY,2024-01-31 15:45:00,2024-01-31 16:00:00,0.05,sl,kijun_pullback,0.01,2041.0900000000001,2041.14,2037.1519093076563,2041.14,True,2.2,1.07,4,1.969,0.858
ichi,BUY,2024-01-31 18:30:00,2024-01-31 21:00:00,-6.29,sl,tenkan_momentum,0.01,2050.87,2044.5833770001796,2044.5833770001796,2044.5833770001796,False,0.67,11.39,31,3.143,1.37
ichi,BUY,2024-02-01 17:15:00,2024-02-01 18:15:00,8.2,sl,kijun_pullback,0.01,2048.72,2056.92,2041.0116687964814,2056.92,True,11.76,2.53,13,3.854,1.703
ichi,BUY,2024-02-02 10:15:00,2024-02-02 10:55:00,-3.24,sl,tenkan_momentum,0.01,2056.83,2053.5889685863835,2053.5889685863835,2053.5889685863835,False,0.0,3.3,9,1.621,0.703
ichi,BUY,2024-02-02 15:15:00,2024-02-02 15:25:00,-3.89,sl,tenkan_momentum,0.01,2056.48,2052.5914509241284,2052.5914509241284,2052.5914509241284,False,1.25,5.01,3,1.944,0.85
ichi,SELL,2024-02-05 09:15:00,2024-02-05 10:30:00,6.69,tp,tenkan_momentum,0.01,2028.89,2022.202120917164,2033.3485860552241,2025.03,True,7.28,1.08,16,2.229,0.983
ichi,SELL,2024-02-05 14:45:00,2024-02-05 15:25:00,5.83,tp,tenkan_momentum,0.01,2023.04,2017.2131214998128,2026.9245856667915,2019.54,True,6.39,1.16,9,1.942,0.844
ichi,SELL,2024-02-05 17:45:00,2024-02-05 19:00:00,-6.11,sl,tenkan_momentum,0.01,2017.2,2023.3065792424898,2023.3065792424898,2023.3065792424898,False,1.62,6.58,16,3.053,1.31
ichi,SELL,2024-02-06 12:00:00,2024-02-06 13:30:00,-3.47,sl,tenkan_momentum,0.01,2023.55,2027.0239981559102,2027.0239981559102,2027.0239981559102,False,0.51,3.53,19,1.737,0.755
ichi,BUY,2024-02-06 17:15:00,2024-02-06 17:55:00,1.45,sl,kijun_pullback,0.01,2034.3700000000001,2035.82,2028.790306410511,2035.82,True,3.8,1.52,9,2.79,1.222
ichi,BUY,2024-02-07 01:15:00,2024-02-07 08:20:00,-2.96,sl,kijun_pullback,0.01,2035.93,2032.9739003585014,2032.9739003585014,2032.9739003585014,False,0.23,3.13,86,1.478,0.645
ichi,BUY,2024-02-07 13:30:00,2024-02-07 14:10:00,-2.66,sl,tenkan_momentum,0.01,2035.04,2032.3820171190168,2032.3820171190168,2032.3820171190168,False,0.81,2.88,9,1.329,0.584
ichi,BUY,2024-02-07 16:30:00,2024-02-07 16:45:00,7.23,tp,kijun_pullback,0.01,2034.81,2042.0434368304568,2029.9877087796954,2039.93,True,9.83,2.15,4,2.411,1.066
ichi,BUY,2024-02-07 18:15:00,2024-02-07 19:10:00,-5.73,sl,tenkan_momentum,0.01,2041.18,2035.4467400186581,2035.4467400186581,2035.4467400186581,False,0.0,6.15,12,2.867,1.247
ichi,BUY,2024-02-08 04:15:00,2024-02-08 04:55:00,-2.75,sl,tenkan_momentum,0.01,2038.6200000000001,2035.8742821835378,2035.8742821835378,2035.8742821835378,False,0.0,2.93,9,1.373,0.605
ichi,SELL,2024-02-08 09:45:00,2024-02-08 10:45:00,2.5,sl,tenkan_momentum,0.01,2032.61,2030.11,2035.3751736002168,2030.11,True,3.61,1.04,13,1.383,0.613
ichi,SELL,2024-02-09 12:00:00,2024-02-09 15:00:00,4.06,tp,tenkan_momentum,0.01,2031.62,2027.5579985741936,2034.3280009505374,2029.72,True,4.87,2.19,37,1.354,0.597
ichi,SELL,2024-02-12 09:15:00,2024-02-12 09:50:00,-4.46,sl,tenkan_momentum,0.02,2023.42,2025.651839089014,2025.651839089014,2025.651839089014,False,0.52,4.9,8,1.116,0.975
ichi,SELL,2024-02-14 10:15:00,2024-02-14 10:35:00,0.68,gap,tenkan_momentum,0.01,1988.25,1987.57,1991.3443588127145,1987.36,True,2.13,0.85,5,1.547,0.683
ichi,BUY,2024-02-16 09:30:00,2024-02-16 09:55:00,0.1,sl,kijun_pullback,0.02,2005.1000000000001,2005.15,2002.8844616377123,2005.15,True,2.84,1.24,6,1.108,0.976
ichi,BUY,2024-02-16 11:30:00,2024-02-16 13:00:00,0.05,sl,tenkan_momentum,0.01,2006.19,2006.24,2003.7141308753735,2006.24,True,1.41,1.57,19,1.238,0.545
ichi,BUY,2024-02-16 15:30:00,2024-02-16 15:30:00,-3.9,sl,kijun_pullback,0.01,2006.53,2002.6287398163508,2002.6287398163508,2002.6287398163508,False,0.1,8.12,1,1.951,0.859
ichi,BUY,2024-02-19 01:15:00,2024-02-19 02:35:00,2.38,sl,kijun_pullback,0.01,2014.46,2016.84,2010.1017596367317,2016.84,True,4.12,3.08,17,2.179,0.968
ichi,BUY,2024-02-19 04:00:00,2024-02-19 05:45:00,0.05,sl,tenkan_momentum,0.01,2020.06,2020.11,2015.2800328127066,2020.11,True,2.86,1.64,22,2.39,1.056
ichi,BUY,2024-02-19 09:45:00,2024-02-19 14:30:00,-3.15,sl,kijun_pullback,0.01,2020.96,2017.8118131781525,2017.8118131781525,2017.8118131781525,False,0.32,3.6,58,1.574,0.696
ichi,BUY,2024-02-20 04:15:00,2024-02-20 07:30:00,0.05,sl,kijun_pullback,0.01,2018.0800000000002,2018.13,2015.3281557506684,2018.13,True,1.68,1.15,40,1.376,0.612
ichi,BUY,2024-02-20 10:30:00,2024-02-20 11:45:00,1.56,sl,tenkan_momentum,0.01,2022.57,2024.13,2019.8416349665933,2024.13,True,2.65,1.71,16,1.364,0.607
ichi,BUY,2024-02-20 17:00:00,2024-02-20 22:00:00,-4.12,sl,kijun_pullback,0.01,2028.21,2024.0917475769284,2024.0917475769284,2024.0917475769284,False,1.89,4.44,61,2.059,0.913
ichi,BUY,2024-02-21 15:15:00,2024-02-21 15:25:00,-3.25,sl,tenkan_momentum,0.01,2031.02,2027.7700489468775,2027.7700489468775,2027.7700489468775,False,0.6,3.48,3,1.625,0.727
ichi,BUY,2024-02-21 17:15:00,2024-02-21 17:50:00,-3.93,sl,tenkan_momentum,0.01,2029.67,2025.742262051916,2025.742262051916,2025.742262051916,False,0.57,3.95,8,1.964,0.885
ichi,BUY,2024-02-22 09:15:00,2024-02-22 10:05:00,4.01,tp,tenkan_momentum,0.01,2030.1100000000001,2034.1172254554508,2027.438516363033,2030.93,True,4.75,0.54,11,1.336,0.607
ichi,BUY,2024-02-22 11:00:00,2024-02-22 11:25:00,-3.36,sl,tenkan_momentum,0.01,2033.3,2029.9356645094592,2029.9356645094592,2029.9356645094592,False,0.0,4.06,6,1.682,0.758
ichi,SELL,2024-02-22 17:15:00,2024-02-22 19:20:00,0.05,sl,tenkan_momentum,0.01,2022.98,2022.93,2028.0950436400508,2022.93,True,3.16,1.73,26,2.558,1.161
ichi,BUY,2024-02-23 04:45:00,2024-02-23 07:40:00,-2.92,sl,kijun_pullback,0.01,2025.81,2022.8872858736518,2022.8872858736518,2022.8872858736518,False,0.71,3.59,36,1.461,0.664
ichi,BUY,2024-02-26 12:15:00,2024-02-26 12:50:00,-3.34,sl,kijun_pullback,0.01,2035.53,2032.1946715281601,2032.1946715281601,2032.1946715281601,False,0.0,3.85,8,1.668,0.762
ichi,SELL,2024-02-26 18:15:00,2024-02-26 22:10:00,-4.55,sl,tenkan_momentum,0.01,2027.46,2032.006587975959,2032.006587975959,2032.006587975959,False,0.88,4.88,48,2.273,1.047
ichi,BUY,2024-02-27 06:00:00,2024-02-27 08:40:00,0.05,sl,kijun_pullback,0.01,2033.5900000000001,2033.64,2031.3464145072267,2033.64,True,1.43,0.96,33,1.122,0.522
ichi,BUY,2024-02-27 09:00:00,2024-02-27 09:30:00,2.26,gap,kijun_pullback,0.02,2033.63,2034.76,2031.5518542959658,2035.04,True,4.48,0.94,7,1.039,0.967
ichi,BUY,2024-02-27 13:45:00,2024-02-27 15:45:00,-2.93,sl,tenkan_momentum,0.01,2038.0900000000001,2035.163414124228,2035.163414124228,2035.163414124228,False,1.11,2.98,25,1.463,0.677
ichi,SELL,2024-02-28 09:00:00,2024-02-28 10:05:00,0.63,sl,tenkan_momentum,0.01,2029.32,2028.69,2031.599206420119,2028.69,True,1.54,0.3,14,1.14,0.531
ichi,BUY,2024-02-28 19:45:00,2024-02-29 05:30:00,2.07,sl,kijun_pullback,0.01,2033.3600000000001,2035.43,2029.5931205328138,2035.43,True,3.76,2.65,106,1.883,0.877
ichi,BUY,2024-02-29 05:45:00,2024-02-29 09:10:00,0.89,sl,kijun_pullback,0.01,2035.77,2036.66,2033.4482587939056,2036.66,True,1.82,1.53,42,1.161,0.538
ichi,BUY,2024-02-29 09:30:00,2024-02-29 09:50:00,0.24,gap,kijun_pullback,0.02,2036.55,2036.67,2034.424850518913,2037.09,True,2.78,0.58,5,1.063,0.982
ichi,BUY,2024-02-29 11:00:00,2024-02-29 11:35:00,-2.51,sl,tenkan_momentum,0.01,2037.49,2034.9833132238618,2034.9833132238618,2034.9833132238618,False,0.0,2.75,8,1.253,0.579
ichi,BUY,2024-03-01 08:15:00,2024-03-01 08:30:00,0.66,sl,tenkan_momentum,0.01,2046.6100000000001,2047.27,2044.3473052588388,2047.27,True,1.57,0.36,4,1.131,0.526
ichi,BUY,2024-03-01 09:45:00,2024-03-01 10:00:00,-2.68,sl,kijun_pullback,0.01,2047.0800000000002,2044.3968078988016,2044.3968078988016,2044.3968078988016,False,0.22,2.91,4,1.342,0.623
ichi,BUY,2024-03-04 10:30:00,2024-03-04 13:55:00,-3.3,sl,kijun_pullback,0.01,2085.4399999999996,2082.141699698079,2082.141699698079,2082.141699698079,False,0.75,3.64,42,1.649,0.77
ichi,BUY,2024-03-04 16:00:00,2024-03-04 16:35:00,4.34,gap,kijun_pullback,0.01,2091.77,2096.11,2087.094256112021,2096.45,True,6.55,1.37,8,2.338,1.1
ichi,BUY,2024-03-05 07:45:00,2024-03-05 09:15:00,-3.68,sl,tenkan_momentum,0.01,2118.0,2114.3196255690946,2114.3196255690946,2114.3196255690946,False,1.77,4.12,19,1.84,0.857
ichi,BUY,2024-03-05 10:15:00,2024-03-05 10:35:00,2.5,gap,kijun_pullback,0.01,2118.93,2121.43,2114.426484862772,2121.67,True,4.54,0.78,5,2.252,1.058
ichi,BUY,2024-03-05 15:00:00,2024-03-05 15:15:00,1.49,sl,tenkan_momentum,0.01,2124.68,2126.17,2119.4602073835204,2126.17,True,3.58,0.54,4,2.61,1.219
ichi,BUY,2024-03-05 16:30:00,2024-03-05 17:05:00,-2.22,gap,tenkan_momentum,0.01,2132.0099999999998,2129.79,2123.1125131164313,2136.07,True,7.62,7.09,8,4.449,2.071
ichi,BUY,2024-03-06 09:15:00,2024-03-06 09:45:00,0.05,sl,kijun_pullback,0.01,2129.68,2129.73,2126.5809126822082,2129.73,True,1.88,0.9,7,1.55,0.725
ichi,BUY,2024-03-06 12:00:00,2024-03-06 12:45:00,-4.21,sl,tenkan_momentum,0.01,2128.91,2124.704038424253,2124.704038424253,2124.704038424253,False,0.0,4.32,10,2.103,0.984
ichi,BUY,2024-03-06 13:45:00,2024-03-06 15:10:00,2.54,sl,kijun_pullback,0.01,2130.7999999999997,2133.34,2126.4053841639006,2133.34,True,4.42,0.47,18,2.197,1.038
ichi,BUY,2024-03-06 15:45:00,2024-03-06 16:00:00,2.37,sl,kijun_pullback,0.01,2135.06,2137.43,2129.361070678993,2137.43,True,4.92,1.24,4,2.849,1.338
ichi,BUY,2024-03-06 17:15:00,2024-03-06 18:30:00,3.26,sl,kijun_pullback,0.01,2141.48,2144.74,2133.1810912761425,2144.74,True,6.58,3.4,16,4.149,1.938
ichi,BUY,2024-03-07 02:00:00,2024-03-07 04:45:00,2.24,sl,kijun_pullback,0.01,2147.58,2149.82,2141.8764777525753,2149.82,True,4.52,3.38,34,2.852,1.322
ichi,BUY,2024-03-07 06:15:00,2024-03-07 06:35:00,3.05,sl,kijun_pullback,0.01,2155.7599999999998,2158.81,2149.7797662863345,2158.81,True,5.44,0.64,5,2.99,1.379
ichi,BUY,2024-03-07 10:00:00,2024-03-07 10:40:00,1.38,gap,kijun_pullback,0.01,2156.2799999999997,2157.66,2150.8496107298215,2157.69,True,3.58,1.0,9,2.715,1.243
ichi,BUY,2024-03-07 11:30:00,2024-03-07 13:00:00,0.05,sl,kijun_pullback,0.01,2156.0099999999998,2156.06,2150.886924694589,2156.06,True,2.92,1.23,19,2.562,1.169
ichi,BUY,2024-03-07 13:05:00,2024-03-07 15:05:00,7.08,tp,kijun_pullback,0.01,2155.7799999999997,2162.8643988829785,2151.057067411347,2157.02,True,8.98,2.55,25,2.361,1.078
ichi,BUY,2024-03-07 15:10:00,2024-03-07 15:35:00,2.31,gap,kijun_pullback,0.01,2158.75,2161.06,2153.286660938976,2161.9,True,5.34,1.41,6,2.732,1.227
ichi,BUY,2024-03-08 03:00:00,2024-03-08 04:05:00,-4.13,sl,kijun_pullback,0.01,2161.0499999999997,2156.920441282592,2156.920441282592,2156.920441282592,False,0.76,4.67,14,2.065,0.923
ichi,BUY,2024-03-08 08:45:00,2024-03-08 10:30:00,3.34,sl,tenkan_momentum,0.01,2161.49,2164.83,2157.970368391145,2164.83,True,7.2,2.49,22,1.76,0.794
ichi,BUY,2024-03-08 15:45:00,2024-03-08 15:55:00,-9.51,sl,kijun_pullback,0.01,2180.91,2171.3979735229736,2171.3979735229736,2171.3979735229736,False,0.65,10.44,3,4.756,2.129
ichi,BUY,2024-03-11 16:00:00,2024-03-11 16:00:00,-6.49,sl,kijun_pullback,0.01,2182.0499999999997,2175.556099355433,2175.556099355433,2175.556099355433,False,0.58,6.56,1,3.247,1.485
ichi,BUY,2024-03-12 00:15:00,2024-03-12 05:05:00,-4.15,sl,kijun_pullback,0.01,2182.7,2178.5495041226754,2178.5495041226754,2178.5495041226754,False,2.06,5.26,59,2.075,0.963
ichi,BUY,2024-03-13 16:30:00,2024-03-13 17:30:00,5.22,sl,tenkan_momentum,0.01,2167.08,2172.3,2161.5878086041744,2172.3,True,7.42,0.99,13,2.746,1.287
ichi,BUY,2024-03-14 00:15:00,2024-03-14 03:10:00,1.04,sl,kijun_pullback,0.01,2174.3599999999997,2175.4,2170.4340287855184,2175.4,True,2.61,0.42,36,1.963,0.909
ichi,SELL,2024-03-14 14:15:00,2024-03-14 14:30:00,5.05,tp,tenkan_momentum,0.01,2167.66,2162.6110869607246,2171.025942026183,2171.025942026183,False,5.74,1.06,4,1.683,0.777
ichi,SELL,2024-03-14 16:15:00,2024-03-14 17:20:00,0.05,sl,tenkan_momentum,0.01,2160.6,2160.55,2167.134114636464,2160.55,True,3.31,3.02,14,3.267,1.492
ichi,BUY,2024-03-15 09:45:00,2024-03-15 10:15:00,-3.32,sl,tenkan_momentum,0.01,2168.7799999999997,2165.460180140995,2165.460180140995,2165.460180140995,False,0.11,3.4,7,1.66,0.758
ichi,BUY,2024-03-15 12:00:00,2024-03-15 13:05:00,-4.12,sl,kijun_pullback,0.01,2172.0499999999997,2167.9335329580094,2167.9335329580094,2167.9335329580094,False,0.61,5.16,14,2.058,0.947
ichi,SELL,2024-03-15 15:15:00,2024-03-15 15:35:00,1.87,sl,tenkan_momentum,0.01,2160.86,2158.99,2166.5522686550466,2158.99,True,4.15,1.27,5,2.846,1.322
ichi,SELL,2024-03-15 17:30:00,2024-03-15 20:00:00,3.08,sl,tenkan_momentum,0.01,2161.0,2157.92,2167.3732383544216,2157.92,True,5.63,2.66,31,3.187,1.474
ichi,SELL,2024-03-18 03:15:00,2024-03-18 03:30:00,1.14,sl,tenkan_momentum,0.01,2153.14,2152.0,2157.034877079265,2152.0,True,2.81,0.36,4,1.947,0.894
ichi,SELL,2024-03-19 11:30:00,2024-03-19 13:45:00,-4.59,sl,tenkan_momentum,0.01,2151.88,2156.4737481904485,2156.4737481904485,2156.4737481904485,False,0.0,4.88,28,2.297,1.052
ichi,SELL,2024-03-20 12:00:00,2024-03-20 12:30:00,0.87,sl,tenkan_momentum,0.01,2154.74,2153.87,2157.675233586473,2153.87,True,2.18,0.41,7,1.468,0.679
ichi,SELL,2024-03-20 14:00:00,2024-03-20 14:45:00,2.77,sl,tenkan_momentum,0.01,2153.98,2151.21,2157.0585453410877,2151.21,True,4.17,1.46,10,1.539,0.711
ichi,SELL,2024-03-20 15:30:00,2024-03-20 15:45:00,-4.66,sl,tenkan_momentum,0.01,2151.18,2155.8379254710076,2155.8379254710076,2155.8379254710076,False,0.47,5.1,4,2.329,1.069
ichi,BUY,2024-03-21 04:45:00,2024-03-21 10:00:00,2.74,sl,kijun_pullback,0.01,2203.12,2205.86,2192.517480483061,2205.86,True,7.05,1.37,64,5.301,2.46
ichi,BUY,2024-03-21 15:00:00,2024-03-21 15:25:00,-6.5,sl,tenkan_momentum,0.01,2207.9399999999996,2201.4377030373757,2201.4377030373757,2201.4377030373757,False,0.16,7.62,6,3.251,1.499
ichi,BUY,2024-03-25 15:45:00,2024-03-25 21:05:00,-5.7,sl,kijun_pullback,0.01,2178.6699999999996,2172.9657787036626,2172.9657787036626,2172.9657787036626,False,1.85,6.66,65,2.852,1.335
ichi,BUY,2024-03-26 10:30:00,2024-03-26 10:50:00,0.05,sl,kijun_pullback,0.01,2177.2999999999997,2177.35,2173.6347857695305,2177.35,True,1.9,0.43,5,1.833,0.869
ichi,BUY,2024-03-27 08:15:00,2024-03-27 10:20:00,2.33,sl,tenkan_momentum,0.01,2178.79,2181.12,2174.9731197435385,2181.12,True,3.86,1.76,26,1.908,0.905
ichi,BUY,2024-03-27 11:15:00,2024-03-27 11:40:00,6.55,tp,tenkan_momentum,0.01,2181.1499999999996,2187.6984415084135,2176.7843723277238,2176.7843723277238,False,12.69,1.61,6,2.183,1.03
ichi,BUY,2024-03-27 16:00:00,2024-03-28 07:55:00,4.13,sl,tenkan_momentum,0.01,2193.45,2197.58,2185.937608210423,2197.58,True,7.13,6.18,180,3.756,1.745
ichi,BUY,2024-03-28 10:45:00,2024-03-28 12:20:00,6.96,tp,kijun_pullback,0.01,2196.45,2203.408807794454,2191.810794803697,2198.82,True,11.97,3.98,20,2.32,1.067
ichi,BUY,2024-03-28 12:30:00,2024-03-28 13:00:00,6.58,sl,kijun_pullback,0.01,2204.58,2211.16,2198.41006960525,2211.16,True,9.16,0.51,7,3.085,1.397
ichi,BUY,2024-03-28 16:45:00,2024-03-28 18:45:00,9.43,sl,tenkan_momentum,0.01,2212.29,2221.72,2202.940812499005,2221.72,True,13.17,1.15,25,4.675,2.086
ichi,BUY,2024-04-02 04:30:00,2024-04-02 06:25:00,3.48,sl,kijun_pullback,0.01,2249.31,2252.79,2243.6899452937887,2252.79,True,5.9,1.54,24,2.81,1.228
ichi,BUY,2024-04-02 07:00:00,2024-04-02 07:45:00,7.23,tp,kijun_pullback,0.01,2251.72,2258.9528435678017,2246.898104288132,2255.02,True,8.11,1.3,10,2.411,1.046
ichi,BUY,2024-04-02 11:00:00,2024-04-02 11:20:00,4.16,sl,tenkan_momentum,0.01,2256.3399999999997,2260.5,2250.9379599256567,2260.5,True,6.43,0.24,5,2.701,1.153
ichi,BUY,2024-04-02 13:45:00,2024-04-02 14:15:00,-6.06,sl,tenkan_momentum,0.01,2263.9399999999996,2257.875873540955,2257.875873540955,2257.875873540955,False,0.7,6.66,7,3.032,1.283
ichi,BUY,2024-04-02 17:15:00,2024-04-02 17:35:00,0.05,sl,kijun_pullback,0.01,2271.1899999999996,2271.24,2262.1472289975213,2271.24,True,5.81,2.54,5,4.521,1.939
ichi,BUY,2024-04-03 04:30:00,2024-04-03 06:25:00,4.6,sl,kijun_pullback,0.01,2280.27,2284.87,2272.602041968263,2284.87,True,7.67,2.3,24,3.834,1.644
ichi,BUY,2024-04-03 17:15:00,2024-04-03 18:00:00,2.15,sl,kijun_pullback,0.01,2279.5499999999997,2281.7,2271.449262612136,2281.7,True,5.39,5.37,10,4.05,1.72
ichi,BUY,2024-04-04 04:30:00,2024-04-04 10:10:00,-6.15,sl,kijun_pullback,0.01,2300.29,2294.1384313274757,2294.1384313274757,2294.1384313274757,False,2.68,6.56,69,3.076,1.3
ichi,BUY,2024-04-05 12:00:00,2024-04-05 13:20:00,5.15,sl,tenkan_momentum,0.01,2288.2,2293.35,2281.3292955060624,2293.35,True,7.9,1.54,17,3.435,1.471
ichi,BUY,2024-04-05 16:00:00,2024-04-05 16:20:00,4.75,sl,kijun_pullback,0.01,2291.1099999999997,2295.86,2282.5049915128893,2295.86,True,8.19,4.12,5,4.303,1.822
ichi,BUY,2024-04-08 05:45:00,2024-04-08 15:20:00,-13.85,sl,kijun_pullback,0.01,2344.72,2330.8671608636905,2330.8671608636905,2330.8671608636905,False,5.39,16.81,116,6.926,2.904
ichi,BUY,2024-04-09 04:15:00,2024-04-09 04:35:00,2.73,sl,kijun_pullback,0.01,2343.46,2346.19,2337.8887285683286,2346.19,True,4.96,2.43,5,2.786,1.203
ichi,BUY,2024-04-09 10:15:00,2024-04-09 12:25:00,9.52,tp,kijun_pullback,0.01,2355.4199999999996,2364.940190317965,2349.073206454689,2361.08,True,9.86,4.48,27,3.173,1.362
ichi,BUY,2024-04-09 17:15:00,2024-04-09 17:35:00,-9.06,sl,kijun_pullback,0.01,2361.6299999999997,2352.574932766045,2352.574932766045,2352.574932766045,False,2.57,9.39,5,4.528,1.905
ichi,BUY,2024-04-10 10:30:00,2024-04-10 12:20:00,-5.62,sl,tenkan_momentum,0.01,2357.1699999999996,2351.546687744703,2351.546687744703,2351.546687744703,False,0.0,5.85,23,2.812,1.206
ichi,BUY,2024-04-12 08:45:00,2024-04-12 10:20:00,6.02,sl,kijun_pullback,0.01,2389.97,2395.99,2382.758127077695,2395.99,True,8.9,5.28,20,3.606,1.565
ichi,BUY,2024-04-12 12:00:00,2024-04-12 16:45:00,4.43,sl,tenkan_momentum,0.01,2396.87,2401.3,2389.344212668932,2401.3,True,7.95,6.4,58,3.763,1.612
ichi,SELL,2024-04-15 11:30:00,2024-04-15 11:50:00,0.05,sl,tenkan_momentum,0.01,2349.74,2349.69,2359.136208007074,2349.69,True,4.96,0.82,5,4.698,1.994
ichi,SELL,2024-04-15 16:45:00,2024-04-15 17:05:00,15.56,tp,tenkan_momentum,0.01,2345.23,2329.672832053217,2355.601445297855,2355.601445297855,False,19.22,6.33,5,5.186,2.201
ichi,BUY,2024-04-16 06:00:00,2024-04-16 09:30:00,-8.08,sl,kijun_pullback,0.01,2386.2799999999997,2378.1989283266194,2378.1989283266194,2378.1989283266194,False,3.03,11.0,43,4.041,1.66
ichi,BUY,2024-04-16 16:30:00,2024-04-16 16:55:00,-9.37,sl,tenkan_momentum,0.01,2378.5899999999997,2369.2182723755445,2369.2182723755445,2369.2182723755445,False,0.0,13.29,6,4.686,1.958
ichi,BUY,2024-04-16 18:30:00,2024-04-16 20:10:00,12.65,sl,kijun_pullback,0.01,2380.1699999999996,2392.82,2366.762564190859,2392.82,True,18.01,1.61,21,6.704,2.857
ichi,BUY,2024-04-17 16:15:00,2024-04-17 16:40:00,2.73,sl,kijun_pullback,0.01,2387.52,2390.25,2380.4134829578247,2390.25,True,6.06,2.1,6,3.553,1.475
ichi,BUY,2024-04-18 13:30:00,2024-04-18 14:35:00,1.22,gap,kijun_pullback,0.01,2381.9399999999996,2383.16,2376.9742590585806,2383.35,True,3.4,2.93,14,2.483,1.025
ichi,BUY,2024-04-18 15:15:00,2024-04-18 16:05:00,0.05,sl,kijun_pullback,0.01,2385.1299999999997,2385.18,2379.206079086791,2385.18,True,2.97,4.45,11,2.962,1.219
ichi,BUY,2024-04-19 04:15:00,2024-04-19 04:25:00,2.01,sl,kijun_pullback,0.01,2389.3599999999997,2391.37,2381.4858029813245,2391.37,True,7.98,2.55,3,3.937,1.62
ichi,SELL,2024-04-19 15:00:00,2024-04-19 16:35:00,-9.28,sl,tenkan_momentum,0.01,2377.02,2386.301584529391,2386.301584529391,2386.301584529391,False,3.75,10.02,20,4.641,1.902
ichi,SELL,2024-04-19 17:00:00,2024-04-19 17:20:00,-10.84,sl,tenkan_momentum,0.01,2378.64,2389.4820317346102,2389.4820317346102,2389.4820317346102,False,0.0,13.11,5,5.421,2.265
ichi,BUY,2024-04-25 15:45:00,2024-04-25 15:55:00,2.23,sl,kijun_pullback,0.01,2329.71,2331.94,2322.7703867766495,2331.94,True,5.01,2.73,3,3.47,1.483
ichi,BUY,2024-04-25 18:15:00,2024-04-26 11:20:00,10.63,sl,kijun_pullback,0.01,2334.23,2344.86,2321.180745103347,2344.86,True,15.85,11.08,194,6.525,2.776
ichi,BUY,2024-04-26 15:45:00,2024-04-26 15:50:00,-6.92,sl,kijun_pullback,0.01,2348.46,2341.5428778606256,2341.5428778606256,2341.5428778606256,False,0.0,7.83,2,3.459,1.439
ichi,SELL,2024-04-29 05:15:00,2024-04-29 06:55:00,0.05,sl,tenkan_momentum,0.01,2327.77,2327.72,2334.874227233567,2327.72,True,3.92,1.95,21,3.552,1.499
ichi,SELL,2024-04-29 16:45:00,2024-04-29 17:05:00,-7.89,sl,tenkan_momentum,0.01,2330.63,2338.5180937636824,2338.5180937636824,2338.5180937636824,False,2.89,7.93,5,3.944,1.665
ichi,SELL,2024-04-30 06:15:00,2024-04-30 08:35:00,5.36,sl,tenkan_momentum,0.01,2329.33,2323.97,2334.372104657014,2323.97,True,7.38,1.45,29,2.521,1.082
ichi,SELL,2024-04-30 17:00:00,2024-04-30 17:15:00,4.22,sl,tenkan_momentum,0.01,2306.74,2302.52,2315.581906499997,2302.52,True,7.76,3.9,4,4.421,1.876
ichi,SELL,2024-05-03 11:30:00,2024-05-03 14:15:00,1.52,sl,tenkan_momentum,0.01,2299.99,2298.47,2304.7385745207043,2298.47,True,3.42,3.39,34,2.374,0.999
ichi,BUY,2024-05-06 15:45:00,2024-05-06 15:55:00,1.31,gap,kijun_pullback,0.01,2324.71,2326.02,2317.3981714679117,2326.66,True,5.55,1.56,3,3.656,1.533
ichi,BUY,2024-05-06 17:30:00,2024-05-07 04:25:00,0.05,sl,kijun_pullback,0.01,2325.1,2325.15,2315.862039821133,2325.15,True,4.78,6.99,120,4.619,1.931
ichi,SELL,2024-05-07 14:45:00,2024-05-07 15:05:00,1.63,sl,tenkan_momentum,0.01,2313.85,2312.22,2318.718043353714,2312.22,True,3.64,0.2,5,2.434,1.018
ichi,BUY,2024-05-07 16:45:00,2024-05-07 17:55:00,-6.57,sl,kijun_pullback,0.01,2320.5299999999997,2313.9622798494684,2313.9622798494684,2313.9622798494684,False,1.9,8.15,15,3.284,1.368
ichi,SELL,2024-05-08 04:45:00,2024-05-08 05:30:00,0.05,sl,tenkan_momentum,0.01,2310.36,2310.31,2314.7241583391947,2310.31,True,2.81,0.7,10,2.182,0.922
ichi,BUY,2024-05-08 15:15:00,2024-05-08 16:15:00,-5.59,sl,tenkan_momentum,0.01,2316.6699999999996,2311.081058364735,2311.081058364735,2311.081058364735,False,1.79,9.78,13,2.794,1.18
ichi,BUY,2024-05-08 18:30:00,2024-05-08 22:15:00,-7.16,sl,kijun_pullback,0.01,2317.5099999999998,2310.3487087534318,2310.3487087534318,2310.3487087534318,False,3.5,7.4,46,3.581,1.53
ichi,SELL,2024-05-09 05:00:00,2024-05-09 05:15:00,0.05,sl,tenkan_momentum,0.01,2309.87,2309.82,2313.394182213746,2309.82,True,1.8,0.7,4,1.762,0.765
ichi,SELL,2024-05-09 12:00:00,2024-05-09 13:05:00,1.52,sl,tenkan_momentum,0.01,2310.34,2308.82,2315.062974586309,2308.82,True,3.41,1.76,14,2.361,1.025
ichi,BUY,2024-05-09 15:45:00,2024-05-09 16:10:00,-6.47,sl,kijun_pullback,0.01,2327.75,2321.278459623929,2321.278459623929,2321.278459623929,False,1.58,15.46,6,3.236,1.4
ichi,BUY,2024-05-10 06:30:00,2024-05-10 08:30:00,3.45,sl,kijun_pullback,0.01,2351.02,2354.47,2345.9381776052933,2354.47,True,5.7,0.33,25,2.541,1.115
ichi,SELL,2024-05-13 18:15:00,2024-05-13 19:00:00,0.05,sl,tenkan_momentum,0.01,2337.32,2337.27,2345.624534699467,2337.27,True,5.01,1.28,10,4.152,1.808
ichi,BUY,2024-05-14 16:45:00,2024-05-14 17:05:00,5.91,sl,kijun_pullback,0.01,2347.99,2353.9,2340.1689137417657,2353.9,True,9.04,0.2,5,3.911,1.703
ichi,BUY,2024-05-14 19:45:00,2024-05-14 22:15:00,3.85,sl,tenkan_momentum,0.01,2352.31,2356.16,2344.6067146922783,2356.16,True,7.3,0.31,31,3.852,1.656
ichi,BUY,2024-05-15 04:45:00,2024-05-15 07:30:00,1.86,sl,kijun_pullback,0.01,2357.5699999999997,2359.43,2354.1177671061346,2359.43,True,3.39,1.02,34,1.726,0.736
ichi,BUY,2024-05-15 10:15:00,2024-05-15 10:35:00,0.93,sl,kijun_pullback,0.01,2362.49,2363.42,2358.7825365148788,2363.42,True,2.41,0.95,5,1.854,0.787
ichi,BUY,2024-05-15 13:00:00,2024-05-15 14:05:00,-4.52,sl,tenkan_momentum,0.01,2369.4399999999996,2364.9186624481895,2364.9186624481895,2364.9186624481895,False,1.37,5.07,14,2.261,0.958
ichi,BUY,2024-05-15 15:45:00,2024-05-15 16:15:00,-7.4,sl,kijun_pullback,0.01,2375.85,2368.4534624333596,2368.4534624333596,2368.4534624333596,False,0.0,9.24,7,3.698,1.583
ichi,BUY,2024-05-17 12:45:00,2024-05-17 14:40:00,2.9,sl,kijun_pullback,0.01,2384.5099999999998,2387.41,2379.68570221357,2387.41,True,5.02,2.65,24,2.412,1.049
ichi,BUY,2024-05-17 15:45:00,2024-05-17 16:05:00,5.83,sl,tenkan_momentum,0.01,2390.56,2396.39,2385.2170215308824,2396.39,True,7.97,0.54,5,2.671,1.154
ichi,BUY,2024-05-17 19:00:00,2024-05-17 19:55:00,0.05,sl,tenkan_momentum,0.01,2408.0299999999997,2408.08,2397.8363396351224,2408.08,True,6.13,0.26,12,5.097,2.175
ichi,BUY,2024-05-20 01:30:00,2024-05-20 04:00:00,12.99,tp,tenkan_momentum,0.01,2421.18,2434.1725360844184,2412.518309277054,2421.23,True,17.9,4.58,31,4.331,1.848
ichi,BUY,2024-05-20 10:00:00,2024-05-20 12:35:00,4.16,sl,kijun_pullback,0.01,2438.95,2443.11,2428.9443790902,2443.11,True,8.23,3.29,32,5.003,2.077
ichi,BUY,2024-05-20 13:00:00,2024-05-20 14:25:00,-9.02,sl,kijun_pullback,0.01,2441.7999999999997,2432.7788058619903,2432.7788058619903,2432.7788058619903,False,1.27,11.94,18,4.511,1.856
ichi,BUY,2024-05-21 01:30:00,2024-05-21 04:55:00,-7.47,sl,kijun_pullback,0.01,2430.3999999999996,2422.9292235431394,2422.9292235431394,2422.9292235431394,False,2.66,10.77,42,3.735,1.567
ichi,BUY,2024-05-21 17:00:00,2024-05-21 18:10:00,2.29,sl,tenkan_momentum,0.01,2428.1699999999996,2430.46,2419.7374698729177,2430.46,True,5.66,2.76,15,4.216,1.796
ichi,SELL,2024-05-22 16:15:00,2024-05-22 17:10:00,10.8,tp,tenkan_momentum,0.01,2409.71,2398.9069848398904,2416.91201010674,2402.91,True,16.1,3.22,12,3.601,1.527
ichi,SELL,2024-05-23 09:45:00,2024-05-23 11:30:00,5.45,sl,tenkan_momentum,0.01,2364.28,2358.83,2372.0813963146525,2358.83,True,8.93,1.28,22,3.901,1.617
ichi,BUY,2024-05-28 01:15:00,2024-05-28 04:55:00,2.03,sl,kijun_pullback,0.01,2352.62,2354.65,2348.2850918954487,2354.65,True,3.78,3.39,45,2.167,0.888
ichi,BUY,2024-05-28 05:30:00,2024-05-28 09:00:00,-4.24,sl,kijun_pullback,0.01,2353.45,2349.2065612196325,2349.2065612196325,2349.2065612196325,False,1.75,5.07,43,2.122,0.866
ichi,BUY,2024-05-28 18:00:00,2024-05-28 19:20:00,3.69,sl,kijun_pullback,0.01,2355.41,2359.1,2347.83607196126,2359.1,True,6.81,2.52,17,3.787,1.559
ichi,BUY,2024-05-29 05:15:00,2024-05-29 08:40:00,0.05,sl,kijun_pullback,0.01,2358.75,2358.8,2354.3552455686067,2358.8,True,2.62,4.25,42,2.197,0.898
ichi,BUY,2024-05-29 08:45:00,2024-05-29 09:05:00,-4.33,sl,kijun_pullback,0.01,2358.73,2354.3987750168003,2354.3987750168003,2354.3987750168003,False,1.03,4.81,5,2.166,0.885
ichi,SELL,2024-05-29 16:45:00,2024-05-29 19:35:00,0.05,sl,tenkan_momentum,0.01,2340.81,2340.76,2349.0413460722957,2340.76,True,4.51,5.85,35,4.116,1.697
ichi,BUY,2024-05-31 04:30:00,2024-05-31 05:40:00,-4.33,sl,tenkan_momentum,0.01,2347.02,2342.6916939550224,2342.6916939550224,2342.6916939550224,False,0.77,4.33,15,2.164,0.892
ichi,BUY,2024-05-31 15:45:00,2024-05-31 16:05:00,4.81,sl,kijun_pullback,0.01,2352.7,2357.51,2346.96712015031,2357.51,True,7.1,2.38,5,2.866,1.192
ichi,SELL,2024-06-03 01:15:00,2024-06-03 08:15:00,2.02,sl,tenkan_momentum,0.01,2325.15,2323.13,2332.317539712885,2323.13,True,4.89,6.11,85,3.584,1.476
ichi,SELL,2024-06-03 09:15:00,2024-06-03 09:40:00,0.05,sl,tenkan_momentum,0.01,2318.58,2318.53,2324.7577399056668,2318.53,True,3.61,0.77,6,3.089,1.267
ichi,BUY,2024-06-03 18:15:00,2024-06-03 20:00:00,13.23,tp,kijun_pullback,0.01,2339.31,2352.5421689198506,2330.488554053433,2346.41,True,13.64,0.88,22,4.411,1.808
ichi,BUY,2024-06-04 09:15:00,2024-06-04 09:50:00,-4.33,sl,tenkan_momentum,0.01,2350.85,2346.5166490973866,2346.5166490973866,2346.5166490973866,False,0.89,5.55,8,2.167,0.865
ichi,BUY,2024-06-05 17:00:00,2024-06-05 17:05:00,-7.65,sl,kijun_pullback,0.01,2344.3399999999997,2336.6944770219516,2336.6944770219516,2336.6944770219516,False,0.0,8.32,2,3.823,1.539
ichi,BUY,2024-06-06 04:00:00,2024-06-06 04:10:00,6.36,tp,kijun_pullback,0.01,2355.93,2362.2937877885897,2351.6874748076066,2358.49,True,7.96,0.31,3,2.121,0.868
ichi,BUY,2024-06-06 10:30:00,2024-06-06 11:15:00,-5.04,sl,kijun_pullback,0.01,2366.0099999999998,2360.9731730916196,2360.9731730916196,2360.9731730916196,False,0.81,5.1,10,2.518,1.017
ichi,BUY,2024-06-11 16:45:00,2024-06-11 19:20:00,-6.98,sl,tenkan_momentum,0.01,2314.46,2307.476639730353,2307.476639730353,2307.476639730353,False,3.35,7.57,32,3.492,1.424
ichi,BUY,2024-06-12 09:30:00,2024-06-12 10:20:00,-3.7,sl,kijun_pullback,0.01,2316.23,2312.531147394304,2312.531147394304,2312.531147394304,False,1.52,4.19,11,1.849,0.765
ichi,SELL,2024-06-12 12:45:00,2024-06-12 15:30:00,-11.11,gap,tenkan_momentum,0.01,2312.77,2323.8799999999997,2316.9250517820124,2316.9250517820124,False,0.92,15.78,34,2.078,0.866
ichi,BUY,2024-06-12 16:45:00,2024-06-12 18:45:00,5.21,sl,kijun_pullback,0.01,2328.3599999999997,2333.57,2319.4260052652658,2333.57,True,8.78,8.26,25,4.467,1.907
ichi,SELL,2024-06-13 05:45:00,2024-06-13 13:20:00,-6.82,sl,tenkan_momentum,0.01,2312.42,2319.2415437670766,2319.2415437670766,2319.2415437670766,False,3.23,7.4,92,3.411,1.44
ichi,SELL,2024-06-13 18:15:00,2024-06-13 20:00:00,9.12,sl,tenkan_momentum,0.01,2309.71,2300.59,2321.0501786512814,2300.59,True,13.84,0.99,22,5.67,2.429
ichi,BUY,2024-06-14 17:30:00,2024-06-17 04:00:00,-8.84,sl,tenkan_momentum,0.01,2332.8799999999997,2324.038559198682,2324.038559198682,2324.038559198682,False,2.72,10.08,115,4.421,1.857
ichi,BUY,2024-06-17 17:30:00,2024-06-17 18:25:00,-6.57,sl,kijun_pullback,0.01,2326.33,2319.757288202488,2319.757288202488,2319.757288202488,False,1.26,6.81,12,3.286,1.407
ichi,BUY,2024-06-18 04:45:00,2024-06-18 05:50:00,1.77,sl,kijun_pullback,0.01,2322.2999999999997,2324.07,2318.2581501246764,2324.07,True,3.39,0.68,14,2.021,0.877
ichi,BUY,2024-06-19 01:45:00,2024-06-19 06:30:00,0.05,sl,kijun_pullback,0.01,2329.1699999999996,2329.22,2325.133480727514,2329.22,True,2.61,2.59,58,2.018,0.873
ichi,BUY,2024-06-19 06:35:00,2024-06-19 10:05:00,0.86,sl,kijun_pullback,0.01,2329.25,2330.11,2325.9155713395317,2330.11,True,3.53,2.4,43,1.667,0.721
ichi,BUY,2024-06-19 10:15:00,2024-06-19 11:25:00,3.34,sl,kijun_pullback,0.01,2330.45,2333.79,2327.2628872374494,2333.79,True,4.61,0.61,15,1.594,0.688
ichi,BUY,2024-06-20 04:00:00,2024-06-20 04:10:00,2.95,gap,kijun_pullback,0.01,2330.0299999999997,2332.98,2326.6880621004702,2333.37,True,4.68,0.2,3,1.671,0.716
ichi,BUY,2024-06-20 18:45:00,2024-06-21 04:15:00,5.32,sl,tenkan_momentum,0.01,2355.14,2360.46,2345.4036043583974,2360.46,True,9.72,2.31,103,4.868,2.073
ichi,SELL,2024-06-24 13:30:00,2024-06-24 16:25:00,-5.51,sl,tenkan_momentum,0.01,2324.6,2330.1113756003656,2330.1113756003656,2330.1113756003656,False,1.06,6.87,36,2.756,1.16
ichi,SELL,2024-06-25 08:45:00,2024-06-25 09:35:00,0.05,sl,tenkan_momentum,0.01,2325.98,2325.93,2330.026391985964,2325.93,True,2.31,0.56,11,2.023,0.862
ichi,SELL,2024-06-25 17:15:00,2024-06-25 18:35:00,5.04,sl,tenkan_momentum,0.01,2323.75,2318.71,2330.8708915472307,2318.71,True,7.89,4.64,17,3.56,1.517
ichi,SELL,2024-06-26 11:15:00,2024-06-26 13:30:00,3.23,sl,tenkan_momentum,0.01,2313.53,2310.3,2319.212248765557,2310.3,True,5.56,5.08,28,2.841,1.197
ichi,SELL,2024-06-26 16:15:00,2024-06-26 16:35:00,5.93,gap,tenkan_momentum,0.01,2304.35,2298.4199999999996,2312.3685434698436,2298.21,True,9.35,0.2,5,4.009,1.678
ichi,SELL,2024-06-27 04:45:00,2024-06-27 05:50:00,-3.29,sl,tenkan_momentum,0.01,2296.94,2300.2272983445027,2300.2272983445027,2300.2272983445027,False,0.0,3.32,14,1.644,0.68
ichi,BUY,2024-07-01 12:00:00,2024-07-01 12:30:00,1.45,sl,tenkan_momentum,0.01,2326.0499999999997,2327.5,2321.078997672688,2327.5,True,3.44,0.57,7,2.486,1.035
ichi,BUY,2024-07-01 16:45:00,2024-07-01 17:20:00,-6.76,sl,tenkan_momentum,0.01,2332.7999999999997,2326.036786600001,2326.036786600001,2326.036786600001,False,1.43,11.76,8,3.382,1.404
ichi,BUY,2024-07-02 04:00:00,2024-07-02 06:05:00,-3.16,sl,tenkan_momentum,0.01,2333.2799999999997,2330.1150708192017,2330.1150708192017,2330.1150708192017,False,1.04,3.4,26,1.582,0.666
ichi,BUY,2024-07-04 04:30:00,2024-07-04 05:45:00,-3.99,sl,kijun_pullback,0.01,2361.74,2357.747955306452,2357.747955306452,2357.747955306452,False,0.56,4.28,16,1.996,0.846
ichi,BUY,2024-07-04 06:30:00,2024-07-04 08:20:00,-4.08,sl,kijun_pullback,0.01,2360.1099999999997,2356.0276867563703,2356.0276867563703,2356.0276867563703,False,0.06,4.46,23,2.041,0.872
ichi,BUY,2024-07-04 16:45:00,2024-07-04 17:05:00,0.05,sl,kijun_pullback,0.01,2358.37,2358.42,2355.017237059279,2358.42,True,1.73,0.44,5,1.676,0.723
ichi,BUY,2024-07-05 04:15:00,2024-07-05 04:50:00,-2.91,sl,tenkan_momentum,0.01,2359.87,2356.9644903457506,2356.9644903457506,2356.9644903457506,False,0.29,2.94,8,1.453,0.626
ichi,BUY,2024-07-05 06:15:00,2024-07-05 08:05:00,1.75,sl,tenkan_momentum,0.01,2361.33,2363.08,2357.7317361448077,2363.08,True,3.38,1.76,23,1.799,0.781
ichi,BUY,2024-07-05 14:00:00,2024-07-05 15:20:00,1.69,sl,kijun_pullback,0.01,2365.24,2366.93,2361.2326274092056,2366.93,True,3.29,2.95,17,2.004,0.866
ichi,BUY,2024-07-08 01:15:00,2024-07-08 05:40:00,-5.81,sl,kijun_pullback,0.01,2389.37,2383.558843543717,2383.558843543717,2383.558843543717,False,1.76,6.03,54,2.906,1.251
ichi,SELL,2024-07-09 15:30:00,2024-07-09 16:05:00,-4.8,sl,tenkan_momentum,0.01,2358.32,2363.1212017654534,2363.1212017654534,2363.1212017654534,False,1.98,6.05,8,2.401,1.047
ichi,BUY,2024-07-10 06:30:00,2024-07-10 08:50:00,0.05,sl,kijun_pullback,0.01,2368.23,2368.28,2364.547049012873,2368.28,True,2.1,1.57,29,1.841,0.812
ichi,BUY,2024-07-10 09:30:00,2024-07-10 10:05:00,2.52,sl,tenkan_momentum,0.01,2369.8799999999997,2372.4,2366.330375177294,2372.4,True,3.94,0.89,8,1.775,0.782
ichi,BUY,2024-07-10 16:15:00,2024-07-10 16:55:00,4.34,sl,tenkan_momentum,0.01,2379.27,2383.61,2374.8782383635553,2383.61,True,7.34,1.42,9,2.196,0.962
ichi,BUY,2024-07-11 11:15:00,2024-07-11 14:50:00,-4.29,sl,kijun_pullback,0.01,2383.5099999999998,2379.2197923761187,2379.2197923761187,2379.2197923761187,False,1.09,4.46,44,2.145,0.931
ichi,BUY,2024-07-11 15:45:00,2024-07-11 16:30:00,0.05,sl,kijun_pullback,0.01,2407.74,2407.79,2399.671839175496,2407.79,True,5.24,4.79,10,4.034,1.768
ichi,BUY,2024-07-15 13:00:00,2024-07-15 13:25:00,1.42,sl,tenkan_momentum,0.01,2410.91,2412.33,2406.4370020547603,2412.33,True,3.21,0.2,6,2.236,0.98
ichi,BUY,2024-07-15 16:45:00,2024-07-15 17:10:00,5.31,sl,kijun_pullback,0.01,2415.4399999999996,2420.75,2408.973102031034,2420.75,True,7.9,1.28,6,3.233,1.412
ichi,BUY,2024-07-16 12:00:00,2024-07-16 12:30:00,2.17,sl,tenkan_momentum,0.01,2436.75,2438.92,2431.273283571534,2438.92,True,4.36,1.66,7,2.738,1.182
ichi,BUY,2024-07-16 16:45:00,2024-07-16 18:10:00,7.83,sl,kijun_pullback,0.01,2446.37,2454.2,2437.571400648519,2454.2,True,11.35,5.81,18,4.399,1.891
ichi,BUY,2024-07-17 04:15:00,2024-07-17 04:25:00,2.3,sl,kijun_pullback,0.01,2472.7999999999997,2475.1,2466.622616424978,2475.1,True,4.77,0.2,3,3.089,1.305
ichi,BUY,2024-07-17 06:00:00,2024-07-17 06:20:00,-7.55,sl,kijun_pullback,0.01,2474.8199999999997,2467.266615983349,2467.266615983349,2467.266615983349,False,0.0,7.74,5,3.777,1.588
ichi,BUY,2024-07-17 16:15:00,2024-07-17 16:40:00,0.05,sl,tenkan_momentum,0.01,2476.04,2476.09,2468.6151885715994,2476.09,True,4.41,4.9,6,3.712,1.587
ichi,SELL,2024-07-19 10:15:00,2024-07-19 10:45:00,1.98,sl,tenkan_momentum,0.01,2418.15,2416.17,2426.0131310128695,2416.17,True,5.13,0.59,7,3.932,1.68
ichi,SELL,2024-07-19 17:15:00,2024-07-19 18:00:00,0.05,sl,tenkan_momentum,0.01,2401.54,2401.49,2410.617601056171,2401.49,True,5.38,2.0,10,4.539,1.931
ichi,SELL,2024-07-22 09:00:00,2024-07-22 09:20:00,1.04,gap,tenkan_momentum,0.01,2402.86,2401.8199999999997,2408.2920540879204,2401.24,True,3.79,2.32,5,2.716,1.156
ichi,SELL,2024-07-22 10:45:00,2024-07-22 13:45:00,-5.68,sl,tenkan_momentum,0.01,2401.94,2407.621367993998,2407.621367993998,2407.621367993998,False,1.99,6.53,37,2.841,1.206
ichi,SELL,2024-07-22 16:30:00,2024-07-22 17:30:00,11.89,tp,tenkan_momentum,0.01,2396.37,2384.475656660422,2404.299562226385,2389.85,True,12.35,2.62,13,3.965,1.704
ichi,BUY,2024-07-24 04:15:00,2024-07-24 04:20:00,-4.34,sl,kijun_pullback,0.01,2412.14,2407.801199803272,2407.801199803272,2407.801199803272,False,0.0,4.63,2,2.169,0.909
ichi,BUY,2024-07-24 06:00:00,2024-07-24 06:30:00,1.82,sl,kijun_pullback,0.01,2414.25,2416.07,2408.731293659454,2416.07,True,4.03,0.72,7,2.759,1.167
ichi,BUY,2024-07-24 16:30:00,2024-07-24 16:45:00,3.92,sl,kijun_pullback,0.01,2416.97,2420.89,2409.994606538653,2420.89,True,9.6,0.2,4,3.488,1.469
ichi,SELL,2024-07-25 17:00:00,2024-07-25 17:20:00,0.05,sl,tenkan_momentum,0.01,2364.82,2364.77,2376.522881463804,2364.77,True,6.7,1.56,5,5.851,2.445
ichi,BUY,2024-07-26 18:00:00,2024-07-26 20:05:00,4.49,sl,kijun_pullback,0.01,2382.0099999999998,2386.5,2373.0685184995846,2386.5,True,8.25,2.12,26,4.471,1.868
ichi,BUY,2024-07-29 01:15:00,2024-07-29 01:25:00,0.05,sl,kijun_pullback,0.01,2397.46,2397.51,2390.312153289411,2397.51,True,5.59,1.75,3,3.574,1.479
ichi,BUY,2024-07-29 06:15:00,2024-07-29 11:20:00,-6.34,sl,kijun_pullback,0.01,2394.93,2388.586246752376,2388.586246752376,2388.586246752376,False,1.2,6.63,62,3.172,1.313
ichi,SELL,2024-07-29 21:00:00,2024-07-30 06:50:00,-7.56,sl,tenkan_momentum,0.01,2378.14,2385.704351869321,2385.704351869321,2385.704351869321,False,1.58,7.72,107,3.782,1.586
ichi,BUY,2024-07-30 13:30:00,2024-07-30 14:00:00,1.08,sl,kijun_pullback,0.01,2389.6099999999997,2390.69,2385.596141318887,2390.69,True,2.69,1.85,7,2.007,0.855
ichi,BUY,2024-07-30 16:30:00,2024-07-30 17:00:00,-5.44,sl,kijun_pullback,0.01,2394.58,2389.1440878935423,2389.1440878935423,2389.1440878935423,False,3.04,7.11,7,2.718,1.155
ichi,BUY,2024-07-31 04:45:00,2024-07-31 05:10:00,-5.42,sl,kijun_pullback,0.01,2411.1899999999996,2405.768289808455,2405.768289808455,2405.768289808455,False,0.0,6.98,6,2.711,1.166
ichi,BUY,2024-07-31 06:15:00,2024-07-31 07:05:00,0.05,sl,kijun_pullback,0.01,2415.21,2415.26,2408.4654162928578,2415.26,True,3.68,1.55,11,3.372,1.467
ichi,BUY,2024-07-31 12:45:00,2024-07-31 16:45:00,2.42,sl,kijun_pullback,0.01,2420.3199999999997,2422.74,2414.503129783449,2422.74,True,6.38,3.1,49,2.908,1.265
ichi,BUY,2024-07-31 16:50:00,2024-07-31 17:10:00,1.92,sl,tenkan_momentum,0.01,2423.45,2425.37,2417.101776607251,2425.37,True,4.95,0.76,5,3.174,1.374
ichi,BUY,2024-08-01 17:15:00,2024-08-01 20:00:00,-10.34,sl,kijun_pullback,0.01,2450.9199999999996,2440.579051401306,2440.579051401306,2440.579051401306,False,1.86,14.27,34,5.17,2.229
ichi,BUY,2024-08-02 13:15:00,2024-08-02 15:15:00,-6.44,sl,kijun_pullback,0.01,2463.02,2456.5757022957646,2456.5757022957646,2456.5757022957646,False,2.24,6.9,25,3.222,1.421
ichi,BUY,2024-08-02 15:45:00,2024-08-02 15:55:00,1.63,gap,kijun_pullback,0.01,2471.06,2472.69,2461.6624484769827,2473.58,True,6.28,0.79,3,4.699,2.101
ichi,SELL,2024-08-05 03:30:00,2024-08-05 04:20:00,-12.65,sl,tenkan_momentum,0.01,2425.45,2438.104874557988,2438.104874557988,2438.104874557988,False,6.0,13.46,11,6.327,2.819
ichi,SELL,2024-08-06 08:45:00,2024-08-06 09:20:00,7.63,sl,tenkan_momentum,0.01,2405.64,2398.01,2413.28816749423,2398.01,True,10.69,0.29,8,3.824,1.753
ichi,SELL,2024-08-07 04:30:00,2024-08-07 05:30:00,-7.32,sl,tenkan_momentum,0.01,2381.1,2388.4178479464304,2388.4178479464304,2388.4178479464304,False,1.05,7.46,13,3.659,1.649
ichi,SELL,2024-08-07 20:15:00,2024-08-07 21:25:00,4.48,sl,tenkan_momentum,0.01,2395.43,2390.95,2403.1153714702846,2390.95,True,7.81,0.26,15,3.843,1.761
ichi,BUY,2024-08-08 16:30:00,2024-08-08 16:45:00,0.05,sl,tenkan_momentum,0.01,2410.02,2410.07,2401.3161556152636,2410.07,True,5.36,2.35,4,4.352,1.974
ichi,BUY,2024-08-08 18:30:00,2024-08-08 19:35:00,4.3,sl,tenkan_momentum,0.01,2415.23,2419.53,2404.8162475632475,2419.53,True,8.47,1.19,14,5.207,2.361
ichi,BUY,2024-08-09 03:45:00,2024-08-09 04:55:00,0.05,sl,kijun_pullback,0.01,2424.6699999999996,2424.72,2419.755942448108,2424.72,True,2.73,4.69,15,2.457,1.103
ichi,BUY,2024-08-09 05:15:00,2024-08-09 06:45:00,-5.75,sl,kijun_pullback,0.01,2425.3799999999997,2419.6314606002293,2419.6314606002293,2419.6314606002293,False,0.9,5.9,19,2.874,1.291
ichi,BUY,2024-08-09 12:00:00,2024-08-09 14:20:00,5.72,sl,tenkan_momentum,0.01,2424.5899999999997,2430.31,2419.1443781742764,2430.31,True,7.9,1.96,29,2.723,1.239
ichi,BUY,2024-08-09 15:45:00,2024-08-09 16:35:00,1.73,gap,tenkan_momentum,0.01,2428.5699999999997,2430.3,2422.97981712733,2430.79,True,4.46,2.31,11,2.795,1.255
ichi,BUY,2024-08-09 17:15:00,2024-08-09 17:40:00,2.63,gap,kijun_pullback,0.01,2430.22,2432.85,2422.8759703119226,2432.89,True,5.61,0.9,6,3.672,1.643
ichi,BUY,2024-08-12 01:30:00,2024-08-12 02:30:00,-5.35,gap,kijun_pullback,0.01,2432.7599999999998,2427.41,2427.4591145274526,2427.4591145274526,False,0.0,5.52,13,2.65,1.179
ichi,BUY,2024-08-12 09:00:00,2024-08-12 10:20:00,2.55,sl,kijun_pullback,0.01,2434.7599999999998,2437.31,2430.1874704415513,2437.31,True,4.38,1.08,17,2.286,1.029
ichi,BUY,2024-08-12 16:45:00,2024-08-12 16:55:00,2.05,sl,kijun_pullback,0.01,2452.08,2454.13,2446.0947467139017,2454.13,True,5.33,0.48,3,2.993,1.339
ichi,BUY,2024-08-13 04:00:00,2024-08-13 04:10:00,-5.86,sl,kijun_pullback,0.01,2472.2599999999998,2466.40188241016,2466.40188241016,2466.40188241016,False,1.28,7.21,3,2.929,1.305
ichi,BUY,2024-08-13 15:45:00,2024-08-13 15:50:00,-6.2,sl,kijun_pullback,0.01,2471.12,2464.9200655132177,2464.9200655132177,2464.9200655132177,False,0.08,6.26,2,3.1,1.399
ichi,BUY,2024-08-13 17:30:00,2024-08-13 18:25:00,0.05,sl,kijun_pullback,0.01,2468.2799999999997,2468.33,2459.857129281057,2468.33,True,4.66,4.25,12,4.211,1.928
ichi,BUY,2024-08-14 04:15:00,2024-08-14 04:30:00,2.28,sl,tenkan_momentum,0.01,2468.4399999999996,2470.72,2464.0790999965243,2470.72,True,4.02,0.34,4,2.18,0.998
ichi,BUY,2024-08-15 11:45:00,2024-08-15 13:30:00,2.07,sl,kijun_pullback,0.01,2456.39,2458.46,2452.073318708474,2458.46,True,3.8,1.25,22,2.158,0.983
ichi,BUY,2024-08-16 04:00:00,2024-08-16 05:20:00,-4.09,sl,kijun_pullback,0.01,2458.58,2454.4852604886796,2454.4852604886796,2454.4852604886796,False,1.4,4.16,17,2.047,0.928
ichi,SELL,2024-08-16 10:15:00,2024-08-16 10:40:00,0.05,sl,tenkan_momentum,0.01,2453.71,2453.66,2457.6644396603688,2453.66,True,2.46,1.95,6,1.977,0.904
ichi,BUY,2024-08-16 17:45:00,2024-08-16 21:35:00,18.38,tp,kijun_pullback,0.01,2484.68,2503.0564656040406,2472.4290229306393,2495.45,True,18.89,2.75,47,6.125,2.802
ichi,BUY,2024-08-19 09:15:00,2024-08-19 13:05:00,-6.3,sl,tenkan_momentum,0.01,2503.96,2497.659340545303,2497.659340545303,2497.659340545303,False,3.13,6.75,47,3.15,1.383
ichi,BUY,2024-08-20 01:15:00,2024-08-20 04:05:00,0.05,sl,kijun_pullback,0.01,2504.1899999999996,2504.24,2499.7750057232533,2504.24,True,3.91,2.15,35,2.207,0.983
ichi,BUY,2024-08-20 04:45:00,2024-08-20 05:05:00,-4.73,sl,kijun_pullback,0.01,2505.08,2500.3524139978626,2500.3524139978626,2500.3524139978626,False,0.11,5.99,5,2.364,1.052
ichi,BUY,2024-08-20 10:45:00,2024-08-20 11:10:00,5.39,sl,kijun_pullback,0.01,2513.3399999999997,2518.73,2506.7343882740715,2518.73,True,8.03,3.11,6,3.303,1.486
ichi,BUY,2024-08-21 05:00:00,2024-08-21 05:30:00,0.05,sl,kijun_pullback,0.01,2516.91,2516.96,2511.7785980857793,2516.96,True,2.93,1.13,7,2.566,1.14
ichi,BUY,2024-08-21 07:00:00,2024-08-21 09:10:00,-5.31,sl,tenkan_momentum,0.01,2517.49,2512.178106523031,2512.178106523031,2512.178106523031,False,0.84,5.78,27,2.656,1.18
ichi,BUY,2024-08-21 09:30:00,2024-08-21 10:00:00,-5.97,sl,tenkan_momentum,0.01,2519.24,2513.268856867358,2513.268856867358,2513.268856867358,False,0.23,6.6,7,2.986,1.342
ichi,BUY,2024-08-22 03:00:00,2024-08-22 04:40:00,-4.5,sl,kijun_pullback,0.01,2512.85,2508.3535444263816,2508.3535444263816,2508.3535444263816,False,1.71,4.69,21,2.248,1.025
ichi,SELL,2024-08-22 14:45:00,2024-08-22 15:15:00,3.0,sl,tenkan_momentum,0.01,2501.71,2498.71,2507.7090957665964,2498.71,True,5.4,0.79,7,3.0,1.381
ichi,SELL,2024-08-22 16:15:00,2024-08-22 16:30:00,11.64,tp,tenkan_momentum,0.01,2498.78,2487.142914291518,2506.5380571389883,2494.49,True,14.83,0.52,4,3.879,1.774
ichi,BUY,2024-08-23 13:15:00,2024-08-23 15:10:00,2.85,sl,kijun_pullback,0.01,2497.6699999999996,2500.52,2493.0872303853334,2500.52,True,4.68,2.16,24,2.291,1.021
ichi,BUY,2024-08-23 17:00:00,2024-08-23 17:00:00,12.2,tp,kijun_pullback,0.01,2498.37,2510.5654415159697,2490.23970565602,2490.23970565602,False,12.77,0.3,1,4.065,1.8
ichi,BUY,2024-08-23 20:00:00,2024-08-26 06:10:00,0.05,sl,tenkan_momentum,0.01,2510.37,2510.42,2499.640325560064,2510.42,True,6.45,2.59,111,5.365,2.312
ichi,BUY,2024-08-27 17:15:00,2024-08-27 18:25:00,0.05,sl,tenkan_momentum,0.01,2515.5699999999997,2515.62,2507.746002083131,2515.62,True,4.6,2.11,15,3.912,1.686
ichi,BUY,2024-08-27 18:45:00,2024-08-27 21:25:00,11.59,tp,kijun_pullback,0.01,2512.6899999999996,2524.2761659220014,2504.9658893853316,2520.42,True,11.75,2.89,33,3.862,1.664
ichi,BUY,2024-08-29 10:15:00,2024-08-29 11:20:00,1.18,sl,kijun_pullback,0.01,2517.0299999999997,2518.21,2512.491742621965,2518.21,True,3.0,1.92,14,2.269,0.954
ichi,BUY,2024-08-29 12:15:00,2024-08-29 13:05:00,3.64,sl,kijun_pullback,0.01,2518.45,2522.09,2513.239758732465,2522.09,True,5.72,2.3,11,2.605,1.093
ichi,BUY,2024-08-29 18:45:00,2024-08-29 20:45:00,3.18,sl,tenkan_momentum,0.01,2522.2,2525.38,2514.155325684133,2525.38,True,6.4,4.87,25,4.022,1.674
ichi,BUY,2024-08-30 15:30:00,2024-08-30 15:40:00,-6.55,sl,kijun_pullback,0.01,2523.46,2516.907969805856,2516.907969805856,2516.907969805856,False,1.26,6.89,3,3.276,1.355
ichi,SELL,2024-08-30 18:00:00,2024-08-30 18:40:00,3.05,sl,tenkan_momentum,0.01,2508.97,2505.92,2518.2972204232874,2505.92,True,6.78,0.65,9,4.664,1.955
ichi,SELL,2024-09-03 14:30:00,2024-09-03 14:45:00,8.75,tp,tenkan_momentum,0.01,2495.23,2486.4829780838922,2501.0613479440717,2495.18,True,9.13,1.12,4,2.916,1.214
ichi,SELL,2024-09-03 16:00:00,2024-09-03 16:40:00,12.74,tp,tenkan_momentum,0.01,2493.12,2480.3781379001484,2501.614574733234,2486.88,True,12.77,4.62,9,4.247,1.737
ichi,BUY,2024-09-05 04:30:00,2024-09-05 07:00:00,-3.81,sl,kijun_pullback,0.01,2498.16,2494.354339051084,2494.354339051084,2494.354339051084,False,0.74,4.16,31,1.903,0.759
ichi,BUY,2024-09-05 09:00:00,2024-09-05 09:15:00,1.48,sl,kijun_pullback,0.01,2502.0699999999997,2503.55,2498.076081234992,2503.55,True,3.08,1.36,4,1.997,0.802
ichi,BUY,2024-09-05 16:30:00,2024-09-05 17:00:00,-7.29,sl,tenkan_momentum,0.01,2518.68,2511.3920304757903,2511.3920304757903,2511.3920304757903,False,0.59,10.43,7,3.644,1.46
ichi,BUY,2024-09-06 04:15:00,2024-09-06 05:00:00,-2.99,sl,kijun_pullback,0.01,2516.02,2513.032976157843,2513.032976157843,2513.032976157843,False,0.24,3.12,10,1.494,0.607
ichi,BUY,2024-09-06 12:45:00,2024-09-06 14:40:00,-3.61,sl,kijun_pullback,0.01,2519.77,2516.155125677417,2516.155125677417,2516.155125677417,False,0.43,3.92,24,1.807,0.739
ichi,BUY,2024-09-06 15:45:00,2024-09-06 16:00:00,-7.69,sl,kijun_pullback,0.01,2524.97,2517.2841574034464,2517.2841574034464,2517.2841574034464,False,2.1,9.66,4,3.843,1.583
ichi,SELL,2024-09-06 18:00:00,2024-09-06 19:35:00,11.74,sl,tenkan_momentum,0.01,2506.68,2494.94,2520.1331418296095,2494.94,True,17.12,11.85,20,6.727,2.816
ichi,SELL,2024-09-09 10:00:00,2024-09-09 10:30:00,-5.64,sl,tenkan_momentum,0.01,2489.66,2495.299216224222,2495.299216224222,2495.299216224222,False,0.69,6.85,7,2.82,1.152
ichi,BUY,2024-09-10 10:30:00,2024-09-10 10:40:00,0.05,sl,tenkan_momentum,0.01,2505.3799999999997,2505.43,2501.4786621995504,2505.43,True,2.23,0.68,3,1.951,0.806
ichi,BUY,2024-09-10 14:00:00,2024-09-10 15:50:00,3.48,sl,kijun_pullback,0.01,2505.7799999999997,2509.26,2501.479968052985,2509.26,True,5.2,1.65,23,2.15,0.889
ichi,BUY,2024-09-11 04:15:00,2024-09-11 04:35:00,1.67,sl,kijun_pullback,0.01,2517.24,2518.91,2513.8366086680476,2518.91,True,3.67,1.23,5,1.702,0.698
ichi,BUY,2024-09-11 06:15:00,2024-09-11 08:30:00,1.85,sl,kijun_pullback,0.01,2518.8599999999997,2520.71,2514.8270437036367,2520.71,True,3.5,1.14,28,2.016,0.825
ichi,BUY,2024-09-11 09:00:00,2024-09-11 09:15:00,3.08,sl,tenkan_momentum,0.01,2521.3799999999997,2524.46,2517.382000462654,2524.46,True,4.68,0.58,4,1.999,0.814
ichi,BUY,2024-09-11 11:45:00,2024-09-11 13:05:00,-5.39,sl,tenkan_momentum,0.01,2526.25,2520.8550900262226,2520.8550900262226,2520.8550900262226,False,0.86,5.52,17,2.697,1.092
ichi,BUY,2024-09-12 11:30:00,2024-09-12 13:45:00,-3.83,sl,tenkan_momentum,0.01,2519.16,2515.326133861513,2515.326133861513,2515.326133861513,False,1.76,4.52,28,1.917,0.785
ichi,BUY,2024-09-12 15:45:00,2024-09-12 15:55:00,4.67,sl,kijun_pullback,0.01,2527.71,2532.38,2520.8469011414736,2532.38,True,7.43,0.54,3,3.432,1.416
ichi,BUY,2024-09-13 04:30:00,2024-09-13 06:35:00,5.34,sl,kijun_pullback,0.01,2562.39,2567.73,2556.876440531928,2567.73,True,7.55,2.54,26,2.757,1.127
ichi,BUY,2024-09-13 09:30:00,2024-09-13 11:15:00,0.05,sl,tenkan_momentum,0.01,2567.7599999999998,2567.81,2562.576741000528,2567.81,True,3.19,3.95,22,2.592,1.048
ichi,BUY,2024-09-13 12:00:00,2024-09-13 12:55:00,0.05,sl,kijun_pullback,0.01,2569.95,2570.0,2564.2309002415386,2570.0,True,2.87,3.02,12,2.86,1.156
ichi,BUY,2024-09-13 17:15:00,2024-09-13 19:20:00,4.99,sl,kijun_pullback,0.01,2576.93,2581.92,2569.166222621428,2581.92,True,8.1,3.33,26,3.882,1.569
ichi,BUY,2024-09-16 06:30:00,2024-09-16 09:10:00,1.76,sl,tenkan_momentum,0.01,2585.98,2587.74,2581.6723147397142,2587.74,True,3.48,1.14,33,2.154,0.862
ichi,SELL,2024-09-17 17:45:00,2024-09-17 18:35:00,5.7,sl,tenkan_momentum,0.01,2572.28,2566.58,2581.1144014533743,2566.58,True,9.23,4.94,11,4.417,1.761
ichi,BUY,2024-09-18 16:00:00,2024-09-18 16:50:00,-4.95,sl,kijun_pullback,0.01,2576.35,2571.404585829766,2571.404585829766,2571.404585829766,False,2.1,7.03,11,2.473,0.975
ichi,SELL,2024-09-18 18:45:00,2024-09-18 21:00:00,-6.45,sl,tenkan_momentum,0.01,2569.18,2575.632215021072,2575.632215021072,2575.632215021072,False,2.68,18.8,28,3.226,1.284
ichi,BUY,2024-09-20 01:30:00,2024-09-20 05:55:00,3.15,sl,kijun_pullback,0.01,2587.5499999999997,2590.7,2583.307652321823,2590.7,True,4.85,2.84,54,2.121,0.855
ichi,BUY,2024-09-20 17:30:00,2024-09-20 18:10:00,0.05,sl,tenkan_momentum,0.01,2613.5899999999997,2613.64,2605.2261787943626,2613.64,True,4.79,1.69,9,4.182,1.676
ichi,BUY,2024-09-23 01:15:00,2024-09-23 05:40:00,2.56,sl,kijun_pullback,0.01,2620.9399999999996,2623.5,2615.3916896004253,2623.5,True,4.78,4.97,54,2.774,1.112
ichi,BUY,2024-09-23 05:45:00,2024-09-23 06:25:00,7.41,tp,kijun_pullback,0.01,2623.06,2630.4735324365824,2618.117645042278,2627.71,True,7.75,0.86,9,2.471,0.985
ichi,BUY,2024-09-23 15:45:00,2024-09-23 16:00:00,1.57,sl,tenkan_momentum,0.01,2624.1299999999997,2625.7,2618.444576513564,2625.7,True,3.84,0.34,4,2.843,1.117
ichi,BUY,2024-09-23 18:15:00,2024-09-24 07:05:00,4.47,sl,kijun_pullback,0.01,2628.41,2632.88,2620.641635241336,2632.88,True,7.58,4.67,143,3.884,1.521
ichi,BUY,2024-09-25 03:15:00,2024-09-25 04:05:00,2.41,sl,kijun_pullback,0.01,2658.43,2660.84,2653.647033384588,2660.84,True,4.32,0.86,11,2.391,0.928
ichi,BUY,2024-09-25 05:00:00,2024-09-25 05:30:00,2.57,sl,kijun_pullback,0.01,2660.1699999999996,2662.74,2654.408110586499,2662.74,True,4.87,0.58,7,2.881,1.113
ichi,BUY,2024-09-25 16:15:00,2024-09-25 17:10:00,0.05,sl,kijun_pullback,0.01,2663.2999999999997,2663.35,2656.974214193669,2663.35,True,3.91,3.3,12,3.163,1.216
ichi,BUY,2024-09-26 03:45:00,2024-09-26 05:00:00,0.05,sl,kijun_pullback,0.01,2659.14,2659.19,2655.0196813797984,2659.19,True,2.17,1.54,16,2.06,0.792
ichi,BUY,2024-09-26 05:30:00,2024-09-26 05:45:00,-4.55,sl,tenkan_momentum,0.01,2661.6099999999997,2657.0584491051054,2657.0584491051054,2657.0584491051054,False,0.0,4.63,4,2.276,0.875
ichi,BUY,2024-09-26 09:30:00,2024-09-26 10:10:00,0.05,sl,tenkan_momentum,0.01,2661.1699999999996,2661.22,2656.675351891693,2661.22,True,2.82,0.9,9,2.247,0.872
ichi,BUY,2024-09-26 16:00:00,2024-09-26 16:10:00,-11.01,sl,kijun_pullback,0.01,2677.33,2666.320313072825,2666.320313072825,2666.320313072825,False,2.27,13.8,3,5.505,2.135
ichi,BUY,2024-09-27 03:00:00,2024-09-27 04:35:00,-4.31,sl,kijun_pullback,0.01,2672.79,2668.480367194128,2668.480367194128,2668.480367194128,False,0.0,6.67,20,2.155,0.854
ichi,BUY,2024-09-27 15:45:00,2024-09-27 16:25:00,-6.69,sl,kijun_pullback,0.01,2671.87,2665.1797019720443,2665.1797019720443,2665.1797019720443,False,2.33,6.75,9,3.345,1.337
ichi,BUY,2024-10-01 14:45:00,2024-10-01 14:55:00,1.53,sl,kijun_pullback,0.01,2648.6,2650.13,2643.94268915845,2650.13,True,3.39,0.49,3,2.329,0.943
ichi,BUY,2024-10-01 16:30:00,2024-10-01 16:35:00,11.54,tp,tenkan_momentum,0.01,2654.0499999999997,2665.587422406743,2646.358385062171,2646.358385062171,False,14.12,1.69,2,3.846,1.553
ichi,BUY,2024-10-01 18:00:00,2024-10-01 18:40:00,0.05,sl,kijun_pullback,0.01,2659.21,2659.26,2648.94254697415,2659.26,True,6.11,5.46,9,5.134,2.026
ichi,SELL,2024-10-02 15:30:00,2024-10-02 15:35:00,-6.78,sl,tenkan_momentum,0.01,2645.35,2652.1293611565216,2652.1293611565216,2652.1293611565216,False,0.21,7.73,2,3.39,1.338
ichi,BUY,2024-10-02 17:30:00,2024-10-02 18:00:00,-8.66,sl,kijun_pullback,0.01,2654.5499999999997,2645.8931339444835,2645.8931339444835,2645.8931339444835,False,1.93,8.84,7,4.328,1.731
ichi,SELL,2024-10-03 15:45:00,2024-10-03 16:10:00,0.05,sl,tenkan_momentum,0.01,2645.88,2645.83,2652.923267434026,2645.83,True,4.16,1.74,6,3.522,1.433
ichi,SELL,2024-10-07 05:00:00,2024-10-07 09:10:00,3.73,sl,tenkan_momentum,0.01,2646.21,2642.48,2651.8943864773114,2642.48,True,6.28,2.65,51,2.842,1.157
ichi,SELL,2024-10-07 18:00:00,2024-10-08 05:55:00,2.85,sl,tenkan_momentum,0.01,2640.69,2637.84,2650.3326309386703,2637.84,True,6.71,9.62,132,4.821,1.947
ichi,SELL,2024-10-08 10:30:00,2024-10-08 11:25:00,2.45,gap,tenkan_momentum,0.01,2634.92,2632.47,2641.9714405479185,2631.65,True,6.09,3.78,12,3.526,1.416
ichi,BUY,2024-10-08 15:45:00,2024-10-08 16:25:00,-7.92,sl,kijun_pullback,0.01,2646.74,2638.8167748795577,2638.8167748795577,2638.8167748795577,False,2.36,10.09,9,3.962,1.583
ichi,BUY,2024-10-10 16:15:00,2024-10-10 17:05:00,6.55,sl,kijun_pullback,0.01,2620.2,2626.75,2612.912024984411,2626.75,True,9.47,4.29,11,3.644,1.48
ichi,BUY,2024-10-10 19:15:00,2024-10-10 19:55:00,-8.72,sl,tenkan_momentum,0.01,2628.56,2619.8378133342267,2619.8378133342267,2619.8378133342267,False,0.46,9.87,9,4.361,1.748
ichi,BUY,2024-10-11 10:15:00,2024-10-11 11:05:00,2.67,sl,kijun_pullback,0.01,2641.45,2644.12,2636.2650622056767,2644.12,True,4.74,2.37,11,2.592,1.057
ichi,BUY,2024-10-11 16:15:00,2024-10-11 16:45:00,2.26,gap,kijun_pullback,0.01,2647.75,2650.01,2641.432914082631,2650.87,True,5.65,1.58,7,3.159,1.281
ichi,BUY,2024-10-14 12:15:00,2024-10-14 13:55:00,-5.57,sl,kijun_pullback,0.01,2661.68,2656.1054229117226,2656.1054229117226,2656.1054229117226,False,0.74,5.87,21,2.787,1.125
ichi,BUY,2024-10-15 15:15:00,2024-10-15 15:35:00,4.2,sl,kijun_pullback,0.01,2650.66,2654.86,2644.450329477042,2654.86,True,6.68,0.65,5,3.105,1.268
ichi,BUY,2024-10-15 16:45:00,2024-10-15 17:25:00,6.81,sl,kijun_pullback,0.01,2651.9399999999996,2658.75,2644.35176011812,2658.75,True,9.85,4.96,9,3.794,1.536
ichi,BUY,2024-10-16 09:15:00,2024-10-16 09:30:00,2.11,sl,kijun_pullback,0.01,2673.2999999999997,2675.41,2667.6577711761056,2675.41,True,4.37,1.45,4,2.821,1.127
ichi,BUY,2024-10-16 14:30:00,2024-10-16 15:15:00,0.05,sl,tenkan_momentum,0.01,2678.2999999999997,2678.35,2673.127590423848,2678.35,True,2.7,1.03,10,2.586,1.029
ichi,BUY,2024-10-16 16:45:00,2024-10-16 16:50:00,-7.53,sl,tenkan_momentum,0.01,2684.08,2676.554109093941,2676.554109093941,2676.554109093941,False,0.14,8.92,2,3.763,1.496
ichi,BUY,2024-10-17 03:30:00,2024-10-17 04:10:00,1.59,sl,kijun_pullback,0.01,2676.0499999999997,2677.64,2672.9534575701196,2677.64,True,3.12,0.29,9,1.548,0.625
ichi,BUY,2024-10-17 05:45:00,2024-10-17 06:35:00,-4.42,sl,kijun_pullback,0.01,2680.8799999999997,2676.458009788727,2676.458009788727,2676.458009788727,False,1.8,4.95,11,2.211,0.89
ichi,BUY,2024-10-17 09:30:00,2024-10-17 09:45:00,0.05,sl,tenkan_momentum,0.01,2683.14,2683.19,2678.0080857906823,2683.19,True,2.58,0.98,4,2.566,1.042
ichi,BUY,2024-10-17 11:15:00,2024-10-17 12:20:00,-5.39,sl,tenkan_momentum,0.01,2682.99,2677.595391673102,2677.595391673102,2677.595391673102,False,0.93,5.95,14,2.697,1.095
ichi,BUY,2024-10-17 13:15:00,2024-10-17 14:10:00,3.0,sl,tenkan_momentum,0.01,2683.37,2686.37,2677.298556236798,2686.37,True,5.43,0.83,12,3.036,1.246
ichi,BUY,2024-10-17 19:45:00,2024-10-18 04:35:00,12.89,tp,tenkan_momentum,0.01,2690.56,2703.445050356033,2681.969966429311,2698.77,True,14.26,1.65,95,4.295,1.752
ichi,BUY,2024-10-18 09:45:00,2024-10-18 12:40:00,3.73,sl,kijun_pullback,0.01,2707.04,2710.77,2700.951572895028,2710.77,True,6.17,5.26,36,3.044,1.21
ichi,BUY,2024-10-18 16:45:00,2024-10-18 17:45:00,4.29,sl,tenkan_momentum,0.01,2712.77,2717.06,2705.1478103987765,2717.06,True,7.34,1.42,13,3.811,1.504
ichi,BUY,2024-10-21 04:15:00,2024-10-21 06:15:00,1.4,sl,kijun_pullback,0.01,2728.3799999999997,2729.78,2722.845400340713,2729.78,True,3.61,3.67,25,2.767,1.083
ichi,BUY,2024-10-21 10:00:00,2024-10-21 12:30:00,3.61,sl,tenkan_momentum,0.01,2730.3999999999996,2734.01,2725.2607612337843,2734.01,True,5.83,5.08,31,2.57,1.003
ichi,BUY,2024-10-21 14:00:00,2024-10-21 14:50:00,1.88,sl,tenkan_momentum,0.01,2733.6699999999996,2735.55,2727.8707276973564,2735.55,True,4.43,0.6,11,2.9,1.124
ichi,BUY,2024-10-22 11:15:00,2024-10-22 11:30:00,2.08,sl,kijun_pullback,0.01,2734.2799999999997,2736.36,2729.28582300596,2736.36,True,4.08,0.3,4,2.497,0.964
ichi,BUY,2024-10-22 13:15:00,2024-10-22 14:00:00,2.58,sl,kijun_pullback,0.01,2734.71,2737.29,2729.4944848949813,2737.29,True,4.67,0.4,10,2.608,1.003
ichi,BUY,2024-10-22 15:30:00,2024-10-22 16:35:00,1.55,sl,kijun_pullback,0.01,2736.3399999999997,2737.89,2730.2413677919653,2737.89,True,4.3,3.39,14,3.049,1.167
ichi,BUY,2024-10-22 17:00:00,2024-10-22 17:25:00,2.49,sl,kijun_pullback,0.01,2735.52,2738.01,2728.729103242294,2738.01,True,5.21,1.71,6,3.395,1.295
ichi,BUY,2024-10-24 15:45:00,2024-10-24 16:45:00,-5.38,sl,kijun_pullback,0.01,2741.0699999999997,2735.6860356101156,2735.6860356101156,2735.6860356101156,False,2.12,6.18,13,2.692,1.022
ichi,SELL,2024-10-24 19:15:00,2024-10-24 20:05:00,-8.38,sl,tenkan_momentum,0.01,2727.84,2736.218878962614,2736.218878962614,2736.218878962614,False,1.79,9.14,11,4.189,1.607
ichi,SELL,2024-10-25 09:15:00,2024-10-25 09:45:00,-4.59,sl,tenkan_momentum,0.01,2726.58,2731.166161816135,2731.166161816135,2731.166161816135,False,1.43,4.79,7,2.293,0.894
ichi,BUY,2024-10-28 09:45:00,2024-10-28 10:35:00,-7.04,sl,tenkan_momentum,0.01,2739.97,2732.9305378698796,2732.9305378698796,2732.9305378698796,False,1.58,7.85,11,3.52,1.385
ichi,BUY,2024-10-29 02:45:00,2024-10-29 03:15:00,2.93,gap,tenkan_momentum,0.01,2745.5299999999997,2748.46,2742.051603370613,2748.47,True,4.47,0.2,7,1.739,0.694
ichi,BUY,2024-10-29 05:45:00,2024-10-29 07:15:00,1.76,sl,tenkan_momentum,0.01,2752.98,2754.74,2747.608144395997,2754.74,True,3.91,1.87,19,2.686,1.065
ichi,BUY,2024-10-29 08:30:00,2024-10-29 08:55:00,2.38,sl,kijun_pullback,0.01,2751.96,2754.34,2746.533253374895,2754.34,True,4.55,0.24,6,2.713,1.072
ichi,BUY,2024-10-29 15:45:00,2024-10-29 16:30:00,7.69,gap,kijun_pullback,0.01,2760.85,2768.54,2753.152967976341,2768.64,True,10.87,1.36,10,3.849,1.514
ichi,BUY,2024-10-29 17:45:00,2024-10-29 18:30:00,2.91,sl,tenkan_momentum,0.01,2763.8799999999997,2766.79,2755.323448481854,2766.79,True,6.33,1.52,10,4.278,1.658
ichi,BUY,2024-10-30 05:00:00,2024-10-30 07:55:00,2.38,sl,tenkan_momentum,0.01,2780.71,2783.09,2776.0993628779106,2783.09,True,4.22,3.42,36,2.305,0.888
ichi,BUY,2024-10-31 01:30:00,2024-10-31 03:10:00,1.66,sl,kijun_pullback,0.01,2786.85,2788.51,2782.892227174233,2788.51,True,3.24,2.14,21,1.979,0.759
ichi,SELL,2024-11-01 12:15:00,2024-11-01 12:45:00,3.03,gap,tenkan_momentum,0.01,2750.38,2747.35,2756.0293940179254,2747.3,True,5.34,0.5,7,2.825,1.08
ichi,SELL,2024-11-05 04:30:00,2024-11-05 04:40:00,5.11,gap,tenkan_momentum,0.01,2733.97,2728.8599999999997,2738.939162055907,2728.7,True,8.16,0.91,3,2.485,0.945
ichi,BUY,2024-11-05 17:00:00,2024-11-05 17:20:00,-7.65,sl,kijun_pullback,0.01,2742.89,2735.2375567561426,2735.2375567561426,2735.2375567561426,False,2.51,7.76,5,3.826,1.441
ichi,SELL,2024-11-06 08:15:00,2024-11-06 08:30:00,12.22,sl,tenkan_momentum,0.01,2732.67,2720.45,2744.4684334431195,2720.45,True,23.13,3.25,4,5.899,2.254
ichi,SELL,2024-11-07 03:15:00,2024-11-07 03:20:00,13.1,tp,tenkan_momentum,0.01,2658.36,2645.26340520631,2667.0910631957936,2667.0910631957936,False,14.83,0.33,2,4.366,1.63
ichi,SELL,2024-11-08 10:15:00,2024-11-08 13:35:00,-7.23,sl,tenkan_momentum,0.01,2685.08,2692.311483514703,2692.311483514703,2692.311483514703,False,2.86,7.54,41,3.616,1.318
ichi,BUY,2024-11-08 16:15:00,2024-11-08 16:40:00,-8.59,sl,tenkan_momentum,0.01,2700.58,2691.988617411862,2691.988617411862,2691.988617411862,False,0.35,9.13,6,4.296,1.586
ichi,SELL,2024-11-11 03:15:00,2024-11-11 03:25:00,2.53,sl,tenkan_momentum,0.01,2677.87,2675.34,2684.000928282707,2675.34,True,4.98,0.32,3,3.065,1.15
ichi,SELL,2024-11-11 11:30:00,2024-11-11 12:10:00,-5.92,sl,tenkan_momentum,0.01,2665.56,2671.476977272854,2671.476977272854,2671.476977272854,False,1.51,6.89,9,2.958,1.105
ichi,SELL,2024-11-12 10:30:00,2024-11-12 11:15:00,7.1,sl,tenkan_momentum,0.01,2602.0,2594.9,2611.5775592133223,2594.9,True,10.93,1.33,10,4.789,1.808
ichi,SELL,2024-11-13 18:15:00,2024-11-13 18:35:00,10.21,sl,tenkan_momentum,0.01,2601.92,2591.71,2611.9380291820776,2591.71,True,14.22,0.2,5,5.009,1.867
ichi,SELL,2024-11-14 03:15:00,2024-11-14 04:05:00,3.49,sl,tenkan_momentum,0.01,2567.68,2564.19,2576.2100716106725,2564.19,True,6.9,2.7,11,4.265,1.56
ichi,SELL,2024-11-14 11:15:00,2024-11-14 11:35:00,11.37,tp,tenkan_momentum,0.01,2554.65,2543.2802060148206,2562.2298626567863,2549.53,True,13.52,0.35,5,3.79,1.377
ichi,BUY,2024-11-18 08:15:00,2024-11-18 10:25:00,1.14,gap,kijun_pullback,0.01,2585.43,2586.57,2578.6911031423733,2587.31,True,4.58,3.72,27,3.369,1.2
ichi,BUY,2024-11-18 11:30:00,2024-11-18 12:00:00,2.68,sl,tenkan_momentum,0.01,2591.81,2594.49,2584.8759005608495,2594.49,True,5.45,2.1,7,3.467,1.232
ichi,BUY,2024-11-18 14:45:00,2024-11-18 15:10:00,0.05,sl,tenkan_momentum,0.01,2595.12,2595.17,2588.022421661415,2595.17,True,3.84,1.39,6,3.549,1.255
ichi,BUY,2024-11-19 01:15:00,2024-11-19 03:10:00,3.55,gap,kijun_pullback,0.01,2611.5699999999997,2615.12,2607.136951405763,2615.17,True,6.08,0.62,24,2.217,0.784
ichi,BUY,2024-11-19 03:45:00,2024-11-19 04:40:00,7.31,tp,kijun_pullback,0.01,2615.4399999999996,2622.747475230163,2610.5683498465573,2620.68,True,8.67,1.33,12,2.436,0.856
ichi,BUY,2024-11-19 10:45:00,2024-11-19 11:25:00,2.5,sl,kijun_pullback,0.01,2626.87,2629.37,2620.643096547764,2629.37,True,4.99,3.66,9,3.113,1.08
ichi,BUY,2024-11-19 15:45:00,2024-11-19 16:15:00,-8.1,sl,tenkan_momentum,0.01,2634.9199999999996,2626.815234549477,2626.815234549477,2626.815234549477,False,2.0,10.4,7,4.052,1.4
ichi,BUY,2024-11-20 07:45:00,2024-11-20 08:05:00,-4.24,sl,kijun_pullback,0.01,2638.0699999999997,2633.8267963394105,2633.8267963394105,2633.8267963394105,False,0.34,6.14,5,2.122,0.743
ichi,BUY,2024-11-21 01:45:00,2024-11-21 03:00:00,4.47,sl,kijun_pullback,0.01,2652.14,2656.61,2647.140659109548,2656.61,True,8.27,0.32,16,2.5,0.882
ichi,BUY,2024-11-21 03:45:00,2024-11-21 07:10:00,0.05,sl,kijun_pullback,0.01,2655.6499999999996,2655.7,2649.907235615431,2655.7,True,3.28,5.27,42,2.871,1.006
ichi,BUY,2024-11-21 07:30:00,2024-11-21 08:20:00,3.41,sl,kijun_pullback,0.01,2656.12,2659.53,2651.3477263239283,2659.53,True,5.48,1.43,11,2.386,0.836
ichi,BUY,2024-11-21 14:30:00,2024-11-21 15:00:00,-6.55,sl,kijun_pullback,0.01,2667.33,2660.782446281495,2660.782446281495,2660.782446281495,False,0.0,6.87,7,3.274,1.14
ichi,BUY,2024-11-21 16:15:00,2024-11-21 16:50:00,-7.53,sl,kijun_pullback,0.01,2669.21,2661.6817329844757,2661.6817329844757,2661.6817329844757,False,2.35,7.72,8,3.764,1.325
ichi,BUY,2024-11-22 03:15:00,2024-11-22 04:40:00,7.59,tp,kijun_pullback,0.01,2677.91,2685.4980501579357,2672.8512998947094,2682.8,True,8.44,2.55,18,2.529,0.903
ichi,BUY,2024-11-22 11:45:00,2024-11-22 13:15:00,0.05,sl,kijun_pullback,0.01,2705.04,2705.09,2696.9901580876135,2705.09,True,4.95,2.38,19,4.025,1.417
ichi,BUY,2024-11-22 13:45:00,2024-11-22 15:25:00,-8.76,sl,kijun_pullback,0.01,2702.96,2694.204831382076,2694.204831382076,2694.204831382076,False,1.9,11.98,21,4.378,1.541
ichi,BUY,2024-11-25 01:15:00,2024-11-25 01:45:00,3.68,sl,kijun_pullback,0.01,2713.7599999999998,2717.44,2704.079697975684,2717.44,True,7.55,2.38,7,4.84,1.73
ichi,SELL,2024-11-26 10:30:00,2024-11-26 11:15:00,-7.89,sl,tenkan_momentum,0.01,2614.58,2622.4689103820915,2622.4689103820915,2622.4689103820915,False,1.87,8.86,10,3.944,1.401
ichi,BUY,2024-11-27 13:45:00,2024-11-27 14:45:00,1.99,sl,tenkan_momentum,0.01,2650.5699999999997,2652.56,2644.4557989956816,2652.56,True,4.44,1.55,13,3.057,1.101
ichi,BUY,2024-11-27 15:45:00,2024-11-27 16:00:00,2.59,sl,kijun_pullback,0.01,2652.6099999999997,2655.2,2645.1118845618057,2655.2,True,5.59,1.05,4,3.749,1.346
ichi,SELL,2024-11-28 03:15:00,2024-11-28 03:25:00,3.8,gap,tenkan_momentum,0.01,2628.07,2624.27,2634.7367023972574,2623.89,True,6.85,1.37,3,3.333,1.191
ichi,BUY,2024-11-28 15:45:00,2024-11-28 16:55:00,-5.34,sl,kijun_pullback,0.01,2647.1699999999996,2641.834369511941,2641.834369511941,2641.834369511941,False,0.78,6.34,15,2.668,0.947
ichi,SELL,2024-11-29 03:00:00,2024-11-29 03:10:00,-4.75,sl,tenkan_momentum,0.01,2636.06,2640.8132681461007,2640.8132681461007,2640.8132681461007,False,1.83,5.74,3,2.377,0.851
ichi,BUY,2024-11-29 11:15:00,2024-11-29 12:20:00,0.05,sl,kijun_pullback,0.01,2661.5499999999997,2661.6,2654.251456904442,2661.6,True,3.74,4.05,14,3.649,1.319
ichi,BUY,2024-11-29 15:30:00,2024-11-29 16:30:00,-7.42,sl,tenkan_momentum,0.01,2662.29,2654.8742523854044,2654.8742523854044,2654.8742523854044,False,0.55,7.61,13,3.708,1.34
ichi,BUY,2024-12-03 11:00:00,2024-12-03 14:20:00,-6.07,sl,kijun_pullback,0.01,2645.3799999999997,2639.3053450992097,2639.3053450992097,2639.3053450992097,False,2.64,7.15,41,3.037,1.112
ichi,BUY,2024-12-05 07:45:00,2024-12-05 07:55:00,0.05,sl,kijun_pullback,0.01,2652.9399999999996,2652.99,2647.9490677682825,2652.99,True,2.6,0.25,3,2.495,0.924
ichi,BUY,2024-12-05 14:45:00,2024-12-05 15:10:00,0.05,sl,tenkan_momentum,0.01,2651.08,2651.13,2645.7523097884387,2651.13,True,3.41,0.88,6,2.664,0.986
ichi,SELL,2024-12-05 18:30:00,2024-12-05 19:40:00,13.31,tp,tenkan_momentum,0.01,2637.65,2624.3399251207343,2646.523383252844,2628.11,True,13.75,2.2,15,4.437,1.643
ichi,BUY,2024-12-06 12:00:00,2024-12-06 12:40:00,-6.41,sl,kijun_pullback,0.01,2640.9399999999996,2634.5295990669697,2634.5295990669697,2634.5295990669697,False,0.0,6.49,9,3.205,1.158
ichi,SELL,2024-12-06 16:15:00,2024-12-06 17:00:00,-9.69,sl,tenkan_momentum,0.01,2628.19,2637.883516903881,2637.883516903881,2637.883516903881,False,2.11,10.67,10,4.847,1.772
ichi,BUY,2024-12-10 04:00:00,2024-12-10 04:10:00,0.05,sl,kijun_pullback,0.01,2667.71,2667.76,2661.699155235156,2667.76,True,3.15,1.55,3,3.005,1.119
ichi,BUY,2024-12-10 08:30:00,2024-12-10 09:55:00,-5.69,sl,tenkan_momentum,0.01,2669.9199999999996,2664.233240528951,2664.233240528951,2664.233240528951,False,0.94,6.23,18,2.843,1.058
ichi,BUY,2024-12-10 12:45:00,2024-12-10 14:10:00,2.48,sl,kijun_pullback,0.01,2673.99,2676.47,2667.5648739727912,2676.47,True,5.05,4.22,18,3.213,1.208
ichi,BUY,2024-12-11 02:15:00,2024-12-11 02:35:00,2.87,sl,kijun_pullback,0.01,2695.0,2697.87,2690.2400892665655,2697.87,True,4.77,0.7,5,2.38,0.891
ichi,BUY,2024-12-11 04:30:00,2024-12-11 05:40:00,-6.01,sl,tenkan_momentum,0.01,2702.3599999999997,2696.3450582939204,2696.3450582939204,2696.3450582939204,False,1.7,9.1,15,3.007,1.12
ichi,BUY,2024-12-11 15:45:00,2024-12-11 17:05:00,6.58,sl,kijun_pullback,0.01,2700.64,2707.22,2692.050249164946,2707.22,True,10.02,4.16,17,4.295,1.618
ichi,BUY,2024-12-12 01:15:00,2024-12-12 03:00:00,8.5,tp,kijun_pullback,0.01,2717.37,2725.869898863024,2711.703400757984,2722.02,True,8.78,0.57,22,2.833,1.054
ichi,BUY,2024-12-12 12:45:00,2024-12-12 13:05:00,-6.71,sl,kijun_pullback,0.01,2715.45,2708.742112336922,2708.742112336922,2708.742112336922,False,0.0,7.78,5,3.354,1.228
ichi,SELL,2024-12-13 09:30:00,2024-12-13 11:00:00,9.5,tp,tenkan_momentum,0.01,2682.8,2673.304009338342,2689.1306604411056,2677.27,True,11.57,2.23,19,3.165,1.174
ichi,SELL,2024-12-16 03:00:00,2024-12-16 03:20:00,-5.98,sl,tenkan_momentum,0.01,2647.01,2652.994213041679,2652.994213041679,2652.994213041679,False,0.03,7.39,5,2.992,1.09
ichi,SELL,2024-12-17 08:15:00,2024-12-17 08:25:00,2.24,sl,tenkan_momentum,0.01,2651.26,2649.02,2656.14476518189,2649.02,True,4.19,0.89,3,2.442,0.9
ichi,SELL,2024-12-17 10:15:00,2024-12-17 10:40:00,2.21,sl,tenkan_momentum,0.01,2650.47,2648.26,2656.31913074318,2648.26,True,4.55,1.68,6,2.925,1.073
ichi,SELL,2024-12-17 16:45:00,2024-12-17 17:05:00,0.05,sl,tenkan_momentum,0.01,2638.99,2638.94,2647.1988574204925,2638.94,True,4.15,1.82,5,4.104,1.5
ichi,SELL,2024-12-18 15:45:00,2024-12-18 16:40:00,3.72,gap,tenkan_momentum,0.01,2643.62,2639.8999999999996,2648.685793386779,2639.8,True,5.9,2.63,12,2.533,0.925
ichi,SELL,2024-12-18 20:00:00,2024-12-18 21:00:00,8.22,tp,tenkan_momentum,0.01,2636.03,2627.8095920306087,2641.5102719795946,2641.5102719795946,False,10.52,3.14,13,2.74,0.994
ichi,BUY,2024-12-23 10:15:00,2024-12-23 10:50:00,0.05,sl,kijun_pullback,0.01,2629.1,2629.15,2623.7247016830506,2629.15,True,3.0,1.26,8,2.688,0.961
ichi,BUY,2024-12-24 09:00:00,2024-12-24 09:10:00,1.05,sl,tenkan_momentum,0.01,2618.81,2619.86,2614.9060539850893,2619.86,True,2.65,0.2,3,1.952,0.698
ichi,SELL,2024-12-24 15:00:00,2024-12-24 15:50:00,0.05,sl,tenkan_momentum,0.01,2613.66,2613.61,2617.9228286086554,2613.61,True,2.17,1.27,11,2.131,0.761
ichi,SELL,2024-12-24 16:45:00,2024-12-24 17:05:00,1.92,sl,tenkan_momentum,0.01,2614.28,2612.36,2619.369740132899,2612.36,True,4.06,0.3,5,2.545,0.908
ichi,BUY,2024-12-26 01:15:00,2024-12-26 02:45:00,2.6,sl,kijun_pullback,0.01,2618.04,2620.64,2613.069731883558,2620.64,True,4.59,0.34,19,2.485,0.884
ichi,BUY,2024-12-26 10:15:00,2024-12-26 15:15:00,0.05,sl,kijun_pullback,0.01,2628.37,2628.42,2624.1280757245063,2628.42,True,2.75,3.68,61,2.121,0.751
ichi,BUY,2024-12-26 15:20:00,2024-12-26 15:30:00,-4.24,sl,kijun_pullback,0.01,2629.46,2625.223397177548,2625.223397177548,2625.223397177548,False,0.0,5.18,3,2.118,0.75
ichi,BUY,2024-12-26 20:30:00,2024-12-27 01:00:00,-5.64,sl,tenkan_momentum,0.01,2635.16,2629.515111536848,2629.515111536848,2629.515111536848,False,0.98,5.76,43,2.822,1.006
ichi,BUY,2024-12-27 01:45:00,2024-12-27 04:35:00,-4.36,sl,tenkan_momentum,0.01,2633.46,2629.103263483514,2629.103263483514,2629.103263483514,False,1.03,4.52,35,2.178,0.785
ichi,BUY,2024-12-27 08:15:00,2024-12-27 08:35:00,1.41,sl,tenkan_momentum,0.01,2633.9399999999996,2635.35,2629.9952514409856,2635.35,True,2.99,0.2,5,1.972,0.716
ichi,SELL,2024-12-30 08:45:00,2024-12-30 09:10:00,1.26,sl,tenkan_momentum,0.01,2620.16,2618.9,2624.682344047177,2618.9,True,3.07,0.2,6,2.261,0.819
ichi,BUY,2025-01-02 01:15:00,2025-01-02 02:55:00,1.12,sl,kijun_pullback,0.01,2624.89,2626.01,2620.9919466214137,2626.01,True,2.91,3.41,21,1.949,0.704
ichi,BUY,2025-01-02 03:15:00,2025-01-02 03:45:00,2.53,sl,kijun_pullback,0.01,2629.6,2632.13,2624.503534064078,2632.13,True,4.75,0.27,7,2.548,0.919
ichi,BUY,2025-01-02 09:45:00,2025-01-02 10:10:00,1.45,gap,kijun_pullback,0.01,2633.8599999999997,2635.31,2629.6997294342686,2635.47,True,3.27,0.9,6,2.08,0.747
ichi,BUY,2025-01-02 12:15:00,2025-01-02 12:30:00,4.68,sl,tenkan_momentum,0.01,2639.1699999999996,2643.85,2632.877187040779,2643.85,True,7.2,1.01,4,3.146,1.126
ichi,BUY,2025-01-02 16:00:00,2025-01-02 16:35:00,3.79,sl,kijun_pullback,0.01,2643.21,2647.0,2635.364538305531,2647.0,True,6.93,2.84,8,3.923,1.393
ichi,BUY,2025-01-03 04:00:00,2025-01-03 04:20:00,1.34,gap,kijun_pullback,0.01,2659.6699999999996,2661.01,2654.6663115287374,2662.04,True,4.37,3.43,5,2.502,0.882
ichi,SELL,2025-01-06 06:15:00,2025-01-06 06:25:00,0.05,sl,tenkan_momentum,0.01,2638.22,2638.17,2643.3888857964803,2638.17,True,2.69,0.82,3,2.584,0.909
ichi,BUY,2025-01-07 10:15:00,2025-01-07 13:10:00,1.89,sl,tenkan_momentum,0.01,2643.0299999999997,2644.92,2637.9965332150086,2644.92,True,3.9,2.51,26,2.517,0.885
ichi,BUY,2025-01-07 13:30:00,2025-01-07 14:10:00,3.69,sl,kijun_pullback,0.01,2645.77,2649.46,2640.987579181043,2649.46,True,5.6,1.05,9,2.391,0.838
ichi,BUY,2025-01-07 18:45:00,2025-01-08 15:25:00,0.05,sl,kijun_pullback,0.01,2654.4399999999996,2654.49,2644.9529576805594,2654.49,True,4.88,9.19,237,4.744,1.653
ichi,BUY,2025-01-09 03:45:00,2025-01-09 05:55:00,0.05,sl,kijun_pullback,0.01,2659.33,2659.38,2654.2473879603294,2659.38,True,2.86,3.14,27,2.541,0.885
ichi,BUY,2025-01-09 08:45:00,2025-01-09 09:30:00,0.05,sl,kijun_pullback,0.01,2664.31,2664.36,2659.6265698722304,2664.36,True,2.65,0.41,10,2.342,0.816
ichi,BUY,2025-01-09 10:30:00,2025-01-09 13:00:00,1.52,sl,tenkan_momentum,0.01,2664.99,2666.51,2659.796709784444,2666.51,True,3.73,3.79,31,2.597,0.904
ichi,BUY,2025-01-09 16:45:00,2025-01-09 18:55:00,-7.34,sl,kijun_pullback,0.01,2674.0099999999998,2666.6658407987893,2666.6658407987893,2666.6658407987893,False,1.61,8.03,27,3.672,1.276
ichi,BUY,2025-01-10 03:30:00,2025-01-10 04:35:00,1.48,sl,tenkan_momentum,0.01,2671.7,2673.18,2667.8731715315557,2673.18,True,3.01,2.24,14,1.913,0.673
ichi,BUY,2025-01-10 07:15:00,2025-01-10 07:45:00,1.24,sl,kijun_pullback,0.01,2673.2999999999997,2674.54,2669.9967921050993,2674.54,True,2.56,0.37,7,1.652,0.58
ichi,BUY,2025-01-10 10:00:00,2025-01-10 10:10:00,0.05,sl,kijun_pullback,0.01,2676.3599999999997,2676.41,2671.7827275424684,2676.41,True,2.52,0.73,3,2.289,0.801
ichi,BUY,2025-01-10 12:15:00,2025-01-10 14:35:00,-5.4,sl,tenkan_momentum,0.01,2680.8599999999997,2675.4582188664917,2675.4582188664917,2675.4582188664917,False,2.22,5.74,29,2.701,0.946
ichi,BUY,2025-01-10 15:15:00,2025-01-10 15:30:00,-5.91,sl,tenkan_momentum,0.01,2680.3999999999996,2674.488908670232,2674.488908670232,2674.488908670232,False,0.55,16.44,4,2.956,1.045
ichi,BUY,2025-01-13 10:15:00,2025-01-13 12:00:00,-5.99,sl,kijun_pullback,0.01,2688.39,2682.4029661593067,2682.4029661593067,2682.4029661593067,False,1.32,9.25,22,2.994,1.069
ichi,SELL,2025-01-14 11:45:00,2025-01-14 14:20:00,-5.43,sl,tenkan_momentum,0.01,2665.4,2670.8273805228087,2670.8273805228087,2670.8273805228087,False,0.76,6.47,32,2.714,0.98
ichi,SELL,2025-01-14 15:30:00,2025-01-14 15:40:00,5.19,gap,tenkan_momentum,0.01,2670.85,2665.66,2678.115982226116,2663.77,True,9.99,3.7,3,3.633,1.325
ichi,BUY,2025-01-15 15:15:00,2025-01-15 15:35:00,1.78,gap,kijun_pullback,0.01,2686.1099999999997,2687.89,2681.0599700841994,2691.26,True,7.17,3.96,5,2.525,0.912
ichi,BUY,2025-01-16 02:30:00,2025-01-16 03:35:00,3.51,sl,kijun_pullback,0.01,2696.4399999999996,2699.95,2690.9277751707978,2699.95,True,5.71,1.87,14,2.756,0.992
ichi,BUY,2025-01-16 15:00:00,2025-01-16 15:30:00,9.74,tp,kijun_pullback,0.01,2703.81,2713.5501794359634,2697.316547042691,2709.15,True,10.8,2.41,7,3.247,1.162
ichi,BUY,2025-01-16 18:00:00,2025-01-16 19:50:00,4.24,sl,tenkan_momentum,0.01,2717.25,2721.49,2709.074142647645,2721.49,True,7.51,0.47,23,4.088,1.438
ichi,BUY,2025-01-20 11:30:00,2025-01-20 13:15:00,3.59,sl,kijun_pullback,0.01,2706.75,2710.34,2701.174677418643,2710.34,True,5.82,2.12,22,2.788,0.973
ichi,BUY,2025-01-20 13:20:00,2025-01-20 15:35:00,-5.86,sl,kijun_pullback,0.01,2709.3399999999997,2703.4837740161183,2703.4837740161183,2703.4837740161183,False,1.19,7.57,28,2.928,1.016
ichi,BUY,2025-01-21 01:45:00,2025-01-21 04:00:00,10.37,tp,kijun_pullback,0.01,2709.0099999999998,2719.380472513202,2702.096351657865,2716.47,True,10.97,6.2,28,3.457,1.212
ichi,BUY,2025-01-21 16:15:00,2025-01-21 17:00:00,10.17,tp,tenkan_momentum,0.01,2728.96,2739.127952523624,2722.1813649842506,2735.77,True,10.8,0.43,10,3.389,1.167
ichi,BUY,2025-01-22 01:30:00,2025-01-22 02:15:00,0.05,sl,kijun_pullback,0.01,2742.7599999999998,2742.81,2737.949895694686,2742.81,True,2.58,0.79,10,2.405,0.814
ichi,BUY,2025-01-22 05:00:00,2025-01-22 07:05:00,1.83,sl,tenkan_momentum,0.01,2749.1299999999997,2750.96,2744.3362248461185,2750.96,True,3.85,1.25,26,2.397,0.811
ichi,BUY,2025-01-22 15:00:00,2025-01-22 15:35:00,-6.3,sl,tenkan_momentum,0.01,2758.3399999999997,2752.044511014166,2752.044511014166,2752.044511014166,False,3.29,7.45,8,3.148,1.062
ichi,BUY,2025-01-23 08:30:00,2025-01-23 11:20:00,-3.88,sl,tenkan_momentum,0.01,2755.06,2751.180020288662,2751.180020288662,2751.180020288662,False,0.1,9.39,35,1.94,0.661
ichi,SELL,2025-01-23 16:45:00,2025-01-23 18:15:00,-8.62,sl,tenkan_momentum,0.01,2741.5,2750.1233991667705,2750.1233991667705,2750.1233991667705,False,0.76,10.26,19,4.312,1.479
ichi,BUY,2025-01-23 18:30:00,2025-01-23 18:50:00,2.56,sl,tenkan_momentum,0.01,2751.24,2753.8,2742.5210087833348,2753.8,True,6.09,0.23,5,4.359,1.518
ichi,BUY,2025-01-24 02:15:00,2025-01-24 03:00:00,2.32,sl,kijun_pullback,0.01,2757.0099999999998,2759.33,2752.6225879330323,2759.33,True,4.07,1.17,10,2.194,0.761
ichi,BUY,2025-01-24 11:00:00,2025-01-24 11:35:00,0.87,gap,kijun_pullback,0.01,2773.45,2774.32,2768.075767524331,2775.61,True,4.31,2.07,8,2.687,0.928
ichi,BUY,2025-01-24 14:00:00,2025-01-24 15:25:00,4.6,sl,kijun_pullback,0.01,2776.74,2781.34,2771.221513890182,2781.34,True,6.81,0.58,18,2.759,0.951
ichi,BUY,2025-01-24 17:15:00,2025-01-24 17:55:00,-7.7,sl,kijun_pullback,0.01,2783.5,2775.8019578289873,2775.8019578289873,2775.8019578289873,False,2.44,7.91,9,3.849,1.317
ichi,SELL,2025-01-27 17:00:00,2025-01-27 17:10:00,5.44,sl,tenkan_momentum,0.01,2750.78,2745.34,2761.142913911455,2745.34,True,9.59,0.45,3,5.181,1.796
ichi,SELL,2025-01-28 10:00:00,2025-01-28 10:40:00,2.33,sl,tenkan_momentum,0.01,2739.13,2736.8,2743.593875977481,2736.8,True,4.12,0.91,9,2.232,0.767
ichi,BUY,2025-01-29 04:15:00,2025-01-29 06:05:00,-3.25,sl,kijun_pullback,0.01,2765.35,2762.102766585358,2762.102766585358,2762.102766585358,False,0.28,3.73,23,1.624,0.555
ichi,BUY,2025-01-29 11:15:00,2025-01-29 12:40:00,-4.19,sl,kijun_pullback,0.01,2762.25,2758.0577861882166,2758.0577861882166,2758.0577861882166,False,1.99,4.74,18,2.096,0.721
ichi,BUY,2025-01-30 08:15:00,2025-01-30 09:05:00,3.95,sl,kijun_pullback,0.01,2761.5899999999997,2765.54,2757.9538977328134,2765.54,True,5.41,0.99,11,1.818,0.63
ichi,BUY,2025-01-31 01:30:00,2025-01-31 02:25:00,1.9,sl,kijun_pullback,0.01,2795.02,2796.92,2788.1919423003465,2796.92,True,4.63,2.07,12,3.414,1.175
ichi,BUY,2025-01-31 03:00:00,2025-01-31 09:40:00,2.62,sl,kijun_pullback,0.01,2795.99,2798.61,2789.6481274892362,2798.61,True,5.16,3.81,81,3.171,1.088
ichi,BUY,2025-01-31 19:30:00,2025-01-31 19:45:00,4.25,sl,kijun_pullback,0.01,2808.14,2812.39,2799.236897921543,2812.39,True,7.94,1.11,4,4.452,1.52
ichi,BUY,2025-02-03 20:15:00,2025-02-04 04:20:00,0.05,sl,kijun_pullback,0.01,2819.4199999999996,2819.47,2808.82926386969,2819.47,True,5.3,9.1,86,5.295,1.795
ichi,BUY,2025-02-04 05:00:00,2025-02-04 07:05:00,-6.48,sl,tenkan_momentum,0.01,2821.3399999999997,2814.8621573834766,2814.8621573834766,2814.8621573834766,False,3.07,7.97,26,3.239,1.098
ichi,BUY,2025-02-05 02:30:00,2025-02-05 02:40:00,2.86,gap,kijun_pullback,0.01,2843.1,2845.96,2838.2109511861418,2846.32,True,5.18,0.3,3,2.445,0.838
ichi,BUY,2025-02-05 04:15:00,2025-02-05 06:55:00,2.45,sl,kijun_pullback,0.01,2852.5699999999997,2855.02,2845.496600385182,2855.02,True,5.47,4.79,33,3.537,1.206
ichi,BUY,2025-02-05 19:00:00,2025-02-05 20:45:00,-9.83,sl,tenkan_momentum,0.01,2875.37,2865.5367896629195,2865.5367896629195,2865.5367896629195,False,1.37,11.47,22,4.917,1.67
ichi,BUY,2025-02-06 04:00:00,2025-02-06 05:25:00,-6.92,sl,tenkan_momentum,0.01,2871.96,2865.04067845495,2865.04067845495,2865.04067845495,False,1.32,7.59,18,3.46,1.195
ichi,BUY,2025-02-06 13:45:00,2025-02-06 14:15:00,0.05,sl,tenkan_momentum,0.01,2865.75,2865.8,2858.0955804561527,2865.8,True,4.55,1.15,7,3.827,1.338
ichi,BUY,2025-02-07 10:15:00,2025-02-07 11:10:00,2.67,sl,kijun_pullback,0.01,2865.68,2868.35,2860.448957330043,2868.35,True,4.97,2.38,12,2.616,0.914
ichi,BUY,2025-02-10 04:00:00,2025-02-10 07:50:00,4.85,sl,tenkan_momentum,0.01,2872.16,2877.01,2864.4164975530775,2877.01,True,7.95,0.93,47,3.872,1.347
ichi,BUY,2025-02-10 16:30:00,2025-02-10 17:00:00,0.05,sl,kijun_pullback,0.01,2904.52,2904.57,2896.13238414563,2904.57,True,4.73,2.74,7,4.194,1.447
ichi,SELL,2025-02-12 05:15:00,2025-02-12 08:05:00,0.05,sl,tenkan_momentum,0.01,2888.26,2888.21,2896.1641303261677,2888.21,True,4.4,3.56,35,3.952,1.363
ichi,SELL,2025-02-12 08:45:00,2025-02-12 09:25:00,-7.87,sl,tenkan_momentum,0.01,2888.14,2896.0097256133286,2896.0097256133286,2896.0097256133286,False,0.33,7.92,9,3.935,1.357
ichi,SELL,2025-02-12 12:45:00,2025-02-12 15:20:00,3.74,sl,tenkan_momentum,0.01,2880.94,2877.2,2888.9367902310814,2877.2,True,7.31,5.18,32,3.998,1.398
ichi,SELL,2025-02-12 15:25:00,2025-02-12 15:30:00,13.26,tp,tenkan_momentum,0.01,2877.01,2863.7519375731513,2885.8487082845663,2885.8487082845663,False,13.27,1.58,2,4.419,1.536
ichi,BUY,2025-02-13 04:00:00,2025-02-13 05:25:00,9.67,tp,tenkan_momentum,0.01,2906.25,2915.924331337399,2899.800445775067,2911.29,True,10.82,0.98,18,3.225,1.095
ichi,BUY,2025-02-13 12:15:00,2025-02-13 14:55:00,0.05,sl,kijun_pullback,0.01,2917.12,2917.17,2909.826440572636,2917.17,True,4.2,1.83,33,3.647,1.219
ichi,BUY,2025-02-14 13:15:00,2025-02-14 13:45:00,-6.02,sl,kijun_pullback,0.01,2935.47,2929.4521816341644,2929.4521816341644,2929.4521816341644,False,0.9,6.2,7,3.009,1.005
ichi,SELL,2025-02-17 01:30:00,2025-02-17 03:30:00,-10.1,sl,tenkan_momentum,0.01,2882.22,2892.316215186432,2892.316215186432,2892.316215186432,False,4.42,12.03,25,5.048,1.704
ichi,SELL,2025-02-18 03:15:00,2025-02-18 03:35:00,2.62,sl,tenkan_momentum,0.01,2896.6,2893.98,2900.9790824496786,2893.98,True,4.42,1.89,5,2.19,0.752
ichi,BUY,2025-02-18 11:45:00,2025-02-18 14:10:00,0.05,sl,kijun_pullback,0.01,2912.22,2912.27,2906.738085736008,2912.27,True,2.89,5.27,30,2.741,0.937
ichi,BUY,2025-02-18 15:15:00,2025-02-18 15:45:00,3.27,sl,kijun_pullback,0.01,2914.79,2918.06,2908.773034931673,2918.06,True,6.56,0.62,7,3.008,1.028
ichi,BUY,2025-02-19 09:15:00,2025-02-19 10:45:00,3.31,sl,tenkan_momentum,0.01,2934.3999999999996,2937.71,2928.6942429788073,2937.71,True,5.68,2.09,19,2.853,0.97
ichi,BUY,2025-02-19 15:45:00,2025-02-19 16:25:00,-8.18,sl,kijun_pullback,0.01,2940.5499999999997,2932.3714493712478,2932.3714493712478,2932.3714493712478,False,0.88,10.27,9,4.089,1.382
ichi,BUY,2025-02-20 04:30:00,2025-02-20 05:35:00,3.16,sl,tenkan_momentum,0.01,2938.47,2941.63,2932.466585876454,2941.63,True,5.58,2.42,14,3.002,1.029
ichi,BUY,2025-02-21 01:45:00,2025-02-21 03:25:00,4.91,sl,kijun_pullback,0.01,2942.4199999999996,2947.33,2936.7808389728725,2947.33,True,7.17,5.41,21,2.82,0.961
ichi,BUY,2025-02-24 01:15:00,2025-02-24 02:50:00,-6.75,sl,kijun_pullback,0.01,2939.56,2932.8131875915037,2932.8131875915037,2932.8131875915037,False,1.04,7.91,20,3.373,1.14
ichi,SELL,2025-02-24 04:00:00,2025-02-24 04:35:00,-7.75,sl,tenkan_momentum,0.01,2927.88,2935.630591026157,2935.630591026157,2935.630591026157,False,2.65,7.79,8,3.875,1.325
ichi,BUY,2025-02-24 08:30:00,2025-02-24 10:15:00,2.06,sl,tenkan_momentum,0.01,2939.75,2941.81,2932.1794895626545,2941.81,True,5.09,2.89,22,3.785,1.312
ichi,BUY,2025-02-24 11:00:00,2025-02-24 12:35:00,-7.61,sl,kijun_pullback,0.01,2946.43,2938.824105569691,2938.824105569691,2938.824105569691,False,1.81,8.07,20,3.803,1.313
ichi,BUY,2025-02-25 04:15:00,2025-02-25 05:30:00,-5.59,sl,kijun_pullback,0.01,2950.16,2944.5726828200295,2944.5726828200295,2944.5726828200295,False,2.31,5.81,16,2.794,0.978
ichi,SELL,2025-02-25 15:30:00,2025-02-25 15:45:00,-8.65,sl,tenkan_momentum,0.01,2928.75,2937.397125828718,2937.397125828718,2937.397125828718,False,0.84,9.02,4,4.324,1.528
ichi,SELL,2025-02-26 15:45:00,2025-02-26 16:05:00,5.85,sl,tenkan_momentum,0.01,2910.73,2904.88,2917.729632751454,2904.88,True,13.86,1.1,5,3.5,1.256
ichi,SELL,2025-02-27 17:00:00,2025-02-27 20:00:00,-13.33,sl,tenkan_momentum,0.01,2872.63,2885.960190121431,2885.960190121431,2885.960190121431,False,2.06,13.45,37,6.665,2.367
ichi,SELL,2025-02-28 04:00:00,2025-02-28 04:10:00,0.05,sl,tenkan_momentum,0.01,2874.68,2874.63,2882.42530202602,2874.63,True,4.04,1.29,3,3.873,1.409
ichi,BUY,2025-03-03 15:15:00,2025-03-03 16:40:00,4.97,sl,kijun_pullback,0.01,2875.0099999999998,2879.98,2867.948576422229,2879.98,True,7.96,5.59,18,3.531,1.284
ichi,BUY,2025-03-03 17:15:00,2025-03-03 17:35:00,6.21,sl,kijun_pullback,0.01,2880.5699999999997,2886.78,2871.3916248604964,2886.78,True,9.88,0.43,5,4.589,1.654
ichi,BUY,2025-03-04 05:30:00,2025-03-04 08:50:00,-7.46,sl,tenkan_momentum,0.01,2892.1499999999996,2884.6907600819263,2884.6907600819263,2884.6907600819263,False,2.3,7.86,41,3.73,1.329
ichi,BUY,2025-03-04 09:15:00,2025-03-04 09:30:00,6.63,sl,tenkan_momentum,0.01,2891.58,2898.21,2884.291957754361,2898.21,True,9.55,0.29,4,3.644,1.316
ichi,BUY,2025-03-05 01:45:00,2025-03-05 03:10:00,-6.22,sl,kijun_pullback,0.01,2915.2799999999997,2909.058256076708,2909.058256076708,2909.058256076708,False,1.6,10.81,18,3.111,1.11
ichi,BUY,2025-03-05 10:00:00,2025-03-05 10:30:00,0.05,sl,tenkan_momentum,0.01,2917.8999999999996,2917.95,2910.3703579484863,2917.95,True,4.12,1.15,7,3.765,1.359
ichi,BUY,2025-03-05 11:45:00,2025-03-05 12:55:00,-7.47,sl,kijun_pullback,0.01,2918.33,2910.860310453077,2910.860310453077,2910.860310453077,False,1.07,9.26,15,3.735,1.348
ichi,SELL,2025-03-07 03:15:00,2025-03-07 07:20:00,-8.3,sl,tenkan_momentum,0.01,2903.42,2911.7178068741596,2911.7178068741596,2911.7178068741596,False,2.02,8.53,50,4.149,1.518
ichi,BUY,2025-03-07 15:45:00,2025-03-07 15:55:00,-9.08,sl,kijun_pullback,0.01,2922.47,2913.3867099694453,2913.3867099694453,2913.3867099694453,False,0.0,9.65,3,4.542,1.687
ichi,SELL,2025-03-10 07:30:00,2025-03-10 08:10:00,-5.77,sl,tenkan_momentum,0.01,2907.55,2913.3244291721494,2913.3244291721494,2913.3244291721494,False,0.28,5.9,9,2.887,1.091
ichi,SELL,2025-03-10 12:30:00,2025-03-10 13:50:00,3.55,sl,tenkan_momentum,0.01,2903.05,2899.5,2912.0397303769873,2899.5,True,7.15,1.63,17,4.495,1.717
ichi,SELL,2025-03-10 15:30:00,2025-03-10 17:00:00,-9.28,sl,tenkan_momentum,0.01,2901.22,2910.500943680484,2910.500943680484,2910.500943680484,False,3.34,9.5,19,4.64,1.761
ichi,SELL,2025-03-10 17:15:00,2025-03-10 19:15:00,7.93,sl,tenkan_momentum,0.01,2903.15,2895.22,2914.0026044757124,2895.22,True,12.27,5.41,25,5.426,2.096
ichi,BUY,2025-03-11 15:30:00,2025-03-11 15:40:00,5.56,sl,kijun_pullback,0.01,2911.7599999999998,2917.32,2904.1780705224346,2917.32,True,8.96,1.11,3,3.791,1.442
ichi,BUY,2025-03-11 17:15:00,2025-03-12 03:10:00,-8.54,sl,kijun_pullback,0.01,2919.6299999999997,2911.0898303671243,2911.0898303671243,2911.0898303671243,False,1.71,8.75,108,4.27,1.608
ichi,BUY,2025-03-12 08:15:00,2025-03-12 08:35:00,-5.38,sl,kijun_pullback,0.01,2920.31,2914.9332754442667,2914.9332754442667,2914.9332754442667,False,0.57,7.36,5,2.688,1.029
ichi,BUY,2025-03-13 01:30:00,2025-03-13 03:20:00,3.96,sl,kijun_pullback,0.01,2935.33,2939.29,2929.668528246666,2939.29,True,6.22,0.32,23,2.831,1.094
ichi,BUY,2025-03-13 14:45:00,2025-03-13 15:00:00,-7.19,sl,kijun_pullback,0.01,2946.5,2939.3057175030003,2939.3057175030003,2939.3057175030003,False,1.16,7.23,4,3.597,1.38
ichi,BUY,2025-03-14 03:00:00,2025-03-14 06:30:00,4.32,sl,kijun_pullback,0.01,2987.0,2991.32,2980.519366175648,2991.32,True,6.91,5.31,43,3.24,1.261
ichi,BUY,2025-03-14 13:15:00,2025-03-14 15:30:00,-8.55,sl,tenkan_momentum,0.01,2997.95,2989.398071342345,2989.398071342345,2989.398071342345,False,1.67,9.47,28,4.276,1.65
ichi,BUY,2025-03-17 11:00:00,2025-03-17 11:45:00,7.33,tp,tenkan_momentum,0.01,2988.5899999999997,2995.9182237944356,2983.704517470376,2993.45,True,8.04,1.02,10,2.443,0.958
ichi,BUY,2025-03-17 14:30:00,2025-03-17 14:45:00,-6.99,sl,kijun_pullback,0.01,2993.48,2986.4924262611876,2986.4924262611876,2986.4924262611876,False,0.61,8.23,4,3.494,1.351
ichi,BUY,2025-03-17 17:30:00,2025-03-18 02:45:00,4.22,sl,kijun_pullback,0.01,2996.0499999999997,3000.27,2987.956005950721,3000.27,True,7.46,3.1,100,4.047,1.586
ichi,BUY,2025-03-18 04:00:00,2025-03-18 05:00:00,4.25,sl,kijun_pullback,0.01,3005.8399999999997,3010.09,3000.6539258614025,3010.09,True,6.32,2.97,13,2.593,1.008
ichi,BUY,2025-03-18 07:45:00,2025-03-18 08:20:00,0.05,sl,tenkan_momentum,0.01,3013.52,3013.57,3007.2952404850607,3013.57,True,3.64,2.55,8,3.112,1.2
ichi,BUY,2025-03-18 16:00:00,2025-03-19 08:10:00,8.4,sl,kijun_pullback,0.01,3032.9199999999996,3041.32,3022.9262867860593,3041.32,True,12.4,8.07,183,4.997,1.927
ichi,BUY,2025-03-19 08:45:00,2025-03-19 09:10:00,0.05,sl,tenkan_momentum,0.01,3040.1899999999996,3040.24,3033.315032087016,3040.24,True,3.72,0.86,6,3.437,1.304
ichi,BUY,2025-03-19 18:15:00,2025-03-19 20:25:00,3.35,sl,kijun_pullback,0.01,3034.74,3038.09,3026.9046517723536,3038.09,True,6.48,5.81,27,3.918,1.486
ichi,BUY,2025-03-20 04:15:00,2025-03-20 06:55:00,3.2,sl,kijun_pullback,0.01,3051.46,3054.66,3045.0189405441524,3054.66,True,5.8,6.42,33,3.221,1.214
ichi,SELL,2025-03-21 17:15:00,2025-03-24 00:00:00,-10.72,sl,tenkan_momentum,0.01,3013.85,3024.5663443945036,3024.5663443945036,3024.5663443945036,False,3.66,11.36,70,5.358,2.008
ichi,SELL,2025-03-24 04:45:00,2025-03-24 08:40:00,-6.53,sl,tenkan_momentum,0.01,3017.75,3024.284007014228,3024.284007014228,3024.284007014228,False,3.93,7.3,48,3.267,1.249
ichi,SELL,2025-03-24 15:45:00,2025-03-24 16:35:00,6.88,sl,tenkan_momentum,0.01,3019.94,3013.06,3027.096030465942,3013.06,True,10.54,6.31,11,3.578,1.386
ichi,BUY,2025-03-25 15:00:00,2025-03-25 15:45:00,5.75,gap,tenkan_momentum,0.01,3021.9199999999996,3027.67,3015.4178211767194,3027.98,True,8.66,1.02,10,3.251,1.242
ichi,BUY,2025-03-25 16:45:00,2025-03-25 17:10:00,-8.59,sl,tenkan_momentum,0.01,3030.52,3021.933449795487,3021.933449795487,3021.933449795487,False,0.15,9.35,6,4.293,1.623
ichi,BUY,2025-03-26 14:45:00,2025-03-26 15:15:00,-5.86,sl,tenkan_momentum,0.01,3029.04,3023.1816293463503,3023.1816293463503,3023.1816293463503,False,0.91,6.79,7,2.929,1.126
ichi,SELL,2025-03-26 17:30:00,2025-03-27 02:00:00,-7.57,sl,tenkan_momentum,0.01,3016.36,3023.929029408444,3023.929029408444,3023.929029408444,False,1.17,7.82,91,3.785,1.471
ichi,BUY,2025-03-27 04:15:00,2025-03-27 04:45:00,4.5,sl,tenkan_momentum,0.01,3026.3599999999997,3030.86,3021.4143781259586,3030.86,True,6.48,0.3,7,2.473,0.975
ichi,BUY,2025-03-27 09:15:00,2025-03-27 10:30:00,3.44,sl,kijun_pullback,0.01,3031.8199999999997,3035.26,3025.713903112227,3035.26,True,6.18,2.21,16,3.053,1.194
ichi,BUY,2025-03-27 16:15:00,2025-03-27 16:40:00,6.5,sl,kijun_pullback,0.01,3047.49,3053.99,3037.2601011344987,3053.99,True,10.59,1.22,6,5.115,1.986
ichi,BUY,2025-03-28 02:15:00,2025-03-28 02:35:00,2.87,sl,kijun_pullback,0.01,3058.41,3061.28,3052.8896198234615,3061.28,True,5.08,0.35,5,2.76,1.059
ichi,BUY,2025-03-28 16:00:00,2025-03-28 16:30:00,-10.19,sl,tenkan_momentum,0.01,3083.2799999999997,3073.0850316450224,3073.0850316450224,3073.0850316450224,False,3.49,12.93,7,5.097,1.944
ichi,BUY,2025-03-28 17:30:00,2025-03-28 19:30:00,0.05,sl,kijun_pullback,0.01,3080.16,3080.21,3068.529875446439,3080.21,True,6.52,1.23,25,5.815,2.262
ichi,BUY,2025-03-31 13:45:00,2025-03-31 16:00:00,2.71,sl,kijun_pullback,0.01,3120.1699999999996,3122.88,3110.554146733223,3122.88,True,6.56,6.78,28,4.808,1.87
ichi,BUY,2025-04-01 03:15:00,2025-04-01 04:00:00,9.15,tp,kijun_pullback,0.01,3123.1,3132.2513388171,3116.9991074552663,3125.13,True,11.16,0.63,10,3.05,1.18
ichi,BUY,2025-04-02 03:30:00,2025-04-02 04:10:00,10.64,tp,kijun_pullback,0.01,3121.7999999999997,3132.442797715506,3114.7048015229952,3126.5,True,10.71,1.43,9,3.548,1.349
ichi,BUY,2025-04-02 15:30:00,2025-04-02 16:45:00,0.05,sl,kijun_pullback,0.01,3126.0499999999997,3126.1,3115.9520443887254,3126.1,True,6.23,7.53,16,5.049,1.881
ichi,BUY,2025-04-02 17:30:00,2025-04-02 19:45:00,3.03,sl,tenkan_momentum,0.01,3127.02,3130.05,3116.4616864207383,3130.05,True,7.25,6.2,28,5.279,1.967
ichi,SELL,2025-04-04 12:45:00,2025-04-04 13:25:00,-12.19,sl,tenkan_momentum,0.01,3088.21,3100.4010796694597,3100.4010796694597,3100.4010796694597,False,1.47,18.97,9,6.096,2.258
ichi,SELL,2025-04-09 02:30:00,2025-04-09 02:40:00,5.7,sl,tenkan_momentum,0.01,2980.9,2975.2,2993.2294771952115,2975.2,True,10.63,0.52,3,6.165,2.337
ichi,BUY,2025-04-10 15:45:00,2025-04-10 16:30:00,5.69,sl,kijun_pullback,0.01,3124.73,3130.42,3109.4409807080983,3130.42,True,11.81,5.25,10,7.645,2.867
ichi,BUY,2025-04-14 04:45:00,2025-04-14 08:00:00,-14.71,sl,kijun_pullback,0.01,3240.83,3226.116419920443,3226.116419920443,3226.116419920443,False,4.86,16.88,40,7.357,2.73
ichi,BUY,2025-04-15 04:15:00,2025-04-15 04:40:00,4.9,sl,kijun_pullback,0.01,3217.72,3222.62,3209.608515685432,3222.62,True,8.14,0.61,6,4.056,1.547
ichi,BUY,2025-04-15 11:00:00,2025-04-15 11:30:00,2.65,sl,kijun_pullback,0.01,3225.8799999999997,3228.53,3216.9288712974853,3228.53,True,6.23,1.51,7,4.476,1.691
ichi,BUY,2025-04-16 14:45:00,2025-04-16 15:00:00,3.53,gap,kijun_pullback,0.01,3303.18,3306.71,3288.652969715683,3307.89,True,10.52,0.2,4,7.264,2.731
ichi,BUY,2025-04-16 16:30:00,2025-04-16 17:05:00,8.62,sl,kijun_pullback,0.01,3304.9399999999996,3313.56,3290.1104282685164,3313.56,True,14.55,8.02,8,7.415,2.77
ichi,BUY,2025-04-16 18:15:00,2025-04-16 19:25:00,23.63,tp,kijun_pullback,0.01,3309.37,3332.995013528661,3293.619990980893,3325.73,True,23.65,0.65,15,7.875,2.895
ichi,BUY,2025-04-17 04:00:00,2025-04-17 04:25:00,5.99,sl,kijun_pullback,0.01,3345.62,3351.61,3333.9932477857183,3351.61,True,10.64,2.2,6,5.813,2.048
ichi,BUY,2025-04-17 15:15:00,2025-04-17 15:55:00,-14.09,sl,tenkan_momentum,0.01,3336.71,3322.6225995215755,3322.6225995215755,3322.6225995215755,False,5.46,14.41,9,7.044,2.456
ichi,BUY,2025-04-21 11:30:00,2025-04-21 12:15:00,3.05,sl,tenkan_momentum,0.01,3389.3399999999997,3392.39,3378.9808797750807,3392.39,True,7.19,2.19,10,5.18,1.851
ichi,BUY,2025-04-21 14:30:00,2025-04-21 15:10:00,9.34,sl,kijun_pullback,0.01,3393.0,3402.34,3382.127557818605,3402.34,True,13.69,0.45,9,5.436,1.933
ichi,BUY,2025-04-21 18:00:00,2025-04-21 19:05:00,0.05,sl,kijun_pullback,0.01,3417.56,3417.61,3400.9681178352284,3417.61,True,8.6,9.35,14,8.296,2.901
ichi,BUY,2025-04-22 04:15:00,2025-04-22 04:50:00,14.49,sl,kijun_pullback,0.01,3433.8999999999996,3448.39,3417.22659237478,3448.39,True,21.16,1.74,8,8.337,2.915
ichi,BUY,2025-04-25 03:15:00,2025-04-25 06:45:00,-14.94,sl,kijun_pullback,0.01,3356.0,3341.0633753019315,3341.0633753019315,3341.0633753019315,False,7.09,18.47,43,7.468,2.547
ichi,SELL,2025-04-25 15:45:00,2025-04-25 16:05:00,10.9,gap,tenkan_momentum,0.01,3295.52,3284.62,3310.3262269628303,3282.94,True,18.5,2.85,5,7.403,2.591
ichi,SELL,2025-04-29 17:00:00,2025-04-29 19:35:00,-14.22,sl,tenkan_momentum,0.01,3306.82,3321.040850301452,3321.040850301452,3321.040850301452,False,6.93,18.23,32,7.11,2.442
ichi,BUY,2025-04-30 01:15:00,2025-04-30 03:15:00,3.45,sl,kijun_pullback,0.01,3320.5,3323.95,3310.318613412752,3323.95,True,7.52,9.51,25,5.091,1.792
ichi,SELL,2025-04-30 11:00:00,2025-04-30 11:10:00,19.13,tp,tenkan_momentum,0.01,3307.23,3288.102801737356,3319.9814655084297,3319.9814655084297,False,21.89,0.59,3,6.376,2.231
ichi,BUY,2025-05-02 12:20:00,2025-05-02 14:50:00,2.99,sl,kijun_pullback,0.01,3262.0899999999997,3265.08,3251.580636717858,3265.08,True,7.19,4.79,31,5.255,1.779
ichi,BUY,2025-05-05 08:15:00,2025-05-05 10:05:00,0.05,sl,kijun_pullback,0.01,3259.1,3259.15,3248.3085692042255,3259.15,True,6.56,5.03,23,5.396,1.817
ichi,BUY,2025-05-05 11:15:00,2025-05-05 11:50:00,16.46,tp,kijun_pullback,0.01,3263.71,3280.1699247714196,3252.7367168190535,3275.29,True,18.69,0.63,8,5.487,1.848
ichi,BUY,2025-05-05 18:45:00,2025-05-05 22:25:00,19.69,tp,kijun_pullback,0.01,3315.8999999999996,3335.5944276980395,3302.7703815346395,3325.1,True,20.44,10.25,45,6.565,2.151
ichi,BUY,2025-05-06 03:45:00,2025-05-06 04:00:00,15.51,tp,kijun_pullback,0.01,3327.0699999999997,3342.582226756802,3316.728515495465,3316.728515495465,False,23.17,3.55,4,5.171,1.642
ichi,BUY,2025-05-06 06:00:00,2025-05-06 06:25:00,4.5,gap,kijun_pullback,0.01,3358.5899999999997,3363.09,3339.691917078248,3364.52,True,13.49,5.92,6,9.449,2.928
ichi,BUY,2025-05-06 09:00:00,2025-05-06 10:45:00,9.85,sl,tenkan_momentum,0.01,3362.24,3372.09,3345.90028173377,3372.09,True,17.27,3.46,22,8.17,2.514
ichi,BUY,2025-05-06 11:00:00,2025-05-06 11:40:00,5.16,sl,kijun_pullback,0.01,3371.79,3376.95,3356.5101750363374,3376.95,True,11.27,3.05,9,7.64,2.316
ichi,BUY,2025-05-06 15:45:00,2025-05-06 16:35:00,0.05,sl,kijun_pullback,0.01,3389.8999999999996,3389.95,3376.4622469917526,3389.95,True,7.6,4.47,11,6.719,2.021
ichi,BUY,2025-05-06 18:15:00,2025-05-06 20:20:00,21.9,tp,kijun_pullback,0.01,3395.22,3417.1208009589336,3380.6194660273773,3409.98,True,22.08,2.06,26,7.3,2.195
ichi,BUY,2025-05-07 16:45:00,2025-05-07 17:20:00,-14.34,sl,tenkan_momentum,0.01,3393.31,3378.966769702688,3378.966769702688,3378.966769702688,False,4.78,17.6,8,7.172,2.088
ichi,BUY,2025-05-08 04:15:00,2025-05-08 05:00:00,21.61,tp,tenkan_momentum,0.01,3392.43,3414.0360024122883,3378.0259983918077,3403.91,True,22.35,8.08,10,7.202,2.141
ichi,SELL,2025-05-09 04:45:00,2025-05-09 05:15:00,10.93,sl,tenkan_momentum,0.01,3292.62,3281.69,3309.1961549111547,3281.69,True,17.56,2.26,7,8.288,2.388
ichi,SELL,2025-05-14 05:00:00,2025-05-14 05:40:00,4.24,gap,tenkan_momentum,0.01,3238.59,3234.35,3249.833145882948,3234.14,True,8.95,3.06,9,5.622,1.594
ichi,BUY,2025-05-16 03:15:00,2025-05-16 04:15:00,-11.61,sl,kijun_pullback,0.01,3239.1,3227.492616067712,3227.492616067712,3227.492616067712,False,5.31,15.68,13,5.804,1.636
ichi,SELL,2025-05-16 17:30:00,2025-05-16 22:45:00,-19.68,sl,tenkan_momentum,0.01,3176.22,3195.9029501994087,3195.9029501994087,3195.9029501994087,False,9.76,19.7,64,9.841,2.821
ichi,BUY,2025-05-19 06:00:00,2025-05-19 06:45:00,-16.56,sl,kijun_pullback,0.01,3228.6899999999996,3212.1279465739026,3212.1279465739026,3212.1279465739026,False,1.79,20.57,10,8.281,2.442
ichi,BUY,2025-05-19 16:15:00,2025-05-19 16:35:00,-13.34,sl,kijun_pullback,0.01,3238.14,3224.8011680122986,3224.8011680122986,3224.8011680122986,False,3.49,13.54,5,6.669,2.016
ichi,SELL,2025-05-20 08:45:00,2025-05-20 10:35:00,-9.9,sl,tenkan_momentum,0.01,3211.5,3221.404722235603,3221.404722235603,3221.404722235603,False,3.33,10.1,23,4.952,1.528
ichi,BUY,2025-05-21 02:00:00,2025-05-21 04:00:00,15.57,tp,tenkan_momentum,0.01,3297.04,3312.6132163271614,3286.657855781892,3300.05,True,17.44,8.45,25,5.191,1.627
ichi,BUY,2025-05-21 12:30:00,2025-05-21 13:45:00,-0.03,gap,kijun_pullback,0.01,3311.02,3310.99,3299.831750617307,3311.07,True,7.21,3.83,16,5.594,1.711
ichi,BUY,2025-05-21 20:15:00,2025-05-21 22:50:00,7.75,sl,tenkan_momentum,0.01,3311.4199999999996,3319.17,3298.781795996154,3319.17,True,13.42,4.54,32,6.319,1.933
ichi,BUY,2025-05-22 04:15:00,2025-05-22 04:55:00,10.88,sl,kijun_pullback,0.01,3327.43,3338.31,3316.132264996464,3338.31,True,15.41,1.65,9,5.649,1.708
ichi,BUY,2025-05-22 09:00:00,2025-05-22 10:15:00,-9.25,sl,kijun_pullback,0.01,3332.54,3323.287691733315,3323.287691733315,3323.287691733315,False,2.96,9.93,16,4.626,1.376
ichi,BUY,2025-05-23 02:15:00,2025-05-23 03:25:00,2.86,sl,kijun_pullback,0.01,3299.39,3302.25,3290.55590060628,3302.25,True,6.39,5.89,15,4.417,1.332
ichi,BUY,2025-05-23 04:00:00,2025-05-23 08:15:00,17.12,tp,kijun_pullback,0.01,3301.5499999999997,3318.6739040382317,3290.1340639745117,3313.49,True,17.26,10.5,52,5.708,1.714
ichi,BUY,2025-05-23 14:30:00,2025-05-23 14:45:00,15.9,tp,tenkan_momentum,0.01,3331.9199999999996,3347.8202340234066,3321.319843984395,3321.319843984395,False,16.56,7.36,4,5.3,1.552
ichi,BUY,2025-05-23 16:45:00,2025-05-23 18:15:00,6.88,sl,kijun_pullback,0.01,3345.95,3352.83,3328.9905995829427,3352.83,True,14.09,9.39,19,8.48,2.426
ichi,BUY,2025-05-27 03:45:00,2025-05-27 04:20:00,-6.16,sl,kijun_pullback,0.01,3345.46,3339.2988815777776,3339.2988815777776,3339.2988815777776,False,1.88,6.86,8,3.081,0.873
ichi,SELL,2025-05-27 17:00:00,2025-05-28 02:15:00,-13.79,sl,tenkan_momentum,0.01,3294.69,3308.4795531602076,3308.4795531602076,3308.4795531602076,False,9.59,14.23,97,6.895,1.97
ichi,SELL,2025-05-28 09:15:00,2025-05-28 10:00:00,-10.8,sl,tenkan_momentum,0.01,3299.48,3310.2806860625487,3310.2806860625487,3310.2806860625487,False,0.42,11.25,10,5.4,1.574
ichi,SELL,2025-05-28 16:15:00,2025-05-28 16:45:00,5.02,sl,tenkan_momentum,0.01,3306.95,3301.93,3317.036832282952,3301.93,True,9.05,3.97,7,5.043,1.494
ichi,SELL,2025-05-28 17:45:00,2025-05-28 18:10:00,4.31,sl,tenkan_momentum,0.01,3304.3,3299.99,3315.7312842417978,3299.99,True,8.88,0.53,6,5.716,1.68
ichi,SELL,2025-05-29 01:30:00,2025-05-29 02:10:00,16.98,tp,tenkan_momentum,0.01,3285.49,3268.508067373135,3296.81128841791,3280.22,True,19.34,3.22,9,5.661,1.654
ichi,SELL,2025-05-30 10:45:00,2025-05-30 15:10:00,-12.21,sl,tenkan_momentum,0.01,3294.02,3306.2274770136296,3306.2274770136296,3306.2274770136296,False,11.0,12.91,54,6.104,1.74
ichi,BUY,2025-06-02 03:45:00,2025-06-02 04:30:00,0.05,sl,kijun_pullback,0.01,3307.58,3307.63,3297.080161665463,3307.63,True,6.24,0.53,10,5.25,1.523
ichi,BUY,2025-06-02 05:15:00,2025-06-02 08:00:00,5.26,gap,tenkan_momentum,0.01,3308.68,3313.94,3298.1319429335767,3313.99,True,9.53,5.3,34,5.274,1.53
ichi,BUY,2025-06-02 16:15:00,2025-06-02 16:50:00,9.17,gap,kijun_pullback,0.01,3356.66,3365.83,3346.222608213613,3366.13,True,18.14,6.4,8,5.219,1.503
ichi,BUY,2025-06-04 03:30:00,2025-06-04 03:55:00,-7.31,sl,kijun_pullback,0.01,3357.66,3350.350152189761,3350.350152189761,3350.350152189761,False,0.15,7.82,6,3.655,1.039
ichi,BUY,2025-06-04 10:45:00,2025-06-04 13:45:00,-9.81,sl,kijun_pullback,0.01,3360.72,3350.914709433805,3350.914709433805,3350.914709433805,False,4.23,10.89,37,4.903,1.408
ichi,BUY,2025-06-04 17:15:00,2025-06-04 17:55:00,12.59,sl,kijun_pullback,0.01,3367.0499999999997,3379.64,3354.524474507226,3379.64,True,17.6,3.06,9,6.263,1.824
ichi,BUY,2025-06-05 02:30:00,2025-06-05 04:10:00,2.5,sl,kijun_pullback,0.01,3378.83,3381.33,3371.905609540962,3381.33,True,5.27,6.22,21,3.462,0.99
ichi,BUY,2025-06-06 06:30:00,2025-06-06 08:15:00,5.17,sl,tenkan_momentum,0.01,3366.9199999999996,3372.09,3358.138156032097,3372.09,True,8.68,0.28,22,4.391,1.251
ichi,SELL,2025-06-06 15:15:00,2025-06-06 15:35:00,-0.48,gap,tenkan_momentum,0.01,3356.53,3357.0099999999998,3364.9213574155283,3353.01,True,6.88,7.84,5,4.196,1.187
ichi,SELL,2025-06-10 03:15:00,2025-06-10 03:50:00,5.41,sl,tenkan_momentum,0.01,3323.48,3318.07,3330.641650805635,3318.07,True,8.27,1.94,8,3.581,1.014
ichi,BUY,2025-06-10 15:30:00,2025-06-10 16:35:00,5.63,sl,kijun_pullback,0.01,3337.46,3343.09,3327.714882113602,3343.09,True,9.53,2.02,14,4.873,1.369
ichi,SELL,2025-06-11 02:30:00,2025-06-11 03:15:00,-9.28,sl,tenkan_momentum,0.01,3321.86,3331.1436502733036,3331.1436502733036,3331.1436502733036,False,2.01,10.14,10,4.642,1.294
ichi,BUY,2025-06-11 09:45:00,2025-06-11 11:00:00,7.66,gap,kijun_pullback,0.01,3337.6699999999996,3345.33,3329.734641604383,3345.37,True,10.87,2.44,16,3.968,1.12
ichi,BUY,2025-06-11 12:15:00,2025-06-11 12:50:00,-8.83,sl,kijun_pullback,0.01,3342.12,3333.291232431253,3333.291232431253,3333.291232431253,False,0.0,10.74,8,4.414,1.233
ichi,BUY,2025-06-11 15:45:00,2025-06-11 15:55:00,-14.68,sl,kijun_pullback,0.01,3354.5499999999997,3339.869748221157,3339.869748221157,3339.869748221157,False,1.16,21.98,3,7.34,2.076
ichi,BUY,2025-06-12 08:15:00,2025-06-12 09:15:00,0.05,sl,kijun_pullback,0.01,3371.0499999999997,3371.1,3362.3012689135016,3371.1,True,4.72,5.43,13,4.374,1.264
ichi,BUY,2025-06-12 09:45:00,2025-06-12 10:30:00,-8.45,sl,kijun_pullback,0.01,3372.2,3363.747347848939,3363.747347848939,3363.747347848939,False,3.37,10.18,10,4.226,1.221
ichi,BUY,2025-06-12 18:30:00,2025-06-13 03:10:00,16.17,sl,kijun_pullback,0.01,3388.48,3404.65,3373.0893015524225,3404.65,True,23.57,10.31,93,7.695,2.25
ichi,BUY,2025-06-13 20:30:00,2025-06-13 22:35:00,0.05,sl,kijun_pullback,0.01,3432.16,3432.21,3419.8560959417364,3432.21,True,7.29,4.74,26,6.152,1.757
ichi,BUY,2025-06-16 01:15:00,2025-06-16 03:00:00,-10.89,sl,kijun_pullback,0.01,3449.96,3439.0746156502496,3439.0746156502496,3439.0746156502496,False,1.1,12.7,22,5.443,1.555
ichi,BUY,2025-06-16 03:05:00,2025-06-16 03:30:00,6.63,sl,kijun_pullback,0.01,3440.0299999999997,3446.66,3428.5959164178635,3446.66,True,11.2,0.75,6,5.717,1.659
ichi,BUY,2025-06-16 05:00:00,2025-06-16 06:55:00,-12.08,sl,kijun_pullback,0.01,3441.68,3429.595506778734,3429.595506778734,3429.595506778734,False,4.64,12.32,24,6.042,1.736
ichi,SELL,2025-06-17 06:15:00,2025-06-17 06:25:00,6.29,sl,tenkan_momentum,0.01,3384.84,3378.55,3397.7724155807673,3378.55,True,11.46,1.09,3,6.466,1.891
ichi,SELL,2025-06-17 17:45:00,2025-06-17 20:15:00,-14.21,sl,tenkan_momentum,0.01,3375.8,3390.006894224963,3390.006894224963,3390.006894224963,False,3.09,14.56,31,7.103,2.059
ichi,SELL,2025-06-18 04:45:00,2025-06-18 05:35:00,5.74,gap,tenkan_momentum,0.01,3380.34,3374.6,3389.0158507637725,3374.29,True,9.52,2.85,11,4.338,1.284
ichi,SELL,2025-06-19 17:30:00,2025-06-19 20:05:00,-10.28,sl,tenkan_momentum,0.01,3361.97,3372.2455227874284,3372.2455227874284,3372.2455227874284,False,0.16,10.42,32,5.138,1.507
ichi,SELL,2025-06-23 10:15:00,2025-06-23 11:05:00,-9.66,sl,tenkan_momentum,0.01,3352.42,3362.077358626625,3362.077358626625,3362.077358626625,False,0.0,10.03,11,4.829,1.438
ichi,BUY,2025-06-23 17:15:00,2025-06-23 19:35:00,12.65,sl,kijun_pullback,0.01,3375.33,3387.98,3361.4555182694016,3387.98,True,18.2,0.2,29,6.937,2.097
ichi,SELL,2025-06-24 16:30:00,2025-06-24 16:45:00,9.03,sl,tenkan_momentum,0.01,3310.46,3301.43,3324.498345773028,3301.43,True,14.76,3.24,4,7.019,2.082
ichi,SELL,2025-06-25 14:30:00,2025-06-25 15:50:00,3.86,sl,tenkan_momentum,0.01,3325.21,3321.35,3332.5864315077088,3321.35,True,6.81,4.4,17,3.688,1.079
ichi,BUY,2025-06-26 03:15:00,2025-06-26 04:55:00,-6.09,sl,kijun_pullback,0.01,3335.75,3329.657138876662,3329.657138876662,3329.657138876662,False,1.0,6.3,21,3.046,0.887
ichi,SELL,2025-06-26 15:45:00,2025-06-26 16:05:00,11.17,sl,tenkan_momentum,0.01,3334.22,3323.05,3345.033846717096,3323.05,True,16.34,1.43,5,5.407,1.587
ichi,SELL,2025-06-27 13:45:00,2025-06-27 14:55:00,4.4,sl,tenkan_momentum,0.01,3284.91,3280.51,3295.3580572673723,3280.51,True,8.58,3.21,15,5.224,1.509
ichi,SELL,2025-06-27 17:45:00,2025-06-30 01:30:00,13.3,sl,tenkan_momentum,0.01,3268.04,3254.74,3283.189263984011,3254.74,True,19.36,14.92,82,7.575,2.174
ichi,BUY,2025-07-01 17:00:00,2025-07-01 18:15:00,-9.59,sl,kijun_pullback,0.01,3351.0,3341.414066228279,3341.414066228279,3341.414066228279,False,3.37,12.0,16,4.793,1.35
ichi,BUY,2025-07-02 15:30:00,2025-07-02 15:55:00,0.05,sl,kijun_pullback,0.01,3346.73,3346.78,3338.2693214948536,3346.78,True,4.39,3.79,6,4.23,1.208
ichi,BUY,2025-07-02 18:00:00,2025-07-02 22:05:00,13.73,tp,kijun_pullback,0.01,3343.1899999999996,3356.919980307829,3334.03667979478,3352.62,True,14.03,4.46,50,4.577,1.307
ichi,SELL,2025-07-03 17:30:00,2025-07-04 10:40:00,-13.96,sl,tenkan_momentum,0.01,3327.78,3341.737572012116,3341.737572012116,3341.737572012116,False,4.43,14.93,119,6.979,1.954
ichi,BUY,2025-07-04 14:50:00,2025-07-07 01:05:00,4.26,sl,kijun_pullback,0.01,3336.02,3340.28,3329.825833501728,3340.28,True,6.74,5.14,64,3.097,0.884
ichi,BUY,2025-07-07 01:15:00,2025-07-07 02:05:00,-6.12,sl,kijun_pullback,0.01,3338.3599999999997,3332.2363887593033,3332.2363887593033,3332.2363887593033,False,0.0,6.64,11,3.062,0.869
ichi,SELL,2025-07-07 10:45:00,2025-07-07 11:10:00,0.05,sl,tenkan_momentum,0.01,3306.61,3306.56,3315.9314614187747,3306.56,True,5.72,0.58,6,4.661,1.335
ichi,SELL,2025-07-07 13:45:00,2025-07-07 14:05:00,-9.16,sl,tenkan_momentum,0.01,3298.24,3307.395855479081,3307.395855479081,3307.395855479081,False,1.59,9.54,5,4.578,1.311
ichi,SELL,2025-07-09 05:45:00,2025-07-09 05:55:00,1.84,gap,tenkan_momentum,0.01,3294.39,3292.5499999999997,3303.003159946816,3290.27,True,7.57,0.2,3,4.307,1.249
ichi,SELL,2025-07-09 09:00:00,2025-07-09 11:40:00,3.34,sl,tenkan_momentum,0.01,3289.52,3286.18,3297.5388015117946,3286.18,True,6.55,6.65,33,4.009,1.16
ichi,BUY,2025-07-10 04:15:00,2025-07-10 04:45:00,2.91,sl,tenkan_momentum,0.01,3320.75,3323.66,3314.247576801898,3323.66,True,5.55,0.21,7,3.251,0.936
ichi,BUY,2025-07-10 08:00:00,2025-07-10 09:20:00,1.69,sl,kijun_pullback,0.01,3322.45,3324.14,3316.5292339253615,3324.14,True,5.87,1.79,17,2.96,0.849
ichi,BUY,2025-07-10 10:15:00,2025-07-10 10:45:00,-6.0,sl,tenkan_momentum,0.01,3326.83,3320.827629938277,3320.827629938277,3320.827629938277,False,1.19,6.32,7,3.001,0.859
ichi,BUY,2025-07-10 11:45:00,2025-07-10 12:10:00,1.79,sl,tenkan_momentum,0.01,3325.73,3327.52,3319.253339946146,3327.52,True,4.49,0.37,6,3.238,0.934
ichi,BUY,2025-07-10 13:30:00,2025-07-10 14:20:00,1.93,sl,tenkan_momentum,0.01,3325.71,3327.64,3319.1936044227077,3327.64,True,4.54,1.78,11,3.258,0.938
ichi,SELL,2025-07-10 17:30:00,2025-07-10 22:05:00,-10.52,sl,tenkan_momentum,0.01,3313.6,3324.123541162359,3324.123541162359,3324.123541162359,False,1.27,10.67,56,5.262,1.51
ichi,BUY,2025-07-11 04:45:00,2025-07-11 06:35:00,2.1,sl,tenkan_momentum,0.01,3331.27,3333.37,3324.649639714532,3333.37,True,4.75,4.06,23,3.31,0.965
ichi,BUY,2025-07-11 09:15:00,2025-07-11 09:35:00,3.64,sl,kijun_pullback,0.01,3337.18,3340.82,3329.818023360584,3340.82,True,6.58,0.24,5,3.681,1.069
ichi,BUY,2025-07-11 10:45:00,2025-07-11 11:25:00,2.24,sl,tenkan_momentum,0.01,3338.49,3340.73,3330.75842781535,3340.73,True,5.33,0.26,9,3.866,1.117
ichi,BUY,2025-07-11 15:30:00,2025-07-11 16:20:00,6.79,sl,tenkan_momentum,0.01,3347.6,3354.39,3338.906976637617,3354.39,True,10.78,0.2,11,4.347,1.252
ichi,BUY,2025-07-11 17:15:00,2025-07-11 18:20:00,14.95,tp,tenkan_momentum,0.01,3353.7799999999997,3368.727552903884,3343.8149647307437,3363.9,True,14.97,3.5,14,4.983,1.421
ichi,BUY,2025-07-14 01:15:00,2025-07-14 01:30:00,0.05,sl,tenkan_momentum,0.01,3366.0,3366.05,3357.3997997917995,3366.05,True,5.07,2.71,4,4.3,1.201
ichi,BUY,2025-07-14 04:15:00,2025-07-14 05:00:00,-9.25,sl,kijun_pullback,0.01,3365.56,3356.3074088152343,3356.3074088152343,3356.3074088152343,False,1.41,9.41,10,4.626,1.292
ichi,BUY,2025-07-15 11:45:00,2025-07-15 13:30:00,0.05,sl,tenkan_momentum,0.01,3362.56,3362.61,3355.6236299445313,3362.61,True,4.17,3.92,22,3.468,0.981
ichi,SELL,2025-07-16 15:30:00,2025-07-16 16:40:00,4.45,sl,tenkan_momentum,0.01,3334.14,3329.69,3340.714824211693,3329.69,True,7.19,5.4,15,3.287,0.93
ichi,BUY,2025-07-16 19:15:00,2025-07-17 09:10:00,-20.37,sl,kijun_pullback,0.01,3354.45,3334.0758704493937,3334.0758704493937,3334.0758704493937,False,2.84,22.63,154,10.187,2.864
ichi,SELL,2025-07-17 10:15:00,2025-07-17 11:10:00,5.35,sl,tenkan_momentum,0.01,3333.97,3328.62,3341.987557192107,3328.62,True,8.56,0.2,12,4.009,1.16
ichi,SELL,2025-07-17 14:30:00,2025-07-17 15:20:00,0.05,sl,tenkan_momentum,0.01,3326.36,3326.31,3333.648205774579,3326.31,True,4.05,1.64,11,3.644,1.047
ichi,SELL,2025-07-18 08:45:00,2025-07-18 09:30:00,-5.52,sl,tenkan_momentum,0.01,3334.67,3340.19045916583,3340.19045916583,3340.19045916583,False,2.67,6.31,10,2.76,0.793
ichi,BUY,2025-07-18 16:45:00,2025-07-18 22:35:00,-7.16,sl,kijun_pullback,0.01,3355.7799999999997,3348.6202613773444,3348.6202613773444,3348.6202613773444,False,3.29,7.57,71,3.58,1.036
ichi,BUY,2025-07-21 06:15:00,2025-07-21 07:05:00,-5.62,sl,tenkan_momentum,0.01,3356.48,3350.858076021595,3350.858076021595,3350.858076021595,False,0.41,5.76,11,2.811,0.822
ichi,BUY,2025-07-23 02:15:00,2025-07-23 03:25:00,4.14,sl,tenkan_momentum,0.01,3432.22,3436.36,3426.200881904878,3436.36,True,6.55,5.96,15,3.01,0.888
ichi,BUY,2025-07-23 12:00:00,2025-07-23 12:30:00,2.27,sl,tenkan_momentum,0.01,3428.6499999999996,3430.92,3421.3448002891864,3430.92,True,5.19,0.3,7,3.653,1.071
ichi,BUY,2025-07-23 14:45:00,2025-07-23 15:50:00,-6.94,sl,tenkan_momentum,0.01,3428.81,3421.8691685619247,3421.8691685619247,3421.8691685619247,False,1.15,8.34,14,3.47,1.014
ichi,SELL,2025-07-24 05:00:00,2025-07-24 05:15:00,3.48,sl,tenkan_momentum,0.01,3387.71,3384.23,3395.4006883372126,3384.23,True,6.56,1.12,4,3.845,1.135
ichi,SELL,2025-07-24 08:45:00,2025-07-24 09:30:00,2.56,sl,tenkan_momentum,0.01,3377.69,3375.13,3385.7020023974046,3375.13,True,7.43,2.32,10,4.006,1.177
ichi,SELL,2025-07-25 17:15:00,2025-07-25 17:40:00,3.85,sl,tenkan_momentum,0.01,3339.91,3336.06,3348.7556333008492,3336.06,True,7.39,0.49,6,4.423,1.294
ichi,SELL,2025-07-28 03:45:00,2025-07-28 04:05:00,-7.72,sl,tenkan_momentum,0.01,3329.52,3337.2415731049077,3337.2415731049077,3337.2415731049077,False,1.68,9.46,5,3.861,1.123
ichi,SELL,2025-07-28 11:45:00,2025-07-28 15:30:00,2.47,sl,tenkan_momentum,0.01,3333.93,3331.46,3341.195681793879,3331.46,True,5.79,6.99,46,3.633,1.069
ichi,SELL,2025-07-29 03:30:00,2025-07-29 04:30:00,-6.05,sl,tenkan_momentum,0.01,3308.78,3314.83186767012,3314.83186767012,3314.83186767012,False,0.64,7.23,13,3.026,0.887
ichi,SELL,2025-07-29 17:00:00,2025-07-29 17:10:00,0.05,sl,tenkan_momentum,0.01,3317.45,3317.4,3327.0304769337877,3317.4,True,5.26,2.14,3,4.79,1.417
ichi,BUY,2025-07-30 04:15:00,2025-07-30 04:25:00,-0.03,gap,kijun_pullback,0.01,3330.47,3330.44,3325.035151539372,3330.52,True,2.86,1.51,3,2.717,0.804
ichi,BUY,2025-07-30 13:00:00,2025-07-30 14:45:00,-6.78,sl,kijun_pullback,0.01,3331.49,3324.711120392894,3324.711120392894,3324.711120392894,False,1.45,7.48,22,3.389,1.003
ichi,BUY,2025-07-30 15:00:00,2025-07-30 15:30:00,-7.31,sl,tenkan_momentum,0.01,3330.9399999999996,3323.626655810451,3323.626655810451,3323.626655810451,False,0.91,8.27,7,3.657,1.093
ichi,SELL,2025-07-31 17:30:00,2025-07-31 17:40:00,-0.02,gap,tenkan_momentum,0.01,3296.67,3296.6899999999996,3306.293329941566,3296.62,True,5.07,1.66,3,4.812,1.454
ichi,SELL,2025-08-01 03:00:00,2025-08-01 05:00:00,3.97,sl,tenkan_momentum,0.01,3288.46,3284.49,3294.3946184139286,3284.49,True,6.67,5.51,25,2.967,0.896
ichi,BUY,2025-08-01 15:45:00,2025-08-01 16:25:00,10.08,sl,kijun_pullback,0.01,3339.31,3349.39,3326.6430131034463,3349.39,True,15.15,3.86,9,6.333,1.902
ichi,BUY,2025-08-04 09:15:00,2025-08-04 10:30:00,-6.61,sl,tenkan_momentum,0.01,3359.37,3352.7640677136424,3352.7640677136424,3352.7640677136424,False,3.28,7.67,16,3.303,0.977
ichi,BUY,2025-08-04 11:30:00,2025-08-04 14:50:00,10.89,tp,kijun_pullback,0.01,3359.0,3369.8893147377557,3351.740456841496,3365.24,True,11.66,5.97,41,3.63,1.084
ichi,BUY,2025-08-04 15:45:00,2025-08-04 15:55:00,2.5,sl,kijun_pullback,0.01,3363.39,3365.89,3355.8156009515064,3365.89,True,5.53,0.32,3,3.787,1.113
ichi,BUY,2025-08-04 21:00:00,2025-08-05 02:55:00,2.59,sl,kijun_pullback,0.01,3374.23,3376.82,3367.212626524098,3376.82,True,5.41,1.01,58,3.509,1.028
ichi,BUY,2025-08-05 04:30:00,2025-08-05 05:30:00,-4.92,sl,kijun_pullback,0.01,3380.18,3375.2586825438443,3375.2586825438443,3375.2586825438443,False,2.04,5.61,13,2.461,0.718
ichi,BUY,2025-08-06 03:45:00,2025-08-06 04:10:00,-4.84,sl,kijun_pullback,0.01,3382.9399999999996,3378.1026449737906,3378.1026449737906,3378.1026449737906,False,0.77,5.3,6,2.419,0.711
ichi,BUY,2025-08-07 09:15:00,2025-08-07 10:15:00,10.15,tp,tenkan_momentum,0.01,3378.6499999999996,3388.798938402233,3371.8840410651774,3385.6,True,11.12,1.15,13,3.383,1.001
ichi,BUY,2025-08-07 17:45:00,2025-08-07 22:00:00,0.05,sl,tenkan_momentum,0.01,3387.46,3387.51,3374.662413270164,3387.51,True,6.41,3.09,52,6.399,1.866
ichi,BUY,2025-08-08 01:45:00,2025-08-08 03:55:00,-12.34,sl,kijun_pullback,0.01,3401.37,3389.0332129134863,3389.0332129134863,3389.0332129134863,False,5.46,13.54,27,6.168,1.799
ichi,BUY,2025-08-08 10:15:00,2025-08-08 11:00:00,4.18,sl,tenkan_momentum,0.01,3396.2799999999997,3400.46,3386.837587494167,3400.46,True,7.96,3.99,10,4.721,1.402
ichi,BUY,2025-08-08 12:15:00,2025-08-08 13:25:00,-9.09,sl,kijun_pullback,0.01,3398.85,3389.7590414943406,3389.7590414943406,3389.7590414943406,False,2.46,9.2,15,4.545,1.341
ichi,SELL,2025-08-11 05:45:00,2025-08-11 09:35:00,7.4,sl,tenkan_momentum,0.01,3376.08,3368.68,3387.107839490048,3368.68,True,11.81,4.26,47,5.514,1.649
ichi,SELL,2025-08-11 11:45:00,2025-08-11 12:20:00,4.99,sl,tenkan_momentum,0.01,3363.26,3358.27,3372.539741820542,3358.27,True,8.7,1.35,8,4.64,1.373
ichi,SELL,2025-08-11 16:15:00,2025-08-11 16:50:00,-11.32,sl,tenkan_momentum,0.01,3350.05,3361.3705493637945,3361.3705493637945,3361.3705493637945,False,1.41,11.71,8,5.66,1.662
ichi,SELL,2025-08-11 17:45:00,2025-08-11 20:40:00,-12.1,sl,tenkan_momentum,0.01,3346.74,3358.838845335769,3358.838845335769,3358.838845335769,False,5.14,12.12,36,6.049,1.807
ichi,SELL,2025-08-12 09:15:00,2025-08-12 09:25:00,3.01,sl,tenkan_momentum,0.01,3348.52,3345.51,3356.0349435090984,3345.51,True,6.02,0.2,3,3.757,1.143
ichi,SELL,2025-08-12 15:30:00,2025-08-12 15:30:00,-10.52,sl,tenkan_momentum,0.01,3339.91,3350.4266770163194,3350.4266770163194,3350.4266770163194,False,0.0,14.82,1,5.258,1.592
ichi,BUY,2025-08-14 05:45:00,2025-08-14 06:00:00,-6.8,sl,kijun_pullback,0.01,3367.96,3361.1565263213624,3361.1565263213624,3361.1565263213624,False,0.0,7.17,4,3.402,1.047
ichi,SELL,2025-08-15 13:15:00,2025-08-15 14:05:00,-0.05,gap,tenkan_momentum,0.01,3340.13,3340.18,3347.2038650733184,3340.08,True,3.6,1.24,11,3.537,1.1
ichi,SELL,2025-08-15 16:30:00,2025-08-15 17:05:00,0.05,sl,tenkan_momentum,0.01,3338.21,3338.16,3346.4992695968167,3338.16,True,5.12,2.99,8,4.145,1.289
ichi,BUY,2025-08-18 10:15:00,2025-08-18 11:05:00,-6.93,sl,kijun_pullback,0.01,3353.83,3346.896277825873,3346.896277825873,3346.896277825873,False,1.75,6.98,11,3.467,1.078
ichi,SELL,2025-08-19 16:15:00,2025-08-19 16:35:00,-6.71,sl,tenkan_momentum,0.01,3329.64,3336.3465698510763,3336.3465698510763,3336.3465698510763,False,0.76,8.43,5,3.353,1.054
ichi,SELL,2025-08-20 04:15:00,2025-08-20 06:40:00,-5.08,sl,tenkan_momentum,0.01,3313.36,3318.4361359867617,3318.4361359867617,3318.4361359867617,False,1.61,5.41,30,2.538,0.806
ichi,BUY,2025-08-21 17:00:00,2025-08-21 17:40:00,4.71,sl,kijun_pullback,0.01,3339.64,3344.35,3330.3696944754397,3344.35,True,8.42,1.68,9,4.635,1.484
ichi,BUY,2025-08-21 18:30:00,2025-08-22 05:00:00,-9.6,sl,tenkan_momentum,0.01,3343.35,3333.746929946454,3333.746929946454,3333.746929946454,False,2.79,9.92,113,4.802,1.526
ichi,SELL,2025-08-22 10:45:00,2025-08-22 11:25:00,0.0,gap,tenkan_momentum,0.01,3328.34,3328.3399999999997,3333.5431115704273,3328.29,True,2.77,2.38,9,2.602,0.84
ichi,SELL,2025-08-22 12:30:00,2025-08-22 15:35:00,4.24,gap,tenkan_momentum,0.01,3328.21,3323.97,3333.9632286564524,3323.94,True,6.57,3.67,38,2.877,0.928
ichi,BUY,2025-08-25 09:15:00,2025-08-25 12:00:00,-4.38,sl,tenkan_momentum,0.01,3367.83,3363.446738044732,3363.446738044732,3363.446738044732,False,1.96,4.42,34,2.192,0.703
ichi,BUY,2025-08-25 16:45:00,2025-08-25 17:05:00,2.54,sl,tenkan_momentum,0.01,3368.29,3370.83,3362.885410596342,3370.83,True,4.7,1.76,5,2.702,0.872
ichi,BUY,2025-08-26 16:45:00,2025-08-26 18:55:00,11.71,tp,tenkan_momentum,0.01,3377.62,3389.3289233166356,3369.8140511222427,3382.74,True,11.77,7.23,27,3.903,1.255
ichi,BUY,2025-08-27 17:30:00,2025-08-27 18:15:00,4.53,sl,tenkan_momentum,0.01,3383.2599999999998,3387.79,3376.7585290702664,3387.79,True,7.13,2.3,10,3.251,1.026
ichi,BUY,2025-08-28 03:45:00,2025-08-28 03:55:00,-5.43,sl,kijun_pullback,0.01,3397.6499999999996,3392.222388171871,3392.222388171871,3392.222388171871,False,0.41,6.29,3,2.714,0.85
ichi,BUY,2025-08-28 09:45:00,2025-08-28 12:25:00,3.8,sl,tenkan_momentum,0.01,3395.5499999999997,3399.35,3390.368445475884,3399.35,True,6.01,1.75,33,2.591,0.819
ichi,BUY,2025-08-28 19:00:00,2025-08-28 23:00:00,8.74,sl,tenkan_momentum,0.01,3411.14,3419.88,3402.9256915976166,3419.88,True,12.03,1.22,49,4.107,1.29
ichi,BUY,2025-09-01 01:15:00,2025-09-01 01:40:00,3.6,sl,kijun_pullback,0.01,3445.9399999999996,3449.54,3438.438033186391,3449.54,True,6.6,0.48,6,3.751,1.162
ichi,BUY,2025-09-01 05:00:00,2025-09-01 05:10:00,9.01,gap,kijun_pullback,0.01,3457.54,3466.55,3446.8317574931552,3467.12,True,13.86,2.29,3,5.354,1.65
ichi,BUY,2025-09-01 17:45:00,2025-09-01 18:40:00,0.05,sl,kijun_pullback,0.01,3474.79,3474.84,3466.321316048486,3474.84,True,4.28,0.44,12,4.234,1.287
ichi,BUY,2025-09-02 02:30:00,2025-09-02 03:10:00,2.54,sl,kijun_pullback,0.01,3478.25,3480.79,3472.367049726251,3480.79,True,4.89,0.56,9,2.941,0.894
ichi,BUY,2025-09-02 04:15:00,2025-09-02 04:40:00,12.67,tp,kijun_pullback,0.01,3488.95,3501.6155832717955,3480.506277818803,3495.91,True,13.33,0.82,6,4.222,1.278
ichi,BUY,2025-09-02 05:45:00,2025-09-02 09:20:00,-10.6,sl,kijun_pullback,0.01,3498.06,3487.461081033718,3487.461081033718,3487.461081033718,False,0.25,11.61,44,5.299,1.574
ichi,BUY,2025-09-03 03:30:00,2025-09-03 03:55:00,0.05,sl,kijun_pullback,0.01,3537.3799999999997,3537.43,3527.5921282157783,3537.43,True,5.94,2.27,6,4.894,1.477
ichi,BUY,2025-09-03 05:45:00,2025-09-03 08:55:00,-11.3,sl,kijun_pullback,0.01,3538.45,3527.1468019490108,3527.1468019490108,3527.1468019490108,False,1.71,11.36,39,5.652,1.706
ichi,BUY,2025-09-03 14:00:00,2025-09-03 14:45:00,5.83,sl,tenkan_momentum,0.01,3540.22,3546.05,3531.31422012934,3546.05,True,9.39,0.3,10,4.453,1.367
ichi,BUY,2025-09-03 17:00:00,2025-09-03 17:30:00,6.81,sl,tenkan_momentum,0.01,3554.08,3560.89,3542.7890533921927,3560.89,True,11.39,2.6,7,5.645,1.718
ichi,BUY,2025-09-04 13:15:00,2025-09-04 15:20:00,2.17,gap,tenkan_momentum,0.01,3545.46,3547.63,3534.637081082663,3548.79,True,7.66,8.79,26,5.411,1.63
ichi,BUY,2025-09-04 15:45:00,2025-09-04 16:40:00,8.3,sl,kijun_pullback,0.01,3546.04,3554.34,3534.866394771735,3554.34,True,12.77,6.42,12,5.587,1.677
ichi,BUY,2025-09-05 06:15:00,2025-09-05 08:10:00,3.77,sl,tenkan_momentum,0.01,3554.1899999999996,3557.96,3546.3699298884026,3557.96,True,6.9,1.12,24,3.91,1.159
ichi,BUY,2025-09-05 15:45:00,2025-09-05 17:10:00,8.65,sl,kijun_pullback,0.01,3583.72,3592.37,3571.197394097946,3592.37,True,13.91,11.83,18,6.261,1.846
ichi,BUY,2025-09-08 01:30:00,2025-09-08 06:45:00,-10.04,sl,kijun_pullback,0.01,3593.89,3583.8543145956833,3583.8543145956833,3583.8543145956833,False,3.18,10.85,64,5.018,1.461
ichi,BUY,2025-09-09 09:45:00,2025-09-09 13:40:00,0.05,sl,kijun_pullback,0.01,3649.7,3649.75,3638.1213657900244,3649.75,True,6.9,8.09,48,5.789,1.71
ichi,BUY,2025-09-09 15:15:00,2025-09-09 15:40:00,-9.46,sl,tenkan_momentum,0.01,3654.5499999999997,3645.0935996042886,3645.0935996042886,3645.0935996042886,False,0.0,10.65,6,4.728,1.397
ichi,BUY,2025-09-10 15:45:00,2025-09-10 15:50:00,-9.99,sl,kijun_pullback,0.01,3651.1899999999996,3641.203537450233,3641.203537450233,3641.203537450233,False,0.17,10.8,2,4.993,1.496
ichi,BUY,2025-09-11 04:15:00,2025-09-11 04:55:00,-6.7,sl,tenkan_momentum,0.01,3646.48,3639.7822072801146,3639.7822072801146,3639.7822072801146,False,2.61,6.73,9,3.349,1.019
ichi,BUY,2025-09-12 01:15:00,2025-09-12 04:15:00,4.14,sl,kijun_pullback,0.01,3636.96,3641.1,3630.0612545509907,3641.1,True,6.9,6.37,37,3.449,1.06
ichi,BUY,2025-09-12 04:20:00,2025-09-12 04:35:00,3.25,sl,kijun_pullback,0.01,3640.18,3643.43,3633.2704177812902,3643.43,True,6.25,0.2,4,3.455,1.055
ichi,SELL,2025-09-15 03:30:00,2025-09-15 04:00:00,9.2,tp,tenkan_momentum,0.01,3639.32,3630.1201994998282,3645.453200333448,3634.71,True,10.13,0.2,7,3.067,0.932
ichi,BUY,2025-09-15 12:00:00,2025-09-15 12:30:00,-6.78,sl,kijun_pullback,0.01,3645.6299999999997,3638.8484621157368,3638.8484621157368,3638.8484621157368,False,0.18,7.42,7,3.391,1.016
ichi,BUY,2025-09-15 15:45:00,2025-09-15 16:10:00,2.87,sl,tenkan_momentum,0.01,3644.85,3647.72,3636.663537163293,3647.72,True,6.24,1.03,6,4.093,1.239
ichi,BUY,2025-09-16 03:30:00,2025-09-16 04:00:00,0.05,sl,tenkan_momentum,0.01,3683.7799999999997,3683.83,3677.8884035105475,3683.83,True,5.62,3.13,7,2.946,0.888
ichi,BUY,2025-09-16 09:30:00,2025-09-16 09:50:00,4.89,sl,tenkan_momentum,0.01,3685.22,3690.11,3678.9436224558513,3690.11,True,7.4,0.96,5,3.138,0.946
ichi,BUY,2025-09-16 11:15:00,2025-09-16 15:30:00,-7.84,sl,kijun_pullback,0.01,3696.0699999999997,3688.234262196735,3688.234262196735,3688.234262196735,False,3.41,8.33,52,3.918,1.172
ichi,BUY,2025-09-16 16:30:00,2025-09-16 17:20:00,5.15,sl,kijun_pullback,0.01,3694.52,3699.67,3686.0342414299316,3699.67,True,8.54,2.46,11,4.243,1.285
ichi,SELL,2025-09-18 08:45:00,2025-09-18 09:10:00,14.31,tp,tenkan_momentum,0.01,3654.34,3640.0288396836913,3663.880773544206,3644.84,True,20.31,0.63,6,4.77,1.433
ichi,SELL,2025-09-19 03:30:00,2025-09-19 04:00:00,-5.54,sl,tenkan_momentum,0.01,3638.32,3643.861169198978,3643.861169198978,3643.861169198978,False,1.81,6.1,7,2.771,0.815
ichi,BUY,2025-09-22 05:30:00,2025-09-22 07:05:00,2.17,sl,kijun_pullback,0.01,3691.8799999999997,3694.05,3683.592388850155,3694.05,True,5.59,6.34,20,4.144,1.229
ichi,BUY,2025-09-22 07:30:00,2025-09-22 08:55:00,5.78,sl,kijun_pullback,0.01,3691.6,3697.38,3684.176856649525,3697.38,True,8.75,1.5,18,3.712,1.097
ichi,BUY,2025-09-22 16:00:00,2025-09-22 19:00:00,14.68,tp,kijun_pullback,0.01,3721.8799999999997,3736.5620639397534,3712.0919573734973,3732.24,True,15.62,5.02,32,4.894,1.434
ichi,BUY,2025-09-23 02:30:00,2025-09-23 03:50:00,1.65,gap,kijun_pullback,0.01,3746.8399999999997,3748.49,3739.83501824535,3748.62,True,4.58,1.94,17,3.502,1.005
ichi,BUY,2025-09-23 04:15:00,2025-09-23 04:50:00,0.05,sl,kijun_pullback,0.01,3754.89,3754.94,3746.1372279326156,3754.94,True,4.46,7.05,8,4.376,1.252
ichi,BUY,2025-09-23 09:15:00,2025-09-23 11:40:00,14.1,tp,tenkan_momentum,0.01,3754.8399999999997,3768.93826665414,3745.4411555639062,3763.91,True,15.39,5.78,30,4.699,1.345
ichi,BUY,2025-09-23 18:30:00,2025-09-23 19:35:00,-11.93,sl,kijun_pullback,0.01,3780.5099999999998,3768.5755825327346,3768.5755825327346,3768.5755825327346,False,1.47,15.35,14,5.967,1.674
ichi,BUY,2025-09-25 12:45:00,2025-09-25 14:05:00,-10.74,sl,tenkan_momentum,0.01,3756.37,3745.6287861011147,3745.6287861011147,3745.6287861011147,False,4.63,10.76,17,5.371,1.532
ichi,BUY,2025-09-25 14:30:00,2025-09-25 15:30:00,0.05,sl,kijun_pullback,0.01,3749.97,3750.02,3738.702215125731,3750.02,True,5.93,6.68,13,5.634,1.632
ichi,SELL,2025-09-25 18:30:00,2025-09-25 21:25:00,-16.85,sl,tenkan_momentum,0.01,3730.46,3747.3077275529986,3747.3077275529986,3747.3077275529986,False,1.03,20.55,36,8.424,2.44
ichi,BUY,2025-09-26 15:15:00,2025-09-26 15:35:00,0.05,sl,tenkan_momentum,0.01,3751.87,3751.92,3743.903404959922,3751.92,True,5.58,5.34,5,3.983,1.183
ichi,BUY,2025-09-26 16:45:00,2025-09-26 17:15:00,17.14,tp,kijun_pullback,0.01,3758.08,3775.215384180141,3746.6564105465727,3770.29,True,20.58,0.55,7,5.712,1.696
ichi,BUY,2025-09-29 05:00:00,2025-09-29 05:20:00,20.03,tp,tenkan_momentum,0.01,3778.72,3798.7480382524254,3765.3679744983824,3785.82,True,20.13,1.08,5,6.676,1.933
ichi,BUY,2025-09-29 16:30:00,2025-09-29 17:15:00,0.05,sl,tenkan_momentum,0.01,3822.24,3822.29,3809.1267908536142,3822.29,True,7.97,3.74,10,6.557,1.845
ichi,BUY,2025-09-29 18:30:00,2025-09-30 03:10:00,3.44,gap,tenkan_momentum,0.01,3829.6,3833.04,3815.1629986979215,3833.59,True,9.76,7.75,93,7.219,2.031
ichi,BUY,2025-09-30 18:45:00,2025-09-30 23:05:00,12.81,sl,tenkan_momentum,0.01,3839.2999999999997,3852.11,3820.310297198272,3852.11,True,21.46,3.96,53,9.495,2.659
ichi,BUY,2025-10-01 08:30:00,2025-10-01 09:15:00,-9.74,sl,kijun_pullback,0.01,3865.99,3856.2536691528358,3856.2536691528358,3856.2536691528358,False,0.57,9.81,10,4.868,1.339
ichi,BUY,2025-10-02 11:00:00,2025-10-02 12:00:00,5.66,gap,kijun_pullback,0.01,3868.9399999999996,3874.6,3858.991193085402,3874.7,True,9.74,4.3,13,4.974,1.387
ichi,BUY,2025-10-03 15:00:00,2025-10-03 16:00:00,9.07,sl,kijun_pullback,0.01,3862.33,3871.4,3853.5138795501625,3871.4,True,13.57,1.78,13,4.408,1.219
ichi,BUY,2025-10-06 02:15:00,2025-10-06 05:10:00,9.71,sl,kijun_pullback,0.01,3909.73,3919.44,3897.0810976087005,3919.44,True,14.77,10.68,36,6.324,1.728
ichi,BUY,2025-10-06 11:45:00,2025-10-06 12:40:00,0.05,sl,kijun_pullback,0.01,3938.5499999999997,3938.6,3924.21803420618,3938.6,True,8.71,0.71,12,7.166,1.932
ichi,BUY,2025-10-06 13:30:00,2025-10-06 14:00:00,0.05,sl,kijun_pullback,0.01,3940.06,3940.11,3926.4052173615546,3940.11,True,6.83,0.89,7,6.827,1.841
ichi,BUY,2025-10-06 16:45:00,2025-10-06 18:00:00,7.66,sl,kijun_pullback,0.01,3944.99,3952.65,3929.9325145472553,3952.65,True,13.91,4.69,16,7.529,2.03
ichi,BUY,2025-10-07 01:15:00,2025-10-07 01:45:00,-11.68,sl,kijun_pullback,0.01,3970.99,3959.3052300819213,3959.3052300819213,3959.3052300819213,False,5.22,12.11,7,5.842,1.559
ichi,BUY,2025-10-07 19:45:00,2025-10-07 21:00:00,0.05,sl,kijun_pullback,0.01,3977.22,3977.27,3960.100602837257,3977.27,True,10.46,5.74,16,8.56,2.32
ichi,BUY,2025-10-08 04:30:00,2025-10-08 05:50:00,16.06,tp,tenkan_momentum,0.01,3994.41,4010.4659675635708,3983.7060216242858,4004.18,True,16.07,3.39,17,5.352,1.451
ichi,BUY,2025-10-08 13:45:00,2025-10-08 15:15:00,4.55,sl,kijun_pullback,0.01,4037.22,4041.77,4025.445987871281,4041.77,True,9.26,5.14,19,5.887,1.562
ichi,BUY,2025-10-08 15:20:00,2025-10-08 15:35:00,-12.43,sl,tenkan_momentum,0.01,4044.3399999999997,4031.905676401705,4031.905676401705,4031.905676401705,False,0.05,12.75,4,6.217,1.639
ichi,BUY,2025-10-08 18:15:00,2025-10-08 20:20:00,12.43,sl,kijun_pullback,0.01,4039.6699999999996,4052.1,4023.537777142126,4052.1,True,19.58,2.24,26,8.066,2.162
ichi,BUY,2025-10-09 14:45:00,2025-10-09 16:15:00,8.21,sl,tenkan_momentum,0.01,4044.99,4053.2,4034.235302235967,4053.2,True,12.8,7.55,19,5.377,1.418
ichi,SELL,2025-10-10 06:45:00,2025-10-10 07:15:00,10.91,sl,tenkan_momentum,0.01,3964.68,3953.77,3981.4848513855427,3953.77,True,17.63,2.5,7,8.402,2.192
ichi,SELL,2025-10-10 10:15:00,2025-10-10 10:55:00,-17.35,sl,tenkan_momentum,0.01,3958.73,3976.080160615851,3976.080160615851,3976.080160615851,False,0.88,17.6,9,8.675,2.231
ichi,BUY,2025-10-13 15:30:00,2025-10-13 16:30:00,3.39,sl,tenkan_momentum,0.01,4084.14,4087.53,4070.869842296725,4087.53,True,9.0,8.69,13,6.635,1.746
ichi,BUY,2025-10-13 18:45:00,2025-10-13 19:25:00,10.54,sl,tenkan_momentum,0.01,4099.98,4110.52,4085.481239954938,4110.52,True,17.03,2.35,9,7.249,1.899
ichi,BUY,2025-10-15 01:15:00,2025-10-15 04:15:00,17.05,sl,kijun_pullback,0.01,4161.01,4178.06,4143.483027481039,4178.06,True,24.06,10.83,37,8.763,2.264
ichi,BUY,2025-10-15 17:15:00,2025-10-15 18:35:00,-21.47,sl,tenkan_momentum,0.01,4208.79,4187.318171304357,4187.318171304357,4187.318171304357,False,2.96,23.94,17,10.736,2.714
ichi,BUY,2025-10-15 19:30:00,2025-10-16 01:15:00,5.94,sl,kijun_pullback,0.01,4197.28,4203.22,4175.514810467483,4203.22,True,15.86,14.69,58,10.883,2.828
ichi,BUY,2025-10-16 04:15:00,2025-10-16 04:45:00,5.5,sl,kijun_pullback,0.01,4220.76,4226.26,4204.483096928087,4226.26,True,12.01,2.31,7,8.138,2.098
ichi,BUY,2025-10-16 15:45:00,2025-10-16 16:25:00,11.02,sl,kijun_pullback,0.01,4237.03,4248.05,4220.987941431122,4248.05,True,17.73,3.53,9,8.021,2.054
ichi,BUY,2025-10-16 17:15:00,2025-10-16 19:30:00,18.54,sl,kijun_pullback,0.01,4265.32,4283.86,4245.626648895923,4283.86,True,26.6,10.94,28,9.847,2.486
ichi,BUY,2025-10-16 19:45:00,2025-10-16 20:40:00,18.16,sl,kijun_pullback,0.01,4271.429999999999,4289.59,4248.771627229961,4289.59,True,27.22,2.53,12,11.329,2.795
ichi,BUY,2025-10-21 01:15:00,2025-10-21 01:40:00,0.05,sl,kijun_pullback,0.01,4362.44,4362.49,4341.011290118949,4362.49,True,12.96,4.72,6,10.714,2.585
ichi,SELL,2025-10-27 11:00:00,2025-10-27 11:15:00,0.05,sl,tenkan_momentum,0.01,4042.98,4042.93,4065.564684854005,4042.93,True,12.53,7.61,4,11.292,2.725
ichi,SELL,2025-10-27 15:45:00,2025-10-27 16:05:00,7.86,sl,tenkan_momentum,0.01,4024.95,4017.09,4049.526816780989,4017.09,True,24.42,2.35,5,12.288,2.965
ichi,SELL,2025-10-28 02:15:00,2025-10-28 02:30:00,0.05,sl,tenkan_momentum,0.01,3986.39,3986.34,4006.7901656078066,3986.34,True,13.05,11.48,4,10.2,2.438
ichi,SELL,2025-10-28 07:00:00,2025-10-28 08:45:00,31.48,tp,tenkan_momentum,0.01,3974.37,3942.887599710025,3995.358266859983,3952.03,True,32.87,6.01,22,10.494,2.508
ichi,BUY,2025-10-29 16:15:00,2025-10-29 17:45:00,-18.45,sl,kijun_pullback,0.01,4017.3999999999996,3998.954395732441,3998.954395732441,3998.954395732441,False,3.8,21.24,19,9.223,2.124
ichi,BUY,2025-10-31 01:15:00,2025-10-31 02:00:00,7.7,sl,kijun_pullback,0.01,4027.23,4034.93,4006.8411016915325,4034.93,True,15.86,3.87,10,10.194,2.399
ichi,BUY,2025-10-31 03:15:00,2025-10-31 04:05:00,-19.69,sl,kijun_pullback,0.01,4032.47,4012.7826051240604,4012.7826051240604,4012.7826051240604,False,3.26,21.19,11,9.844,2.296
ichi,BUY,2025-10-31 10:00:00,2025-10-31 11:20:00,-19.07,sl,tenkan_momentum,0.01,4021.41,4002.3380817862667,4002.3380817862667,4002.3380817862667,False,5.35,22.48,17,9.536,2.276
ichi,BUY,2025-10-31 14:30:00,2025-10-31 14:50:00,10.11,sl,kijun_pullback,0.01,4019.3799999999997,4029.49,4002.2076455937317,4029.49,True,16.98,2.7,5,8.586,2.097
ichi,BUY,2025-11-03 10:45:00,2025-11-03 11:15:00,0.05,sl,kijun_pullback,0.01,4016.8999999999996,4016.95,4001.5145437355714,4016.95,True,8.96,3.75,7,7.693,1.856
ichi,BUY,2025-11-03 17:00:00,2025-11-03 17:35:00,-16.16,sl,tenkan_momentum,0.01,4023.3199999999997,4007.1580598237447,4007.1580598237447,4007.1580598237447,False,7.42,17.03,8,8.081,1.949
ichi,SELL,2025-11-04 02:15:00,2025-11-04 02:45:00,10.87,sl,tenkan_momentum,0.01,3994.91,3984.04,4009.942415285204,3984.04,True,16.88,4.59,7,7.516,1.849
ichi,SELL,2025-11-05 04:00:00,2025-11-05 05:00:00,-16.21,sl,tenkan_momentum,0.01,3937.02,3953.233733753431,3953.233733753431,3953.233733753431,False,1.14,16.55,13,8.107,1.968
ichi,SELL,2025-11-06 03:15:00,2025-11-06 04:30:00,-11.82,sl,tenkan_momentum,0.01,3969.83,3981.65251575094,3981.65251575094,3981.65251575094,False,1.9,15.02,16,5.911,1.464
ichi,BUY,2025-11-06 16:00:00,2025-11-06 16:20:00,-11.41,sl,kijun_pullback,0.01,4012.3199999999997,4000.911242961744,4000.911242961744,4000.911242961744,False,1.51,18.9,5,5.704,1.434
ichi,BUY,2025-11-07 03:15:00,2025-11-07 06:00:00,-11.72,sl,kijun_pullback,0.01,3999.08,3987.3553127402884,3987.3553127402884,3987.3553127402884,False,4.52,13.49,34,5.862,1.495
ichi,BUY,2025-11-07 06:30:00,2025-11-07 09:20:00,8.82,sl,tenkan_momentum,0.01,3996.6699999999996,4005.49,3985.2066144534165,4005.49,True,13.41,4.69,35,5.732,1.484
ichi,BUY,2025-11-10 01:30:00,2025-11-10 02:50:00,9.23,sl,kijun_pullback,0.01,4009.0099999999998,4018.24,3995.4459140764266,4018.24,True,14.66,5.41,17,6.782,1.736
ichi,BUY,2025-11-10 18:15:00,2025-11-10 20:25:00,21.65,tp,kijun_pullback,0.01,4091.49,4113.142846030546,4077.054769312969,4104.77,True,22.87,2.82,27,7.218,1.826
ichi,BUY,2025-11-11 08:30:00,2025-11-11 09:50:00,-12.52,sl,tenkan_momentum,0.01,4137.639999999999,4125.123354192768,4125.123354192768,4125.123354192768,False,0.0,12.79,17,6.258,1.541
ichi,BUY,2025-11-11 15:15:00,2025-11-11 16:00:00,0.05,sl,tenkan_momentum,0.01,4140.49,4140.54,4129.646191829028,4140.54,True,6.14,2.37,10,5.422,1.356
ichi,BUY,2025-11-12 10:30:00,2025-11-12 14:40:00,5.86,sl,tenkan_momentum,0.01,4128.139999999999,4134.0,4113.720769753827,4134.0,True,11.63,10.0,51,7.21,1.803
ichi,BUY,2025-11-12 16:15:00,2025-11-12 17:10:00,20.64,tp,tenkan_momentum,0.01,4135.04,4155.680083906146,4121.279944062569,4139.16,True,27.08,9.85,12,6.88,1.708
ichi,BUY,2025-11-13 12:00:00,2025-11-13 15:00:00,5.74,sl,tenkan_momentum,0.01,4233.3,4239.04,4217.433336654083,4239.04,True,12.09,13.83,37,7.933,1.92
ichi,BUY,2025-11-13 15:15:00,2025-11-13 16:20:00,-17.24,sl,kijun_pullback,0.01,4230.71,4213.470869888474,4213.470869888474,4213.470869888474,False,6.9,19.08,14,8.62,2.072
ichi,SELL,2025-11-14 11:30:00,2025-11-14 12:50:00,0.05,sl,tenkan_momentum,0.01,4170.1,4170.05,4189.134730011457,4170.05,True,10.09,1.99,17,9.517,2.336
ichi,SELL,2025-11-17 02:15:00,2025-11-17 05:15:00,0.05,sl,tenkan_momentum,0.01,4085.02,4084.97,4108.1438395475325,4084.97,True,14.6,17.33,37,11.562,2.838
ichi,SELL,2025-11-17 15:45:00,2025-11-17 18:10:00,8.84,sl,tenkan_momentum,0.01,4069.02,4060.18,4088.235736177022,4060.18,True,16.53,13.17,30,9.608,2.358
ichi,SELL,2025-11-18 04:00:00,2025-11-18 05:35:00,7.57,sl,tenkan_momentum,0.01,4024.51,4016.94,4045.1508270868962,4016.94,True,15.83,11.69,20,10.32,2.506
ichi,BUY,2025-11-19 02:15:00,2025-11-19 03:50:00,-13.36,sl,kijun_pullback,0.01,4073.3799999999997,4060.016521970786,4060.016521970786,4060.016521970786,False,4.88,14.78,20,6.682,1.608
ichi,BUY,2025-11-19 10:30:00,2025-11-19 11:55:00,22.46,tp,tenkan_momentum,0.01,4088.02,4110.483430121553,4073.0443799189643,4101.35,True,28.38,7.82,18,7.488,1.831
ichi,BUY,2025-11-19 16:45:00,2025-11-19 17:05:00,8.71,sl,tenkan_momentum,0.01,4112.28,4120.99,4093.0247644363117,4120.99,True,17.26,2.92,5,9.628,2.291
ichi,SELL,2025-11-20 05:45:00,2025-11-20 10:30:00,18.5,sl,tenkan_momentum,0.01,4065.92,4047.42,4087.585833107539,4047.42,True,27.17,14.78,58,10.833,2.552
ichi,BUY,2025-11-20 15:45:00,2025-11-20 16:55:00,17.16,sl,kijun_pullback,0.01,4080.71,4097.87,4057.2519005241734,4097.87,True,26.54,8.69,15,11.729,2.704
ichi,SELL,2025-11-21 05:00:00,2025-11-21 07:55:00,9.4,sl,tenkan_momentum,0.01,4057.02,4047.62,4075.3733292252564,4047.62,True,16.74,5.5,36,9.177,2.074
ichi,SELL,2025-11-21 08:15:00,2025-11-21 08:35:00,12.99,sl,tenkan_momentum,0.01,4051.97,4038.98,4072.463714915187,4038.98,True,22.31,1.04,5,10.247,2.292
ichi,SELL,2025-11-21 12:15:00,2025-11-21 14:30:00,-21.43,sl,tenkan_momentum,0.01,4038.73,4060.1578174969463,4060.1578174969463,4060.1578174969463,False,7.46,24.84,28,10.714,2.362
ichi,BUY,2025-11-21 17:00:00,2025-11-21 19:00:00,20.28,sl,tenkan_momentum,0.01,4071.95,4092.23,4051.340345055815,4092.23,True,29.3,16.8,25,10.305,2.327
ichi,BUY,2025-11-21 19:45:00,2025-11-21 22:30:00,-21.61,sl,tenkan_momentum,0.01,4083.5299999999997,4061.9239350964936,4061.9239350964936,4061.9239350964936,False,8.75,23.95,34,10.803,2.385
ichi,SELL,2025-11-24 03:15:00,2025-11-24 05:00:00,6.17,sl,tenkan_momentum,0.01,4054.72,4048.55,4073.4485141533705,4048.55,True,13.82,1.94,22,9.364,2.118
ichi,SELL,2025-11-24 06:45:00,2025-11-24 09:35:00,-16.43,sl,tenkan_momentum,0.01,4046.63,4063.0612671588156,4063.0612671588156,4063.0612671588156,False,6.54,17.37,35,8.216,1.845
ichi,BUY,2025-11-24 16:30:00,2025-11-24 17:25:00,12.35,sl,kijun_pullback,0.01,4075.33,4087.68,4061.003969378072,4087.68,True,18.56,6.84,12,7.163,1.639
ichi,BUY,2025-11-25 06:15:00,2025-11-25 08:20:00,0.05,sl,kijun_pullback,0.01,4145.2,4145.25,4131.499354671403,4145.25,True,6.93,4.93,26,6.85,1.545
ichi,BUY,2025-11-25 15:15:00,2025-11-25 16:05:00,5.33,sl,tenkan_momentum,0.01,4138.599999999999,4143.93,4121.222515713035,4143.93,True,12.28,0.71,11,8.689,1.96
ichi,BUY,2025-11-26 10:00:00,2025-11-26 10:30:00,5.82,sl,kijun_pullback,0.01,4157.54,4163.36,4144.800965560689,4163.36,True,10.92,0.65,7,6.37,1.428
ichi,BUY,2025-11-26 11:30:00,2025-11-26 13:45:00,4.07,sl,tenkan_momentum,0.01,4163.24,4167.31,4150.365453222751,4167.31,True,9.32,7.13,28,6.437,1.434
ichi,BUY,2025-11-26 15:30:00,2025-11-26 15:50:00,-14.84,sl,kijun_pullback,0.01,4165.46,4150.620195382574,4150.620195382574,4150.620195382574,False,0.0,16.09,5,7.42,1.646
ichi,BUY,2025-11-27 01:15:00,2025-11-27 03:10:00,-9.97,sl,kijun_pullback,0.01,4167.05,4157.076830453627,4157.076830453627,4157.076830453627,False,1.29,10.11,24,4.987,1.124
ichi,BUY,2025-11-27 13:15:00,2025-11-28 02:30:00,13.84,tp,kijun_pullback,0.01,4158.16,4172.00236698295,4148.9317553447,4168.02,True,24.21,8.9,147,4.614,1.052
ichi,BUY,2025-11-28 17:30:00,2025-11-28 18:40:00,7.5,sl,tenkan_momentum,0.01,4197.17,4204.67,4180.614577160459,4204.67,True,14.12,3.28,15,8.278,1.858
ichi,BUY,2025-12-01 15:15:00,2025-12-01 15:45:00,4.3,sl,kijun_pullback,0.01,4254.48,4258.78,4239.865801381519,4258.78,True,10.15,4.53,7,7.307,1.627
ichi,BUY,2025-12-03 16:15:00,2025-12-03 16:35:00,5.91,sl,kijun_pullback,0.01,4227.01,4232.92,4211.177551366017,4232.92,True,14.34,5.69,5,7.916,1.754
ichi,BUY,2025-12-03 17:45:00,2025-12-03 18:50:00,-19.83,sl,tenkan_momentum,0.01,4227.599999999999,4207.769744613937,4207.769744613937,4207.769744613937,False,0.51,21.29,14,9.915,2.183
ichi,SELL,2025-12-03 19:30:00,2025-12-03 21:00:00,5.55,sl,tenkan_momentum,0.01,4208.93,4203.38,4228.992570980533,4203.38,True,13.58,6.76,19,10.031,2.258
ichi,BUY,2025-12-05 05:45:00,2025-12-05 07:20:00,4.79,sl,tenkan_momentum,0.01,4209.47,4214.26,4199.436229568662,4214.26,True,8.8,2.57,20,5.017,1.122
ichi,BUY,2025-12-05 11:30:00,2025-12-05 13:00:00,0.05,sl,kijun_pullback,0.01,4221.24,4221.29,4211.522420294659,4221.29,True,6.27,1.72,19,4.859,1.081
ichi,BUY,2025-12-05 13:15:00,2025-12-05 14:10:00,0.05,sl,kijun_pullback,0.01,4224.37,4224.42,4215.849870967771,4224.42,True,5.33,3.75,12,4.26,0.948
ichi,BUY,2025-12-05 14:45:00,2025-12-05 15:05:00,-0.39,gap,tenkan_momentum,0.01,4225.639999999999,4225.25,4217.025782187119,4230.79,True,8.6,3.75,5,4.307,0.958
ichi,SELL,2025-12-08 16:45:00,2025-12-08 17:10:00,15.42,sl,tenkan_momentum,0.01,4198.44,4183.02,4212.5515131097045,4183.02,True,21.06,12.31,6,7.056,1.57
ichi,SELL,2025-12-09 09:30:00,2025-12-09 10:10:00,-9.64,sl,tenkan_momentum,0.01,4178.39,4188.034482342139,4188.034482342139,4188.034482342139,False,0.0,10.31,9,4.822,1.055
ichi,BUY,2025-12-09 16:45:00,2025-12-09 17:10:00,-12.58,sl,kijun_pullback,0.01,4205.95,4193.365192298102,4193.365192298102,4193.365192298102,False,4.12,15.55,6,6.292,1.391
ichi,BUY,2025-12-09 19:30:00,2025-12-09 23:55:00,0.05,sl,kijun_pullback,0.01,4207.99,4208.04,4192.427214762624,4208.04,True,8.08,6.67,54,7.781,1.745
ichi,BUY,2025-12-10 03:15:00,2025-12-10 05:40:00,-8.81,sl,tenkan_momentum,0.01,4215.2699999999995,4206.46331812799,4206.46331812799,4206.46331812799,False,3.51,8.9,30,4.403,0.987
ichi,BUY,2025-12-11 16:15:00,2025-12-11 16:40:00,10.82,sl,kijun_pullback,0.01,4227.389999999999,4238.21,4214.2197906287065,4238.21,True,16.5,3.96,6,6.585,1.491
ichi,BUY,2025-12-12 02:15:00,2025-12-12 09:40:00,8.75,sl,kijun_pullback,0.01,4276.59,4285.34,4263.784880212864,4285.34,True,13.87,11.92,90,6.403,1.432
ichi,BUY,2025-12-15 13:30:00,2025-12-15 14:45:00,3.43,sl,kijun_pullback,0.01,4341.05,4344.48,4331.27131296057,4344.48,True,7.34,1.91,16,4.889,1.083
ichi,BUY,2025-12-17 03:15:00,2025-12-17 03:40:00,3.19,sl,tenkan_momentum,0.01,4318.07,4321.26,4307.788784665353,4321.26,True,7.3,4.78,6,5.141,1.135
ichi,BUY,2025-12-17 05:30:00,2025-12-17 07:20:00,17.37,tp,kijun_pullback,0.01,4318.86,4336.23047421721,4307.279683855193,4329.94,True,19.07,0.56,23,5.79,1.273
ichi,BUY,2025-12-17 15:30:00,2025-12-17 15:45:00,5.97,sl,tenkan_momentum,0.01,4328.16,4334.13,4315.2650528115255,4334.13,True,13.36,0.2,4,6.447,1.391
ichi,BUY,2025-12-17 17:45:00,2025-12-17 20:20:00,6.41,sl,kijun_pullback,0.01,4332.32,4338.73,4313.208612948477,4338.73,True,14.14,11.95,32,9.556,2.049
ichi,BUY,2025-12-18 18:15:00,2025-12-18 18:50:00,0.05,sl,kijun_pullback,0.01,4362.47,4362.52,4341.429891057921,4362.52,True,12.16,3.4,8,10.52,2.24
ichi,SELL,2025-12-19 03:30:00,2025-12-19 04:00:00,-14.37,sl,tenkan_momentum,0.01,4313.19,4327.563184008598,4327.563184008598,4327.563184008598,False,3.69,14.95,7,7.187,1.53
ichi,BUY,2025-12-19 13:30:00,2025-12-19 15:15:00,2.9,gap,kijun_pullback,0.01,4327.3,4330.2,4318.8831777974965,4331.42,True,7.86,6.61,22,4.208,0.91
ichi,BUY,2025-12-19 15:20:00,2025-12-19 16:45:00,0.05,sl,kijun_pullback,0.01,4332.99,4333.04,4323.334704786971,4333.04,True,4.92,13.22,18,4.828,1.041
ichi,BUY,2025-12-19 16:50:00,2025-12-19 17:20:00,18.99,tp,kijun_pullback,0.01,4327.4,4346.387719061022,4314.741520625985,4340.46,True,19.11,3.3,7,6.329,1.364
ichi,BUY,2025-12-22 12:45:00,2025-12-22 15:05:00,7.39,sl,kijun_pullback,0.01,4409.179999999999,4416.57,4398.814902972282,4416.57,True,13.15,3.02,29,5.183,1.095
ichi,BUY,2025-12-22 15:10:00,2025-12-22 15:20:00,0.05,sl,kijun_pullback,0.01,4421.98,4422.03,4411.353311640052,4422.03,True,5.4,8.34,3,5.313,1.114
ichi,BUY,2025-12-22 16:45:00,2025-12-22 18:00:00,6.79,sl,kijun_pullback,0.01,4423.32,4430.11,4409.6001843954655,4430.11,True,12.28,11.25,16,6.86,1.438
ichi,BUY,2025-12-23 09:30:00,2025-12-23 11:00:00,4.38,sl,kijun_pullback,0.01,4484.29,4488.67,4472.824639303044,4488.67,True,8.97,0.63,19,5.733,1.193
ichi,BUY,2025-12-23 15:15:00,2025-12-23 15:50:00,-11.18,sl,kijun_pullback,0.01,4494.71,4483.531525803946,4483.531525803946,4483.531525803946,False,2.67,21.39,8,5.589,1.158
ichi,BUY,2025-12-26 05:45:00,2025-12-26 08:50:00,7.96,sl,kijun_pullback,0.01,4503.07,4511.03,4483.675107136889,4511.03,True,16.38,2.63,38,9.697,2.033
ichi,BUY,2025-12-26 16:00:00,2025-12-26 16:35:00,0.05,sl,kijun_pullback,0.01,4525.349999999999,4525.4,4511.634177915621,4525.4,True,8.13,2.92,8,6.858,1.426
ichi,SELL,2025-12-29 04:00:00,2025-12-29 09:00:00,40.74,tp,tenkan_momentum,0.01,4497.14,4456.4021457920635,4524.298569471958,4482.37,True,51.54,23.5,61,13.579,2.823
ichi,SELL,2025-12-29 11:00:00,2025-12-29 13:45:00,7.87,gap,tenkan_momentum,0.01,4461.09,4453.22,4484.906559754688,4443.99,True,26.63,15.34,34,11.908,2.375
ichi,BUY,2026-01-02 12:15:00,2026-01-02 13:30:00,6.07,gap,kijun_pullback,0.01,4388.32,4394.39,4376.680546432338,4394.64,True,10.98,3.43,16,5.82,1.152
ichi,BUY,2026-01-02 15:00:00,2026-01-02 15:20:00,0.05,sl,tenkan_momentum,0.01,4394.59,4394.64,4381.8840936601755,4394.64,True,7.72,14.79,5,6.353,1.25
ichi,BUY,2026-01-06 08:15:00,2026-01-06 09:20:00,7.4,sl,kijun_pullback,0.01,4457.12,4464.52,4442.403077927272,4464.52,True,13.29,1.69,14,7.358,1.447
ichi,BUY,2026-01-06 10:15:00,2026-01-06 10:30:00,7.51,sl,kijun_pullback,0.01,4462.179999999999,4469.69,4447.11952701813,4469.69,True,13.53,0.44,4,7.53,1.47
ichi,BUY,2026-01-06 16:00:00,2026-01-06 16:40:00,8.93,sl,tenkan_momentum,0.01,4468.179999999999,4477.11,4453.367979586465,4477.11,True,14.94,3.69,9,7.406,1.436
ichi,BUY,2026-01-06 17:45:00,2026-01-06 19:40:00,6.36,sl,kijun_pullback,0.01,4475.66,4482.02,4456.9909568058465,4482.02,True,14.55,4.03,24,9.335,1.794
ichi,SELL,2026-01-07 15:00:00,2026-01-07 15:10:00,9.08,sl,tenkan_momentum,0.01,4445.14,4436.06,4461.890523591061,4436.06,True,17.03,5.05,3,8.375,1.6
ichi,BUY,2026-01-09 04:00:00,2026-01-09 04:30:00,0.05,sl,tenkan_momentum,0.01,4469.099999999999,4469.15,4454.937253231787,4469.15,True,7.35,0.79,7,7.081,1.341
ichi,BUY,2026-01-09 08:30:00,2026-01-09 14:10:00,0.05,sl,tenkan_momentum,0.01,4473.78,4473.83,4462.599342169939,4473.83,True,6.67,9.73,69,5.59,1.059
ichi,BUY,2026-01-09 15:45:00,2026-01-09 16:15:00,0.05,sl,kijun_pullback,0.01,4487.179999999999,4487.23,4470.550376897067,4487.23,True,9.29,8.13,7,8.315,1.574
ichi,BUY,2026-01-09 20:45:00,2026-01-12 01:15:00,29.65,tp,tenkan_momentum,0.01,4502.5599999999995,4532.212269641941,4482.791820238705,4522.82,True,30.98,9.82,43,9.884,1.871
ichi,BUY,2026-01-12 08:30:00,2026-01-12 09:25:00,7.3,sl,kijun_pullback,0.01,4573.87,4581.17,4557.815816399087,4581.17,True,13.72,1.86,12,8.027,1.478
ichi,BUY,2026-01-12 13:45:00,2026-01-12 15:25:00,12.59,sl,kijun_pullback,0.01,4592.2,4604.79,4577.445248542989,4604.79,True,18.97,13.77,21,7.377,1.35
ichi,BUY,2026-01-12 16:45:00,2026-01-12 17:20:00,6.25,sl,tenkan_momentum,0.01,4604.38,4610.63,4582.684964599138,4610.63,True,14.93,6.94,8,10.848,1.962
ichi,BUY,2026-01-12 21:00:00,2026-01-12 22:40:00,-18.23,sl,kijun_pullback,0.01,4611.03,4592.795885659933,4592.795885659933,4592.795885659933,False,7.96,18.68,21,9.117,1.64
ichi,BUY,2026-01-13 15:00:00,2026-01-13 15:15:00,7.19,sl,tenkan_momentum,0.01,4593.42,4600.61,4579.016383738353,4600.61,True,12.95,2.77,4,7.202,1.317
ichi,BUY,2026-01-14 08:15:00,2026-01-14 15:00:00,0.05,sl,kijun_pullback,0.01,4633.73,4633.78,4617.6076012477815,4633.78,True,8.19,11.79,82,8.061,1.464
ichi,BUY,2026-01-14 15:45:00,2026-01-14 16:35:00,-15.09,sl,tenkan_momentum,0.01,4636.9,4621.8123153397555,4621.8123153397555,4621.8123153397555,False,2.02,19.46,11,7.544,1.37
ichi,SELL,2026-01-15 06:00:00,2026-01-15 07:25:00,0.05,sl,tenkan_momentum,0.01,4592.26,4592.21,4613.599083986879,4592.21,True,10.85,5.39,18,10.67,1.965
ichi,SELL,2026-01-16 04:00:00,2026-01-16 04:45:00,3.94,sl,tenkan_momentum,0.01,4600.55,4596.61,4613.236051608337,4596.61,True,9.01,4.14,10,6.343,1.168
ichi,BUY,2026-01-19 08:15:00,2026-01-19 09:10:00,0.05,sl,kijun_pullback,0.01,4669.42,4669.47,4653.683708969735,4669.47,True,9.66,1.12,12,7.868,1.444
ichi,BUY,2026-01-19 11:15:00,2026-01-19 21:00:00,3.62,sl,kijun_pullback,0.01,4670.96,4674.58,4656.510766844875,4674.58,True,9.4,11.28,118,7.225,1.326
ichi,BUY,2026-01-20 15:45:00,2026-01-20 16:05:00,11.38,gap,kijun_pullback,0.01,4729.96,4741.34,4715.734692217068,4742.91,True,18.64,2.53,5,7.113,1.301
ichi,BUY,2026-01-20 18:00:00,2026-01-20 19:00:00,11.62,sl,tenkan_momentum,0.01,4737.7,4749.32,4716.667530241114,4749.32,True,20.03,8.64,13,10.516,1.903
ichi,BUY,2026-01-21 09:30:00,2026-01-21 10:50:00,9.09,sl,kijun_pullback,0.01,4849.429999999999,4858.52,4821.822482618821,4858.52,True,20.13,10.51,17,13.804,2.472
ichi,BUY,2026-01-21 11:15:00,2026-01-21 11:35:00,6.1,gap,kijun_pullback,0.01,4860.08,4866.18,4835.912245499203,4867.19,True,16.78,1.92,5,12.084,2.147
ichi,BUY,2026-01-21 15:15:00,2026-01-21 16:00:00,0.05,sl,tenkan_momentum,0.01,4869.37,4869.42,4849.843301150722,4869.42,True,11.58,16.96,10,9.763,1.725
ichi,BUY,2026-01-22 12:00:00,2026-01-22 14:00:00,5.35,sl,kijun_pullback,0.01,4823.34,4828.69,4805.694142181913,4828.69,True,13.05,3.98,25,8.823,1.559
ichi,BUY,2026-01-22 14:30:00,2026-01-22 15:00:00,-14.45,sl,kijun_pullback,0.01,4831.83,4817.38019066169,4817.38019066169,4817.38019066169,False,0.62,15.81,7,7.225,1.271
ichi,BUY,2026-01-22 16:45:00,2026-01-22 18:10:00,28.37,tp,kijun_pullback,0.01,4846.07,4874.4387150096245,4827.157523326917,4866.12,True,30.16,18.88,18,9.456,1.684
ichi,BUY,2026-01-23 03:45:00,2026-01-23 08:10:00,0.05,sl,tenkan_momentum,0.01,4951.41,4951.46,4926.44144911027,4951.46,True,15.89,13.28,54,12.484,2.169
ichi,BUY,2026-01-23 16:00:00,2026-01-23 16:55:00,7.9,sl,tenkan_momentum,0.01,4939.23,4947.13,4917.9446127685505,4947.13,True,17.21,6.4,12,10.643,1.849
ichi,BUY,2026-01-23 21:00:00,2026-01-23 22:00:00,13.03,sl,kijun_pullback,0.01,4967.04,4980.07,4942.75661027615,4980.07,True,22.74,0.2,13,12.142,2.095
ichi,BUY,2026-01-26 08:00:00,2026-01-26 08:50:00,25.02,sl,tenkan_momentum,0.01,5074.5,5099.52,5048.117047891985,5099.52,True,36.53,9.13,11,13.191,2.251
ichi,BUY,2026-01-26 12:15:00,2026-01-26 15:30:00,-23.46,sl,tenkan_momentum,0.01,5089.48,5066.021793581173,5066.021793581173,5066.021793581173,False,7.53,34.89,40,11.729,1.959
ichi,BUY,2026-01-26 18:00:00,2026-01-26 18:20:00,0.05,sl,tenkan_momentum,0.01,5091.13,5091.18,5064.340163285404,5091.18,True,13.84,1.52,5,13.395,2.282
ichi,BUY,2026-01-26 19:45:00,2026-01-26 20:30:00,-29.57,sl,tenkan_momentum,0.01,5102.45,5072.884105298567,5072.884105298567,5072.884105298567,False,2.6,31.23,10,14.783,2.519
ichi,BUY,2026-01-27 11:15:00,2026-01-27 12:20:00,7.21,sl,kijun_pullback,0.01,5083.57,5090.78,5061.68913533191,5090.78,True,15.96,1.22,14,10.94,1.912
ichi,BUY,2026-01-27 14:45:00,2026-01-27 15:40:00,-19.69,sl,kijun_pullback,0.01,5089.5,5069.8060876685,5069.8060876685,5069.8060876685,False,3.42,19.85,12,9.847,1.71
ichi,BUY,2026-01-28 12:00:00,2026-01-28 13:00:00,-27.97,sl,kijun_pullback,0.01,5278.42,5250.450488213464,5250.450488213464,5250.450488213464,False,7.3,34.79,13,13.985,2.471
ichi,BUY,2026-02-09 11:30:00,2026-02-09 12:25:00,-30.63,sl,kijun_pullback,0.01,5024.639999999999,4994.00616637174,4994.00616637174,4994.00616637174,False,2.81,38.48,12,15.317,2.775
ichi,BUY,2026-02-09 16:45:00,2026-02-09 18:30:00,31.05,sl,tenkan_momentum,0.01,5036.8099999999995,5067.86,5006.5730109495,5067.86,True,43.14,13.17,22,15.118,2.818
ichi,BUY,2026-02-10 11:15:00,2026-02-10 14:40:00,-27.19,sl,tenkan_momentum,0.01,5051.9,5024.713528645636,5024.713528645636,5024.713528645636,False,6.33,28.02,42,13.593,2.462
ichi,BUY,2026-02-11 01:30:00,2026-02-11 06:50:00,0.05,sl,tenkan_momentum,0.01,5046.889999999999,5046.94,5023.663036441414,5046.94,True,13.97,18.54,65,11.613,2.157
ichi,BUY,2026-02-11 08:00:00,2026-02-11 09:15:00,6.46,gap,kijun_pullback,0.01,5052.95,5059.41,5032.567155445183,5061.24,True,16.44,3.4,16,10.191,1.892
ichi,BUY,2026-02-11 10:00:00,2026-02-11 11:50:00,8.28,gap,kijun_pullback,0.01,5055.74,5064.02,5035.759440413731,5064.15,True,16.4,9.83,23,9.99,1.844
ichi,BUY,2026-02-11 11:55:00,2026-02-11 12:25:00,7.56,sl,kijun_pullback,0.01,5061.67,5069.23,5043.163080986394,5069.23,True,14.96,1.54,7,9.253,1.695
ichi,BUY,2026-02-16 01:30:00,2026-02-16 02:00:00,-26.7,sl,tenkan_momentum,0.01,5029.49,5002.790327960945,5002.790327960945,5002.790327960945,False,2.07,29.28,7,13.35,2.429
ichi,BUY,2026-02-16 10:30:00,2026-02-16 12:20:00,0.05,sl,tenkan_momentum,0.01,5006.48,5006.53,4987.037792497998,5006.53,True,10.8,2.85,23,9.721,1.813
ichi,SELL,2026-02-16 15:30:00,2026-02-16 16:50:00,6.27,sl,tenkan_momentum,0.01,4994.32,4988.05,5009.891548891893,4988.05,True,12.5,5.48,17,7.786,1.452
ichi,SELL,2026-02-18 02:00:00,2026-02-18 03:00:00,-27.64,sl,tenkan_momentum,0.01,4859.19,4886.826002950783,4886.826002950783,4886.826002950783,False,0.63,29.95,13,13.818,2.561
ichi,BUY,2026-02-20 03:00:00,2026-02-20 05:40:00,-19.38,sl,tenkan_momentum,0.01,5006.72,4987.335061905681,4987.335061905681,4987.335061905681,False,8.24,25.14,33,9.692,1.844
ichi,BUY,2026-02-20 10:30:00,2026-02-20 11:25:00,16.26,sl,tenkan_momentum,0.01,5018.71,5034.97,5000.007437772467,5034.97,True,23.97,0.91,12,9.351,1.812
ichi,BUY,2026-02-20 14:45:00,2026-02-20 16:00:00,15.02,sl,kijun_pullback,0.01,5025.47,5040.49,5005.913848092607,5040.49,True,23.34,7.06,16,9.778,1.866
ichi,BUY,2026-02-23 16:15:00,2026-02-23 16:40:00,29.14,tp,tenkan_momentum,0.01,5157.23,5186.365280755441,5137.806479496372,5176.37,True,33.8,1.19,6,9.712,1.827
ichi,BUY,2026-02-24 02:15:00,2026-02-24 03:00:00,-22.26,sl,kijun_pullback,0.01,5230.179999999999,5207.91848440974,5207.91848440974,5207.91848440974,False,8.03,28.94,10,11.131,2.038
ichi,BUY,2026-02-25 03:15:00,2026-02-25 04:35:00,8.33,sl,kijun_pullback,0.01,5174.72,5183.05,5147.411823720045,5183.05,True,19.25,0.87,17,13.654,2.552
ichi,BUY,2026-02-25 12:00:00,2026-02-25 12:20:00,-17.68,sl,kijun_pullback,0.01,5193.5199999999995,5175.838943027843,5175.838943027843,5175.838943027843,False,1.9,19.28,5,8.841,1.639
ichi,BUY,2026-02-25 17:45:00,2026-02-25 19:40:00,17.25,sl,kijun_pullback,0.01,5191.11,5208.36,5167.517645350402,5208.36,True,26.69,4.44,24,11.796,2.224
ichi,SELL,2026-02-26 02:00:00,2026-02-26 02:30:00,-25.47,sl,tenkan_momentum,0.01,5163.23,5188.70195508153,5188.70195508153,5188.70195508153,False,7.45,26.41,7,12.736,2.363
ichi,SELL,2026-02-26 17:30:00,2026-02-26 17:40:00,-29.53,sl,tenkan_momentum,0.01,5141.77,5171.29515361596,5171.29515361596,5171.29515361596,False,0.94,35.14,3,14.763,2.805
ichi,BUY,2026-02-27 05:30:00,2026-02-27 08:35:00,5.2,sl,kijun_pullback,0.01,5187.139999999999,5192.34,5167.055906185684,5192.34,True,13.23,6.17,38,10.042,1.963
ichi,BUY,2026-02-27 15:15:00,2026-02-27 15:30:00,19.99,sl,kijun_pullback,0.01,5213.17,5233.16,5194.57684092478,5233.16,True,27.43,0.56,4,9.297,1.808
ichi,BUY,2026-02-27 20:30:00,2026-02-27 21:10:00,9.87,sl,kijun_pullback,0.01,5230.73,5240.6,5205.149549748655,5240.6,True,20.49,4.09,9,12.79,2.44
ichi,BUY,2026-03-02 07:45:00,2026-03-02 09:10:00,45.32,tp,kijun_pullback,0.01,5360.98,5406.300143130386,5330.766571246409,5388.86,True,45.92,1.67,18,15.107,2.856
ichi,BUY,2026-03-02 14:15:00,2026-03-02 15:10:00,5.72,gap,kijun_pullback,0.01,5391.72,5397.44,5364.438420215485,5399.24,True,18.43,9.65,12,13.641,2.473
ichi,SELL,2026-03-05 15:30:00,2026-03-05 16:30:00,0.05,sl,tenkan_momentum,0.01,5122.29,5122.24,5154.1089197155225,5122.24,True,19.16,15.92,13,15.909,2.869
ichi,SELL,2026-03-06 13:45:00,2026-03-06 14:00:00,3.83,gap,tenkan_momentum,0.01,5081.23,5077.4,5107.467616243333,5073.52,True,18.21,6.17,4,13.119,2.366
ichi,SELL,2026-03-06 15:15:00,2026-03-06 15:30:00,-27.27,sl,tenkan_momentum,0.01,5073.22,5100.494810896963,5100.494810896963,5100.494810896963,False,0.38,53.54,4,13.637,2.451
ichi,BUY,2026-03-10 03:15:00,2026-03-10 03:30:00,13.33,sl,tenkan_momentum,0.01,5143.71,5157.04,5116.65736294876,5157.04,True,24.15,1.59,4,13.526,2.492
ichi,BUY,2026-03-10 06:15:00,2026-03-10 09:00:00,6.68,sl,kijun_pullback,0.01,5164.59,5171.27,5140.577675809283,5171.27,True,16.35,3.16,34,12.006,2.185
ichi,BUY,2026-03-10 09:45:00,2026-03-10 10:55:00,9.93,sl,kijun_pullback,0.01,5176.36,5186.29,5156.798420543122,5186.29,True,18.79,1.36,15,9.781,1.769
ichi,BUY,2026-03-10 13:00:00,2026-03-10 13:15:00,6.24,sl,kijun_pullback,0.01,5177.41,5183.65,5156.691473836056,5183.65,True,14.53,0.82,4,10.359,1.857
ichi,BUY,2026-03-10 16:30:00,2026-03-10 17:50:00,18.21,sl,tenkan_momentum,0.01,5209.23,5227.44,5181.451795915966,5227.44,True,29.32,6.44,17,13.889,2.476
ichi,BUY,2026-03-11 02:30:00,2026-03-11 09:35:00,-22.76,sl,tenkan_momentum,0.01,5212.639999999999,5189.879618408967,5189.879618408967,5189.879618408967,False,10.65,27.39,86,11.38,1.996
ichi,SELL,2026-03-11 15:45:00,2026-03-11 15:55:00,-3.1,gap,tenkan_momentum,0.01,5165.55,5168.65,5191.835511107725,5165.5,True,16.07,11.85,3,13.143,2.352
ichi,SELL,2026-03-12 01:45:00,2026-03-12 02:05:00,11.71,sl,tenkan_momentum,0.01,5146.95,5135.24,5170.120910603413,5135.24,True,21.14,0.56,5,11.585,2.08
ichi,BUY,2026-03-12 14:45:00,2026-03-12 14:55:00,5.0,sl,kijun_pullback,0.01,5174.21,5179.21,5158.473355202544,5179.21,True,11.39,0.24,3,7.868,1.398
ichi,SELL,2026-03-13 08:30:00,2026-03-13 09:05:00,5.19,sl,tenkan_momentum,0.01,5095.79,5090.6,5112.413152987878,5090.6,True,11.84,2.76,8,8.312,1.47
ichi,SELL,2026-03-13 10:00:00,2026-03-13 10:10:00,10.47,sl,tenkan_momentum,0.01,5085.23,5074.76,5105.182618024572,5074.76,True,18.45,0.2,3,9.976,1.756
ichi,SELL,2026-03-16 00:30:00,2026-03-16 01:20:00,40.6,tp,tenkan_momentum,0.01,5013.16,4972.563588601618,5040.224274265588,5040.224274265588,False,45.34,13.17,11,13.532,2.36
ichi,SELL,2026-03-17 11:15:00,2026-03-17 12:25:00,5.55,sl,tenkan_momentum,0.01,5013.84,5008.29,5031.32272787537,5008.29,True,12.54,6.05,15,8.741,1.473
ichi,SELL,2026-03-17 18:15:00,2026-03-18 10:50:00,5.86,gap,tenkan_momentum,0.01,4994.5,4988.639999999999,5019.627579630146,4987.42,True,17.13,22.0,188,12.564,2.107
ichi,BUY,2026-03-27 20:15:00,2026-03-27 20:55:00,16.04,sl,kijun_pullback,0.01,4498.69,4514.73,4463.649570766073,4514.73,True,30.06,0.22,9,17.52,2.923
ichi,BUY,2026-03-30 15:15:00,2026-03-30 15:45:00,10.16,sl,kijun_pullback,0.01,4556.63,4566.79,4528.620004527624,4566.79,True,21.36,0.71,7,14.005,2.306
ichi,BUY,2026-03-31 08:45:00,2026-03-31 10:15:00,-32.18,sl,tenkan_momentum,0.01,4577.21,4545.029874059424,4545.029874059424,4545.029874059424,False,4.6,33.97,19,16.09,2.627
ichi,BUY,2026-03-31 14:30:00,2026-03-31 15:10:00,9.73,sl,kijun_pullback,0.01,4575.51,4585.24,4544.698491085159,4585.24,True,22.05,6.74,9,15.406,2.583
ichi,BUY,2026-03-31 16:45:00,2026-03-31 16:55:00,8.92,sl,tenkan_momentum,0.01,4587.98,4596.9,4555.400091977659,4596.9,True,21.95,2.83,3,16.29,2.71
ichi,BUY,2026-04-01 08:45:00,2026-04-01 10:00:00,20.34,sl,kijun_pullback,0.01,4702.38,4722.72,4676.133725966907,4722.72,True,30.84,19.82,16,13.123,2.167
ichi,BUY,2026-04-01 11:00:00,2026-04-01 11:50:00,14.79,sl,kijun_pullback,0.01,4713.15,4727.94,4681.633886182238,4727.94,True,27.4,2.65,11,15.758,2.559
ichi,BUY,2026-04-01 15:30:00,2026-04-01 15:45:00,0.05,sl,kijun_pullback,0.01,4736.19,4736.24,4707.960141921592,4736.24,True,17.52,4.71,4,14.115,2.265
ichi,BUY,2026-04-01 17:45:00,2026-04-01 19:10:00,23.02,sl,kijun_pullback,0.01,4754.25,4777.27,4720.696389039186,4777.27,True,36.44,1.66,18,16.777,2.692
ichi,BUY,2026-04-02 01:15:00,2026-04-02 02:45:00,28.22,sl,kijun_pullback,0.01,4759.429999999999,4787.65,4731.048409667669,4787.65,True,41.02,3.0,19,14.191,2.236
ichi,BUY,2026-04-02 03:15:00,2026-04-02 04:00:00,-26.84,sl,tenkan_momentum,0.01,4792.7699999999995,4765.925296048096,4765.925296048096,4765.925296048096,False,5.99,58.61,10,13.422,2.069
ichi,SELL,2026-04-02 14:45:00,2026-04-02 16:05:00,0.05,sl,tenkan_momentum,0.01,4600.05,4600.0,4635.315178943483,4600.0,True,19.1,30.42,17,17.633,2.775
ichi,BUY,2026-04-06 10:45:00,2026-04-06 11:05:00,17.85,sl,kijun_pullback,0.01,4664.62,4682.47,4634.378350410479,4682.47,True,29.95,1.92,5,15.121,2.38
ichi,BUY,2026-04-06 17:00:00,2026-04-06 17:45:00,0.05,sl,kijun_pullback,0.01,4680.0,4680.05,4652.198025292225,4680.05,True,17.48,19.67,10,13.901,2.157
ichi,SELL,2026-04-07 04:15:00,2026-04-07 04:30:00,-22.02,sl,tenkan_momentum,0.01,4640.58,4662.6007318876655,4662.6007318876655,4662.6007318876655,False,2.83,22.04,4,11.01,1.709
ichi,BUY,2026-04-07 13:15:00,2026-04-07 14:00:00,-29.53,sl,tenkan_momentum,0.01,4677.179999999999,4647.653464378173,4647.653464378173,4647.653464378173,False,3.51,31.05,10,14.763,2.331
ichi,BUY,2026-04-07 15:30:00,2026-04-07 16:40:00,-30.53,sl,kijun_pullback,0.01,4666.2,4635.6738638526485,4635.6738638526485,4635.6738638526485,False,1.48,30.65,15,15.263,2.467
ichi,BUY,2026-04-08 09:00:00,2026-04-08 11:25:00,-28.54,sl,kijun_pullback,0.01,4827.69,4799.15043831854,4799.15043831854,4799.15043831854,False,12.12,28.95,30,14.27,2.365
ichi,BUY,2026-04-09 13:30:00,2026-04-09 15:05:00,12.67,gap,kijun_pullback,0.01,4738.36,4751.03,4717.291728873231,4751.25,True,21.32,1.89,20,10.534,1.788
ichi,BUY,2026-04-09 17:45:00,2026-04-09 18:35:00,38.76,tp,kijun_pullback,0.01,4756.389999999999,4795.153059977173,4730.547960015217,4781.95,True,41.64,1.13,11,12.921,2.17
ichi,BUY,2026-04-10 15:45:00,2026-04-10 17:35:00,14.69,sl,tenkan_momentum,0.01,4772.849999999999,4787.54,4754.129131340598,4787.54,True,22.18,9.1,23,9.36,1.522
ichi,BUY,2026-04-10 18:15:00,2026-04-10 18:35:00,-23.1,sl,tenkan_momentum,0.01,4782.05,4758.949353137695,4758.949353137695,4758.949353137695,False,5.21,26.75,5,11.55,1.856
ichi,BUY,2026-04-14 09:45:00,2026-04-14 10:05:00,23.46,tp,kijun_pullback,0.01,4769.83,4793.291118088516,4754.189254607656,4783.78,True,26.52,0.82,5,7.82,1.281
ichi,BUY,2026-04-14 11:30:00,2026-04-14 13:35:00,-18.19,sl,tenkan_momentum,0.01,4786.23,4768.036522976561,4768.036522976561,4768.036522976561,False,3.75,34.07,26,9.097,1.462
ichi,BUY,2026-04-14 16:45:00,2026-04-14 17:35:00,14.63,sl,tenkan_momentum,0.01,4793.33,4807.96,4772.079402144205,4807.96,True,24.67,4.3,11,10.625,1.733
ichi,BUY,2026-04-14 18:30:00,2026-04-14 19:55:00,7.39,sl,tenkan_momentum,0.01,4802.75,4810.14,4779.322911333879,4810.14,True,17.7,0.22,18,11.714,1.888
ichi,BUY,2026-04-15 03:30:00,2026-04-15 04:15:00,25.23,tp,kijun_pullback,0.01,4833.849999999999,4859.084440937329,4817.027039375113,4845.73,True,37.57,6.83,10,8.411,1.347
ichi,BUY,2026-04-17 15:15:00,2026-04-17 15:45:00,24.62,tp,tenkan_momentum,0.01,4804.08,4828.6957268563365,4787.669515429109,4818.53,True,38.52,0.96,7,8.205,1.288
ichi,SELL,2026-04-20 11:00:00,2026-04-20 14:50:00,-18.24,sl,tenkan_momentum,0.01,4789.72,4807.957692640607,4807.957692640607,4807.957692640607,False,6.0,19.4,47,9.119,1.405
ichi,BUY,2026-04-20 15:30:00,2026-04-20 16:30:00,12.74,sl,kijun_pullback,0.01,4806.01,4818.75,4788.3191299747505,4818.75,True,20.28,6.83,13,8.845,1.382
ichi,SELL,2026-04-21 14:15:00,2026-04-21 14:45:00,-14.83,sl,tenkan_momentum,0.01,4781.77,4796.604891881637,4796.604891881637,4796.604891881637,False,2.35,16.38,7,7.417,1.147
ichi,SELL,2026-04-21 17:30:00,2026-04-21 17:45:00,37.69,tp,tenkan_momentum,0.01,4774.11,4736.422112541317,4799.235258305788,4753.82,True,50.12,1.11,4,12.563,1.966
ichi,SELL,2026-04-22 15:45:00,2026-04-22 16:20:00,2.95,gap,tenkan_momentum,0.01,4746.69,4743.74,4760.896588603768,4742.16,True,10.21,4.41,8,7.103,1.08
ichi,SELL,2026-04-22 17:15:00,2026-04-22 17:40:00,8.03,gap,tenkan_momentum,0.01,4745.36,4737.33,4763.088842331315,4737.2,True,15.25,5.58,6,8.864,1.344
ichi,SELL,2026-04-23 10:30:00,2026-04-23 11:00:00,-18.49,sl,tenkan_momentum,0.01,4706.11,4724.603838784829,4724.603838784829,4724.603838784829,False,2.49,18.87,7,9.247,1.394
ichi,SELL,2026-04-24 05:30:00,2026-04-24 06:25:00,6.22,sl,tenkan_momentum,0.01,4683.65,4677.43,4705.05755846686,4677.43,True,14.78,7.47,12,10.704,1.636
ichi,SELL,2026-04-27 15:45:00,2026-04-27 16:45:00,3.92,sl,tenkan_momentum,0.01,4698.87,4694.95,4712.420002846419,4694.95,True,9.34,5.86,13,6.775,1.031
ichi,SELL,2026-04-28 16:15:00,2026-04-28 18:00:00,0.05,sl,tenkan_momentum,0.01,4576.22,4576.17,4605.423438077883,4576.17,True,18.73,16.58,22,14.602,2.215
ichi,BUY,2026-05-01 01:15:00,2026-05-01 04:15:00,-16.64,sl,tenkan_momentum,0.01,4631.49,4614.847928497927,4614.847928497927,4614.847928497927,False,2.54,17.11,37,8.321,1.262
ichi,BUY,2026-05-01 05:15:00,2026-05-01 05:55:00,-14.2,sl,kijun_pullback,0.01,4631.15,4616.945423879103,4616.945423879103,4616.945423879103,False,4.86,14.61,9,7.102,1.091
ichi,BUY,2026-05-06 02:15:00,2026-05-06 03:15:00,0.05,sl,kijun_pullback,0.01,4589.01,4589.06,4570.745921401822,4589.06,True,9.21,9.46,13,9.132,1.419
ichi,BUY,2026-05-06 17:00:00,2026-05-06 17:50:00,0.05,sl,kijun_pullback,0.01,4702.349999999999,4702.4,4675.026460854067,4702.4,True,15.27,4.73,11,13.662,2.122
ichi,BUY,2026-05-07 04:15:00,2026-05-07 05:10:00,0.05,sl,kijun_pullback,0.01,4709.78,4709.83,4691.404481554432,4709.83,True,11.5,7.53,12,9.188,1.427
ichi,BUY,2026-05-07 09:45:00,2026-05-07 12:00:00,-19.11,sl,kijun_pullback,0.01,4746.25,4727.136069818885,4727.136069818885,4727.136069818885,False,7.23,24.44,28,9.557,1.484
ichi,BUY,2026-05-07 13:45:00,2026-05-07 16:00:00,5.1,sl,tenkan_momentum,0.01,4739.29,4744.39,4720.794891840941,4744.39,True,13.49,12.04,28,9.248,1.458
ichi,BUY,2026-05-08 09:15:00,2026-05-08 09:45:00,0.05,sl,kijun_pullback,0.01,4723.179999999999,4723.23,4703.145897588854,4723.23,True,11.53,1.97,7,10.017,1.573
ichi,BUY,2026-05-08 15:45:00,2026-05-08 16:40:00,11.6,sl,tenkan_momentum,0.01,4724.08,4735.68,4703.581939302715,4735.68,True,20.34,7.41,12,10.249,1.609
ichi,BUY,2026-05-08 17:15:00,2026-05-08 18:10:00,-25.3,sl,kijun_pullback,0.01,4731.99,4706.686676305658,4706.686676305658,4706.686676305658,False,1.88,25.95,12,12.652,1.969
ichi,SELL,2026-05-11 05:00:00,2026-05-11 08:30:00,7.44,sl,tenkan_momentum,0.01,4685.69,4678.25,4709.695903593024,4678.25,True,17.04,14.8,43,12.003,1.905
ichi,SELL,2026-05-11 13:00:00,2026-05-11 14:35:00,-17.57,sl,tenkan_momentum,0.01,4656.8,4674.373049147324,4674.373049147324,4674.373049147324,False,0.25,19.38,20,8.787,1.386
ichi,BUY,2026-05-13 04:45:00,2026-05-13 05:50:00,-16.56,sl,kijun_pullback,0.01,4709.17,4692.612220252049,4692.612220252049,4692.612220252049,False,1.59,20.31,14,8.279,1.325
ichi,SELL,2026-05-13 13:45:00,2026-05-13 15:35:00,13.07,gap,tenkan_momentum,0.01,4695.74,4682.67,4710.306116397992,4682.16,True,19.41,9.89,23,7.283,1.181
ichi,SELL,2026-05-14 06:45:00,2026-05-14 07:25:00,-18.07,sl,tenkan_momentum,0.01,4676.34,4694.41029072439,4694.41029072439,4694.41029072439,False,7.76,31.34,9,9.035,1.45
ichi,BUY,2026-05-14 16:15:00,2026-05-14 16:30:00,-19.36,sl,kijun_pullback,0.01,4704.34,4684.984580642954,4684.984580642954,4684.984580642954,False,0.07,22.62,4,9.678,1.576
ichi,SELL,2026-05-18 03:15:00,2026-05-18 03:35:00,28.12,sl,tenkan_momentum,0.01,4526.29,4498.17,4552.054689108949,4498.17,True,38.43,7.53,5,12.882,2.131
ichi,SELL,2026-05-19 16:15:00,2026-05-19 16:30:00,37.95,tp,tenkan_momentum,0.01,4524.49,4486.541497062939,4549.78900195804,4501.26,True,59.61,1.95,4,12.65,2.045
ichi,SELL,2026-05-20 04:30:00,2026-05-20 04:40:00,5.34,gap,tenkan_momentum,0.01,4473.55,4468.21,4496.85495935714,4465.76,True,17.11,3.62,3,11.652,1.828
ichi,SELL,2026-05-20 09:45:00,2026-05-20 11:30:00,-21.49,sl,tenkan_momentum,0.01,4467.05,4488.537548395921,4488.537548395921,4488.537548395921,False,1.55,22.66,22,10.744,1.678
ichi,BUY,2026-05-21 02:45:00,2026-05-21 03:20:00,2.83,gap,kijun_pullback,0.01,4543.099999999999,4545.93,4528.558956590252,4547.47,True,10.19,4.02,8,7.271,1.155
ichi,BUY,2026-05-21 04:15:00,2026-05-21 04:50:00,0.05,sl,kijun_pullback,0.01,4560.03,4560.08,4542.524991258483,4560.08,True,10.91,2.76,8,8.753,1.387
ichi,SELL,2026-05-21 18:30:00,2026-05-21 20:10:00,-22.43,sl,tenkan_momentum,0.01,4503.43,4525.863152156293,4525.863152156293,4525.863152156293,False,0.64,28.55,21,11.217,1.778
ichi,BUY,2026-05-22 03:45:00,2026-05-22 04:35:00,-15.42,sl,kijun_pullback,0.01,4538.24,4522.821973269056,4522.821973269056,4522.821973269056,False,0.61,16.18,11,7.709,1.244
ichi,SELL,2026-05-22 15:45:00,2026-05-22 17:05:00,8.48,sl,tenkan_momentum,0.01,4518.71,4510.23,4535.876748585847,4510.23,True,15.35,15.82,17,8.583,1.403
ichi,SELL,2026-05-22 17:15:00,2026-05-22 18:25:00,-20.12,sl,tenkan_momentum,0.01,4497.61,4517.729359452548,4517.729359452548,4517.729359452548,False,5.59,21.98,15,10.06,1.633
ichi,BUY,2026-05-25 15:45:00,2026-05-25 18:35:00,0.05,sl,kijun_pullback,0.01,4566.71,4566.76,4553.884257347386,4566.76,True,8.0,6.58,35,6.413,1.058
ichi,BUY,2026-05-26 01:15:00,2026-05-26 02:20:00,3.23,sl,kijun_pullback,0.01,4573.59,4576.82,4564.390894961784,4576.82,True,6.91,3.98,14,4.6,0.759
ichi,SELL,2026-05-26 10:45:00,2026-05-26 12:45:00,8.67,sl,tenkan_momentum,0.01,4526.75,4518.08,4541.258246166961,4518.08,True,14.47,12.43,25,7.254,1.194
ichi,SELL,2026-05-26 17:00:00,2026-05-26 19:25:00,5.7,sl,tenkan_momentum,0.01,4513.99,4508.29,4534.775296510927,4508.29,True,14.01,11.19,30,10.393,1.698
ichi,SELL,2026-05-27 15:45:00,2026-05-27 16:20:00,37.57,tp,tenkan_momentum,0.01,4447.05,4409.480165057814,4472.096556628125,4420.0,True,40.96,1.35,8,12.523,2.036
ichi,SELL,2026-05-28 04:15:00,2026-05-28 04:30:00,12.99,sl,tenkan_momentum,0.01,4438.22,4425.23,4457.411003745682,4425.23,True,21.02,2.49,4,9.596,1.514
ichi,BUY,2026-05-29 03:15:00,2026-05-29 04:15:00,20.82,tp,kijun_pullback,0.01,4497.599999999999,4518.4168418192985,4483.7221054538,4509.72,True,23.04,5.19,13,6.939,1.084
ichi,BUY,2026-05-29 04:45:00,2026-05-29 08:35:00,0.05,sl,kijun_pullback,0.01,4506.67,4506.72,4490.316964496,4506.72,True,8.79,11.8,47,8.177,1.257
ichi,BUY,2026-05-29 09:00:00,2026-05-29 10:15:00,0.05,sl,tenkan_momentum,0.01,4515.15,4515.2,4500.202210015631,4515.2,True,8.93,5.12,16,7.474,1.149
ichi,BUY,2026-05-29 12:15:00,2026-05-29 13:00:00,0.05,sl,kijun_pullback,0.01,4529.29,4529.34,4512.534699924391,4529.34,True,10.24,7.11,10,8.378,1.287
ichi,BUY,2026-05-29 17:45:00,2026-05-29 17:55:00,16.39,gap,kijun_pullback,0.01,4540.5599999999995,4556.95,4515.224155318993,4558.96,True,29.92,3.65,3,12.668,1.947
ichi,BUY,2026-06-02 14:30:00,2026-06-02 15:50:00,-12.35,sl,kijun_pullback,0.01,4530.29,4517.935400986237,4517.935400986237,4517.935400986237,False,3.74,16.13,17,6.177,0.937
ichi,SELL,2026-06-03 09:30:00,2026-06-03 11:05:00,4.65,sl,tenkan_momentum,0.01,4462.53,4457.88,4479.142813632321,4457.88,True,11.3,9.86,20,8.306,1.273
ichi,BUY,2026-06-04 14:30:00,2026-06-04 14:55:00,24.94,tp,kijun_pullback,0.01,4489.76,4514.702015061739,4473.131989958841,4497.67,True,24.98,7.5,6,8.314,1.269
ichi,SELL,2026-06-05 04:00:00,2026-06-05 04:30:00,0.05,sl,tenkan_momentum,0.01,4459.18,4459.13,4475.783603271725,4459.13,True,9.62,11.08,7,8.302,1.244
ichi,SELL,2026-06-05 09:00:00,2026-06-05 09:20:00,3.22,gap,tenkan_momentum,0.01,4439.99,4436.7699999999995,4455.732804614123,4435.31,True,10.98,5.42,5,7.871,1.179
ichi,SELL,2026-06-08 08:45:00,2026-06-08 10:20:00,-25.66,sl,tenkan_momentum,0.01,4288.05,4313.70760390236,4313.70760390236,4313.70760390236,False,2.82,27.17,20,12.829,1.917
ichi,SELL,2026-06-10 16:00:00,2026-06-10 16:40:00,-30.78,sl,tenkan_momentum,0.01,4147.0,4177.775496907071,4177.775496907071,4177.775496907071,False,13.89,32.05,9,15.388,2.344
ichi,SELL,2026-06-11 02:45:00,2026-06-11 03:15:00,0.05,sl,tenkan_momentum,0.01,4056.17,4056.12,4091.316052722167,4056.12,True,19.79,16.71,7,17.573,2.742
ichi,SELL,2026-06-11 15:30:00,2026-06-11 16:45:00,-23.11,sl,tenkan_momentum,0.01,4068.91,4092.016907617435,4092.016907617435,4092.016907617435,False,11.19,23.8,16,11.553,1.802
ichi,SELL,2026-06-11 17:15:00,2026-06-11 18:45:00,-30.15,sl,tenkan_momentum,0.01,4061.11,4091.2608199825145,4091.2608199825145,4091.2608199825145,False,4.84,30.84,19,15.075,2.395
ichi,BUY,2026-06-12 18:00:00,2026-06-12 18:30:00,20.2,sl,kijun_pullback,0.01,4204.179999999999,4224.38,4176.152491316424,4224.38,True,31.41,3.93,7,14.014,2.281
ichi,BUY,2026-06-15 01:15:00,2026-06-15 08:35:00,20.24,sl,kijun_pullback,0.01,4299.929999999999,4320.17,4264.746938413493,4320.17,True,35.5,19.64,89,17.592,2.817
ichi,BUY,2026-06-15 10:45:00,2026-06-15 11:30:00,25.94,tp,kijun_pullback,0.01,4316.87,4342.805180630395,4299.579879579736,4325.84,True,26.6,4.21,10,8.645,1.362
ichi,BUY,2026-06-15 15:30:00,2026-06-15 16:00:00,5.64,sl,tenkan_momentum,0.01,4337.41,4343.05,4321.501334908022,4343.05,True,12.0,2.2,7,7.954,1.228
ichi,BUY,2026-06-17 02:15:00,2026-06-17 04:15:00,8.47,sl,kijun_pullback,0.01,4336.849999999999,4345.32,4325.437642639911,4345.32,True,13.03,8.28,25,5.706,0.877
ichi,BUY,2026-06-17 17:30:00,2026-06-17 17:45:00,-16.41,sl,kijun_pullback,0.01,4360.62,4344.2136091163575,4344.2136091163575,4344.2136091163575,False,3.55,29.78,4,8.203,1.253
ichi,SELL,2026-06-18 17:00:00,2026-06-18 17:15:00,6.65,sl,tenkan_momentum,0.01,4256.49,4249.84,4279.990778156789,4249.84,True,19.1,1.64,4,11.75,1.818
ichi,SELL,2026-06-22 02:45:00,2026-06-22 03:00:00,0.05,sl,tenkan_momentum,0.01,4145.65,4145.6,4162.88896710301,4145.6,True,8.91,5.21,4,8.619,1.327
ichi,SELL,2026-06-22 16:30:00,2026-06-22 16:50:00,-16.06,sl,tenkan_momentum,0.01,4187.02,4203.076049927428,4203.076049927428,4203.076049927428,False,3.94,18.21,5,8.028,1.236
ichi,SELL,2026-06-22 18:30:00,2026-06-22 18:50:00,11.07,sl,tenkan_momentum,0.01,4189.06,4177.99,4208.72585921603,4177.99,True,19.04,1.57,5,9.833,1.532
ichi,SELL,2026-06-24 03:45:00,2026-06-24 04:05:00,18.03,sl,tenkan_momentum,0.01,4095.21,4077.18,4114.469022271999,4077.18,True,26.54,4.94,5,9.63,1.488
ichi,SELL,2026-06-24 05:15:00,2026-06-24 05:45:00,18.63,sl,tenkan_momentum,0.01,4080.15,4061.52,4103.2872317117135,4061.52,True,27.88,1.18,7,11.569,1.763
ichi,SELL,2026-06-25 05:45:00,2026-06-25 15:30:00,-29.63,sl,tenkan_momentum,0.01,3978.54,4008.1663242187483,4008.1663242187483,4008.1663242187483,False,12.03,33.63,118,14.813,2.226
ichi,BUY,2026-06-26 16:00:00,2026-06-26 17:00:00,10.22,sl,kijun_pullback,0.01,4059.2,4069.42,4037.6217074013516,4069.42,True,20.14,15.93,13,10.789,1.658
ichi,SELL,2026-06-29 15:30:00,2026-06-29 17:10:00,28.16,tp,tenkan_momentum,0.01,4038.39,4010.2281484337036,4057.164567710864,4022.86,True,29.71,13.61,21,9.387,1.431
ichi,SELL,2026-06-30 03:15:00,2026-06-30 03:55:00,22.82,tp,tenkan_momentum,0.01,4010.27,3987.4464304312382,4025.4857130458413,3997.18,True,30.26,1.56,9,7.608,1.136
ichi,SELL,2026-06-30 04:45:00,2026-06-30 05:50:00,0.05,sl,tenkan_momentum,0.01,3968.98,3968.93,3994.213924649684,3968.93,True,16.37,4.82,14,12.617,1.852
ichi,BUY,2026-06-30 17:15:00,2026-06-30 17:25:00,10.48,sl,kijun_pullback,0.01,4043.7799999999997,4054.26,4020.725899946081,4054.26,True,19.7,0.7,3,11.527,1.692
ichi,BUY,2026-07-02 04:00:00,2026-07-02 04:20:00,7.41,sl,tenkan_momentum,0.01,4052.14,4059.55,4031.3876606025015,4059.55,True,16.4,1.71,5,10.376,1.511
ichi,BUY,2026-07-02 09:00:00,2026-07-02 09:35:00,6.6,sl,tenkan_momentum,0.01,4066.31,4072.91,4049.0245444551383,4072.91,True,13.51,0.34,8,8.643,1.252
ichi,BUY,2026-07-02 10:45:00,2026-07-02 15:30:00,28.31,tp,kijun_pullback,0.01,4074.71,4103.024417167788,4055.8337218881416,4055.8337218881416,False,52.84,17.26,58,9.438,1.361
ichi,BUY,2026-07-02 15:45:00,2026-07-02 19:30:00,-27.24,sl,kijun_pullback,0.01,4132.61,4105.371721276112,4105.371721276112,4105.371721276112,False,11.46,30.6,46,13.619,1.924
ichi,BUY,2026-07-03 09:45:00,2026-07-03 10:15:00,0.05,sl,kijun_pullback,0.01,4171.3,4171.35,4155.87837263186,4171.35,True,9.91,1.04,7,7.711,1.111
ichi,BUY,2026-07-06 01:15:00,2026-07-06 01:45:00,5.19,sl,tenkan_momentum,0.01,4181.05,4186.24,4167.802763289479,4186.24,True,10.49,3.77,7,6.624,0.954
ichi,BUY,2026-07-06 03:00:00,2026-07-06 04:05:00,0.05,sl,kijun_pullback,0.01,4183.3,4183.35,4166.025408274511,4183.35,True,9.32,12.93,14,8.637,1.24
ichi,BUY,2026-07-06 04:30:00,2026-07-06 04:55:00,0.05,sl,kijun_pullback,0.01,4189.72,4189.77,4168.599091862777,4189.77,True,13.31,4.74,6,10.56,1.515
ichi,BUY,2026-07-07 03:30:00,2026-07-07 03:55:00,-12.66,sl,kijun_pullback,0.01,4159.99,4147.332245384807,4147.332245384807,4147.332245384807,False,2.73,14.77,6,6.329,0.908
ichi,SELL,2026-07-07 06:00:00,2026-07-07 06:55:00,6.03,sl,tenkan_momentum,0.01,4136.63,4130.6,4151.465954138031,4130.6,True,11.96,3.81,12,7.418,1.074
ichi,SELL,2026-07-08 04:30:00,2026-07-08 05:25:00,-21.21,sl,tenkan_momentum,0.01,4102.72,4123.92894023392,4123.92894023392,4123.92894023392,False,6.06,22.36,12,10.604,1.529
ichi,BUY,2026-07-09 15:45:00,2026-07-09 16:20:00,6.9,gap,kijun_pullback,0.01,4113.3099999999995,4120.21,4096.604613920273,4120.24,True,13.61,6.64,8,8.353,1.223
ichi,BUY,2026-07-09 17:30:00,2026-07-09 19:55:00,5.67,sl,kijun_pullback,0.01,4124.98,4130.65,4106.347093755318,4130.65,True,13.12,6.91,30,9.316,1.357
ichi,BUY,2026-07-10 06:30:00,2026-07-10 08:30:00,-14.71,sl,kijun_pullback,0.01,4125.49,4110.783914153421,4110.783914153421,4110.783914153421,False,2.28,15.36,25,7.353,1.067
ichi,SELL,2026-07-10 14:30:00,2026-07-10 15:10:00,-12.14,sl,tenkan_momentum,0.01,4099.97,4112.113642918916,4112.113642918916,4112.113642918916,False,3.81,17.41,9,6.072,0.89
ichi,SELL,2026-07-13 03:30:00,2026-07-13 03:45:00,0.05,sl,tenkan_momentum,0.01,4074.44,4074.39,4093.7961578325344,4074.39,True,13.28,2.28,4,9.678,1.432
ichi,SELL,2026-07-13 05:00:00,2026-07-13 06:20:00,10.99,sl,tenkan_momentum,0.01,4072.27,4061.28,4093.382695431896,4061.28,True,19.44,5.31,17,10.556,1.562
ichi,SELL,2026-07-13 08:30:00,2026-07-13 09:10:00,5.17,gap,tenkan_momentum,0.01,4058.05,4052.8799999999997,4077.7676588283252,4051.73,True,14.21,7.76,9,9.859,1.447
ichi,SELL,2026-07-13 15:00:00,2026-07-13 16:55:00,4.59,gap,tenkan_momentum,0.01,4056.38,4051.79,4073.478964195176,4049.63,True,14.25,11.4,24,8.549,1.25
ichi,SELL,2026-07-15 11:15:00,2026-07-15 11:55:00,-15.23,sl,tenkan_momentum,0.01,4017.82,4033.0488588018884,4033.0488588018884,4033.0488588018884,False,0.0,15.53,9,7.614,1.11
ichi,SELL,2026-07-16 11:15:00,2026-07-16 14:45:00,-13.0,sl,tenkan_momentum,0.01,4025.68,4038.6796041694365,4038.6796041694365,4038.6796041694365,False,4.34,16.81,43,6.5,0.958
ichi,SELL,2026-07-16 19:15:00,2026-07-16 22:50:00,10.52,sl,tenkan_momentum,0.01,3989.66,3979.14,4014.2665122282183,3979.14,True,20.36,7.53,44,12.303,1.831
ichi,SELL,2026-07-17 15:30:00,2026-07-17 15:45:00,15.46,sl,tenkan_momentum,0.01,3987.33,3971.87,4002.719274511951,3971.87,True,21.8,1.18,4,7.695,1.136
ichi,BUY,2026-07-20 12:00:00,2026-07-20 14:30:00,20.92,tp,kijun_pullback,0.01,4019.1699999999996,4040.088156509194,4005.2245623272033,4019.22,True,21.49,4.45,31,6.973,1.018
ichi,BUY,2026-07-20 14:45:00,2026-07-20 15:00:00,-14.05,sl,kijun_pullback,0.01,4032.68,4018.6341358141954,4018.6341358141954,4018.6341358141954,False,0.0,20.5,4,7.023,1.01
ichi,SELL,2026-07-21 02:00:00,2026-07-21 03:15:00,-13.51,sl,tenkan_momentum,0.01,4000.61,4014.119098345671,4014.119098345671,4014.119098345671,False,0.28,15.62,16,6.755,0.981
ichi,BUY,2026-07-21 05:45:00,2026-07-21 06:30:00,9.03,sl,tenkan_momentum,0.01,4035.81,4044.84,4019.7890318287864,4044.84,True,15.44,4.9,10,8.01,1.175
ichi,BUY,2026-07-21 13:00:00,2026-07-21 15:40:00,-12.97,sl,kijun_pullback,0.01,4065.99,4053.022396183869,4053.022396183869,4053.022396183869,False,4.1,15.01,33,6.484,0.945
ichi,BUY,2026-07-22 03:15:00,2026-07-22 03:30:00,0.05,sl,kijun_pullback,0.01,4092.3599999999997,4092.41,4080.7918022924728,4092.41,True,10.0,2.18,4,5.784,0.851
ichi,SELL,2026-07-28 16:00:00,2026-07-28 17:05:00,0.05,sl,tenkan_momentum,0.01,4029.37,4029.32,4043.352221464504,4029.32,True,8.91,6.86,14,6.991,1.028
ichi,SELL,2026-07-29 01:30:00,2026-07-29 02:10:00,0.05,sl,tenkan_momentum,0.01,4020.84,4020.79,4033.0352816310974,4020.79,True,6.93,2.41,9,6.098,0.897
ichi,SELL,2026-07-29 03:15:00,2026-07-29 04:05:00,4.95,sl,tenkan_momentum,0.01,4020.55,4015.6,4033.7503226680396,4015.6,True,10.23,9.52,11,6.6,0.971
ichi,SELL,2026-07-29 13:45:00,2026-07-29 15:25:00,14.19,tp,tenkan_momentum,0.01,4027.32,4013.1315487106704,4036.7789675262197,4018.24,True,14.56,8.93,21,4.729,0.693
ichi,BUY,2026-07-30 01:15:00,2026-07-30 03:20:00,0.05,sl,tenkan_momentum,0.01,4076.3799999999997,4076.43,4036.90572707055,4076.43,True,23.99,4.11,26,19.737,2.863
ichi,BUY,2026-07-30 16:15:00,2026-07-30 16:40:00,14.02,sl,tenkan_momentum,0.01,4076.7799999999997,4090.8,4057.5151631407257,4090.8,True,21.73,4.83,6,9.632,1.397
ichi,BUY,2026-07-30 18:30:00,2026-07-30 19:40:00,12.12,sl,kijun_pullback,0.01,4096.19,4108.31,4068.866378444849,4108.31,True,23.05,3.69,15,13.662,1.962
ichi,BUY,2026-07-31 01:15:00,2026-07-31 04:35:00,-20.6,sl,kijun_pullback,0.01,4106.9,4086.3020579814715,4086.3020579814715,4086.3020579814715,False,4.77,23.22,41,10.299,1.466
ichi,BUY,2026-08-04 11:15:00,2026-08-04 11:45:00,-11.75,sl,tenkan_momentum,0.01,4068.3399999999997,4056.5894997807945,4056.5894997807945,4056.5894997807945,False,0.36,12.69,7,5.875,0.849
ichi,BUY,2026-08-04 15:30:00,2026-08-04 15:45:00,8.77,sl,kijun_pullback,0.01,4068.1499999999996,4076.92,4051.758375156795,4076.92,True,16.25,0.2,4,8.196,1.194
ichi,BUY,2026-08-05 14:00:00,2026-08-05 14:30:00,12.98,sl,kijun_pullback,0.01,4161.37,4174.35,4145.7312491427065,4174.35,True,19.97,0.63,7,7.819,1.132
ichi,BUY,2026-08-05 16:00:00,2026-08-05 16:35:00,11.69,sl,kijun_pullback,0.01,4183.929999999999,4195.62,4163.416758258668,4195.62,True,20.97,0.3,8,10.257,1.471
ichi,BUY,2026-08-06 02:00:00,2026-08-06 02:35:00,26.03,tp,kijun_pullback,0.01,4250.11,4276.139764615899,4232.7568235894,4258.43,True,29.59,1.09,8,8.677,1.234
ichi,BUY,2026-08-06 04:45:00,2026-08-06 05:30:00,0.05,sl,tenkan_momentum,0.01,4287.82,4287.87,4262.4158622288805,4287.87,True,16.26,5.67,10,12.702,1.774
ichi,BUY,2026-08-07 04:45:00,2026-08-07 09:10:00,29.14,tp,kijun_pullback,0.01,4256.67,4285.807462291507,4237.2450251389955,4276.5,True,34.71,9.85,54,9.712,1.356
ichi,BUY,2026-08-07 15:30:00,2026-08-07 15:30:00,38.78,tp,kijun_pullback,0.01,4308.5599999999995,4347.341729318727,4282.705513787515,4282.705513787515,False,55.96,0.2,1,12.927,1.769
ichi,BUY,2026-08-10 08:00:00,2026-08-10 08:55:00,6.0,sl,kijun_pullback,0.01,4339.49,4345.49,4323.1590459494155,4345.49,True,12.53,8.17,12,8.165,1.089
ichi,BUY,2026-08-11 01:15:00,2026-08-11 03:40:00,16.8,sl,kijun_pullback,0.01,4391.3099999999995,4408.11,4371.796957289764,4408.11,True,24.61,0.44,30,9.757,1.296
ichi,BUY,2026-08-12 10:00:00,2026-08-12 12:25:00,14.72,sl,kijun_pullback,0.01,4403.5599999999995,4418.28,4388.881003611059,4418.28,True,20.59,5.43,30,7.339,0.964
ichi,BUY,2026-08-12 13:00:00,2026-08-12 15:30:00,5.2,sl,tenkan_momentum,0.01,4415.97,4421.17,4402.775316338079,4421.17,True,15.68,34.41,31,6.597,0.858
ichi,BUY,2026-08-12 15:35:00,2026-08-12 15:45:00,0.05,sl,kijun_pullback,0.01,4425.07,4425.12,4402.916501109708,4425.12,True,13.08,9.65,3,11.077,1.436
ichi,SELL,2026-08-13 19:00:00,2026-08-13 19:30:00,0.05,sl,tenkan_momentum,0.01,4365.13,4365.08,4386.853018869817,4365.08,True,13.85,2.44,7,10.862,1.408
ichi,BUY,2026-08-17 07:45:00,2026-08-17 10:10:00,0.05,sl,kijun_pullback,0.01,4395.91,4395.96,4379.369252960735,4395.96,True,8.58,8.99,30,8.27,1.072
ichi,BUY,2026-08-17 17:00:00,2026-08-17 17:25:00,11.49,sl,kijun_pullback,0.01,4408.679999999999,4420.17,4390.053807966435,4420.17,True,18.94,4.97,6,9.313,1.207
ichi,BUY,2026-08-18 01:15:00,2026-08-18 03:05:00,6.53,sl,kijun_pullback,0.01,4416.94,4423.47,4401.205095222281,4423.47,True,12.82,7.28,23,7.867,1.012
ichi,SELL,2026-08-18 16:30:00,2026-08-18 16:40:00,-16.54,sl,tenkan_momentum,0.01,4388.97,4405.514096865069,4405.514096865069,4405.514096865069,False,12.66,17.79,3,8.272,1.06
ichi,BUY,2026-08-21 01:15:00,2026-08-21 02:25:00,6.26,sl,kijun_pullback,0.01,4518.5599999999995,4524.82,4498.954959279229,4524.82,True,14.1,0.63,15,9.803,1.269
ichi,BUY,2026-08-21 02:45:00,2026-08-21 04:35:00,7.18,sl,kijun_pullback,0.01,4524.59,4531.77,4506.864462804032,4531.77,True,18.94,15.94,23,8.863,1.143
ichi,BUY,2026-08-21 05:45:00,2026-08-21 09:00:00,10.02,sl,tenkan_momentum,0.01,4538.22,4548.24,4518.373368946683,4548.24,True,17.96,11.62,40,9.923,1.274
ichi,BUY,2026-08-21 16:15:00,2026-08-21 17:30:00,9.66,sl,kijun_pullback,0.01,4585.17,4594.83,4564.46035988297,4594.83,True,18.44,11.95,16,10.355,1.321
ichi,BUY,2026-08-21 18:00:00,2026-08-21 19:25:00,18.84,sl,kijun_pullback,0.01,4591.9,4610.74,4566.901637175372,4610.74,True,28.84,4.78,18,12.499,1.585
ichi,BUY,2026-08-24 02:30:00,2026-08-24 03:15:00,18.6,sl,kijun_pullback,0.01,4615.17,4633.77,4597.604366298001,4633.77,True,25.63,7.74,10,8.783,1.1
ichi,BUY,2026-08-24 06:00:00,2026-08-24 09:25:00,0.05,sl,kijun_pullback,0.01,4643.78,4643.83,4615.118194136276,4643.83,True,16.02,14.22,42,14.331,1.775
ichi,BUY,2026-08-24 10:00:00,2026-08-24 14:40:00,10.1,gap,tenkan_momentum,0.01,4650.23,4660.33,4626.778443320437,4660.97,True,20.12,21.63,57,11.726,1.452
ichi,BUY,2026-08-24 14:45:00,2026-08-24 16:20:00,10.42,sl,kijun_pullback,0.01,4658.9,4669.32,4637.63592317189,4669.32,True,18.98,13.65,20,10.632,1.308
ichi,BUY,2026-08-24 17:00:00,2026-08-24 17:45:00,0.05,sl,kijun_pullback,0.01,4664.88,4664.93,4638.401072796368,4664.93,True,13.78,9.91,10,13.239,1.619
ichi,SELL,2026-08-26 14:00:00,2026-08-26 15:35:00,-3.02,gap,tenkan_momentum,0.01,4620.01,4623.03,4633.427967034699,4619.96,True,7.55,12.74,20,6.709,0.82
ichi,SELL,2026-08-26 16:00:00,2026-08-26 16:20:00,2.92,gap,tenkan_momentum,0.01,4614.47,4611.55,4631.575366394741,4604.86,True,16.45,7.07,5,8.553,1.048
ichi,SELL,2026-08-27 09:45:00,2026-08-27 10:30:00,7.37,sl,tenkan_momentum,0.01,4607.4,4600.03,4623.427414166311,4600.03,True,13.78,2.47,10,8.014,0.98
ichi,SELL,2026-08-27 16:45:00,2026-08-27 17:05:00,0.05,sl,tenkan_momentum,0.01,4578.6,4578.55,4598.244892164138,4578.55,True,13.37,4.39,5,9.822,1.196
ichi,SELL,2026-09-01 09:30:00,2026-09-01 10:40:00,9.07,sl,tenkan_momentum,0.01,4428.9,4419.83,4445.0442663195045,4419.83,True,16.63,6.58,15,8.072,0.983
ichi,SELL,2026-09-01 11:15:00,2026-09-01 11:35:00,32.77,tp,tenkan_momentum,0.01,4405.41,4372.637275428175,4427.258483047883,4381.5,True,35.33,0.59,5,10.924,1.322
ichi,SELL,2026-09-02 04:00:00,2026-09-02 04:10:00,0.05,sl,tenkan_momentum,0.01,4315.35,4315.3,4336.520724627725,4315.3,True,10.93,7.25,3,10.585,1.257
ichi,SELL,2026-09-02 06:00:00,2026-09-02 06:45:00,10.86,sl,tenkan_momentum,0.01,4302.76,4291.9,4326.020875723601,4291.9,True,20.16,1.72,10,11.63,1.381
ichi,BUY,2026-09-03 01:15:00,2026-09-03 04:15:00,11.12,gap,kijun_pullback,0.01,4389.99,4401.11,4370.6350166539605,4401.54,True,19.29,8.99,37,9.677,1.141
ichi,BUY,2026-09-03 11:30:00,2026-09-03 13:20:00,-18.11,sl,tenkan_momentum,0.01,4438.33,4420.217293245171,4420.217293245171,4420.217293245171,False,3.54,19.41,23,9.056,1.061
ichi,BUY,2026-09-03 15:45:00,2026-09-03 16:10:00,17.46,sl,kijun_pullback,0.01,4468.01,4485.47,4444.0113982830535,4485.47,True,27.88,2.57,6,11.999,1.421
ichi,BUY,2026-09-03 17:30:00,2026-09-03 18:30:00,23.35,sl,tenkan_momentum,0.01,4477.42,4500.77,4452.614519594643,4500.77,True,33.34,11.42,13,12.403,1.454
ichi,SELL,2026-09-07 04:00:00,2026-09-07 04:25:00,15.02,sl,tenkan_momentum,0.01,4412.43,4397.41,4431.711077952599,4397.41,True,22.73,3.49,6,9.641,1.115
ichi,SELL,2026-09-07 06:00:00,2026-09-07 08:00:00,6.76,sl,tenkan_momentum,0.01,4408.72,4401.96,4427.507659907739,4401.96,True,14.28,1.78,25,9.394,1.077
