bot,side,entry_time,time,pnl,reason
orb,SELL,2021-09-22 15:00:00,2021-09-22 15:05:00,-8.2,sl
orb,SELL,2021-09-23 10:15:00,2021-09-23 10:15:00,-7.61,sl
orb,BUY,2021-09-23 11:30:00,2021-09-23 11:40:00,-8.23,sl
ichi,BUY,2021-09-27 10:15:00,2021-09-27 10:30:00,0.02,gap
orb,SELL,2021-09-27 13:00:00,2021-09-27 13:15:00,0.2,sl
ichi,SELL,2021-09-27 17:45:00,2021-09-28 04:35:00,0.05,sl
orb,SELL,2021-09-28 09:15:00,2021-09-28 09:25:00,14.27,tp
ichi,SELL,2021-09-28 11:15:00,2021-09-28 12:45:00,3.26,sl
ichi,SELL,2021-09-28 16:45:00,2021-09-29 05:50:00,-8.51,sl
orb,BUY,2021-09-29 10:05:00,2021-09-29 10:05:00,-8.35,sl
ichi,BUY,2021-09-29 15:00:00,2021-09-29 15:20:00,-7.24,sl
ichi,SELL,2021-09-29 16:30:00,2021-09-29 17:15:00,7.33,tp
orb,SELL,2021-09-29 17:10:00,2021-09-29 17:20:00,15.57,tp
ichi,SELL,2021-09-29 18:45:00,2021-09-29 20:40:00,6.52,sl
orb,SELL,2021-09-30 10:15:00,2021-09-30 10:20:00,-9.33,sl
ichi,SELL,2021-09-30 13:00:00,2021-09-30 13:45:00,6.44,sl
orb,BUY,2021-09-30 16:00:00,2021-09-30 16:45:00,0.1,sl
orb,BUY,2021-10-01 10:05:00,2021-10-01 10:15:00,-9.46,sl
ichi,BUY,2021-10-01 10:00:00,2021-10-01 10:50:00,-7.42,sl
orb,SELL,2021-10-01 15:15:00,2021-10-01 15:20:00,-9.06,sl
ichi,BUY,2021-10-01 16:15:00,2021-10-01 17:25:00,1.37,gap
ichi,BUY,2021-10-01 18:00:00,2021-10-01 20:10:00,0.05,sl
orb,BUY,2021-10-04 17:40:00,2021-10-05 06:05:00,-5.18,sl
ichi,SELL,2021-10-05 12:45:00,2021-10-05 13:35:00,2.76,sl
orb,SELL,2021-10-05 13:35:00,2021-10-05 14:05:00,0.25,sl
ichi,SELL,2021-10-05 16:15:00,2021-10-05 17:00:00,0.05,sl
ichi,SELL,2021-10-06 08:30:00,2021-10-06 09:00:00,2.97,sl
ichi,SELL,2021-10-06 10:00:00,2021-10-06 10:15:00,5.94,sl
ichi,SELL,2021-10-06 13:45:00,2021-10-06 14:15:00,-8.65,sl
orb,BUY,2021-10-06 15:45:00,2021-10-06 16:20:00,-8.2,sl
ichi,BUY,2021-10-06 17:00:00,2021-10-06 17:55:00,2.9,sl
ichi,BUY,2021-10-06 18:30:00,2021-10-06 20:25:00,2.53,sl
ichi,BUY,2021-10-07 02:30:00,2021-10-07 04:10:00,-7.29,sl
orb,SELL,2021-10-07 15:45:00,2021-10-07 16:30:00,0.15,sl
ichi,SELL,2021-10-07 18:00:00,2021-10-08 04:00:00,0.05,sl
orb,BUY,2021-10-08 14:00:00,2021-10-08 14:20:00,15.21,tp
ichi,BUY,2021-10-08 15:45:00,2021-10-08 16:30:00,3.58,sl
ichi,SELL,2021-10-11 01:30:00,2021-10-11 03:05:00,-8.34,sl
ichi,SELL,2021-10-11 08:45:00,2021-10-11 10:05:00,0.1,sl
ichi,SELL,2021-10-11 11:30:00,2021-10-11 12:40:00,1.88,sl
ichi,SELL,2021-10-11 13:00:00,2021-10-11 15:15:00,-6.65,sl
orb,SELL,2021-10-11 16:00:00,2021-10-11 16:00:00,-8.14,sl
ichi,SELL,2021-10-12 04:00:00,2021-10-12 04:10:00,-8.38,sl
orb,BUY,2021-10-12 13:55:00,2021-10-12 14:30:00,0.25,sl
ichi,BUY,2021-10-12 14:30:00,2021-10-12 15:20:00,-7.27,sl
ichi,BUY,2021-10-12 17:00:00,2021-10-12 18:15:00,-6.62,sl
ichi,BUY,2021-10-13 05:00:00,2021-10-13 09:55:00,0.15,sl
ichi,BUY,2021-10-13 10:15:00,2021-10-13 10:45:00,6.15,sl
ichi,BUY,2021-10-13 16:45:00,2021-10-13 17:15:00,3.41,gap
ichi,BUY,2021-10-14 01:45:00,2021-10-14 04:50:00,-7.14,sl
orb,BUY,2021-10-14 09:45:00,2021-10-14 09:50:00,-7.51,sl
ichi,BUY,2021-10-14 10:45:00,2021-10-14 11:40:00,4.28,gap
ichi,BUY,2021-10-14 15:30:00,2021-10-14 15:50:00,2.24,sl
ichi,BUY,2021-10-14 17:15:00,2021-10-15 08:15:00,-5.18,sl
orb,SELL,2021-10-15 08:10:00,2021-10-15 08:30:00,8.23,tp
orb,SELL,2021-10-18 09:10:00,2021-10-18 09:30:00,-6.88,sl
ichi,SELL,2021-10-18 09:15:00,2021-10-18 09:30:00,-7.07,sl
ichi,SELL,2021-10-18 10:45:00,2021-10-18 11:30:00,3.78,sl
ichi,BUY,2021-10-19 12:45:00,2021-10-19 14:05:00,-6.41,sl
ichi,BUY,2021-10-19 14:45:00,2021-10-19 15:20:00,4.22,sl
orb,BUY,2021-10-19 15:20:00,2021-10-19 15:20:00,-6.16,sl
ichi,BUY,2021-10-19 16:30:00,2021-10-19 17:15:00,-5.56,sl
ichi,SELL,2021-10-20 01:45:00,2021-10-20 03:15:00,2.37,gap
ichi,SELL,2021-10-20 03:30:00,2021-10-20 04:00:00,-6.75,sl
ichi,BUY,2021-10-20 15:15:00,2021-10-20 15:40:00,4.42,sl
ichi,BUY,2021-10-20 17:30:00,2021-10-20 20:00:00,1.81,sl
ichi,BUY,2021-10-21 06:30:00,2021-10-21 08:30:00,-6.34,sl
orb,SELL,2021-10-21 10:05:00,2021-10-21 11:15:00,-7.58,sl
ichi,BUY,2021-10-22 09:30:00,2021-10-22 09:40:00,12.9,tp
orb,BUY,2021-10-22 14:25:00,2021-10-22 14:35:00,-8.22,sl
ichi,BUY,2021-10-22 15:15:00,2021-10-22 15:25:00,6.56,gap
ichi,BUY,2021-10-25 10:30:00,2021-10-25 11:25:00,2.26,sl
orb,BUY,2021-10-25 11:25:00,2021-10-25 12:30:00,-7.68,sl
ichi,BUY,2021-10-25 15:45:00,2021-10-25 16:35:00,0.1,sl
ichi,BUY,2021-10-25 18:00:00,2021-10-26 07:20:00,-4.69,sl
orb,SELL,2021-10-26 15:30:00,2021-10-26 16:00:00,-7.05,sl
ichi,SELL,2021-10-26 16:30:00,2021-10-26 16:40:00,3.09,gap
ichi,SELL,2021-10-27 10:15:00,2021-10-27 10:25:00,2.12,sl
ichi,SELL,2021-10-27 12:30:00,2021-10-27 13:40:00,-7.85,sl
orb,BUY,2021-10-27 15:15:00,2021-10-27 15:30:00,-8.09,sl
ichi,BUY,2021-10-28 02:30:00,2021-10-28 03:50:00,-8.15,sl
ichi,BUY,2021-10-28 05:15:00,2021-10-28 05:45:00,4.54,sl
orb,BUY,2021-10-28 09:35:00,2021-10-28 09:40:00,-7.9,sl
ichi,BUY,2021-10-28 11:15:00,2021-10-28 12:10:00,-6.43,sl
ichi,BUY,2021-10-28 16:15:00,2021-10-28 16:35:00,1.93,gap
orb,SELL,2021-10-28 17:40:00,2021-10-28 17:50:00,-6.42,sl
ichi,SELL,2021-10-29 08:45:00,2021-10-29 10:00:00,3.18,sl
ichi,SELL,2021-10-29 11:00:00,2021-10-29 11:45:00,5.74,sl
orb,SELL,2021-10-29 15:10:00,2021-10-29 15:20:00,0.15,sl
ichi,SELL,2021-10-29 15:15:00,2021-10-29 15:30:00,-4.8,sl
ichi,SELL,2021-10-29 21:00:00,2021-11-01 08:00:00,-5.93,sl
orb,BUY,2021-11-01 08:05:00,2021-11-01 08:10:00,-7.4,sl
ichi,BUY,2021-11-02 11:00:00,2021-11-02 12:30:00,-6.2,sl
ichi,BUY,2021-11-02 12:35:00,2021-11-02 13:45:00,-6.44,sl
orb,SELL,2021-11-02 13:50:00,2021-11-02 14:10:00,-7.18,sl
ichi,SELL,2021-11-02 16:15:00,2021-11-03 02:35:00,3.48,gap
ichi,SELL,2021-11-03 02:40:00,2021-11-03 04:10:00,8.37,tp
orb,SELL,2021-11-03 08:20:00,2021-11-03 08:25:00,-7.49,sl
ichi,SELL,2021-11-03 08:45:00,2021-11-03 10:25:00,-6.12,sl
ichi,SELL,2021-11-03 14:45:00,2021-11-03 15:25:00,7.11,tp
orb,SELL,2021-11-04 08:05:00,2021-11-04 08:25:00,0.25,sl
orb,BUY,2021-11-04 12:35:00,2021-11-04 13:40:00,11.67,tp
ichi,BUY,2021-11-04 21:00:00,2021-11-05 03:50:00,1.94,sl
ichi,BUY,2021-11-05 07:45:00,2021-11-05 09:10:00,2.73,sl
ichi,BUY,2021-11-05 10:15:00,2021-11-05 10:30:00,3.16,gap
orb,SELL,2021-11-05 14:35:00,2021-11-05 14:35:00,-4.84,sl
ichi,BUY,2021-11-05 15:30:00,2021-11-05 17:45:00,6.89,sl
orb,BUY,2021-11-05 15:30:00,2021-11-05 18:25:00,11.31,tp
orb,BUY,2021-11-08 08:00:00,2021-11-08 08:20:00,-7.46,sl
ichi,BUY,2021-11-08 03:15:00,2021-11-08 10:50:00,-4.69,sl
orb,SELL,2021-11-08 11:00:00,2021-11-08 11:15:00,-6.65,sl
ichi,BUY,2021-11-08 15:30:00,2021-11-08 15:35:00,-4.99,sl
ichi,BUY,2021-11-08 18:15:00,2021-11-08 22:45:00,1.67,sl
ichi,BUY,2021-11-09 01:45:00,2021-11-09 03:25:00,3.78,sl
ichi,BUY,2021-11-09 03:30:00,2021-11-09 03:40:00,-7.75,sl
orb,SELL,2021-11-09 09:40:00,2021-11-09 10:10:00,-6.25,sl
orb,BUY,2021-11-09 13:45:00,2021-11-09 13:55:00,-6.79,sl
ichi,BUY,2021-11-09 15:15:00,2021-11-09 15:35:00,-0.1,gap
ichi,BUY,2021-11-09 16:45:00,2021-11-09 17:05:00,-5.43,sl
ichi,BUY,2021-11-10 02:00:00,2021-11-10 04:50:00,-5.95,sl
orb,SELL,2021-11-10 13:25:00,2021-11-10 13:30:00,-6.74,sl
orb,BUY,2021-11-10 15:35:00,2021-11-10 15:40:00,10.12,tp
ichi,BUY,2021-11-10 15:45:00,2021-11-10 16:35:00,11.03,tp
ichi,BUY,2021-11-11 15:45:00,2021-11-11 16:00:00,0.05,sl
ichi,BUY,2021-11-11 17:15:00,2021-11-12 04:35:00,-6.09,sl
orb,SELL,2021-11-12 10:20:00,2021-11-12 10:30:00,-5.37,sl
ichi,BUY,2021-11-12 16:15:00,2021-11-12 17:10:00,4.32,sl
orb,BUY,2021-11-12 17:10:00,2021-11-12 17:30:00,0.05,sl
ichi,BUY,2021-11-15 02:00:00,2021-11-15 03:15:00,-7.1,sl
orb,SELL,2021-11-15 09:20:00,2021-11-15 09:30:00,-6.65,sl
ichi,BUY,2021-11-15 13:00:00,2021-11-15 15:15:00,6.54,sl
orb,BUY,2021-11-15 15:15:00,2021-11-15 15:20:00,-5.49,sl
ichi,BUY,2021-11-15 15:45:00,2021-11-15 16:40:00,-4.93,sl
ichi,BUY,2021-11-16 06:00:00,2021-11-16 06:35:00,-6.35,sl
ichi,BUY,2021-11-16 11:00:00,2021-11-16 11:20:00,0.05,sl
orb,BUY,2021-11-16 10:55:00,2021-11-16 14:45:00,0.1,sl
ichi,BUY,2021-11-16 15:45:00,2021-11-16 15:55:00,-6.0,sl
orb,SELL,2021-11-16 16:10:00,2021-11-16 17:15:00,0.05,sl
orb,BUY,2021-11-17 08:55:00,2021-11-17 09:00:00,-7.17,sl
ichi,BUY,2021-11-17 15:30:00,2021-11-17 16:40:00,1.18,sl
ichi,BUY,2021-11-17 18:30:00,2021-11-17 21:00:00,0.05,sl
ichi,BUY,2021-11-18 04:15:00,2021-11-18 04:45:00,-6.18,sl
orb,SELL,2021-11-18 08:45:00,2021-11-18 08:50:00,-7.25,sl
ichi,SELL,2021-11-18 17:30:00,2021-11-19 11:20:00,5.93,sl
orb,BUY,2021-11-19 16:10:00,2021-11-19 16:10:00,-4.16,sl
orb,BUY,2021-11-22 06:15:00,2021-11-22 06:45:00,-7.34,sl
orb,SELL,2021-11-22 08:55:00,2021-11-22 09:10:00,-5.68,sl
ichi,SELL,2021-11-19 19:45:00,2021-11-22 13:05:00,3.2,sl
ichi,SELL,2021-11-22 14:15:00,2021-11-22 15:35:00,1.72,sl
ichi,SELL,2021-11-22 16:00:00,2021-11-22 16:10:00,6.19,sl
ichi,SELL,2021-11-23 02:15:00,2021-11-23 09:05:00,3.63,sl
orb,SELL,2021-11-23 08:15:00,2021-11-23 09:05:00,0.2,sl
ichi,SELL,2021-11-23 10:15:00,2021-11-23 10:55:00,6.77,tp
ichi,SELL,2021-11-23 17:15:00,2021-11-23 18:30:00,2.32,sl
orb,BUY,2021-11-24 09:15:00,2021-11-24 09:30:00,-6.11,sl
ichi,SELL,2021-11-24 12:15:00,2021-11-24 13:10:00,2.05,sl
orb,SELL,2021-11-24 12:20:00,2021-11-24 13:15:00,0.1,sl
ichi,SELL,2021-11-24 13:45:00,2021-11-24 15:00:00,2.75,sl
ichi,SELL,2021-11-24 16:00:00,2021-11-24 16:15:00,2.25,gap
orb,BUY,2021-11-25 10:20:00,2021-11-25 11:05:00,-6.93,sl
ichi,SELL,2021-11-25 19:00:00,2021-11-26 01:05:00,-3.45,gap
orb,BUY,2021-11-26 08:30:00,2021-11-26 08:40:00,10.97,tp
ichi,BUY,2021-11-26 11:00:00,2021-11-26 11:30:00,2.83,sl
orb,BUY,2021-11-29 05:25:00,2021-11-29 05:40:00,-7.01,sl
ichi,SELL,2021-11-29 14:30:00,2021-11-29 16:05:00,2.93,sl
ichi,BUY,2021-11-30 11:15:00,2021-11-30 12:00:00,3.84,sl
orb,BUY,2021-11-30 11:30:00,2021-11-30 13:50:00,-6.17,sl
ichi,BUY,2021-11-30 17:00:00,2021-11-30 17:20:00,3.6,sl
ichi,SELL,2021-12-01 01:45:00,2021-12-01 03:00:00,-5.03,sl
ichi,BUY,2021-12-01 08:45:00,2021-12-01 10:05:00,-5.38,sl
ichi,BUY,2021-12-01 15:30:00,2021-12-01 17:10:00,1.7,sl
orb,SELL,2021-12-02 05:40:00,2021-12-02 07:00:00,11.58,tp
ichi,SELL,2021-12-02 02:15:00,2021-12-02 07:20:00,1.29,sl
ichi,SELL,2021-12-02 10:30:00,2021-12-02 12:05:00,-4.43,sl
ichi,SELL,2021-12-02 16:45:00,2021-12-02 17:00:00,3.86,sl
orb,SELL,2021-12-03 11:10:00,2021-12-03 12:05:00,-6.79,sl
ichi,SELL,2021-12-03 15:30:00,2021-12-03 15:30:00,-5.18,sl
orb,BUY,2021-12-03 15:35:00,2021-12-03 17:00:00,0.05,sl
ichi,BUY,2021-12-06 03:00:00,2021-12-06 05:00:00,2.66,sl
orb,SELL,2021-12-06 10:20:00,2021-12-06 12:00:00,0.15,sl
ichi,SELL,2021-12-06 18:00:00,2021-12-06 18:45:00,-4.85,sl
orb,BUY,2021-12-07 14:05:00,2021-12-07 14:15:00,-5.65,sl
orb,SELL,2021-12-07 15:35:00,2021-12-07 16:10:00,0.1,sl
ichi,BUY,2021-12-08 03:30:00,2021-12-08 04:10:00,7.51,tp
ichi,BUY,2021-12-08 09:30:00,2021-12-08 09:50:00,1.8,sl
orb,BUY,2021-12-08 12:40:00,2021-12-08 13:15:00,-6.27,sl
ichi,BUY,2021-12-08 12:45:00,2021-12-08 13:15:00,-6.35,sl
orb,SELL,2021-12-08 13:50:00,2021-12-08 16:05:00,10.76,tp
ichi,SELL,2021-12-08 17:30:00,2021-12-08 22:15:00,-5.02,sl
ichi,BUY,2021-12-09 10:30:00,2021-12-09 11:35:00,-6.2,sl
ichi,SELL,2021-12-09 13:00:00,2021-12-09 14:15:00,9.67,tp
ichi,SELL,2021-12-09 16:45:00,2021-12-09 20:45:00,0.05,sl
orb,SELL,2021-12-10 08:10:00,2021-12-10 08:20:00,11.49,tp
ichi,SELL,2021-12-10 08:15:00,2021-12-10 08:25:00,2.88,gap
orb,BUY,2021-12-10 15:35:00,2021-12-10 15:40:00,-3.95,sl
ichi,BUY,2021-12-10 17:15:00,2021-12-10 19:00:00,2.27,sl
ichi,BUY,2021-12-13 01:30:00,2021-12-13 03:50:00,3.75,sl
ichi,BUY,2021-12-13 07:30:00,2021-12-13 08:15:00,-6.56,sl
ichi,BUY,2021-12-13 09:30:00,2021-12-13 10:45:00,2.7,sl
ichi,BUY,2021-12-13 12:15:00,2021-12-13 14:15:00,1.7,sl
orb,BUY,2021-12-13 13:45:00,2021-12-13 14:50:00,10.71,tp
orb,SELL,2021-12-13 16:00:00,2021-12-13 16:15:00,-5.32,sl
ichi,BUY,2021-12-14 04:00:00,2021-12-14 05:10:00,-7.07,sl
ichi,BUY,2021-12-14 09:00:00,2021-12-14 09:35:00,-6.08,sl
orb,SELL,2021-12-14 09:50:00,2021-12-14 10:25:00,12.15,tp
ichi,SELL,2021-12-14 12:30:00,2021-12-14 15:25:00,4.52,gap
ichi,SELL,2021-12-14 15:30:00,2021-12-14 15:40:00,6.22,tp
ichi,SELL,2021-12-14 17:00:00,2021-12-14 17:50:00,1.73,sl
ichi,SELL,2021-12-15 03:30:00,2021-12-15 06:00:00,2.31,sl
ichi,SELL,2021-12-15 07:30:00,2021-12-15 07:45:00,0.15,sl
ichi,SELL,2021-12-15 12:30:00,2021-12-15 14:00:00,-5.49,sl
orb,SELL,2021-12-15 16:35:00,2021-12-15 16:50:00,-6.63,sl
ichi,SELL,2021-12-15 16:45:00,2021-12-15 17:45:00,0.05,sl
orb,BUY,2021-12-16 08:20:00,2021-12-16 09:05:00,0.15,gap
ichi,BUY,2021-12-16 10:45:00,2021-12-16 13:25:00,2.42,sl
ichi,BUY,2021-12-16 14:00:00,2021-12-16 14:00:00,-6.31,sl
ichi,BUY,2021-12-16 15:45:00,2021-12-16 16:15:00,2.35,sl
ichi,BUY,2021-12-17 07:30:00,2021-12-17 08:45:00,3.42,sl
ichi,BUY,2021-12-17 12:30:00,2021-12-17 14:40:00,4.76,sl
ichi,BUY,2021-12-17 14:45:00,2021-12-17 15:35:00,1.86,sl
ichi,SELL,2021-12-20 15:00:00,2021-12-20 15:30:00,3.14,sl
ichi,SELL,2021-12-20 16:45:00,2021-12-20 17:00:00,0.05,sl
ichi,SELL,2021-12-20 18:15:00,2021-12-20 22:20:00,4.38,sl
ichi,SELL,2021-12-21 02:45:00,2021-12-21 07:30:00,-5.61,sl
ichi,SELL,2021-12-21 09:00:00,2021-12-21 09:20:00,0.1,sl
orb,BUY,2021-12-21 15:00:00,2021-12-21 15:40:00,-6.93,sl
ichi,BUY,2021-12-21 16:00:00,2021-12-21 16:15:00,-7.17,sl
orb,SELL,2021-12-21 17:40:00,2021-12-21 18:55:00,0.1,sl
orb,SELL,2021-12-22 07:00:00,2021-12-22 07:40:00,0.25,sl
ichi,SELL,2021-12-22 08:45:00,2021-12-22 09:15:00,2.07,sl
ichi,SELL,2021-12-22 10:30:00,2021-12-22 12:05:00,-7.33,sl
orb,BUY,2021-12-22 12:40:00,2021-12-22 12:55:00,-7.46,sl
ichi,BUY,2021-12-23 05:00:00,2021-12-23 07:45:00,0.1,sl
ichi,BUY,2021-12-23 08:15:00,2021-12-23 11:55:00,0.15,sl
ichi,BUY,2021-12-23 15:30:00,2021-12-23 15:40:00,0.1,sl
orb,BUY,2021-12-23 15:35:00,2021-12-23 15:40:00,-6.01,sl
orb,SELL,2021-12-23 16:35:00,2021-12-23 16:45:00,0.1,sl
ichi,BUY,2021-12-27 01:15:00,2021-12-27 03:35:00,7.38,sl
ichi,BUY,2021-12-27 07:15:00,2021-12-27 09:30:00,-7.03,sl
orb,SELL,2021-12-27 10:45:00,2021-12-27 12:05:00,-6.73,sl
orb,BUY,2021-12-27 17:20:00,2021-12-27 19:05:00,-5.32,sl
orb,BUY,2021-12-28 07:45:00,2021-12-28 08:40:00,8.94,tp
ichi,BUY,2021-12-28 15:30:00,2021-12-28 16:05:00,-5.59,sl
ichi,SELL,2021-12-29 04:30:00,2021-12-29 04:55:00,-7.4,sl
orb,SELL,2021-12-29 10:05:00,2021-12-29 12:15:00,11.31,tp
ichi,SELL,2021-12-29 10:15:00,2021-12-29 12:25:00,10.72,tp
orb,SELL,2021-12-30 06:25:00,2021-12-30 07:25:00,9.81,tp
orb,BUY,2021-12-30 16:35:00,2021-12-30 18:25:00,10.99,tp
ichi,BUY,2021-12-31 04:00:00,2021-12-31 05:25:00,3.27,sl
orb,BUY,2021-12-31 07:45:00,2021-12-31 08:35:00,-5.04,sl
ichi,BUY,2021-12-31 10:45:00,2021-12-31 11:30:00,3.45,sl
ichi,BUY,2021-12-31 15:15:00,2021-12-31 15:40:00,9.05,tp
ichi,BUY,2021-12-31 18:45:00,2022-01-03 01:15:00,4.5,sl
orb,SELL,2022-01-03 15:05:00,2022-01-03 15:10:00,11.18,tp
orb,BUY,2022-01-04 09:35:00,2022-01-04 09:45:00,-6.9,sl
orb,SELL,2022-01-04 11:05:00,2022-01-04 11:10:00,-6.96,sl
ichi,SELL,2022-01-04 14:15:00,2022-01-04 14:30:00,3.5,sl
ichi,BUY,2022-01-05 02:30:00,2022-01-05 04:05:00,0.15,sl
ichi,BUY,2022-01-05 05:15:00,2022-01-05 08:30:00,1.77,sl
ichi,BUY,2022-01-05 15:30:00,2022-01-05 15:45:00,4.22,sl
ichi,BUY,2022-01-05 17:30:00,2022-01-05 19:50:00,0.05,sl
ichi,SELL,2022-01-06 07:45:00,2022-01-06 08:25:00,2.62,sl
ichi,SELL,2022-01-06 14:15:00,2022-01-06 14:55:00,7.32,tp
orb,SELL,2022-01-06 15:00:00,2022-01-06 15:35:00,0.1,sl
ichi,SELL,2022-01-06 19:45:00,2022-01-06 21:25:00,2.71,sl
ichi,SELL,2022-01-07 09:45:00,2022-01-07 10:25:00,0.15,sl
ichi,SELL,2022-01-07 11:15:00,2022-01-07 11:40:00,-5.91,sl
orb,BUY,2022-01-07 15:35:00,2022-01-07 15:35:00,-4.66,sl
orb,SELL,2022-01-07 15:40:00,2022-01-07 15:40:00,-5.42,sl
ichi,SELL,2022-01-07 16:00:00,2022-01-07 19:00:00,-5.95,sl
ichi,SELL,2022-01-10 10:15:00,2022-01-10 10:30:00,-6.04,sl
ichi,SELL,2022-01-10 17:00:00,2022-01-10 18:00:00,0.05,sl
ichi,BUY,2022-01-11 03:15:00,2022-01-11 05:35:00,3.08,sl
ichi,BUY,2022-01-11 10:30:00,2022-01-11 11:45:00,-5.61,sl
ichi,BUY,2022-01-11 18:00:00,2022-01-11 19:00:00,2.66,sl
orb,SELL,2022-01-12 09:35:00,2022-01-12 10:10:00,0.25,sl
orb,BUY,2022-01-12 15:45:00,2022-01-12 16:00:00,-6.75,sl
ichi,BUY,2022-01-12 15:45:00,2022-01-12 16:00:00,-4.03,sl
ichi,BUY,2022-01-12 17:15:00,2022-01-12 20:55:00,2.04,sl
ichi,BUY,2022-01-13 07:45:00,2022-01-13 07:55:00,-6.68,sl
orb,SELL,2022-01-13 16:50:00,2022-01-13 18:00:00,11.98,tp
ichi,BUY,2022-01-14 03:15:00,2022-01-14 03:40:00,2.98,sl
orb,SELL,2022-01-14 16:35:00,2022-01-14 16:55:00,-7.4,sl
ichi,SELL,2022-01-17 01:45:00,2022-01-17 02:35:00,2.34,sl
ichi,SELL,2022-01-17 03:45:00,2022-01-17 05:00:00,-6.04,sl
ichi,BUY,2022-01-17 12:00:00,2022-01-17 14:20:00,-6.33,sl
ichi,SELL,2022-01-17 17:15:00,2022-01-18 03:40:00,-7.07,sl
ichi,BUY,2022-01-18 03:45:00,2022-01-18 05:15:00,0.2,sl
orb,SELL,2022-01-18 09:15:00,2022-01-18 09:35:00,-6.86,sl
ichi,SELL,2022-01-18 09:15:00,2022-01-18 09:45:00,-6.3,sl
ichi,SELL,2022-01-18 15:15:00,2022-01-18 15:30:00,-4.63,sl
ichi,SELL,2022-01-19 02:15:00,2022-01-19 05:40:00,2.28,sl
ichi,SELL,2022-01-19 06:45:00,2022-01-19 07:35:00,-6.88,sl
orb,BUY,2022-01-19 09:15:00,2022-01-19 09:40:00,-6.92,sl
ichi,BUY,2022-01-19 17:15:00,2022-01-19 18:20:00,0.05,sl
ichi,BUY,2022-01-20 03:30:00,2022-01-20 04:15:00,-6.42,sl
orb,SELL,2022-01-20 11:50:00,2022-01-20 14:30:00,0.15,sl
ichi,BUY,2022-01-20 15:30:00,2022-01-20 15:40:00,1.96,gap
orb,BUY,2022-01-20 15:35:00,2022-01-20 15:40:00,-6.19,sl
ichi,BUY,2022-01-21 15:15:00,2022-01-21 16:25:00,4.02,sl
orb,BUY,2022-01-21 16:15:00,2022-01-21 17:00:00,-5.92,sl
ichi,BUY,2022-01-24 10:15:00,2022-01-24 11:15:00,4.88,gap
ichi,BUY,2022-01-24 12:15:00,2022-01-24 12:30:00,-6.96,sl
ichi,SELL,2022-01-24 16:45:00,2022-01-24 17:30:00,1.66,sl
orb,SELL,2022-01-24 17:05:00,2022-01-24 19:05:00,-4.64,sl
ichi,BUY,2022-01-25 06:45:00,2022-01-25 09:35:00,0.15,sl
orb,SELL,2022-01-25 10:40:00,2022-01-25 12:30:00,11.39,tp
ichi,SELL,2022-01-25 13:15:00,2022-01-25 15:00:00,-6.34,sl
ichi,BUY,2022-01-25 15:30:00,2022-01-25 16:45:00,5.85,tp
orb,BUY,2022-01-25 16:50:00,2022-01-25 17:00:00,-4.19,sl
ichi,BUY,2022-01-25 17:00:00,2022-01-25 17:00:00,-6.5,sl
orb,SELL,2022-01-26 08:55:00,2022-01-26 09:50:00,10.59,tp
ichi,BUY,2022-01-26 15:45:00,2022-01-26 16:00:00,-3.8,sl
ichi,SELL,2022-01-27 05:30:00,2022-01-27 09:00:00,3.98,sl
orb,SELL,2022-01-27 07:40:00,2022-01-27 09:00:00,0.15,sl
ichi,SELL,2022-01-27 09:30:00,2022-01-27 10:20:00,0.05,sl
ichi,SELL,2022-01-27 14:00:00,2022-01-27 14:50:00,2.36,gap
ichi,SELL,2022-01-27 17:30:00,2022-01-27 18:25:00,4.53,sl
orb,SELL,2022-01-28 10:05:00,2022-01-28 11:15:00,10.9,tp
ichi,SELL,2022-01-28 15:00:00,2022-01-28 15:15:00,-5.17,sl
ichi,SELL,2022-01-28 17:00:00,2022-01-28 17:45:00,0.05,sl
ichi,SELL,2022-01-31 09:30:00,2022-01-31 09:55:00,-5.19,sl
orb,BUY,2022-01-31 10:30:00,2022-01-31 11:55:00,-7.18,sl
ichi,BUY,2022-02-01 01:30:00,2022-02-01 07:45:00,9.25,tp
ichi,BUY,2022-02-01 15:15:00,2022-02-01 15:30:00,-4.0,sl
ichi,SELL,2022-02-02 09:30:00,2022-02-02 09:50:00,3.3,sl
ichi,BUY,2022-02-02 17:15:00,2022-02-02 17:30:00,2.35,gap
ichi,BUY,2022-02-03 04:00:00,2022-02-03 04:25:00,-6.53,sl
orb,SELL,2022-02-03 07:35:00,2022-02-03 07:55:00,-4.41,sl
ichi,SELL,2022-02-03 15:15:00,2022-02-03 16:40:00,2.28,gap
ichi,SELL,2022-02-03 16:45:00,2022-02-03 16:55:00,4.9,sl
ichi,BUY,2022-02-04 02:00:00,2022-02-04 04:50:00,0.1,sl
ichi,BUY,2022-02-04 07:15:00,2022-02-04 09:10:00,5.07,sl
ichi,BUY,2022-02-04 11:00:00,2022-02-04 12:05:00,11.06,tp
ichi,BUY,2022-02-04 15:15:00,2022-02-04 15:30:00,-6.27,sl
ichi,BUY,2022-02-07 03:15:00,2022-02-07 10:10:00,0.05,sl
ichi,BUY,2022-02-07 12:00:00,2022-02-07 15:00:00,0.1,sl
orb,BUY,2022-02-07 15:10:00,2022-02-07 15:30:00,0.2,sl
ichi,BUY,2022-02-07 16:15:00,2022-02-07 17:10:00,-3.87,sl
ichi,BUY,2022-02-07 18:30:00,2022-02-07 22:05:00,4.6,sl
ichi,BUY,2022-02-08 03:30:00,2022-02-08 05:35:00,0.15,sl
ichi,BUY,2022-02-08 15:15:00,2022-02-08 15:40:00,3.14,gap
orb,BUY,2022-02-08 15:55:00,2022-02-08 16:15:00,-7.11,sl
ichi,BUY,2022-02-08 16:45:00,2022-02-08 17:30:00,5.63,tp
ichi,BUY,2022-02-08 18:15:00,2022-02-08 22:35:00,0.05,sl
ichi,BUY,2022-02-09 10:45:00,2022-02-09 15:00:00,10.23,tp
orb,BUY,2022-02-09 15:05:00,2022-02-09 15:10:00,-6.2,sl
ichi,BUY,2022-02-09 15:15:00,2022-02-09 15:30:00,0.1,sl
orb,SELL,2022-02-09 16:05:00,2022-02-09 16:40:00,-5.98,sl
ichi,BUY,2022-02-10 01:45:00,2022-02-10 03:10:00,1.95,sl
orb,BUY,2022-02-10 08:05:00,2022-02-10 08:25:00,-3.98,sl
ichi,BUY,2022-02-10 08:45:00,2022-02-10 09:45:00,1.4,gap
orb,SELL,2022-02-10 10:30:00,2022-02-10 12:05:00,-6.49,sl
ichi,SELL,2022-02-11 06:45:00,2022-02-11 07:05:00,0.1,sl
ichi,SELL,2022-02-11 08:45:00,2022-02-11 09:50:00,-5.44,sl
orb,BUY,2022-02-11 14:15:00,2022-02-11 14:35:00,9.81,tp
ichi,BUY,2022-02-14 15:30:00,2022-02-14 16:25:00,3.44,sl
orb,BUY,2022-02-14 15:50:00,2022-02-14 17:35:00,7.35,tp
ichi,BUY,2022-02-15 03:45:00,2022-02-15 04:45:00,10.82,tp
ichi,SELL,2022-02-15 17:30:00,2022-02-15 18:35:00,0.05,sl
orb,BUY,2022-02-16 07:55:00,2022-02-16 08:00:00,-6.0,sl
ichi,SELL,2022-02-15 19:30:00,2022-02-16 09:05:00,-6.8,sl
ichi,SELL,2022-02-16 15:30:00,2022-02-16 15:45:00,-4.24,sl
ichi,BUY,2022-02-17 06:00:00,2022-02-17 07:05:00,-4.03,sl
ichi,BUY,2022-02-17 07:45:00,2022-02-17 08:25:00,0.05,sl
ichi,BUY,2022-02-17 10:30:00,2022-02-17 11:35:00,6.19,sl
ichi,BUY,2022-02-17 14:15:00,2022-02-17 15:30:00,8.5,tp
orb,BUY,2022-02-17 15:35:00,2022-02-17 16:00:00,-7.18,sl
ichi,BUY,2022-02-17 16:15:00,2022-02-17 16:35:00,0.05,sl
orb,SELL,2022-02-18 12:35:00,2022-02-18 13:45:00,-5.44,sl
ichi,BUY,2022-02-18 16:45:00,2022-02-18 17:40:00,-5.59,sl
ichi,BUY,2022-02-18 18:15:00,2022-02-21 01:25:00,9.47,tp
orb,SELL,2022-02-21 06:40:00,2022-02-21 09:30:00,0.1,sl
ichi,BUY,2022-02-21 16:00:00,2022-02-21 20:05:00,1.0,gap
ichi,BUY,2022-02-22 03:45:00,2022-02-22 09:45:00,0.05,sl
ichi,BUY,2022-02-22 10:15:00,2022-02-22 10:25:00,-5.27,sl
orb,SELL,2022-02-22 10:30:00,2022-02-22 10:55:00,6.86,tp
orb,SELL,2022-02-23 06:55:00,2022-02-23 07:20:00,10.34,tp
ichi,SELL,2022-02-23 08:15:00,2022-02-23 09:00:00,-5.7,sl
ichi,SELL,2022-02-23 10:00:00,2022-02-23 10:55:00,2.5,sl
ichi,SELL,2022-02-23 12:30:00,2022-02-23 15:00:00,-4.14,sl
orb,BUY,2022-02-23 15:25:00,2022-02-23 15:40:00,-6.34,sl
ichi,BUY,2022-02-24 03:30:00,2022-02-24 04:50:00,6.3,tp
orb,BUY,2022-02-24 11:40:00,2022-02-24 12:10:00,9.05,tp
ichi,BUY,2022-02-24 14:45:00,2022-02-24 16:30:00,-12.33,sl
orb,SELL,2022-02-25 13:30:00,2022-02-25 13:40:00,7.98,tp
orb,SELL,2022-02-28 09:25:00,2022-02-28 09:25:00,7.36,tp
ichi,SELL,2022-02-28 11:15:00,2022-02-28 12:50:00,-7.22,sl
ichi,BUY,2022-02-28 17:15:00,2022-02-28 17:50:00,-9.23,sl
orb,BUY,2022-03-01 08:55:00,2022-03-01 09:05:00,-7.18,sl
ichi,BUY,2022-03-01 09:00:00,2022-03-01 10:35:00,10.15,tp
ichi,BUY,2022-03-01 15:15:00,2022-03-01 17:00:00,4.62,sl
ichi,BUY,2022-03-02 09:15:00,2022-03-02 09:55:00,4.29,sl
orb,BUY,2022-03-02 09:50:00,2022-03-02 10:00:00,-4.44,sl
orb,SELL,2022-03-02 12:30:00,2022-03-02 13:00:00,-7.44,sl
ichi,BUY,2022-03-02 17:15:00,2022-03-02 18:05:00,-10.65,sl
ichi,BUY,2022-03-03 04:45:00,2022-03-03 06:40:00,-4.65,sl
ichi,BUY,2022-03-03 09:45:00,2022-03-03 10:05:00,2.64,gap
ichi,BUY,2022-03-03 11:15:00,2022-03-03 12:35:00,2.9,sl
ichi,SELL,2022-03-03 17:00:00,2022-03-03 20:30:00,-8.12,sl
ichi,BUY,2022-03-04 02:15:00,2022-03-04 02:25:00,1.82,sl
ichi,BUY,2022-03-04 11:15:00,2022-03-04 12:05:00,3.29,sl
ichi,BUY,2022-03-04 16:00:00,2022-03-04 16:35:00,10.15,tp
orb,BUY,2022-03-04 16:30:00,2022-03-04 16:55:00,0.05,sl
orb,SELL,2022-03-07 08:10:00,2022-03-07 08:30:00,-4.62,sl
orb,BUY,2022-03-07 11:50:00,2022-03-07 13:30:00,-4.86,sl
orb,BUY,2022-03-08 08:35:00,2022-03-08 08:55:00,9.4,tp
ichi,BUY,2022-03-08 10:30:00,2022-03-08 14:50:00,4.81,sl
ichi,BUY,2022-03-08 16:45:00,2022-03-08 17:05:00,20.96,tp
ichi,BUY,2022-03-09 04:00:00,2022-03-09 05:00:00,8.52,sl
orb,SELL,2022-03-09 11:05:00,2022-03-09 11:35:00,11.45,tp
ichi,SELL,2022-03-10 03:15:00,2022-03-10 05:20:00,0.05,sl
orb,BUY,2022-03-10 12:15:00,2022-03-10 14:40:00,13.51,tp
ichi,SELL,2022-03-11 04:00:00,2022-03-11 07:20:00,6.09,sl
orb,SELL,2022-03-11 06:45:00,2022-03-11 07:20:00,0.1,sl
ichi,SELL,2022-03-11 13:30:00,2022-03-11 13:45:00,6.83,gap
ichi,SELL,2022-03-14 01:30:00,2022-03-14 02:35:00,0.05,sl
ichi,SELL,2022-03-14 07:45:00,2022-03-14 10:10:00,2.86,gap
ichi,SELL,2022-03-14 10:15:00,2022-03-14 11:05:00,2.36,sl
orb,SELL,2022-03-14 10:10:00,2022-03-14 11:15:00,13.69,tp
ichi,SELL,2022-03-14 15:15:00,2022-03-14 16:00:00,0.44,gap
ichi,SELL,2022-03-14 16:45:00,2022-03-15 02:05:00,6.5,gap
ichi,SELL,2022-03-15 02:15:00,2022-03-15 03:00:00,0.05,sl
ichi,SELL,2022-03-15 10:00:00,2022-03-15 13:05:00,5.27,gap
orb,SELL,2022-03-15 13:00:00,2022-03-15 13:40:00,-5.11,sl
ichi,SELL,2022-03-15 13:10:00,2022-03-15 14:40:00,0.05,sl
ichi,SELL,2022-03-15 16:15:00,2022-03-15 17:55:00,-11.44,sl
ichi,SELL,2022-03-16 08:15:00,2022-03-16 08:40:00,2.97,sl
ichi,SELL,2022-03-16 09:45:00,2022-03-16 10:20:00,1.51,sl
orb,BUY,2022-03-16 13:45:00,2022-03-16 14:10:00,-7.67,sl
ichi,SELL,2022-03-16 16:15:00,2022-03-16 16:25:00,2.32,sl
orb,SELL,2022-03-16 16:15:00,2022-03-16 20:05:00,-1.92,gap
ichi,SELL,2022-03-16 20:15:00,2022-03-16 20:25:00,5.55,gap
ichi,BUY,2022-03-17 09:45:00,2022-03-17 10:35:00,7.65,tp
orb,BUY,2022-03-17 10:25:00,2022-03-17 11:10:00,-1.7,gap
ichi,BUY,2022-03-17 11:15:00,2022-03-17 11:50:00,3.67,sl
ichi,BUY,2022-03-17 15:45:00,2022-03-17 17:05:00,3.12,sl
ichi,SELL,2022-03-18 08:15:00,2022-03-18 10:30:00,-5.06,sl
orb,SELL,2022-03-18 15:25:00,2022-03-18 15:30:00,-6.6,sl
ichi,SELL,2022-03-18 15:30:00,2022-03-18 15:30:00,-8.79,sl
ichi,SELL,2022-03-21 11:30:00,2022-03-21 12:00:00,-4.16,sl
orb,BUY,2022-03-21 12:20:00,2022-03-21 12:30:00,-6.23,sl
ichi,SELL,2022-03-21 15:15:00,2022-03-21 15:30:00,1.36,gap
orb,SELL,2022-03-21 15:30:00,2022-03-21 15:35:00,-7.72,sl
ichi,SELL,2022-03-22 15:00:00,2022-03-22 15:35:00,4.61,sl
orb,SELL,2022-03-22 15:35:00,2022-03-22 16:05:00,8.01,tp
ichi,SELL,2022-03-23 03:15:00,2022-03-23 04:30:00,-4.3,sl
orb,BUY,2022-03-23 10:45:00,2022-03-23 11:30:00,13.52,tp
ichi,BUY,2022-03-23 16:30:00,2022-03-23 17:00:00,0.05,sl
ichi,BUY,2022-03-24 12:30:00,2022-03-24 13:40:00,6.81,tp
orb,BUY,2022-03-24 13:45:00,2022-03-24 14:20:00,0.1,sl
ichi,BUY,2022-03-24 15:00:00,2022-03-24 15:35:00,4.21,sl
ichi,BUY,2022-03-25 04:15:00,2022-03-25 07:05:00,-8.35,sl
orb,SELL,2022-03-25 07:30:00,2022-03-25 09:15:00,14.0,tp
ichi,BUY,2022-03-25 18:15:00,2022-03-28 04:15:00,-7.7,sl
ichi,SELL,2022-03-28 14:45:00,2022-03-28 15:10:00,-6.4,sl
ichi,SELL,2022-03-29 15:30:00,2022-03-29 15:40:00,3.46,sl
ichi,SELL,2022-03-30 12:00:00,2022-03-30 14:35:00,-5.65,sl
orb,BUY,2022-03-30 15:20:00,2022-03-30 15:35:00,-4.3,sl
ichi,BUY,2022-03-30 16:45:00,2022-03-30 18:05:00,2.76,sl
ichi,SELL,2022-03-31 07:00:00,2022-03-31 07:30:00,2.54,sl
orb,BUY,2022-03-31 15:30:00,2022-03-31 16:30:00,12.73,tp
orb,SELL,2022-04-01 13:55:00,2022-04-01 14:40:00,10.16,tp
ichi,SELL,2022-04-01 16:00:00,2022-04-01 16:20:00,0.05,sl
ichi,SELL,2022-04-01 17:30:00,2022-04-01 17:40:00,0.05,sl
ichi,SELL,2022-04-01 19:00:00,2022-04-01 20:50:00,4.39,sl
ichi,SELL,2022-04-04 01:15:00,2022-04-04 06:35:00,2.61,sl
orb,BUY,2022-04-04 15:10:00,2022-04-04 15:35:00,0.1,sl
ichi,BUY,2022-04-04 16:30:00,2022-04-04 16:45:00,0.91,gap
ichi,BUY,2022-04-05 01:15:00,2022-04-05 04:35:00,-7.56,sl
orb,SELL,2022-04-05 11:00:00,2022-04-05 11:45:00,-7.69,sl
ichi,SELL,2022-04-05 11:30:00,2022-04-05 11:55:00,-7.54,sl
ichi,SELL,2022-04-05 15:15:00,2022-04-05 15:25:00,-4.71,sl
orb,BUY,2022-04-05 15:50:00,2022-04-05 16:30:00,12.63,tp
ichi,BUY,2022-04-05 17:15:00,2022-04-05 17:45:00,-7.46,sl
ichi,SELL,2022-04-06 02:15:00,2022-04-06 04:00:00,2.34,gap
orb,SELL,2022-04-06 10:15:00,2022-04-06 10:30:00,-6.42,sl
ichi,SELL,2022-04-06 10:15:00,2022-04-06 10:40:00,-4.78,sl
orb,BUY,2022-04-06 11:45:00,2022-04-06 12:10:00,11.31,tp
ichi,BUY,2022-04-06 17:15:00,2022-04-06 21:00:00,-7.54,sl
ichi,SELL,2022-04-07 06:30:00,2022-04-07 08:35:00,0.05,sl
ichi,BUY,2022-04-07 11:15:00,2022-04-07 11:45:00,0.1,sl
ichi,BUY,2022-04-07 14:15:00,2022-04-07 14:35:00,3.08,sl
ichi,BUY,2022-04-07 16:15:00,2022-04-07 16:45:00,0.05,sl
ichi,BUY,2022-04-08 04:15:00,2022-04-08 05:25:00,-7.66,sl
ichi,BUY,2022-04-08 12:00:00,2022-04-08 13:45:00,2.8,sl
ichi,BUY,2022-04-08 14:15:00,2022-04-08 15:10:00,10.51,tp
orb,BUY,2022-04-08 15:10:00,2022-04-08 15:20:00,0.02,gap
ichi,BUY,2022-04-08 16:30:00,2022-04-08 16:45:00,3.65,sl
ichi,BUY,2022-04-11 04:15:00,2022-04-11 04:35:00,-7.89,sl
ichi,BUY,2022-04-11 11:15:00,2022-04-11 11:25:00,4.19,sl
orb,BUY,2022-04-12 15:15:00,2022-04-12 15:25:00,-5.97,sl
ichi,BUY,2022-04-12 15:15:00,2022-04-12 15:30:00,8.43,tp
ichi,BUY,2022-04-12 17:30:00,2022-04-12 18:00:00,7.91,sl
ichi,BUY,2022-04-13 10:45:00,2022-04-13 11:00:00,0.05,sl
ichi,BUY,2022-04-13 15:30:00,2022-04-13 16:40:00,0.05,sl
ichi,BUY,2022-04-13 17:15:00,2022-04-14 09:45:00,-7.0,sl
ichi,BUY,2022-04-14 15:30:00,2022-04-14 16:10:00,0.05,sl
orb,SELL,2022-04-14 16:55:00,2022-04-14 17:40:00,-6.14,sl
ichi,BUY,2022-04-18 09:00:00,2022-04-18 09:55:00,3.81,sl
orb,BUY,2022-04-18 09:25:00,2022-04-18 10:45:00,12.93,tp
ichi,BUY,2022-04-18 14:30:00,2022-04-18 15:15:00,5.26,sl
ichi,BUY,2022-04-18 16:00:00,2022-04-18 16:30:00,-4.69,sl
orb,SELL,2022-04-19 07:50:00,2022-04-19 08:50:00,0.2,sl
ichi,SELL,2022-04-19 08:45:00,2022-04-19 10:10:00,-6.79,sl
orb,BUY,2022-04-19 10:30:00,2022-04-19 12:00:00,-8.49,sl
ichi,BUY,2022-04-19 15:15:00,2022-04-19 15:35:00,-4.69,sl
ichi,SELL,2022-04-20 05:45:00,2022-04-20 07:05:00,3.45,sl
ichi,SELL,2022-04-20 09:00:00,2022-04-20 10:00:00,0.05,sl
ichi,SELL,2022-04-20 10:45:00,2022-04-20 12:25:00,-4.91,sl
orb,BUY,2022-04-20 13:10:00,2022-04-20 15:15:00,-6.18,sl
ichi,SELL,2022-04-21 09:30:00,2022-04-21 11:25:00,10.27,tp
ichi,SELL,2022-04-21 13:45:00,2022-04-21 14:20:00,2.22,gap
ichi,SELL,2022-04-21 17:15:00,2022-04-21 18:50:00,0.05,sl
ichi,SELL,2022-04-21 18:55:00,2022-04-21 20:30:00,-7.03,sl
ichi,BUY,2022-04-22 09:00:00,2022-04-22 09:15:00,0.1,sl
ichi,SELL,2022-04-22 13:30:00,2022-04-22 15:35:00,-6.08,sl
ichi,SELL,2022-04-22 17:45:00,2022-04-22 18:15:00,8.21,sl
ichi,SELL,2022-04-25 01:15:00,2022-04-25 02:10:00,1.54,sl
ichi,SELL,2022-04-25 10:45:00,2022-04-25 13:40:00,3.43,sl
orb,SELL,2022-04-25 13:40:00,2022-04-25 14:05:00,12.67,tp
ichi,SELL,2022-04-25 13:45:00,2022-04-25 14:10:00,3.02,gap
ichi,SELL,2022-04-26 11:30:00,2022-04-26 13:05:00,-5.89,sl
ichi,SELL,2022-04-27 09:45:00,2022-04-27 10:30:00,-4.37,sl
orb,SELL,2022-04-27 11:05:00,2022-04-27 11:10:00,13.02,tp
ichi,SELL,2022-04-27 11:15:00,2022-04-27 12:35:00,-6.82,sl
ichi,SELL,2022-04-28 03:45:00,2022-04-28 04:15:00,2.44,sl
ichi,SELL,2022-04-28 05:15:00,2022-04-28 06:20:00,3.18,sl
ichi,SELL,2022-04-28 07:00:00,2022-04-28 07:45:00,0.05,sl
ichi,BUY,2022-04-29 06:00:00,2022-04-29 06:40:00,3.3,sl
orb,BUY,2022-04-29 07:55:00,2022-04-29 08:40:00,0.2,sl
ichi,SELL,2022-05-02 10:15:00,2022-05-02 11:50:00,2.37,sl
ichi,SELL,2022-05-02 14:15:00,2022-05-02 15:05:00,3.95,sl
ichi,SELL,2022-05-02 21:00:00,2022-05-02 22:15:00,3.39,sl
ichi,SELL,2022-05-03 07:45:00,2022-05-03 08:10:00,3.66,sl
orb,SELL,2022-05-03 07:55:00,2022-05-03 09:00:00,-8.2,sl
ichi,SELL,2022-05-03 10:45:00,2022-05-03 11:50:00,4.44,gap
ichi,SELL,2022-05-03 12:30:00,2022-05-03 14:35:00,-5.58,sl
orb,BUY,2022-05-03 16:35:00,2022-05-03 17:05:00,0.05,sl
ichi,SELL,2022-05-04 03:30:00,2022-05-04 04:20:00,2.54,sl
orb,SELL,2022-05-04 09:10:00,2022-05-04 09:15:00,-7.65,sl
ichi,SELL,2022-05-04 09:15:00,2022-05-04 09:55:00,-6.92,sl
orb,BUY,2022-05-04 10:10:00,2022-05-04 11:40:00,0.15,sl
ichi,SELL,2022-05-04 17:00:00,2022-05-04 18:15:00,-5.96,sl
ichi,BUY,2022-05-05 14:15:00,2022-05-05 15:20:00,0.05,sl
orb,BUY,2022-05-05 15:35:00,2022-05-05 16:00:00,0.05,sl
ichi,BUY,2022-05-05 16:30:00,2022-05-05 16:45:00,-7.53,sl
ichi,SELL,2022-05-06 01:45:00,2022-05-06 03:15:00,2.5,sl
ichi,SELL,2022-05-06 03:45:00,2022-05-06 04:05:00,2.94,sl
orb,BUY,2022-05-06 11:35:00,2022-05-06 12:30:00,10.99,tp
ichi,BUY,2022-05-06 17:15:00,2022-05-06 18:35:00,5.11,sl
ichi,SELL,2022-05-09 11:30:00,2022-05-09 12:05:00,3.34,sl
ichi,SELL,2022-05-09 16:45:00,2022-05-09 17:35:00,2.92,sl
ichi,SELL,2022-05-10 03:45:00,2022-05-10 05:25:00,-7.47,sl
ichi,SELL,2022-05-10 13:00:00,2022-05-10 14:30:00,-4.98,sl
ichi,SELL,2022-05-10 17:00:00,2022-05-10 17:45:00,9.01,tp
orb,SELL,2022-05-10 17:50:00,2022-05-10 19:35:00,0.05,sl
orb,BUY,2022-05-11 09:20:00,2022-05-11 09:30:00,12.54,tp
ichi,SELL,2022-05-11 15:45:00,2022-05-11 16:00:00,1.65,gap
ichi,BUY,2022-05-12 02:30:00,2022-05-12 02:55:00,2.22,sl
ichi,BUY,2022-05-12 04:15:00,2022-05-12 04:55:00,3.34,sl
ichi,SELL,2022-05-12 11:45:00,2022-05-12 14:30:00,0.05,sl
orb,SELL,2022-05-12 14:40:00,2022-05-12 16:20:00,-8.85,sl
ichi,SELL,2022-05-12 16:30:00,2022-05-12 17:05:00,6.36,sl
ichi,SELL,2022-05-12 18:15:00,2022-05-12 19:25:00,3.99,sl
ichi,SELL,2022-05-13 14:15:00,2022-05-13 15:10:00,3.25,sl
orb,SELL,2022-05-13 15:30:00,2022-05-13 16:05:00,12.85,tp
ichi,SELL,2022-05-13 19:15:00,2022-05-13 23:40:00,0.05,sl
ichi,SELL,2022-05-16 01:45:00,2022-05-16 03:55:00,-9.05,sl
ichi,SELL,2022-05-16 10:45:00,2022-05-16 10:55:00,4.67,gap
ichi,SELL,2022-05-16 12:15:00,2022-05-16 12:25:00,-7.87,sl
ichi,BUY,2022-05-17 05:30:00,2022-05-17 06:40:00,-8.42,sl
ichi,BUY,2022-05-17 09:45:00,2022-05-17 10:20:00,-7.53,sl
ichi,BUY,2022-05-17 11:30:00,2022-05-17 12:20:00,0.05,sl
orb,BUY,2022-05-17 13:25:00,2022-05-17 14:00:00,-8.66,sl
ichi,BUY,2022-05-17 13:30:00,2022-05-17 15:00:00,4.7,sl
ichi,BUY,2022-05-17 16:00:00,2022-05-17 16:15:00,-5.92,sl
orb,SELL,2022-05-17 17:10:00,2022-05-17 23:25:00,8.65,tp
ichi,SELL,2022-05-18 04:45:00,2022-05-18 07:10:00,6.18,sl
ichi,SELL,2022-05-18 09:45:00,2022-05-18 10:20:00,-7.91,sl
orb,BUY,2022-05-18 12:35:00,2022-05-18 13:50:00,-8.42,sl
orb,SELL,2022-05-18 15:20:00,2022-05-18 15:35:00,-7.67,sl
ichi,SELL,2022-05-18 16:00:00,2022-05-18 18:25:00,-5.96,sl
ichi,SELL,2022-05-19 06:00:00,2022-05-19 08:40:00,1.82,sl
ichi,SELL,2022-05-19 10:30:00,2022-05-19 11:40:00,-6.88,sl
orb,BUY,2022-05-20 08:35:00,2022-05-20 10:00:00,14.44,tp
ichi,BUY,2022-05-20 10:45:00,2022-05-20 13:25:00,1.42,sl
ichi,BUY,2022-05-20 14:00:00,2022-05-20 14:55:00,-8.28,sl
orb,SELL,2022-05-20 17:00:00,2022-05-20 17:55:00,-8.5,sl
ichi,BUY,2022-05-23 01:30:00,2022-05-23 03:50:00,12.67,tp
ichi,BUY,2022-05-23 09:15:00,2022-05-23 10:35:00,1.78,gap
ichi,BUY,2022-05-23 11:00:00,2022-05-23 11:25:00,4.58,sl
ichi,BUY,2022-05-24 12:15:00,2022-05-24 15:15:00,0.1,sl
ichi,BUY,2022-05-24 16:00:00,2022-05-24 16:20:00,0.05,sl
orb,BUY,2022-05-24 16:00:00,2022-05-24 16:45:00,10.57,tp
ichi,BUY,2022-05-24 17:30:00,2022-05-24 19:15:00,1.63,sl
ichi,SELL,2022-05-25 15:00:00,2022-05-25 15:55:00,4.12,sl
ichi,SELL,2022-05-25 16:30:00,2022-05-25 17:05:00,2.04,gap
ichi,SELL,2022-05-26 10:15:00,2022-05-26 10:40:00,-7.01,sl
orb,SELL,2022-05-26 12:45:00,2022-05-26 13:00:00,-7.55,sl
ichi,SELL,2022-05-26 13:45:00,2022-05-26 14:00:00,0.1,sl
ichi,SELL,2022-05-26 16:00:00,2022-05-26 16:45:00,-5.28,sl
ichi,BUY,2022-05-27 08:45:00,2022-05-27 10:20:00,5.14,sl
orb,BUY,2022-05-27 10:20:00,2022-05-27 10:30:00,-7.41,sl
ichi,BUY,2022-05-27 12:15:00,2022-05-27 12:45:00,0.1,sl
ichi,BUY,2022-05-27 14:15:00,2022-05-27 15:05:00,2.88,sl
ichi,SELL,2022-05-30 01:30:00,2022-05-30 02:05:00,12.71,tp
ichi,SELL,2022-05-30 03:45:00,2022-05-30 04:35:00,-6.1,sl
orb,BUY,2022-05-31 11:25:00,2022-05-31 11:45:00,-7.41,sl
ichi,SELL,2022-05-31 12:45:00,2022-05-31 13:40:00,2.26,sl
ichi,SELL,2022-05-31 14:30:00,2022-05-31 15:00:00,0.56,gap
orb,SELL,2022-05-31 15:00:00,2022-05-31 15:10:00,-6.93,sl
ichi,SELL,2022-05-31 17:15:00,2022-05-31 17:30:00,3.72,gap
ichi,SELL,2022-06-01 07:15:00,2022-06-01 07:55:00,1.9,sl
ichi,SELL,2022-06-01 09:15:00,2022-06-01 10:05:00,-7.02,sl
ichi,SELL,2022-06-01 10:45:00,2022-06-01 11:10:00,-8.15,sl
orb,SELL,2022-06-01 12:00:00,2022-06-01 13:40:00,-8.49,sl
orb,BUY,2022-06-01 15:40:00,2022-06-01 16:00:00,13.0,tp
ichi,BUY,2022-06-02 01:45:00,2022-06-02 04:00:00,0.1,sl
ichi,BUY,2022-06-02 15:45:00,2022-06-02 15:55:00,1.87,gap
ichi,BUY,2022-06-03 03:30:00,2022-06-03 03:40:00,3.26,gap
ichi,BUY,2022-06-03 05:15:00,2022-06-03 06:15:00,-5.91,sl
orb,BUY,2022-06-06 15:15:00,2022-06-06 15:20:00,-7.26,sl
ichi,SELL,2022-06-07 02:30:00,2022-06-07 03:40:00,0.15,sl
ichi,BUY,2022-06-07 17:15:00,2022-06-07 23:10:00,2.44,sl
ichi,SELL,2022-06-08 08:00:00,2022-06-08 09:00:00,-8.02,sl
orb,SELL,2022-06-08 15:30:00,2022-06-08 15:35:00,-6.19,sl
orb,BUY,2022-06-08 16:10:00,2022-06-08 18:35:00,11.52,tp
ichi,BUY,2022-06-09 04:45:00,2022-06-09 07:55:00,3.3,sl
ichi,SELL,2022-06-09 10:30:00,2022-06-09 11:30:00,2.8,sl
ichi,SELL,2022-06-09 15:00:00,2022-06-09 15:20:00,-0.06,gap
ichi,SELL,2022-06-09 16:45:00,2022-06-09 17:20:00,3.74,sl
ichi,SELL,2022-06-10 10:00:00,2022-06-10 10:25:00,-8.01,sl
ichi,SELL,2022-06-10 12:30:00,2022-06-10 14:25:00,3.56,sl
orb,SELL,2022-06-10 12:30:00,2022-06-10 14:35:00,14.71,tp
ichi,SELL,2022-06-10 14:30:00,2022-06-10 14:45:00,11.55,tp
ichi,SELL,2022-06-10 16:30:00,2022-06-10 17:25:00,-8.6,sl
orb,BUY,2022-06-10 17:35:00,2022-06-10 18:20:00,12.86,tp
orb,SELL,2022-06-13 10:30:00,2022-06-13 11:20:00,14.83,tp
ichi,SELL,2022-06-14 14:15:00,2022-06-14 14:55:00,5.13,sl
orb,SELL,2022-06-14 17:15:00,2022-06-14 19:35:00,0.1,sl
orb,BUY,2022-06-15 09:05:00,2022-06-15 09:35:00,12.5,tp
orb,SELL,2022-06-16 09:45:00,2022-06-16 10:25:00,0.15,sl
ichi,BUY,2022-06-16 12:15:00,2022-06-16 12:45:00,-5.82,sl
ichi,BUY,2022-06-16 17:30:00,2022-06-16 18:20:00,12.17,tp
ichi,BUY,2022-06-17 15:45:00,2022-06-17 16:25:00,-5.06,sl
orb,SELL,2022-06-17 17:00:00,2022-06-17 17:35:00,0.05,sl
ichi,SELL,2022-06-20 02:15:00,2022-06-20 05:25:00,2.38,sl
ichi,BUY,2022-06-20 09:45:00,2022-06-20 11:05:00,-8.45,sl
ichi,SELL,2022-06-20 16:45:00,2022-06-20 17:05:00,1.7,gap
ichi,BUY,2022-06-21 04:45:00,2022-06-21 07:50:00,-8.82,sl
orb,SELL,2022-06-21 08:35:00,2022-06-21 09:50:00,14.16,tp
ichi,SELL,2022-06-21 11:30:00,2022-06-21 14:10:00,2.86,sl
ichi,SELL,2022-06-21 15:15:00,2022-06-21 15:30:00,-9.23,sl
orb,BUY,2022-06-21 17:40:00,2022-06-21 17:50:00,-7.9,sl
ichi,BUY,2022-06-21 18:30:00,2022-06-21 20:45:00,-6.01,sl
ichi,SELL,2022-06-22 04:45:00,2022-06-22 05:50:00,2.22,sl
ichi,SELL,2022-06-22 07:00:00,2022-06-22 09:05:00,2.48,sl
ichi,SELL,2022-06-22 10:15:00,2022-06-22 10:40:00,-8.6,sl
ichi,SELL,2022-06-23 06:45:00,2022-06-23 08:35:00,0.1,sl
orb,SELL,2022-06-23 12:35:00,2022-06-23 14:05:00,13.71,tp
orb,BUY,2022-06-23 16:30:00,2022-06-23 16:50:00,11.43,tp
ichi,SELL,2022-06-24 05:00:00,2022-06-24 10:00:00,0.94,gap
ichi,SELL,2022-06-24 10:15:00,2022-06-24 10:35:00,-7.25,sl
ichi,SELL,2022-06-24 15:15:00,2022-06-24 16:05:00,3.52,sl
orb,SELL,2022-06-24 16:05:00,2022-06-24 16:10:00,-8.23,sl
orb,BUY,2022-06-27 08:30:00,2022-06-27 08:35:00,-6.9,sl
ichi,BUY,2022-06-27 11:30:00,2022-06-27 14:55:00,-8.39,sl
orb,SELL,2022-06-27 16:35:00,2022-06-27 18:15:00,12.98,tp
ichi,SELL,2022-06-28 16:00:00,2022-06-28 16:55:00,3.08,sl
ichi,SELL,2022-06-28 17:45:00,2022-06-29 10:00:00,1.5,sl
orb,SELL,2022-06-29 09:35:00,2022-06-29 10:00:00,-8.82,sl
ichi,SELL,2022-06-29 12:30:00,2022-06-29 13:00:00,2.5,sl
orb,BUY,2022-06-29 13:40:00,2022-06-29 15:30:00,11.29,tp
ichi,SELL,2022-06-30 10:30:00,2022-06-30 10:50:00,6.81,gap
ichi,SELL,2022-06-30 12:15:00,2022-06-30 12:50:00,4.6,sl
ichi,SELL,2022-06-30 14:30:00,2022-06-30 14:40:00,13.62,tp
ichi,SELL,2022-07-01 03:45:00,2022-07-01 07:05:00,3.36,sl
ichi,SELL,2022-07-01 08:45:00,2022-07-01 10:15:00,4.28,gap
ichi,SELL,2022-07-01 10:45:00,2022-07-01 12:00:00,1.21,gap
ichi,SELL,2022-07-01 15:15:00,2022-07-01 15:30:00,0.05,sl
ichi,BUY,2022-07-04 05:15:00,2022-07-04 06:35:00,2.7,sl
ichi,BUY,2022-07-04 10:15:00,2022-07-04 10:35:00,-6.93,sl
orb,SELL,2022-07-04 12:45:00,2022-07-04 14:15:00,-7.9,sl
ichi,SELL,2022-07-04 14:45:00,2022-07-04 15:40:00,-6.85,sl
ichi,BUY,2022-07-05 01:30:00,2022-07-05 04:20:00,0.15,sl
ichi,BUY,2022-07-05 06:00:00,2022-07-05 07:50:00,3.6,sl
orb,SELL,2022-07-05 10:25:00,2022-07-05 11:45:00,15.38,tp
ichi,SELL,2022-07-05 15:30:00,2022-07-05 16:15:00,4.54,sl
ichi,SELL,2022-07-05 17:15:00,2022-07-05 18:45:00,5.54,sl
orb,SELL,2022-07-06 08:30:00,2022-07-06 08:45:00,0.2,sl
ichi,SELL,2022-07-06 09:30:00,2022-07-06 11:10:00,-8.69,sl
ichi,SELL,2022-07-06 12:45:00,2022-07-06 13:25:00,2.89,sl
ichi,SELL,2022-07-06 16:30:00,2022-07-06 16:55:00,4.88,sl
ichi,SELL,2022-07-07 13:30:00,2022-07-07 15:55:00,3.54,gap
orb,BUY,2022-07-07 16:50:00,2022-07-07 17:50:00,-9.03,sl
ichi,SELL,2022-07-08 01:45:00,2022-07-08 03:00:00,-7.9,sl
ichi,SELL,2022-07-08 07:30:00,2022-07-08 08:50:00,-8.84,sl
orb,SELL,2022-07-08 10:30:00,2022-07-08 10:35:00,16.01,tp
ichi,SELL,2022-07-08 10:30:00,2022-07-08 10:45:00,8.6,sl
ichi,SELL,2022-07-08 12:00:00,2022-07-08 15:10:00,-5.95,sl
orb,BUY,2022-07-08 17:35:00,2022-07-08 18:10:00,0.05,sl
ichi,SELL,2022-07-11 03:00:00,2022-07-11 03:30:00,0.1,sl
ichi,SELL,2022-07-11 04:30:00,2022-07-11 05:30:00,-7.27,sl
ichi,SELL,2022-07-11 08:45:00,2022-07-11 10:05:00,3.15,sl
orb,SELL,2022-07-11 10:05:00,2022-07-11 10:50:00,16.45,tp
ichi,SELL,2022-07-11 10:30:00,2022-07-11 10:55:00,2.82,sl
ichi,SELL,2022-07-11 12:15:00,2022-07-11 12:35:00,2.54,sl
ichi,SELL,2022-07-11 14:00:00,2022-07-11 15:10:00,0.1,sl
ichi,SELL,2022-07-11 15:30:00,2022-07-11 16:35:00,-7.53,sl
ichi,SELL,2022-07-12 02:45:00,2022-07-12 04:00:00,14.5,tp
ichi,SELL,2022-07-12 04:15:00,2022-07-12 04:25:00,-9.24,sl
orb,SELL,2022-07-13 09:25:00,2022-07-13 09:35:00,-8.38,sl
ichi,SELL,2022-07-13 09:30:00,2022-07-13 09:45:00,-6.82,sl
orb,BUY,2022-07-13 12:15:00,2022-07-13 13:10:00,-7.85,sl
ichi,SELL,2022-07-13 15:45:00,2022-07-13 15:50:00,-7.82,sl
orb,SELL,2022-07-14 09:15:00,2022-07-14 09:45:00,0.15,sl
ichi,SELL,2022-07-14 09:15:00,2022-07-14 09:45:00,0.1,sl
ichi,SELL,2022-07-14 18:15:00,2022-07-14 18:50:00,-8.8,sl
ichi,SELL,2022-07-14 19:45:00,2022-07-15 05:00:00,-8.49,sl
orb,SELL,2022-07-15 09:10:00,2022-07-15 09:40:00,13.46,tp
ichi,SELL,2022-07-15 15:00:00,2022-07-15 15:35:00,5.26,sl
ichi,SELL,2022-07-15 17:30:00,2022-07-15 17:55:00,2.12,sl
ichi,SELL,2022-07-19 01:45:00,2022-07-19 03:30:00,5.67,sl
ichi,SELL,2022-07-19 05:00:00,2022-07-19 06:50:00,-9.26,sl
orb,BUY,2022-07-19 08:15:00,2022-07-19 09:15:00,-7.98,sl
ichi,SELL,2022-07-19 17:00:00,2022-07-20 10:00:00,2.8,sl
ichi,SELL,2022-07-20 11:30:00,2022-07-20 12:15:00,-8.7,sl
orb,BUY,2022-07-20 16:35:00,2022-07-20 16:45:00,-6.88,sl
ichi,SELL,2022-07-21 08:30:00,2022-07-21 09:35:00,7.08,sl
orb,SELL,2022-07-21 09:30:00,2022-07-21 10:15:00,0.2,sl
ichi,SELL,2022-07-21 10:15:00,2022-07-21 10:30:00,-8.32,sl
ichi,SELL,2022-07-21 13:00:00,2022-07-21 13:45:00,2.54,sl
orb,BUY,2022-07-21 15:40:00,2022-07-21 15:55:00,8.67,tp
ichi,BUY,2022-07-22 04:15:00,2022-07-22 05:55:00,-6.27,sl
ichi,BUY,2022-07-22 11:15:00,2022-07-22 12:30:00,11.97,tp
ichi,BUY,2022-07-22 16:15:00,2022-07-22 16:45:00,7.92,tp
ichi,BUY,2022-07-25 09:45:00,2022-07-25 10:40:00,5.37,sl
orb,BUY,2022-07-25 10:40:00,2022-07-25 10:45:00,-8.93,sl
ichi,BUY,2022-07-25 11:15:00,2022-07-25 11:45:00,3.18,sl
ichi,BUY,2022-07-25 13:00:00,2022-07-25 13:25:00,-9.38,sl
orb,SELL,2022-07-25 16:40:00,2022-07-25 17:50:00,12.37,tp
ichi,BUY,2022-07-26 09:30:00,2022-07-26 09:55:00,4.83,sl
ichi,BUY,2022-07-26 11:00:00,2022-07-26 11:40:00,-6.59,sl
orb,SELL,2022-07-26 13:20:00,2022-07-26 13:50:00,-7.79,sl
ichi,SELL,2022-07-26 17:45:00,2022-07-27 08:25:00,1.74,sl
ichi,BUY,2022-07-27 14:15:00,2022-07-27 15:30:00,-7.05,sl
orb,SELL,2022-07-27 17:00:00,2022-07-27 18:15:00,-7.37,sl
ichi,BUY,2022-07-28 06:00:00,2022-07-28 10:00:00,3.94,sl
orb,BUY,2022-07-28 09:40:00,2022-07-28 10:00:00,-7.55,sl
ichi,BUY,2022-07-28 10:45:00,2022-07-28 11:10:00,13.36,tp
ichi,BUY,2022-07-28 16:15:00,2022-07-28 16:30:00,5.16,sl
ichi,BUY,2022-07-29 05:15:00,2022-07-29 06:20:00,13.39,tp
orb,SELL,2022-07-29 17:05:00,2022-07-29 17:25:00,-4.99,sl
ichi,BUY,2022-08-01 01:30:00,2022-08-01 07:40:00,-7.48,sl
orb,SELL,2022-08-01 07:45:00,2022-08-01 09:15:00,-8.51,sl
orb,BUY,2022-08-01 10:15:00,2022-08-01 10:35:00,-9.03,sl
ichi,BUY,2022-08-01 10:15:00,2022-08-01 11:00:00,-7.21,sl
ichi,BUY,2022-08-01 16:15:00,2022-08-01 17:25:00,-5.78,sl
orb,SELL,2022-08-02 10:40:00,2022-08-02 11:15:00,-7.85,sl
ichi,BUY,2022-08-02 14:15:00,2022-08-02 15:15:00,2.5,sl
orb,BUY,2022-08-02 15:20:00,2022-08-02 15:20:00,12.76,tp
ichi,BUY,2022-08-02 17:15:00,2022-08-02 17:55:00,-7.05,sl
ichi,BUY,2022-08-02 18:45:00,2022-08-02 20:25:00,-7.69,sl
ichi,BUY,2022-08-03 10:45:00,2022-08-03 13:15:00,-8.75,sl
orb,BUY,2022-08-03 15:35:00,2022-08-03 16:40:00,-6.82,sl
ichi,SELL,2022-08-03 17:15:00,2022-08-03 17:55:00,0.05,sl
orb,SELL,2022-08-03 17:55:00,2022-08-03 19:20:00,-5.09,sl
ichi,BUY,2022-08-04 05:30:00,2022-08-04 06:20:00,6.93,sl
ichi,BUY,2022-08-04 09:45:00,2022-08-04 10:50:00,3.88,sl
ichi,BUY,2022-08-04 17:00:00,2022-08-04 17:40:00,1.59,sl
ichi,BUY,2022-08-05 02:15:00,2022-08-05 04:00:00,2.42,sl
orb,SELL,2022-08-05 09:25:00,2022-08-05 10:05:00,-7.45,sl
ichi,SELL,2022-08-05 17:30:00,2022-08-05 19:45:00,2.32,sl
orb,BUY,2022-08-08 09:00:00,2022-08-08 09:05:00,-7.7,sl
ichi,SELL,2022-08-08 01:15:00,2022-08-08 10:25:00,-8.39,sl
ichi,BUY,2022-08-09 01:15:00,2022-08-09 02:45:00,3.54,sl
ichi,BUY,2022-08-09 02:50:00,2022-08-09 04:05:00,-7.29,sl
ichi,BUY,2022-08-09 09:00:00,2022-08-09 09:15:00,-7.36,sl
ichi,BUY,2022-08-09 11:00:00,2022-08-09 11:10:00,3.92,gap
orb,BUY,2022-08-09 11:10:00,2022-08-09 12:30:00,0.15,sl
ichi,BUY,2022-08-09 13:00:00,2022-08-09 13:30:00,0.1,sl
ichi,BUY,2022-08-09 14:30:00,2022-08-09 16:05:00,12.23,tp
ichi,BUY,2022-08-09 17:45:00,2022-08-09 18:00:00,-5.73,sl
orb,BUY,2022-08-10 12:55:00,2022-08-10 13:35:00,-8.33,sl
ichi,BUY,2022-08-10 15:00:00,2022-08-10 15:25:00,-6.34,sl
ichi,SELL,2022-08-11 09:45:00,2022-08-11 10:20:00,-6.76,sl
orb,BUY,2022-08-11 14:35:00,2022-08-11 15:05:00,14.19,tp
ichi,BUY,2022-08-11 16:30:00,2022-08-11 16:55:00,2.91,sl
ichi,SELL,2022-08-12 02:00:00,2022-08-12 06:30:00,-6.03,sl
ichi,BUY,2022-08-12 08:30:00,2022-08-12 08:40:00,0.15,sl
ichi,SELL,2022-08-12 14:30:00,2022-08-12 15:20:00,-8.15,sl
ichi,BUY,2022-08-12 17:15:00,2022-08-12 20:20:00,4.83,sl
ichi,BUY,2022-08-15 04:00:00,2022-08-15 04:10:00,-6.05,sl
ichi,SELL,2022-08-15 15:45:00,2022-08-15 15:55:00,0.05,sl
ichi,SELL,2022-08-15 18:15:00,2022-08-16 11:30:00,2.14,sl
orb,SELL,2022-08-16 11:00:00,2022-08-16 15:10:00,-6.67,sl
ichi,SELL,2022-08-16 14:15:00,2022-08-16 15:35:00,2.2,gap
ichi,SELL,2022-08-16 15:45:00,2022-08-16 16:00:00,1.42,sl
ichi,SELL,2022-08-16 17:15:00,2022-08-17 08:30:00,-5.23,sl
ichi,SELL,2022-08-17 16:15:00,2022-08-17 16:40:00,1.44,sl
ichi,SELL,2022-08-18 05:15:00,2022-08-18 07:10:00,3.42,sl
ichi,SELL,2022-08-18 09:00:00,2022-08-18 10:05:00,3.24,sl
ichi,SELL,2022-08-19 02:15:00,2022-08-19 03:15:00,4.65,sl
ichi,SELL,2022-08-19 04:30:00,2022-08-19 04:45:00,2.28,sl
ichi,SELL,2022-08-19 06:15:00,2022-08-19 07:25:00,5.5,sl
ichi,SELL,2022-08-19 10:15:00,2022-08-19 11:25:00,0.1,sl
ichi,SELL,2022-08-19 12:15:00,2022-08-19 13:30:00,4.26,sl
orb,SELL,2022-08-19 13:05:00,2022-08-19 14:40:00,-6.71,sl
ichi,SELL,2022-08-19 15:15:00,2022-08-19 15:30:00,-7.98,sl
ichi,SELL,2022-08-22 04:00:00,2022-08-22 05:25:00,-8.48,sl
orb,BUY,2022-08-22 05:30:00,2022-08-22 07:00:00,-8.49,sl
orb,SELL,2022-08-22 07:15:00,2022-08-22 08:40:00,0.25,sl
ichi,SELL,2022-08-22 09:00:00,2022-08-22 10:10:00,12.46,tp
ichi,SELL,2022-08-22 17:00:00,2022-08-22 17:15:00,-6.18,sl
ichi,SELL,2022-08-23 09:30:00,2022-08-23 10:15:00,-5.83,sl
orb,BUY,2022-08-23 11:20:00,2022-08-23 12:20:00,-7.59,sl
ichi,SELL,2022-08-23 15:15:00,2022-08-23 15:25:00,1.69,sl
orb,SELL,2022-08-23 15:25:00,2022-08-23 15:35:00,0.15,sl
ichi,BUY,2022-08-24 10:00:00,2022-08-24 10:20:00,-7.7,sl
ichi,BUY,2022-08-25 03:30:00,2022-08-25 04:35:00,8.1,sl
ichi,BUY,2022-08-26 09:15:00,2022-08-26 09:35:00,2.25,sl
orb,BUY,2022-08-26 09:35:00,2022-08-26 09:50:00,-8.23,sl
orb,SELL,2022-08-26 10:50:00,2022-08-26 11:35:00,0.15,sl
ichi,SELL,2022-08-26 17:30:00,2022-08-26 18:20:00,11.35,tp
ichi,SELL,2022-08-29 01:45:00,2022-08-29 02:25:00,1.9,gap
ichi,SELL,2022-08-29 12:30:00,2022-08-29 13:25:00,-7.06,sl
orb,BUY,2022-08-29 16:10:00,2022-08-29 17:35:00,0.1,sl
ichi,BUY,2022-08-30 04:00:00,2022-08-30 04:30:00,-7.98,sl
ichi,SELL,2022-08-30 09:00:00,2022-08-30 09:45:00,0.1,sl
ichi,SELL,2022-08-30 11:00:00,2022-08-30 11:10:00,-7.86,sl
orb,SELL,2022-08-30 15:55:00,2022-08-30 17:20:00,11.16,tp
ichi,SELL,2022-08-30 15:45:00,2022-08-30 17:30:00,4.51,sl
ichi,SELL,2022-08-31 03:15:00,2022-08-31 04:55:00,4.23,sl
ichi,SELL,2022-08-31 05:15:00,2022-08-31 07:05:00,-7.63,sl
ichi,SELL,2022-08-31 10:15:00,2022-08-31 11:20:00,9.65,tp
ichi,SELL,2022-09-01 09:15:00,2022-09-01 09:35:00,0.1,sl
orb,SELL,2022-09-01 11:20:00,2022-09-01 11:20:00,-7.17,sl
ichi,SELL,2022-09-01 11:30:00,2022-09-01 11:40:00,2.44,sl
ichi,SELL,2022-09-01 15:00:00,2022-09-01 15:40:00,6.38,tp
ichi,SELL,2022-09-01 18:30:00,2022-09-02 08:55:00,-7.68,sl
ichi,BUY,2022-09-02 16:30:00,2022-09-02 18:10:00,5.18,sl
ichi,BUY,2022-09-05 09:00:00,2022-09-05 09:25:00,-6.15,sl
orb,BUY,2022-09-05 11:40:00,2022-09-05 12:20:00,-8.14,sl
ichi,BUY,2022-09-05 12:45:00,2022-09-05 13:30:00,0.1,sl
orb,SELL,2022-09-06 15:55:00,2022-09-06 16:15:00,0.15,sl
ichi,SELL,2022-09-06 17:00:00,2022-09-06 17:10:00,3.18,gap
ichi,SELL,2022-09-07 03:30:00,2022-09-07 03:40:00,-1.1,gap
orb,BUY,2022-09-07 11:05:00,2022-09-07 13:10:00,0.1,sl
ichi,BUY,2022-09-08 04:30:00,2022-09-08 04:55:00,-6.15,sl
orb,BUY,2022-09-08 09:20:00,2022-09-08 10:00:00,13.01,tp
ichi,BUY,2022-09-08 10:30:00,2022-09-08 13:00:00,2.26,sl
orb,SELL,2022-09-08 16:05:00,2022-09-08 17:25:00,8.61,tp
ichi,BUY,2022-09-09 13:00:00,2022-09-09 14:50:00,-8.3,sl
ichi,SELL,2022-09-12 09:00:00,2022-09-12 09:30:00,-5.66,sl
ichi,BUY,2022-09-12 18:00:00,2022-09-12 19:20:00,2.55,sl
ichi,BUY,2022-09-13 11:45:00,2022-09-13 12:55:00,4.32,sl
orb,BUY,2022-09-13 12:35:00,2022-09-13 13:20:00,-6.52,sl
ichi,BUY,2022-09-13 13:45:00,2022-09-13 14:15:00,2.28,sl
orb,SELL,2022-09-13 15:35:00,2022-09-13 15:50:00,9.83,tp
ichi,SELL,2022-09-14 04:00:00,2022-09-14 04:30:00,0.1,sl
orb,BUY,2022-09-14 11:10:00,2022-09-14 12:20:00,-5.7,sl
ichi,SELL,2022-09-15 03:45:00,2022-09-15 04:15:00,4.98,sl
ichi,SELL,2022-09-15 05:15:00,2022-09-15 06:00:00,12.17,tp
ichi,SELL,2022-09-15 12:00:00,2022-09-15 13:00:00,-7.28,sl
orb,SELL,2022-09-15 14:10:00,2022-09-15 14:45:00,-7.52,sl
ichi,SELL,2022-09-15 13:45:00,2022-09-15 15:25:00,3.46,sl
ichi,SELL,2022-09-15 15:30:00,2022-09-15 15:45:00,-4.92,sl
ichi,SELL,2022-09-15 18:00:00,2022-09-15 19:20:00,4.34,sl
ichi,SELL,2022-09-16 04:45:00,2022-09-16 10:00:00,3.52,sl
orb,SELL,2022-09-16 09:30:00,2022-09-16 10:05:00,-7.59,sl
ichi,SELL,2022-09-16 11:00:00,2022-09-16 11:45:00,-7.73,sl
orb,BUY,2022-09-16 14:45:00,2022-09-16 15:00:00,-8.33,sl
ichi,SELL,2022-09-19 12:00:00,2022-09-19 15:25:00,-4.5,sl
ichi,BUY,2022-09-20 05:30:00,2022-09-20 07:45:00,-5.96,sl
orb,SELL,2022-09-20 07:50:00,2022-09-20 08:55:00,11.71,tp
ichi,SELL,2022-09-20 10:00:00,2022-09-20 11:20:00,6.6,sl
ichi,SELL,2022-09-20 13:45:00,2022-09-20 15:35:00,2.64,sl
ichi,SELL,2022-09-20 17:15:00,2022-09-21 09:00:00,-5.1,sl
orb,BUY,2022-09-21 14:55:00,2022-09-21 15:25:00,-6.69,sl
ichi,BUY,2022-09-21 16:15:00,2022-09-21 17:20:00,-8.12,sl
ichi,SELL,2022-09-22 08:45:00,2022-09-22 10:10:00,4.6,sl
orb,SELL,2022-09-22 10:05:00,2022-09-22 10:10:00,-7.84,sl
ichi,SELL,2022-09-22 10:30:00,2022-09-22 11:00:00,-4.61,sl
orb,BUY,2022-09-22 11:20:00,2022-09-22 12:50:00,-5.6,sl
ichi,BUY,2022-09-22 14:45:00,2022-09-22 15:20:00,2.03,gap
ichi,BUY,2022-09-22 17:15:00,2022-09-23 10:15:00,-8.78,sl
orb,SELL,2022-09-23 10:20:00,2022-09-23 11:25:00,12.07,tp
ichi,SELL,2022-09-23 16:30:00,2022-09-23 17:10:00,5.63,sl
ichi,SELL,2022-09-26 02:15:00,2022-09-26 03:55:00,7.02,tp
orb,BUY,2022-09-26 10:25:00,2022-09-26 13:10:00,-4.74,sl
ichi,SELL,2022-09-26 13:15:00,2022-09-26 15:20:00,-6.92,sl
orb,BUY,2022-09-27 08:45:00,2022-09-27 09:05:00,0.25,sl
ichi,SELL,2022-09-27 17:30:00,2022-09-27 20:05:00,4.64,sl
ichi,SELL,2022-09-28 03:45:00,2022-09-28 05:25:00,2.8,sl
ichi,SELL,2022-09-28 10:15:00,2022-09-28 10:25:00,0.05,sl
ichi,SELL,2022-09-28 11:45:00,2022-09-28 13:00:00,0.05,sl
ichi,BUY,2022-09-29 16:15:00,2022-09-29 17:15:00,-6.81,sl
ichi,BUY,2022-09-29 18:00:00,2022-09-29 18:15:00,2.88,sl
ichi,BUY,2022-09-30 03:00:00,2022-09-30 05:00:00,-4.15,sl
ichi,BUY,2022-09-30 06:00:00,2022-09-30 09:15:00,7.3,sl
orb,BUY,2022-09-30 17:35:00,2022-09-30 19:05:00,-4.55,sl
ichi,BUY,2022-10-03 15:30:00,2022-10-03 16:20:00,3.52,gap
ichi,BUY,2022-10-03 17:15:00,2022-10-03 17:30:00,12.48,tp
ichi,BUY,2022-10-04 09:00:00,2022-10-04 10:00:00,1.61,sl
orb,BUY,2022-10-04 08:55:00,2022-10-04 10:05:00,13.54,tp
ichi,BUY,2022-10-04 15:30:00,2022-10-04 16:00:00,1.81,sl
ichi,BUY,2022-10-04 17:00:00,2022-10-04 17:10:00,3.79,gap
ichi,BUY,2022-10-05 01:30:00,2022-10-05 03:50:00,-8.48,sl
orb,SELL,2022-10-05 17:05:00,2022-10-05 17:10:00,-5.76,sl
ichi,BUY,2022-10-06 05:00:00,2022-10-06 06:30:00,2.5,sl
ichi,BUY,2022-10-06 08:45:00,2022-10-06 10:00:00,-6.82,sl
ichi,BUY,2022-10-06 10:15:00,2022-10-06 11:20:00,-8.17,sl
ichi,SELL,2022-10-06 18:45:00,2022-10-07 13:45:00,0.05,sl
ichi,SELL,2022-10-07 15:45:00,2022-10-07 15:55:00,6.06,gap
ichi,SELL,2022-10-10 04:45:00,2022-10-10 06:20:00,6.89,tp
ichi,SELL,2022-10-10 17:30:00,2022-10-10 18:20:00,4.86,sl
ichi,SELL,2022-10-11 01:15:00,2022-10-11 03:45:00,-6.93,sl
ichi,SELL,2022-10-11 05:15:00,2022-10-11 05:50:00,-4.76,sl
orb,SELL,2022-10-11 13:15:00,2022-10-11 13:25:00,-6.01,sl
ichi,SELL,2022-10-11 13:30:00,2022-10-11 14:00:00,-5.05,sl
ichi,SELL,2022-10-12 06:45:00,2022-10-12 07:00:00,-7.65,sl
ichi,SELL,2022-10-12 16:15:00,2022-10-12 21:05:00,-5.94,sl
ichi,BUY,2022-10-13 03:30:00,2022-10-13 05:00:00,-6.14,sl
ichi,SELL,2022-10-13 10:45:00,2022-10-13 11:30:00,-6.24,sl
orb,BUY,2022-10-14 08:50:00,2022-10-14 10:15:00,-6.0,sl
orb,SELL,2022-10-14 12:05:00,2022-10-14 12:30:00,10.36,tp
ichi,SELL,2022-10-14 16:30:00,2022-10-14 17:05:00,4.47,gap
ichi,SELL,2022-10-17 01:45:00,2022-10-17 03:35:00,-4.26,sl
orb,BUY,2022-10-17 08:50:00,2022-10-17 09:05:00,-6.61,sl
ichi,BUY,2022-10-17 15:30:00,2022-10-17 16:00:00,2.11,sl
ichi,BUY,2022-10-17 17:30:00,2022-10-17 20:00:00,-5.47,sl
orb,SELL,2022-10-18 12:05:00,2022-10-18 15:10:00,-6.89,sl
ichi,SELL,2022-10-18 15:00:00,2022-10-18 15:30:00,-4.52,sl
ichi,SELL,2022-10-18 18:15:00,2022-10-18 18:25:00,2.62,sl
ichi,SELL,2022-10-19 10:45:00,2022-10-19 11:40:00,1.68,sl
orb,SELL,2022-10-19 13:25:00,2022-10-19 15:20:00,9.8,tp
ichi,SELL,2022-10-19 17:45:00,2022-10-20 03:15:00,6.13,sl
ichi,SELL,2022-10-20 03:20:00,2022-10-20 04:15:00,6.27,sl
ichi,SELL,2022-10-20 05:00:00,2022-10-20 05:40:00,1.66,sl
orb,BUY,2022-10-20 12:50:00,2022-10-20 14:50:00,0.15,sl
ichi,SELL,2022-10-21 04:30:00,2022-10-21 06:40:00,9.76,tp
ichi,SELL,2022-10-21 09:00:00,2022-10-21 10:15:00,5.04,sl
ichi,SELL,2022-10-21 11:30:00,2022-10-21 12:50:00,-4.81,sl
orb,BUY,2022-10-21 16:00:00,2022-10-21 16:45:00,9.64,tp
ichi,BUY,2022-10-24 02:45:00,2022-10-24 03:50:00,-7.56,sl
orb,SELL,2022-10-24 10:20:00,2022-10-24 11:40:00,12.16,tp
ichi,BUY,2022-10-25 03:15:00,2022-10-25 03:50:00,0.1,sl
ichi,SELL,2022-10-25 11:30:00,2022-10-25 12:20:00,4.04,sl
orb,SELL,2022-10-25 10:30:00,2022-10-25 12:35:00,12.18,tp
ichi,SELL,2022-10-25 15:30:00,2022-10-25 16:10:00,-4.62,sl
orb,BUY,2022-10-25 16:35:00,2022-10-25 17:20:00,0.05,sl
ichi,BUY,2022-10-27 03:45:00,2022-10-27 04:15:00,4.5,sl
orb,SELL,2022-10-27 09:45:00,2022-10-27 10:05:00,0.15,sl
ichi,SELL,2022-10-27 17:00:00,2022-10-27 17:15:00,-7.07,sl
ichi,BUY,2022-10-28 03:30:00,2022-10-28 04:15:00,2.5,sl
ichi,BUY,2022-10-28 06:00:00,2022-10-28 08:35:00,-7.61,sl
orb,SELL,2022-10-28 08:45:00,2022-10-28 09:50:00,13.55,tp
ichi,SELL,2022-10-28 15:45:00,2022-10-28 16:00:00,0.05,sl
ichi,SELL,2022-10-28 17:15:00,2022-10-28 18:20:00,3.64,sl
ichi,SELL,2022-10-31 05:00:00,2022-10-31 05:55:00,-6.11,sl
orb,BUY,2022-10-31 06:25:00,2022-10-31 06:30:00,-6.81,sl
orb,SELL,2022-10-31 08:20:00,2022-10-31 08:25:00,-7.73,sl
ichi,SELL,2022-10-31 08:45:00,2022-10-31 09:30:00,1.64,sl
ichi,SELL,2022-10-31 12:15:00,2022-10-31 13:00:00,-6.79,sl
ichi,SELL,2022-10-31 14:30:00,2022-10-31 15:35:00,2.56,gap
ichi,SELL,2022-10-31 16:00:00,2022-10-31 16:45:00,-4.7,sl
ichi,SELL,2022-11-01 02:45:00,2022-11-01 03:20:00,-7.72,sl
orb,BUY,2022-11-01 07:50:00,2022-11-01 08:40:00,11.61,tp
ichi,BUY,2022-11-01 10:00:00,2022-11-01 10:20:00,1.3,sl
ichi,SELL,2022-11-01 18:30:00,2022-11-01 20:00:00,-6.02,sl
ichi,BUY,2022-11-02 03:00:00,2022-11-02 04:05:00,-5.88,sl
ichi,BUY,2022-11-02 04:45:00,2022-11-02 05:25:00,3.34,sl
ichi,BUY,2022-11-02 07:15:00,2022-11-02 07:50:00,1.54,sl
ichi,BUY,2022-11-02 09:00:00,2022-11-02 10:05:00,2.08,gap
orb,BUY,2022-11-02 09:55:00,2022-11-02 11:00:00,0.2,sl
ichi,BUY,2022-11-02 11:15:00,2022-11-02 11:50:00,0.1,sl
ichi,BUY,2022-11-02 14:30:00,2022-11-02 16:00:00,-4.27,sl
orb,SELL,2022-11-02 17:35:00,2022-11-02 19:40:00,-7.19,sl
ichi,BUY,2022-11-02 20:15:00,2022-11-02 20:35:00,0.05,sl
ichi,SELL,2022-11-03 05:00:00,2022-11-03 09:15:00,6.42,tp
orb,SELL,2022-11-03 09:10:00,2022-11-03 10:00:00,13.71,tp
ichi,SELL,2022-11-03 15:45:00,2022-11-03 16:45:00,-6.85,sl
ichi,BUY,2022-11-04 12:30:00,2022-11-04 12:55:00,0.05,sl
ichi,BUY,2022-11-04 14:45:00,2022-11-04 15:15:00,9.7,tp
ichi,BUY,2022-11-07 01:15:00,2022-11-07 01:50:00,-5.42,sl
orb,SELL,2022-11-07 09:05:00,2022-11-07 10:05:00,0.2,sl
orb,BUY,2022-11-07 11:30:00,2022-11-07 13:10:00,-6.11,sl
ichi,BUY,2022-11-07 16:45:00,2022-11-07 17:20:00,-4.9,sl
orb,BUY,2022-11-08 16:30:00,2022-11-08 17:05:00,11.91,tp
ichi,BUY,2022-11-08 17:15:00,2022-11-08 17:25:00,4.67,gap
ichi,BUY,2022-11-09 01:30:00,2022-11-09 03:00:00,-4.37,sl
orb,BUY,2022-11-09 10:05:00,2022-11-09 11:05:00,-5.81,sl
ichi,BUY,2022-11-09 10:15:00,2022-11-09 11:10:00,-7.97,sl
orb,SELL,2022-11-09 12:10:00,2022-11-09 12:55:00,-6.13,sl
ichi,BUY,2022-11-09 17:15:00,2022-11-09 17:35:00,-7.03,sl
ichi,BUY,2022-11-10 08:45:00,2022-11-10 09:10:00,-7.11,sl
orb,BUY,2022-11-10 15:30:00,2022-11-10 15:30:00,9.48,tp
ichi,BUY,2022-11-10 15:30:00,2022-11-10 15:30:00,10.98,tp
orb,BUY,2022-11-11 07:15:00,2022-11-11 07:30:00,13.29,tp
ichi,BUY,2022-11-11 09:00:00,2022-11-11 09:40:00,2.1,sl
ichi,BUY,2022-11-11 10:30:00,2022-11-11 11:00:00,3.62,sl
ichi,BUY,2022-11-14 10:15:00,2022-11-14 11:00:00,-5.02,sl
orb,SELL,2022-11-14 11:55:00,2022-11-14 13:45:00,10.52,tp
orb,BUY,2022-11-14 16:40:00,2022-11-14 17:10:00,12.68,tp
orb,BUY,2022-11-15 07:10:00,2022-11-15 07:55:00,-7.64,sl
ichi,BUY,2022-11-15 09:15:00,2022-11-15 09:30:00,11.56,tp
ichi,BUY,2022-11-15 11:00:00,2022-11-15 15:30:00,7.79,tp
ichi,BUY,2022-11-16 02:45:00,2022-11-16 05:45:00,-5.4,sl
orb,BUY,2022-11-16 11:20:00,2022-11-16 12:35:00,0.15,sl
ichi,BUY,2022-11-16 15:30:00,2022-11-16 16:35:00,-5.34,sl
orb,SELL,2022-11-17 14:50:00,2022-11-17 15:05:00,10.28,tp
ichi,SELL,2022-11-17 14:45:00,2022-11-17 15:10:00,3.25,gap
ichi,SELL,2022-11-17 17:45:00,2022-11-17 19:00:00,0.05,sl
orb,BUY,2022-11-18 09:15:00,2022-11-18 09:20:00,-6.98,sl
orb,SELL,2022-11-18 14:05:00,2022-11-18 15:05:00,0.2,sl
ichi,SELL,2022-11-18 16:00:00,2022-11-18 16:30:00,3.43,sl
ichi,SELL,2022-11-18 17:45:00,2022-11-18 19:35:00,2.31,sl
ichi,SELL,2022-11-21 02:30:00,2022-11-21 03:15:00,8.78,tp
ichi,SELL,2022-11-21 09:30:00,2022-11-21 09:55:00,2.28,sl
orb,SELL,2022-11-21 09:45:00,2022-11-21 11:40:00,12.08,tp
ichi,SELL,2022-11-21 12:15:00,2022-11-21 15:25:00,-8.66,sl
ichi,SELL,2022-11-21 17:15:00,2022-11-21 19:00:00,1.87,sl
orb,BUY,2022-11-22 10:30:00,2022-11-22 10:40:00,-7.88,sl
ichi,SELL,2022-11-22 17:00:00,2022-11-22 18:25:00,2.24,sl
orb,BUY,2022-11-23 09:40:00,2022-11-23 10:00:00,0.2,sl
orb,SELL,2022-11-23 15:35:00,2022-11-23 15:55:00,0.1,sl
ichi,SELL,2022-11-23 15:45:00,2022-11-23 16:45:00,-5.81,sl
ichi,BUY,2022-11-24 09:00:00,2022-11-24 09:15:00,1.58,sl
ichi,BUY,2022-11-24 11:45:00,2022-11-24 12:25:00,1.66,sl
ichi,BUY,2022-11-24 13:45:00,2022-11-24 20:20:00,-6.61,sl
orb,SELL,2022-11-25 10:00:00,2022-11-25 10:25:00,-6.79,sl
ichi,SELL,2022-11-25 16:30:00,2022-11-25 19:10:00,-7.81,sl
ichi,SELL,2022-11-28 03:15:00,2022-11-28 03:55:00,3.32,sl
ichi,SELL,2022-11-28 07:30:00,2022-11-28 08:35:00,-6.25,sl
orb,BUY,2022-11-28 10:20:00,2022-11-28 10:50:00,13.35,tp
orb,SELL,2022-11-28 16:45:00,2022-11-28 20:25:00,13.97,tp
ichi,SELL,2022-11-29 02:45:00,2022-11-29 03:35:00,-8.6,sl
ichi,BUY,2022-11-29 12:30:00,2022-11-29 14:05:00,0.1,sl
ichi,SELL,2022-11-30 02:30:00,2022-11-30 03:30:00,-8.19,sl
ichi,BUY,2022-11-30 05:00:00,2022-11-30 06:55:00,1.94,sl
ichi,BUY,2022-11-30 09:15:00,2022-11-30 11:00:00,12.46,tp
ichi,BUY,2022-11-30 13:30:00,2022-11-30 14:35:00,0.1,sl
orb,BUY,2022-12-01 07:20:00,2022-12-01 07:40:00,12.34,tp
ichi,BUY,2022-12-01 12:30:00,2022-12-01 15:05:00,13.06,tp
ichi,BUY,2022-12-02 10:30:00,2022-12-02 11:00:00,0.1,sl
orb,SELL,2022-12-02 15:35:00,2022-12-02 16:25:00,0.05,sl
orb,SELL,2022-12-05 12:35:00,2022-12-05 14:55:00,-7.71,sl
orb,SELL,2022-12-06 08:55:00,2022-12-06 09:10:00,-6.75,sl
ichi,SELL,2022-12-06 07:45:00,2022-12-06 10:40:00,-7.89,sl
ichi,SELL,2022-12-06 11:15:00,2022-12-06 13:05:00,-4.46,sl
orb,BUY,2022-12-06 13:30:00,2022-12-06 14:10:00,14.5,tp
ichi,SELL,2022-12-07 02:15:00,2022-12-07 03:30:00,0.15,sl
orb,BUY,2022-12-07 10:55:00,2022-12-07 11:05:00,-7.63,sl
ichi,BUY,2022-12-07 16:45:00,2022-12-07 17:15:00,-0.36,gap
ichi,BUY,2022-12-08 14:15:00,2022-12-08 15:10:00,2.26,sl
orb,BUY,2022-12-08 15:10:00,2022-12-08 15:30:00,0.2,sl
ichi,BUY,2022-12-08 15:45:00,2022-12-08 16:10:00,2.88,sl
ichi,BUY,2022-12-08 18:45:00,2022-12-09 03:20:00,3.21,sl
ichi,BUY,2022-12-09 03:25:00,2022-12-09 07:00:00,2.86,sl
ichi,BUY,2022-12-09 13:30:00,2022-12-09 14:45:00,2.82,sl
orb,BUY,2022-12-09 13:30:00,2022-12-09 15:20:00,15.42,tp
ichi,BUY,2022-12-09 16:00:00,2022-12-09 17:20:00,-6.39,sl
orb,SELL,2022-12-12 16:40:00,2022-12-12 16:45:00,-6.45,sl
ichi,SELL,2022-12-12 17:00:00,2022-12-12 17:45:00,3.05,sl
orb,BUY,2022-12-13 08:20:00,2022-12-13 09:20:00,11.64,tp
ichi,BUY,2022-12-13 15:00:00,2022-12-13 15:25:00,10.35,tp
orb,SELL,2022-12-14 06:50:00,2022-12-14 07:25:00,-6.38,sl
orb,BUY,2022-12-14 08:50:00,2022-12-14 09:00:00,-7.11,sl
ichi,BUY,2022-12-14 03:00:00,2022-12-14 09:45:00,-7.84,sl
ichi,BUY,2022-12-14 16:45:00,2022-12-14 20:15:00,-7.9,sl
orb,SELL,2022-12-15 09:50:00,2022-12-15 10:10:00,14.64,tp
ichi,SELL,2022-12-16 03:30:00,2022-12-16 04:15:00,-9.06,sl
orb,BUY,2022-12-16 08:55:00,2022-12-16 09:20:00,-8.18,sl
orb,SELL,2022-12-16 10:30:00,2022-12-16 10:35:00,-7.77,sl
ichi,BUY,2022-12-16 18:15:00,2022-12-19 05:20:00,4.07,sl
ichi,BUY,2022-12-19 05:25:00,2022-12-19 07:25:00,-6.73,sl
orb,SELL,2022-12-19 16:40:00,2022-12-19 16:55:00,-7.51,sl
ichi,SELL,2022-12-19 20:45:00,2022-12-20 02:55:00,4.14,sl
ichi,SELL,2022-12-20 03:45:00,2022-12-20 05:00:00,-7.91,sl
orb,BUY,2022-12-20 10:05:00,2022-12-20 10:45:00,10.46,tp
ichi,BUY,2022-12-20 15:45:00,2022-12-20 16:45:00,8.17,tp
ichi,BUY,2022-12-21 01:15:00,2022-12-21 03:30:00,0.1,sl
ichi,BUY,2022-12-21 16:15:00,2022-12-21 16:55:00,2.68,sl
orb,BUY,2022-12-21 16:55:00,2022-12-21 17:00:00,-7.56,sl
ichi,BUY,2022-12-21 17:45:00,2022-12-21 18:05:00,-4.72,sl
ichi,BUY,2022-12-22 05:00:00,2022-12-22 07:55:00,0.15,sl
ichi,BUY,2022-12-22 08:15:00,2022-12-22 08:35:00,-7.64,sl
orb,SELL,2022-12-22 15:35:00,2022-12-22 15:55:00,11.3,tp
orb,BUY,2022-12-23 07:15:00,2022-12-23 09:05:00,12.51,tp
ichi,SELL,2022-12-23 16:00:00,2022-12-23 16:45:00,1.54,gap
orb,SELL,2022-12-23 16:45:00,2022-12-23 17:15:00,-7.41,sl
ichi,BUY,2022-12-27 08:00:00,2022-12-27 08:10:00,0.15,sl
ichi,BUY,2022-12-27 10:45:00,2022-12-27 11:35:00,4.47,sl
ichi,BUY,2022-12-27 17:15:00,2022-12-27 17:30:00,8.62,tp
orb,SELL,2022-12-28 09:05:00,2022-12-28 09:15:00,-9.01,sl
ichi,SELL,2022-12-28 16:00:00,2022-12-28 16:45:00,-8.7,sl
ichi,BUY,2022-12-29 03:15:00,2022-12-29 03:50:00,0.1,sl
ichi,BUY,2022-12-29 09:00:00,2022-12-29 09:20:00,-8.63,sl
ichi,SELL,2022-12-29 14:00:00,2022-12-29 15:35:00,-6.71,sl
orb,BUY,2022-12-29 15:45:00,2022-12-29 15:55:00,-7.54,sl
ichi,BUY,2022-12-29 15:45:00,2022-12-29 16:35:00,0.1,sl
ichi,BUY,2022-12-30 05:00:00,2022-12-30 06:50:00,-7.41,sl
orb,SELL,2022-12-30 12:35:00,2022-12-30 12:45:00,-6.55,sl
orb,BUY,2022-12-30 16:05:00,2022-12-30 16:15:00,-8.41,sl
ichi,BUY,2022-12-30 16:45:00,2022-12-30 17:00:00,-4.9,sl
ichi,BUY,2022-12-30 19:30:00,2022-12-30 20:05:00,3.61,sl
ichi,BUY,2023-01-04 03:30:00,2023-01-04 04:10:00,8.1,sl
ichi,BUY,2023-01-04 15:30:00,2023-01-04 15:55:00,0.05,sl
ichi,BUY,2023-01-05 05:00:00,2023-01-05 06:00:00,-4.32,sl
orb,SELL,2023-01-05 09:55:00,2023-01-05 10:10:00,13.69,tp
ichi,SELL,2023-01-05 15:30:00,2023-01-05 15:50:00,8.34,tp
ichi,SELL,2023-01-06 12:30:00,2023-01-06 13:15:00,-7.94,sl
orb,BUY,2023-01-06 15:35:00,2023-01-06 15:40:00,14.19,tp
ichi,BUY,2023-01-06 16:30:00,2023-01-06 17:05:00,11.51,tp
orb,BUY,2023-01-09 08:20:00,2023-01-09 08:35:00,-8.03,sl
ichi,BUY,2023-01-09 17:00:00,2023-01-09 19:10:00,-5.13,sl
ichi,BUY,2023-01-10 09:15:00,2023-01-10 11:00:00,3.78,sl
orb,BUY,2023-01-10 11:00:00,2023-01-10 14:15:00,-7.54,sl
ichi,BUY,2023-01-10 13:30:00,2023-01-10 14:15:00,-7.81,sl
ichi,BUY,2023-01-10 16:15:00,2023-01-10 16:35:00,1.43,sl
orb,BUY,2023-01-11 07:10:00,2023-01-11 07:30:00,13.88,tp
ichi,BUY,2023-01-11 13:00:00,2023-01-11 14:10:00,-7.61,sl
orb,SELL,2023-01-11 16:50:00,2023-01-11 18:30:00,0.1,sl
ichi,BUY,2023-01-12 02:30:00,2023-01-12 04:15:00,5.86,sl
ichi,BUY,2023-01-12 10:00:00,2023-01-12 11:45:00,4.59,sl
orb,BUY,2023-01-12 11:45:00,2023-01-12 12:15:00,-8.53,sl
ichi,BUY,2023-01-12 11:50:00,2023-01-12 13:55:00,1.56,sl
ichi,BUY,2023-01-12 15:00:00,2023-01-12 15:10:00,0.1,sl
ichi,BUY,2023-01-12 16:30:00,2023-01-12 16:50:00,-10.15,sl
ichi,BUY,2023-01-13 02:45:00,2023-01-13 07:30:00,-4.38,sl
orb,SELL,2023-01-13 07:10:00,2023-01-13 07:30:00,11.93,tp
ichi,BUY,2023-01-13 10:15:00,2023-01-13 10:25:00,0.05,sl
orb,BUY,2023-01-13 10:10:00,2023-01-13 10:40:00,11.35,tp
ichi,BUY,2023-01-16 03:00:00,2023-01-16 03:25:00,3.08,sl
orb,SELL,2023-01-16 08:30:00,2023-01-16 08:55:00,0.15,sl
ichi,SELL,2023-01-17 11:15:00,2023-01-17 12:00:00,2.04,sl
ichi,BUY,2023-01-17 17:00:00,2023-01-17 19:25:00,-5.66,sl
ichi,SELL,2023-01-18 01:15:00,2023-01-18 04:40:00,11.02,tp
ichi,SELL,2023-01-18 04:45:00,2023-01-18 05:45:00,6.84,sl
ichi,SELL,2023-01-19 15:00:00,2023-01-19 15:25:00,-8.71,sl
orb,BUY,2023-01-19 16:20:00,2023-01-19 20:20:00,14.06,tp
ichi,BUY,2023-01-19 18:15:00,2023-01-19 21:25:00,9.41,tp
orb,SELL,2023-01-20 16:35:00,2023-01-20 16:55:00,-7.43,sl
orb,SELL,2023-01-23 08:15:00,2023-01-23 09:25:00,13.13,tp
ichi,SELL,2023-01-23 11:00:00,2023-01-23 12:10:00,-4.7,sl
ichi,BUY,2023-01-23 14:45:00,2023-01-23 15:30:00,-8.46,sl
ichi,SELL,2023-01-23 16:15:00,2023-01-23 16:50:00,0.63,gap
orb,BUY,2023-01-24 08:35:00,2023-01-24 09:10:00,0.2,sl
ichi,BUY,2023-01-24 10:30:00,2023-01-24 11:25:00,-7.66,sl
ichi,BUY,2023-01-24 13:00:00,2023-01-24 15:20:00,-8.04,sl
orb,SELL,2023-01-24 15:55:00,2023-01-24 16:25:00,0.1,sl
ichi,BUY,2023-01-25 03:00:00,2023-01-25 03:35:00,0.1,sl
ichi,SELL,2023-01-25 11:00:00,2023-01-25 12:20:00,4.47,sl
orb,SELL,2023-01-25 12:15:00,2023-01-25 12:30:00,-8.3,sl
ichi,SELL,2023-01-25 14:15:00,2023-01-25 16:00:00,1.45,gap
ichi,BUY,2023-01-25 17:15:00,2023-01-25 19:55:00,4.25,sl
ichi,BUY,2023-01-26 03:45:00,2023-01-26 06:05:00,3.84,sl
ichi,BUY,2023-01-26 08:00:00,2023-01-26 09:00:00,-6.55,sl
orb,SELL,2023-01-26 09:15:00,2023-01-26 09:25:00,0.15,sl
ichi,SELL,2023-01-26 15:45:00,2023-01-26 15:50:00,-5.73,sl
ichi,SELL,2023-01-26 17:45:00,2023-01-26 18:05:00,2.23,sl
ichi,SELL,2023-01-27 10:00:00,2023-01-27 11:00:00,-7.33,sl
orb,BUY,2023-01-27 15:35:00,2023-01-27 15:55:00,-6.28,sl
ichi,SELL,2023-01-27 17:15:00,2023-01-27 17:45:00,9.86,tp
orb,SELL,2023-01-27 17:50:00,2023-01-27 18:00:00,-5.4,sl
ichi,SELL,2023-01-30 03:15:00,2023-01-30 06:10:00,-4.41,sl
ichi,SELL,2023-01-30 14:30:00,2023-01-30 15:50:00,-4.58,sl
ichi,SELL,2023-01-30 18:15:00,2023-01-30 21:20:00,1.38,sl
ichi,SELL,2023-01-31 02:00:00,2023-01-31 03:35:00,-6.03,sl
ichi,SELL,2023-01-31 05:45:00,2023-01-31 07:00:00,2.02,sl
ichi,SELL,2023-01-31 15:00:00,2023-01-31 15:30:00,-5.56,sl
orb,BUY,2023-02-01 09:10:00,2023-02-01 09:30:00,-8.12,sl
orb,SELL,2023-02-01 09:35:00,2023-02-01 10:40:00,-6.72,sl
ichi,BUY,2023-02-01 13:30:00,2023-02-01 14:15:00,0.1,sl
ichi,BUY,2023-02-01 15:45:00,2023-02-01 16:35:00,0.05,sl
ichi,SELL,2023-02-01 19:45:00,2023-02-01 21:05:00,0.05,sl
ichi,BUY,2023-02-02 06:45:00,2023-02-02 09:20:00,4.29,sl
orb,BUY,2023-02-02 09:10:00,2023-02-02 09:20:00,0.15,sl
ichi,BUY,2023-02-02 09:25:00,2023-02-02 10:20:00,1.4,sl
ichi,BUY,2023-02-02 11:00:00,2023-02-02 12:50:00,-5.03,sl
orb,SELL,2023-02-02 15:35:00,2023-02-02 15:50:00,12.3,tp
ichi,SELL,2023-02-03 09:30:00,2023-02-03 09:40:00,5.64,gap
orb,SELL,2023-02-03 09:40:00,2023-02-03 10:25:00,-7.97,sl
ichi,SELL,2023-02-03 11:15:00,2023-02-03 12:45:00,1.77,sl
ichi,SELL,2023-02-03 13:45:00,2023-02-03 14:15:00,-4.71,sl
ichi,SELL,2023-02-03 15:45:00,2023-02-03 15:55:00,-0.72,gap
ichi,SELL,2023-02-06 01:45:00,2023-02-06 03:30:00,-5.66,sl
ichi,SELL,2023-02-06 17:15:00,2023-02-06 17:50:00,4.36,sl
ichi,SELL,2023-02-07 15:15:00,2023-02-07 15:40:00,0.05,sl
ichi,SELL,2023-02-07 17:15:00,2023-02-07 17:35:00,-5.92,sl
orb,BUY,2023-02-08 08:05:00,2023-02-08 08:20:00,-7.9,sl
ichi,SELL,2023-02-08 01:15:00,2023-02-08 09:25:00,-6.57,sl
ichi,BUY,2023-02-08 10:15:00,2023-02-08 10:25:00,1.6,sl
ichi,BUY,2023-02-08 14:15:00,2023-02-08 15:00:00,-4.89,sl
ichi,SELL,2023-02-08 16:45:00,2023-02-08 16:55:00,3.77,gap
orb,SELL,2023-02-08 16:55:00,2023-02-08 18:15:00,-4.77,sl
ichi,SELL,2023-02-08 18:45:00,2023-02-08 20:10:00,-6.85,sl
ichi,BUY,2023-02-09 10:15:00,2023-02-09 11:15:00,0.1,sl
ichi,BUY,2023-02-09 12:00:00,2023-02-09 13:10:00,1.18,sl
ichi,BUY,2023-02-09 15:45:00,2023-02-09 15:55:00,2.63,sl
ichi,SELL,2023-02-10 03:45:00,2023-02-10 05:35:00,3.89,sl
ichi,SELL,2023-02-10 17:00:00,2023-02-10 19:05:00,2.17,sl
ichi,SELL,2023-02-13 03:15:00,2023-02-13 03:35:00,3.34,sl
orb,SELL,2023-02-13 06:45:00,2023-02-13 07:15:00,-7.25,sl
ichi,SELL,2023-02-13 08:00:00,2023-02-13 08:25:00,-6.66,sl
orb,BUY,2023-02-13 08:40:00,2023-02-13 09:00:00,-6.97,sl
ichi,SELL,2023-02-13 15:15:00,2023-02-13 16:00:00,1.97,sl
ichi,SELL,2023-02-13 16:45:00,2023-02-13 17:25:00,0.05,sl
ichi,SELL,2023-02-13 18:15:00,2023-02-14 04:40:00,-5.29,sl
ichi,BUY,2023-02-14 12:15:00,2023-02-14 13:20:00,-7.84,sl
ichi,SELL,2023-02-14 18:00:00,2023-02-14 18:45:00,3.49,sl
orb,SELL,2023-02-15 15:35:00,2023-02-15 15:40:00,-6.53,sl
ichi,SELL,2023-02-15 16:00:00,2023-02-15 17:45:00,1.92,sl
ichi,SELL,2023-02-15 18:00:00,2023-02-16 03:30:00,-6.28,sl
orb,SELL,2023-02-16 08:35:00,2023-02-16 08:50:00,-6.59,sl
orb,BUY,2023-02-16 10:10:00,2023-02-16 10:30:00,-7.39,sl
ichi,SELL,2023-02-16 15:30:00,2023-02-16 15:45:00,1.16,gap
ichi,SELL,2023-02-16 17:30:00,2023-02-16 18:30:00,-6.81,sl
ichi,SELL,2023-02-17 10:00:00,2023-02-17 10:15:00,2.23,sl
ichi,SELL,2023-02-17 12:15:00,2023-02-17 14:40:00,-5.24,sl
orb,BUY,2023-02-17 17:25:00,2023-02-17 17:55:00,0.05,sl
ichi,BUY,2023-02-20 07:45:00,2023-02-20 08:10:00,-0.26,gap
ichi,BUY,2023-02-20 11:15:00,2023-02-20 19:00:00,-7.08,sl
ichi,SELL,2023-02-21 09:30:00,2023-02-21 09:55:00,0.1,sl
ichi,SELL,2023-02-21 11:15:00,2023-02-21 14:30:00,1.78,sl
orb,SELL,2023-02-21 14:15:00,2023-02-21 14:55:00,-6.87,sl
orb,BUY,2023-02-21 16:40:00,2023-02-21 16:45:00,-6.51,sl
ichi,SELL,2023-02-22 01:30:00,2023-02-22 03:30:00,-6.05,sl
orb,BUY,2023-02-22 09:50:00,2023-02-22 10:15:00,0.15,sl
orb,SELL,2023-02-22 10:40:00,2023-02-22 13:05:00,-5.24,sl
ichi,SELL,2023-02-22 17:30:00,2023-02-22 19:40:00,3.22,sl
orb,BUY,2023-02-23 08:30:00,2023-02-23 09:00:00,0.2,sl
ichi,SELL,2023-02-23 15:15:00,2023-02-23 15:35:00,1.65,gap
orb,SELL,2023-02-23 15:35:00,2023-02-23 15:55:00,0.1,sl
ichi,SELL,2023-02-23 16:45:00,2023-02-23 18:20:00,2.33,sl
ichi,SELL,2023-02-24 09:30:00,2023-02-24 10:20:00,4.02,sl
orb,SELL,2023-02-24 09:50:00,2023-02-24 10:20:00,0.15,sl
ichi,SELL,2023-02-24 11:00:00,2023-02-24 13:45:00,3.77,sl
ichi,SELL,2023-02-24 17:45:00,2023-02-27 08:10:00,0.05,sl
ichi,SELL,2023-02-27 08:30:00,2023-02-27 09:15:00,0.1,sl
ichi,SELL,2023-02-27 11:00:00,2023-02-27 15:35:00,-7.41,sl
orb,BUY,2023-02-27 15:40:00,2023-02-27 16:45:00,0.1,sl
ichi,SELL,2023-02-28 11:00:00,2023-02-28 13:15:00,0.05,sl
orb,BUY,2023-02-28 17:05:00,2023-02-28 19:30:00,7.2,tp
ichi,BUY,2023-03-01 13:00:00,2023-03-01 13:35:00,1.8,sl
ichi,BUY,2023-03-01 15:15:00,2023-03-01 16:50:00,2.9,sl
ichi,BUY,2023-03-01 16:55:00,2023-03-01 17:05:00,-0.69,gap
ichi,BUY,2023-03-01 18:15:00,2023-03-02 03:40:00,-7.33,sl
orb,SELL,2023-03-02 09:20:00,2023-03-02 09:25:00,-6.15,sl
ichi,BUY,2023-03-02 13:30:00,2023-03-02 14:15:00,0.05,sl
ichi,BUY,2023-03-02 16:45:00,2023-03-02 17:15:00,0.05,sl
orb,BUY,2023-03-02 17:05:00,2023-03-02 19:15:00,-3.98,sl
ichi,BUY,2023-03-03 02:15:00,2023-03-03 03:25:00,1.7,sl
ichi,BUY,2023-03-03 04:00:00,2023-03-03 04:25:00,1.68,sl
ichi,BUY,2023-03-03 07:45:00,2023-03-03 08:50:00,7.68,tp
orb,BUY,2023-03-03 08:20:00,2023-03-03 09:05:00,10.69,tp
ichi,BUY,2023-03-03 15:30:00,2023-03-03 16:20:00,-6.97,sl
ichi,BUY,2023-03-06 03:45:00,2023-03-06 06:15:00,3.06,sl
ichi,BUY,2023-03-06 09:15:00,2023-03-06 09:40:00,2.04,sl
orb,BUY,2023-03-06 09:25:00,2023-03-06 09:50:00,0.2,sl
orb,SELL,2023-03-06 12:00:00,2023-03-06 13:50:00,11.85,tp
ichi,BUY,2023-03-06 17:45:00,2023-03-06 18:25:00,-4.07,sl
orb,BUY,2023-03-07 09:30:00,2023-03-07 09:45:00,-6.43,sl
orb,SELL,2023-03-07 11:55:00,2023-03-07 14:30:00,10.79,tp
ichi,SELL,2023-03-08 03:45:00,2023-03-08 06:05:00,4.24,sl
ichi,SELL,2023-03-08 07:15:00,2023-03-08 08:50:00,-7.21,sl
orb,BUY,2023-03-08 09:20:00,2023-03-08 12:30:00,-6.82,sl
ichi,SELL,2023-03-09 03:15:00,2023-03-09 03:55:00,2.32,sl
orb,BUY,2023-03-09 10:40:00,2023-03-09 14:00:00,0.15,sl
ichi,BUY,2023-03-10 04:15:00,2023-03-10 04:30:00,-6.72,sl
ichi,BUY,2023-03-10 10:00:00,2023-03-10 10:10:00,1.94,gap
orb,BUY,2023-03-10 10:05:00,2023-03-10 10:15:00,-5.76,sl
ichi,BUY,2023-03-10 12:30:00,2023-03-10 15:00:00,0.05,sl
ichi,BUY,2023-03-10 15:45:00,2023-03-10 16:15:00,0.05,sl
ichi,BUY,2023-03-13 04:30:00,2023-03-13 05:05:00,3.81,sl
orb,SELL,2023-03-13 09:05:00,2023-03-13 09:30:00,-6.8,sl
orb,BUY,2023-03-13 11:30:00,2023-03-13 11:45:00,0.05,sl
ichi,BUY,2023-03-13 13:30:00,2023-03-13 14:35:00,8.69,sl
ichi,BUY,2023-03-14 02:45:00,2023-03-14 03:35:00,-4.27,sl
orb,SELL,2023-03-14 10:50:00,2023-03-14 14:05:00,-4.13,sl
orb,SELL,2023-03-15 07:20:00,2023-03-15 08:50:00,-6.31,sl
ichi,BUY,2023-03-15 12:15:00,2023-03-15 13:05:00,0.05,sl
orb,BUY,2023-03-15 12:15:00,2023-03-15 13:30:00,9.44,tp
ichi,BUY,2023-03-15 19:30:00,2023-03-15 20:30:00,-11.0,sl
ichi,BUY,2023-03-16 09:45:00,2023-03-16 10:25:00,0.05,sl
orb,BUY,2023-03-16 13:10:00,2023-03-16 14:20:00,9.49,tp
ichi,BUY,2023-03-16 16:15:00,2023-03-16 16:55:00,-8.06,sl
ichi,BUY,2023-03-17 09:45:00,2023-03-17 13:30:00,3.9,sl
orb,BUY,2023-03-17 13:25:00,2023-03-17 14:20:00,9.38,tp
ichi,BUY,2023-03-17 13:35:00,2023-03-17 14:25:00,4.28,sl
orb,BUY,2023-03-20 07:50:00,2023-03-20 07:55:00,10.07,tp
ichi,BUY,2023-03-20 08:00:00,2023-03-20 09:10:00,7.7,sl
orb,SELL,2023-03-20 16:15:00,2023-03-20 18:05:00,-7.76,sl
ichi,BUY,2023-03-21 03:00:00,2023-03-21 05:00:00,1.85,sl
orb,SELL,2023-03-21 14:20:00,2023-03-21 14:20:00,-4.12,sl
orb,SELL,2023-03-22 09:25:00,2023-03-22 09:45:00,-6.38,sl
ichi,SELL,2023-03-22 09:30:00,2023-03-22 09:45:00,-5.05,sl
orb,BUY,2023-03-22 16:50:00,2023-03-22 19:20:00,-4.11,sl
ichi,BUY,2023-03-23 04:00:00,2023-03-23 07:30:00,11.07,tp
ichi,BUY,2023-03-23 12:30:00,2023-03-23 14:35:00,-6.26,sl
orb,BUY,2023-03-23 16:00:00,2023-03-23 17:00:00,-5.37,sl
ichi,BUY,2023-03-23 16:00:00,2023-03-23 19:15:00,7.11,sl
orb,SELL,2023-03-24 07:25:00,2023-03-24 07:35:00,-6.17,sl
orb,BUY,2023-03-24 12:00:00,2023-03-24 12:45:00,0.05,sl
ichi,BUY,2023-03-24 13:30:00,2023-03-24 14:35:00,5.56,gap
ichi,BUY,2023-03-24 16:15:00,2023-03-24 18:00:00,-9.47,sl
ichi,SELL,2023-03-27 04:00:00,2023-03-27 09:00:00,1.67,sl
ichi,SELL,2023-03-27 09:05:00,2023-03-27 09:25:00,2.18,sl
orb,SELL,2023-03-27 09:05:00,2023-03-27 09:45:00,0.1,sl
orb,SELL,2023-03-28 09:15:00,2023-03-28 10:05:00,-1.32,gap
ichi,SELL,2023-03-28 09:15:00,2023-03-28 10:05:00,-0.44,gap
orb,BUY,2023-03-28 15:25:00,2023-03-28 16:00:00,0.1,sl
ichi,SELL,2023-03-29 11:00:00,2023-03-29 12:05:00,-4.25,sl
ichi,BUY,2023-03-29 15:00:00,2023-03-29 16:15:00,-4.91,sl
ichi,BUY,2023-03-29 18:30:00,2023-03-30 04:00:00,-6.3,sl
ichi,SELL,2023-03-30 05:15:00,2023-03-30 08:20:00,-4.04,sl
orb,BUY,2023-03-30 08:35:00,2023-03-30 08:50:00,-6.25,sl
ichi,BUY,2023-03-30 11:30:00,2023-03-30 13:50:00,1.58,sl
ichi,BUY,2023-03-30 15:15:00,2023-03-30 15:30:00,3.15,sl
ichi,BUY,2023-03-31 05:15:00,2023-03-31 08:25:00,-6.82,sl
orb,BUY,2023-03-31 10:00:00,2023-03-31 10:05:00,-6.6,sl
ichi,BUY,2023-03-31 10:00:00,2023-03-31 10:15:00,-6.82,sl
orb,SELL,2023-03-31 10:30:00,2023-03-31 11:05:00,0.1,sl
ichi,BUY,2023-03-31 15:45:00,2023-03-31 16:05:00,-5.8,sl
ichi,SELL,2023-04-03 04:00:00,2023-04-03 05:55:00,8.85,tp
orb,BUY,2023-04-03 13:05:00,2023-04-03 13:10:00,8.49,tp
orb,SELL,2023-04-04 09:35:00,2023-04-04 09:35:00,-5.13,sl
ichi,BUY,2023-04-04 12:15:00,2023-04-04 14:25:00,-4.07,sl
ichi,BUY,2023-04-04 14:45:00,2023-04-04 15:20:00,1.04,sl
orb,BUY,2023-04-04 15:25:00,2023-04-04 15:25:00,-6.17,sl
ichi,BUY,2023-04-04 17:15:00,2023-04-04 17:25:00,3.72,gap
ichi,BUY,2023-04-05 01:30:00,2023-04-05 02:55:00,0.05,sl
ichi,BUY,2023-04-05 05:45:00,2023-04-05 10:20:00,0.1,sl
orb,BUY,2023-04-05 10:10:00,2023-04-05 10:40:00,0.15,sl
ichi,BUY,2023-04-05 11:30:00,2023-04-05 11:55:00,-4.08,sl
ichi,BUY,2023-04-05 15:30:00,2023-04-05 15:40:00,0.05,sl
orb,SELL,2023-04-05 17:15:00,2023-04-05 17:30:00,11.86,tp
ichi,BUY,2023-04-06 11:30:00,2023-04-06 11:55:00,1.41,sl
orb,SELL,2023-04-06 16:45:00,2023-04-06 17:35:00,-5.09,sl
ichi,SELL,2023-04-06 20:45:00,2023-04-10 01:00:00,8.31,tp
ichi,SELL,2023-04-10 03:30:00,2023-04-10 04:00:00,7.05,tp
orb,SELL,2023-04-10 05:15:00,2023-04-10 05:45:00,9.68,tp
ichi,SELL,2023-04-10 16:00:00,2023-04-10 16:45:00,0.05,sl
ichi,BUY,2023-04-12 04:00:00,2023-04-12 04:25:00,10.51,tp
orb,BUY,2023-04-12 15:35:00,2023-04-12 15:45:00,-4.99,sl
ichi,BUY,2023-04-12 15:45:00,2023-04-12 16:30:00,-6.88,sl
orb,SELL,2023-04-12 16:50:00,2023-04-12 17:05:00,-7.94,sl
ichi,BUY,2023-04-13 04:45:00,2023-04-13 09:45:00,2.51,sl
orb,BUY,2023-04-13 09:30:00,2023-04-13 09:45:00,0.15,sl
ichi,BUY,2023-04-13 15:45:00,2023-04-13 16:00:00,5.81,sl
ichi,BUY,2023-04-14 03:45:00,2023-04-14 04:40:00,2.3,sl
orb,SELL,2023-04-14 10:30:00,2023-04-14 11:20:00,9.27,tp
ichi,SELL,2023-04-17 04:15:00,2023-04-17 04:35:00,-5.2,sl
orb,BUY,2023-04-17 08:35:00,2023-04-17 08:40:00,-5.66,sl
orb,SELL,2023-04-17 16:50:00,2023-04-17 17:30:00,8.35,tp
ichi,SELL,2023-04-17 18:45:00,2023-04-17 21:35:00,-7.57,sl
orb,BUY,2023-04-18 15:25:00,2023-04-18 15:45:00,-6.59,sl
orb,SELL,2023-04-18 16:30:00,2023-04-18 16:45:00,-7.11,sl
ichi,SELL,2023-04-18 16:30:00,2023-04-18 16:45:00,-5.38,sl
ichi,BUY,2023-04-19 04:00:00,2023-04-19 04:20:00,-5.78,sl
ichi,SELL,2023-04-19 08:45:00,2023-04-19 08:55:00,1.46,gap
orb,SELL,2023-04-19 08:45:00,2023-04-19 09:05:00,9.84,tp
ichi,SELL,2023-04-19 10:45:00,2023-04-19 11:10:00,5.15,sl
orb,BUY,2023-04-20 09:45:00,2023-04-20 10:05:00,-5.62,sl
ichi,BUY,2023-04-20 11:00:00,2023-04-20 12:10:00,-4.47,sl
ichi,BUY,2023-04-20 12:45:00,2023-04-20 13:35:00,4.39,sl
ichi,BUY,2023-04-20 15:45:00,2023-04-20 17:10:00,3.16,sl
ichi,BUY,2023-04-20 17:15:00,2023-04-20 17:50:00,-7.67,sl
ichi,BUY,2023-04-20 19:30:00,2023-04-21 08:25:00,-6.86,sl
orb,SELL,2023-04-21 08:00:00,2023-04-21 08:30:00,10.49,tp
ichi,SELL,2023-04-21 14:00:00,2023-04-21 14:30:00,0.05,sl
ichi,SELL,2023-04-21 15:45:00,2023-04-21 16:30:00,-6.56,sl
ichi,SELL,2023-04-21 17:30:00,2023-04-21 20:05:00,3.11,sl
ichi,SELL,2023-04-24 06:00:00,2023-04-24 08:15:00,1.85,sl
ichi,SELL,2023-04-24 08:20:00,2023-04-24 09:20:00,-7.24,sl
ichi,SELL,2023-04-24 09:45:00,2023-04-24 11:50:00,-3.97,sl
orb,BUY,2023-04-24 12:05:00,2023-04-24 12:45:00,0.1,sl
ichi,SELL,2023-04-24 16:45:00,2023-04-24 16:55:00,0.05,sl
orb,SELL,2023-04-24 16:40:00,2023-04-24 17:10:00,-7.18,sl
orb,SELL,2023-04-25 10:45:00,2023-04-25 13:55:00,6.88,tp
ichi,BUY,2023-04-26 11:30:00,2023-04-26 14:10:00,0.05,sl
ichi,BUY,2023-04-26 14:30:00,2023-04-26 14:40:00,-5.04,sl
orb,SELL,2023-04-26 14:45:00,2023-04-26 14:50:00,-3.61,sl
orb,BUY,2023-04-26 16:25:00,2023-04-26 17:00:00,-5.34,sl
ichi,BUY,2023-04-26 16:30:00,2023-04-26 17:00:00,-7.43,sl
ichi,BUY,2023-04-27 11:15:00,2023-04-27 15:30:00,-4.56,sl
orb,BUY,2023-04-27 15:35:00,2023-04-27 15:35:00,-4.72,sl
orb,SELL,2023-04-27 15:40:00,2023-04-27 16:25:00,9.53,tp
ichi,SELL,2023-04-28 09:00:00,2023-04-28 10:20:00,0.05,sl
orb,SELL,2023-04-28 08:50:00,2023-04-28 11:15:00,9.35,tp
ichi,SELL,2023-04-28 14:00:00,2023-04-28 15:20:00,0.05,sl
ichi,SELL,2023-04-28 15:30:00,2023-04-28 15:30:00,-5.38,sl
orb,BUY,2023-04-28 17:40:00,2023-05-01 03:50:00,-5.75,sl
ichi,BUY,2023-04-28 18:45:00,2023-05-01 04:00:00,-7.74,sl
ichi,SELL,2023-05-01 08:15:00,2023-05-01 08:35:00,0.89,sl
orb,BUY,2023-05-01 15:25:00,2023-05-01 15:35:00,6.63,tp
ichi,SELL,2023-05-02 01:30:00,2023-05-02 04:40:00,-3.93,sl
orb,BUY,2023-05-02 09:30:00,2023-05-02 10:10:00,-5.59,sl
orb,SELL,2023-05-02 10:50:00,2023-05-02 11:25:00,0.15,sl
ichi,SELL,2023-05-02 11:45:00,2023-05-02 12:40:00,-3.53,sl
ichi,BUY,2023-05-02 15:15:00,2023-05-02 17:00:00,5.88,tp
ichi,BUY,2023-05-02 17:15:00,2023-05-02 17:30:00,9.84,tp
ichi,BUY,2023-05-03 10:00:00,2023-05-03 10:25:00,-5.82,sl
orb,SELL,2023-05-03 10:35:00,2023-05-03 11:00:00,0.15,sl
orb,BUY,2023-05-03 16:40:00,2023-05-03 16:55:00,-4.04,sl
ichi,BUY,2023-05-03 17:15:00,2023-05-03 18:20:00,8.86,tp
orb,SELL,2023-05-04 05:30:00,2023-05-04 05:55:00,0.05,sl
ichi,BUY,2023-05-04 17:30:00,2023-05-04 17:45:00,0.05,sl
ichi,BUY,2023-05-05 04:15:00,2023-05-05 04:40:00,1.36,sl
orb,SELL,2023-05-05 09:25:00,2023-05-05 10:20:00,11.63,tp
ichi,SELL,2023-05-05 15:45:00,2023-05-05 16:55:00,3.98,sl
orb,BUY,2023-05-08 13:15:00,2023-05-08 14:45:00,-6.16,sl
ichi,SELL,2023-05-08 16:45:00,2023-05-08 17:45:00,-4.81,sl
ichi,SELL,2023-05-09 11:30:00,2023-05-09 11:40:00,-3.97,sl
orb,BUY,2023-05-09 13:05:00,2023-05-09 13:25:00,0.15,sl
ichi,BUY,2023-05-09 17:00:00,2023-05-09 17:25:00,-4.59,sl
ichi,BUY,2023-05-10 04:00:00,2023-05-10 04:35:00,-5.21,sl
ichi,SELL,2023-05-10 12:15:00,2023-05-10 15:25:00,2.3,sl
orb,SELL,2023-05-10 15:25:00,2023-05-10 15:25:00,-6.83,sl
orb,BUY,2023-05-10 15:35:00,2023-05-10 16:05:00,0.05,sl
ichi,BUY,2023-05-10 15:45:00,2023-05-10 16:05:00,-6.65,sl
orb,SELL,2023-05-11 09:40:00,2023-05-11 10:05:00,11.66,tp
orb,BUY,2023-05-11 14:25:00,2023-05-11 15:15:00,-6.76,sl
ichi,BUY,2023-05-11 16:00:00,2023-05-11 16:15:00,-7.1,sl
ichi,SELL,2023-05-12 04:30:00,2023-05-12 05:40:00,1.18,sl
ichi,SELL,2023-05-12 06:30:00,2023-05-12 08:05:00,-0.45,gap
ichi,SELL,2023-05-12 08:45:00,2023-05-12 09:25:00,5.52,gap
ichi,SELL,2023-05-12 11:00:00,2023-05-12 12:15:00,1.69,sl
ichi,SELL,2023-05-12 12:45:00,2023-05-12 13:45:00,-4.66,sl
ichi,SELL,2023-05-12 14:30:00,2023-05-12 15:20:00,-4.69,sl
orb,BUY,2023-05-12 16:10:00,2023-05-12 17:00:00,0.05,sl
orb,BUY,2023-05-15 08:35:00,2023-05-15 08:35:00,-6.15,sl
ichi,BUY,2023-05-15 10:00:00,2023-05-15 10:35:00,1.63,sl
ichi,BUY,2023-05-15 17:00:00,2023-05-15 17:20:00,-5.12,sl
orb,SELL,2023-05-16 08:40:00,2023-05-16 08:40:00,-5.21,sl
ichi,SELL,2023-05-16 08:45:00,2023-05-16 09:10:00,5.12,sl
ichi,SELL,2023-05-16 13:30:00,2023-05-16 15:00:00,3.58,sl
orb,SELL,2023-05-17 08:35:00,2023-05-17 08:40:00,-6.35,sl
ichi,SELL,2023-05-17 08:30:00,2023-05-17 09:25:00,2.06,sl
ichi,SELL,2023-05-17 10:45:00,2023-05-17 11:30:00,0.1,sl
ichi,SELL,2023-05-17 14:15:00,2023-05-17 15:25:00,3.21,sl
ichi,SELL,2023-05-17 15:45:00,2023-05-17 16:05:00,-4.14,sl
ichi,SELL,2023-05-17 18:15:00,2023-05-18 10:35:00,1.8,sl
ichi,SELL,2023-05-18 11:00:00,2023-05-18 11:25:00,0.05,sl
ichi,SELL,2023-05-18 12:45:00,2023-05-18 14:35:00,1.14,sl
orb,SELL,2023-05-18 15:35:00,2023-05-18 15:45:00,-6.5,sl
ichi,SELL,2023-05-18 15:45:00,2023-05-18 16:00:00,2.36,sl
ichi,SELL,2023-05-19 04:45:00,2023-05-19 05:30:00,-3.49,sl
ichi,SELL,2023-05-19 16:15:00,2023-05-19 16:40:00,1.43,sl
ichi,SELL,2023-05-19 17:45:00,2023-05-19 18:10:00,-4.85,sl
ichi,BUY,2023-05-22 11:45:00,2023-05-22 12:20:00,2.24,sl
ichi,SELL,2023-05-22 17:30:00,2023-05-22 20:10:00,-6.65,sl
orb,SELL,2023-05-23 08:35:00,2023-05-23 08:50:00,-5.7,sl
ichi,SELL,2023-05-23 16:00:00,2023-05-23 16:15:00,-4.94,sl
ichi,BUY,2023-05-23 18:00:00,2023-05-23 20:15:00,2.75,sl
ichi,BUY,2023-05-24 03:15:00,2023-05-24 05:05:00,-5.73,sl
orb,BUY,2023-05-23 17:00:00,2023-05-24 08:55:00,10.15,tp
ichi,BUY,2023-05-24 09:00:00,2023-05-24 09:10:00,-3.57,sl
ichi,BUY,2023-05-24 14:30:00,2023-05-24 15:25:00,3.75,gap
orb,BUY,2023-05-24 14:40:00,2023-05-24 15:25:00,0.1,sl
ichi,BUY,2023-05-24 16:00:00,2023-05-24 16:30:00,-5.51,sl
orb,SELL,2023-05-24 17:05:00,2023-05-24 18:50:00,7.82,tp
ichi,SELL,2023-05-25 06:00:00,2023-05-25 09:30:00,0.05,sl
orb,SELL,2023-05-25 09:00:00,2023-05-25 09:30:00,-5.04,sl
orb,BUY,2023-05-25 11:10:00,2023-05-25 12:00:00,0.1,sl
ichi,SELL,2023-05-25 15:45:00,2023-05-25 16:00:00,-6.73,sl
ichi,SELL,2023-05-25 17:45:00,2023-05-26 01:05:00,4.4,sl
ichi,SELL,2023-05-26 03:15:00,2023-05-26 03:50:00,2.82,sl
ichi,SELL,2023-05-26 15:45:00,2023-05-26 16:10:00,-4.84,sl
ichi,SELL,2023-05-26 17:30:00,2023-05-26 17:50:00,5.98,gap
ichi,SELL,2023-05-26 19:45:00,2023-05-29 04:10:00,0.05,sl
ichi,SELL,2023-05-29 04:45:00,2023-05-29 08:50:00,-3.93,sl
orb,BUY,2023-05-29 08:40:00,2023-05-29 09:20:00,11.23,tp
ichi,SELL,2023-05-30 04:30:00,2023-05-30 05:10:00,-5.43,sl
ichi,SELL,2023-05-30 10:30:00,2023-05-30 10:50:00,-4.41,sl
ichi,BUY,2023-05-31 08:45:00,2023-05-31 09:00:00,2.11,sl
orb,BUY,2023-05-31 16:40:00,2023-05-31 16:40:00,6.09,tp
ichi,BUY,2023-05-31 16:45:00,2023-05-31 16:55:00,2.96,gap
ichi,BUY,2023-05-31 20:45:00,2023-06-01 09:05:00,-6.3,sl
orb,SELL,2023-06-01 09:05:00,2023-06-01 10:05:00,10.19,tp
orb,BUY,2023-06-01 14:05:00,2023-06-01 15:15:00,-4.94,sl
ichi,BUY,2023-06-01 15:45:00,2023-06-01 16:10:00,4.03,sl
ichi,BUY,2023-06-02 05:15:00,2023-06-02 06:30:00,6.22,sl
ichi,BUY,2023-06-02 08:45:00,2023-06-02 09:25:00,-3.39,sl
ichi,BUY,2023-06-02 14:30:00,2023-06-02 15:30:00,-3.45,sl
orb,SELL,2023-06-02 15:35:00,2023-06-02 15:45:00,6.31,tp
ichi,SELL,2023-06-05 04:30:00,2023-06-05 05:40:00,1.2,gap
ichi,SELL,2023-06-05 07:15:00,2023-06-05 08:30:00,0.1,sl
ichi,SELL,2023-06-05 09:00:00,2023-06-05 09:25:00,1.32,sl
ichi,SELL,2023-06-05 11:30:00,2023-06-05 12:40:00,-4.0,sl
ichi,SELL,2023-06-05 14:15:00,2023-06-05 14:40:00,2.11,sl
orb,SELL,2023-06-05 14:40:00,2023-06-05 14:50:00,-4.71,sl
ichi,SELL,2023-06-06 11:30:00,2023-06-06 12:10:00,-3.9,sl
orb,BUY,2023-06-05 17:05:00,2023-06-06 15:45:00,0.05,sl
ichi,BUY,2023-06-06 16:15:00,2023-06-06 16:35:00,-4.37,sl
ichi,SELL,2023-06-06 17:45:00,2023-06-06 18:40:00,-5.85,sl
ichi,BUY,2023-06-07 02:00:00,2023-06-07 04:05:00,2.12,sl
orb,SELL,2023-06-07 09:20:00,2023-06-07 09:40:00,9.38,tp
ichi,SELL,2023-06-07 11:30:00,2023-06-07 12:00:00,-3.36,sl
ichi,SELL,2023-06-07 16:30:00,2023-06-07 16:40:00,-4.13,sl
orb,BUY,2023-06-07 16:55:00,2023-06-07 17:05:00,-3.67,sl
orb,BUY,2023-06-08 15:30:00,2023-06-08 15:30:00,10.59,tp
ichi,BUY,2023-06-09 04:15:00,2023-06-09 11:00:00,-5.3,sl
orb,SELL,2023-06-09 11:05:00,2023-06-09 13:20:00,-6.07,sl
ichi,BUY,2023-06-09 14:15:00,2023-06-09 14:35:00,0.1,sl
orb,BUY,2023-06-09 14:30:00,2023-06-09 15:20:00,-5.48,sl
ichi,SELL,2023-06-12 02:45:00,2023-06-12 04:05:00,1.42,gap
ichi,SELL,2023-06-12 08:00:00,2023-06-12 08:10:00,-5.35,sl
ichi,BUY,2023-06-12 15:00:00,2023-06-12 15:30:00,-0.94,gap
orb,SELL,2023-06-12 16:50:00,2023-06-12 18:10:00,-4.23,sl
orb,BUY,2023-06-13 13:50:00,2023-06-13 14:55:00,-5.07,sl
orb,SELL,2023-06-13 15:35:00,2023-06-13 16:20:00,10.19,tp
ichi,SELL,2023-06-14 02:15:00,2023-06-14 04:15:00,-3.5,sl
orb,BUY,2023-06-14 15:40:00,2023-06-14 15:45:00,6.45,tp
orb,SELL,2023-06-15 08:10:00,2023-06-15 08:20:00,-5.9,sl
ichi,SELL,2023-06-15 09:30:00,2023-06-15 10:10:00,3.99,sl
ichi,SELL,2023-06-15 11:00:00,2023-06-15 11:30:00,0.05,sl
ichi,SELL,2023-06-15 15:30:00,2023-06-15 15:35:00,-5.98,sl
orb,BUY,2023-06-15 16:45:00,2023-06-15 17:05:00,10.24,tp
ichi,BUY,2023-06-16 02:00:00,2023-06-16 04:50:00,4.42,sl
ichi,BUY,2023-06-16 04:55:00,2023-06-16 05:00:00,-6.19,sl
ichi,BUY,2023-06-16 10:45:00,2023-06-16 14:15:00,1.85,sl
ichi,SELL,2023-06-19 09:30:00,2023-06-19 10:40:00,-0.18,gap
ichi,SELL,2023-06-19 18:15:00,2023-06-19 19:25:00,2.24,sl
ichi,SELL,2023-06-20 04:15:00,2023-06-20 04:50:00,7.84,tp
ichi,SELL,2023-06-20 08:15:00,2023-06-20 09:15:00,-5.75,sl
orb,BUY,2023-06-20 10:35:00,2023-06-20 12:15:00,-4.69,sl
orb,SELL,2023-06-20 15:55:00,2023-06-20 16:20:00,5.83,tp
orb,BUY,2023-06-21 05:35:00,2023-06-21 05:45:00,-5.69,sl
orb,SELL,2023-06-21 08:10:00,2023-06-21 08:15:00,-5.08,sl
ichi,SELL,2023-06-21 09:00:00,2023-06-21 09:15:00,2.71,sl
ichi,SELL,2023-06-21 12:15:00,2023-06-21 15:25:00,3.65,sl
ichi,SELL,2023-06-21 15:30:00,2023-06-21 15:40:00,-1.0,gap
orb,SELL,2023-06-22 07:35:00,2023-06-22 08:00:00,11.13,tp
ichi,SELL,2023-06-22 07:45:00,2023-06-22 08:20:00,3.96,sl
ichi,SELL,2023-06-22 09:30:00,2023-06-22 10:15:00,2.06,sl
ichi,SELL,2023-06-22 11:30:00,2023-06-22 11:45:00,1.45,sl
ichi,SELL,2023-06-22 13:15:00,2023-06-22 14:05:00,0.05,sl
ichi,SELL,2023-06-22 14:45:00,2023-06-22 15:25:00,0.05,sl
ichi,SELL,2023-06-22 16:45:00,2023-06-22 17:35:00,5.44,sl
ichi,SELL,2023-06-23 04:45:00,2023-06-23 04:55:00,1.94,sl
ichi,BUY,2023-06-23 17:30:00,2023-06-23 18:15:00,-6.08,sl
ichi,BUY,2023-06-26 07:45:00,2023-06-26 09:05:00,0.1,sl
orb,SELL,2023-06-26 09:50:00,2023-06-26 10:05:00,-5.54,sl
orb,BUY,2023-06-26 10:35:00,2023-06-26 11:25:00,11.47,tp
ichi,SELL,2023-06-27 02:15:00,2023-06-27 02:25:00,1.72,sl
ichi,BUY,2023-06-27 10:15:00,2023-06-27 11:25:00,-6.15,sl
orb,SELL,2023-06-27 14:30:00,2023-06-27 14:50:00,-5.68,sl
orb,BUY,2023-06-27 15:40:00,2023-06-27 15:45:00,-6.17,sl
ichi,BUY,2023-06-27 16:15:00,2023-06-27 16:35:00,0.05,sl
orb,SELL,2023-06-28 09:25:00,2023-06-28 09:40:00,11.04,tp
ichi,SELL,2023-06-28 09:30:00,2023-06-28 09:45:00,4.24,sl
ichi,SELL,2023-06-28 16:45:00,2023-06-28 16:45:00,-5.46,sl
ichi,SELL,2023-06-29 05:15:00,2023-06-29 06:20:00,4.1,sl
orb,SELL,2023-06-29 09:30:00,2023-06-29 10:15:00,-5.71,sl
ichi,SELL,2023-06-29 12:15:00,2023-06-29 13:40:00,-3.49,sl
ichi,SELL,2023-06-29 15:45:00,2023-06-29 16:05:00,2.62,gap
orb,BUY,2023-06-29 17:55:00,2023-06-30 09:00:00,-5.38,sl
ichi,SELL,2023-06-30 08:00:00,2023-06-30 09:10:00,7.12,tp
ichi,BUY,2023-07-03 01:15:00,2023-07-03 04:25:00,-5.94,sl
orb,BUY,2023-07-03 15:50:00,2023-07-03 16:15:00,8.86,tp
ichi,BUY,2023-07-04 04:30:00,2023-07-04 07:30:00,2.73,sl
orb,SELL,2023-07-05 09:20:00,2023-07-05 10:00:00,0.2,sl
orb,BUY,2023-07-05 11:00:00,2023-07-05 11:20:00,-5.69,sl
ichi,BUY,2023-07-05 15:45:00,2023-07-05 16:25:00,3.69,sl
ichi,SELL,2023-07-06 04:30:00,2023-07-06 04:55:00,-5.73,sl
ichi,SELL,2023-07-06 12:00:00,2023-07-06 13:20:00,-5.67,sl
orb,BUY,2023-07-06 13:30:00,2023-07-06 13:40:00,0.15,sl
orb,SELL,2023-07-06 15:20:00,2023-07-06 15:30:00,7.64,tp
orb,BUY,2023-07-07 08:05:00,2023-07-07 08:40:00,10.01,tp
ichi,BUY,2023-07-07 15:00:00,2023-07-07 15:15:00,-5.59,sl
ichi,BUY,2023-07-07 16:45:00,2023-07-07 18:00:00,8.9,tp
orb,SELL,2023-07-10 06:40:00,2023-07-10 08:35:00,11.13,tp
ichi,BUY,2023-07-11 01:45:00,2023-07-11 03:30:00,3.24,sl
ichi,BUY,2023-07-11 03:35:00,2023-07-11 04:10:00,1.71,sl
ichi,BUY,2023-07-11 05:45:00,2023-07-11 06:10:00,0.1,sl
ichi,BUY,2023-07-11 07:30:00,2023-07-11 08:20:00,0.1,sl
ichi,BUY,2023-07-11 09:45:00,2023-07-11 10:10:00,-3.5,sl
ichi,BUY,2023-07-11 11:15:00,2023-07-11 12:30:00,1.1,sl
orb,BUY,2023-07-11 13:20:00,2023-07-11 13:45:00,-6.8,sl
orb,BUY,2023-07-12 15:35:00,2023-07-12 15:50:00,0.05,sl
ichi,BUY,2023-07-12 15:45:00,2023-07-12 16:00:00,-5.21,sl
ichi,BUY,2023-07-13 03:00:00,2023-07-13 04:15:00,0.15,sl
ichi,BUY,2023-07-13 04:30:00,2023-07-13 04:55:00,0.1,sl
ichi,BUY,2023-07-13 09:30:00,2023-07-13 13:25:00,-3.76,sl
ichi,BUY,2023-07-13 13:45:00,2023-07-13 15:25:00,-1.6,gap
ichi,BUY,2023-07-13 19:30:00,2023-07-14 05:55:00,1.93,sl
ichi,BUY,2023-07-14 06:30:00,2023-07-14 08:00:00,-5.26,sl
orb,SELL,2023-07-14 08:45:00,2023-07-14 09:20:00,-6.2,sl
ichi,BUY,2023-07-14 15:30:00,2023-07-14 15:35:00,-4.03,sl
ichi,BUY,2023-07-14 17:00:00,2023-07-14 17:00:00,-5.44,sl
ichi,SELL,2023-07-17 06:15:00,2023-07-17 08:15:00,-6.04,sl
ichi,BUY,2023-07-18 03:45:00,2023-07-18 04:30:00,8.83,tp
ichi,BUY,2023-07-18 05:15:00,2023-07-18 06:05:00,3.0,sl
ichi,BUY,2023-07-18 09:30:00,2023-07-18 10:10:00,2.82,sl
ichi,BUY,2023-07-18 11:15:00,2023-07-18 14:05:00,0.05,sl
orb,BUY,2023-07-18 13:50:00,2023-07-18 14:05:00,-6.14,sl
ichi,BUY,2023-07-18 15:30:00,2023-07-18 15:40:00,-5.76,sl
ichi,BUY,2023-07-18 17:00:00,2023-07-18 17:15:00,4.67,sl
ichi,BUY,2023-07-19 04:45:00,2023-07-19 05:05:00,-5.56,sl
orb,SELL,2023-07-19 14:20:00,2023-07-19 15:00:00,-6.03,sl
ichi,BUY,2023-07-20 03:15:00,2023-07-20 04:30:00,6.94,tp
orb,SELL,2023-07-20 15:35:00,2023-07-20 16:00:00,0.1,sl
ichi,SELL,2023-07-21 10:30:00,2023-07-21 10:50:00,8.45,tp
ichi,SELL,2023-07-21 15:45:00,2023-07-21 16:15:00,0.05,sl
orb,SELL,2023-07-21 16:15:00,2023-07-21 16:30:00,-5.7,sl
ichi,SELL,2023-07-21 18:00:00,2023-07-24 10:25:00,-5.95,sl
ichi,SELL,2023-07-24 18:00:00,2023-07-24 19:45:00,0.05,sl
orb,BUY,2023-07-25 09:25:00,2023-07-25 10:00:00,-6.34,sl
orb,SELL,2023-07-25 14:30:00,2023-07-25 14:40:00,-4.5,sl
ichi,SELL,2023-07-25 14:15:00,2023-07-25 14:50:00,-3.78,sl
ichi,SELL,2023-07-25 16:15:00,2023-07-25 17:05:00,-1.17,gap
ichi,BUY,2023-07-26 09:15:00,2023-07-26 09:30:00,2.18,sl
orb,BUY,2023-07-26 09:15:00,2023-07-26 09:50:00,8.58,tp
ichi,BUY,2023-07-27 01:15:00,2023-07-27 05:10:00,7.54,tp
ichi,BUY,2023-07-27 10:15:00,2023-07-27 10:50:00,2.24,sl
orb,BUY,2023-07-27 10:50:00,2023-07-27 11:00:00,-5.4,sl
orb,SELL,2023-07-27 15:35:00,2023-07-27 15:45:00,7.01,tp
orb,BUY,2023-07-28 14:25:00,2023-07-28 14:45:00,-4.45,sl
ichi,SELL,2023-07-31 04:15:00,2023-07-31 07:25:00,5.18,sl
ichi,SELL,2023-07-31 10:00:00,2023-07-31 11:55:00,2.5,gap
orb,SELL,2023-07-31 11:55:00,2023-07-31 12:05:00,-6.19,sl
orb,BUY,2023-07-31 14:30:00,2023-07-31 14:45:00,-5.77,sl
orb,SELL,2023-08-01 14:15:00,2023-08-01 14:25:00,-5.69,sl
ichi,SELL,2023-08-01 14:15:00,2023-08-01 15:25:00,1.59,sl
orb,BUY,2023-08-02 13:55:00,2023-08-02 14:05:00,0.15,sl
orb,SELL,2023-08-02 15:30:00,2023-08-02 15:45:00,0.05,sl
ichi,SELL,2023-08-02 15:30:00,2023-08-02 15:45:00,2.53,gap
ichi,SELL,2023-08-02 17:00:00,2023-08-02 17:15:00,7.95,tp
ichi,SELL,2023-08-03 06:15:00,2023-08-03 08:10:00,2.78,sl
ichi,SELL,2023-08-03 09:15:00,2023-08-03 10:10:00,2.58,gap
orb,SELL,2023-08-03 15:25:00,2023-08-03 15:30:00,-6.04,sl
ichi,SELL,2023-08-03 15:30:00,2023-08-03 15:40:00,-5.35,sl
ichi,SELL,2023-08-03 17:00:00,2023-08-04 15:35:00,-3.08,gap
ichi,BUY,2023-08-07 02:00:00,2023-08-07 05:10:00,-6.29,sl
ichi,SELL,2023-08-07 15:15:00,2023-08-07 15:55:00,-3.26,sl
orb,SELL,2023-08-07 17:05:00,2023-08-07 17:10:00,-3.46,sl
ichi,SELL,2023-08-07 17:30:00,2023-08-07 18:10:00,1.25,sl
ichi,SELL,2023-08-08 04:30:00,2023-08-08 05:05:00,1.6,sl
ichi,SELL,2023-08-08 09:15:00,2023-08-08 10:10:00,0.1,sl
orb,SELL,2023-08-08 10:55:00,2023-08-08 11:10:00,-5.52,sl
ichi,SELL,2023-08-08 11:00:00,2023-08-08 11:40:00,-5.92,sl
ichi,SELL,2023-08-08 14:15:00,2023-08-08 14:55:00,2.83,sl
ichi,SELL,2023-08-08 15:45:00,2023-08-08 16:35:00,-0.16,gap
ichi,SELL,2023-08-08 18:00:00,2023-08-09 04:15:00,0.05,sl
ichi,SELL,2023-08-09 11:30:00,2023-08-09 13:35:00,3.2,sl
orb,SELL,2023-08-09 14:15:00,2023-08-09 14:30:00,-5.52,sl
ichi,SELL,2023-08-09 15:45:00,2023-08-09 17:00:00,0.92,gap
ichi,SELL,2023-08-09 17:15:00,2023-08-09 17:35:00,2.2,gap
ichi,SELL,2023-08-10 01:30:00,2023-08-10 04:30:00,-4.97,sl
orb,BUY,2023-08-10 10:05:00,2023-08-10 11:35:00,0.15,sl
ichi,BUY,2023-08-10 16:45:00,2023-08-10 17:05:00,-5.54,sl
orb,SELL,2023-08-10 17:55:00,2023-08-10 18:30:00,-4.05,sl
orb,BUY,2023-08-11 09:05:00,2023-08-11 09:45:00,0.2,sl
ichi,SELL,2023-08-11 16:15:00,2023-08-11 17:00:00,-3.52,sl
ichi,SELL,2023-08-14 02:15:00,2023-08-14 04:00:00,2.68,sl
ichi,SELL,2023-08-14 05:00:00,2023-08-14 08:30:00,-5.13,sl
orb,BUY,2023-08-14 10:45:00,2023-08-14 12:25:00,-5.81,sl
orb,SELL,2023-08-14 15:15:00,2023-08-14 15:25:00,7.26,tp
ichi,SELL,2023-08-14 15:15:00,2023-08-14 15:30:00,2.09,gap
ichi,SELL,2023-08-14 17:30:00,2023-08-14 19:05:00,-5.26,sl
ichi,SELL,2023-08-15 05:00:00,2023-08-15 09:00:00,0.1,sl
ichi,SELL,2023-08-15 11:45:00,2023-08-15 12:35:00,0.1,sl
orb,SELL,2023-08-15 10:30:00,2023-08-15 15:00:00,0.15,sl
ichi,SELL,2023-08-15 14:15:00,2023-08-15 15:30:00,-5.23,sl
orb,BUY,2023-08-15 17:35:00,2023-08-15 19:30:00,-4.09,sl
ichi,SELL,2023-08-16 15:30:00,2023-08-16 15:55:00,-0.58,gap
orb,SELL,2023-08-16 15:55:00,2023-08-16 16:20:00,-1.72,gap
orb,BUY,2023-08-17 09:35:00,2023-08-17 10:00:00,9.15,tp
orb,BUY,2023-08-18 13:15:00,2023-08-18 14:05:00,-4.54,sl
ichi,SELL,2023-08-18 15:30:00,2023-08-18 16:05:00,-3.12,sl
orb,SELL,2023-08-18 15:40:00,2023-08-18 16:05:00,-4.24,sl
ichi,SELL,2023-08-21 02:30:00,2023-08-21 04:20:00,0.72,gap
ichi,SELL,2023-08-21 04:45:00,2023-08-21 05:10:00,0.1,sl
orb,BUY,2023-08-21 15:05:00,2023-08-21 16:00:00,7.29,tp
ichi,BUY,2023-08-22 03:30:00,2023-08-22 04:05:00,3.0,sl
ichi,BUY,2023-08-22 05:15:00,2023-08-22 05:30:00,0.1,sl
ichi,BUY,2023-08-22 08:30:00,2023-08-22 09:25:00,7.15,tp
orb,BUY,2023-08-22 09:15:00,2023-08-22 09:40:00,0.15,sl
orb,SELL,2023-08-22 16:35:00,2023-08-22 17:10:00,0.1,sl
ichi,BUY,2023-08-23 02:00:00,2023-08-23 03:30:00,4.68,sl
ichi,BUY,2023-08-23 05:45:00,2023-08-23 08:15:00,4.11,sl
ichi,BUY,2023-08-23 10:30:00,2023-08-23 13:30:00,-5.42,sl
ichi,BUY,2023-08-23 14:00:00,2023-08-23 15:30:00,8.78,tp
orb,BUY,2023-08-23 15:30:00,2023-08-23 15:55:00,-4.59,sl
ichi,BUY,2023-08-23 15:35:00,2023-08-23 16:00:00,-3.48,sl
ichi,BUY,2023-08-23 17:00:00,2023-08-24 10:15:00,2.09,sl
ichi,BUY,2023-08-24 11:30:00,2023-08-24 13:35:00,-5.8,sl
orb,SELL,2023-08-24 15:10:00,2023-08-24 15:25:00,-6.03,sl
orb,BUY,2023-08-24 17:50:00,2023-08-24 19:05:00,-3.56,sl
ichi,BUY,2023-08-25 17:15:00,2023-08-25 17:20:00,-6.14,sl
ichi,BUY,2023-08-28 05:45:00,2023-08-28 08:40:00,0.1,sl
orb,BUY,2023-08-28 08:35:00,2023-08-28 08:50:00,-5.86,sl
ichi,BUY,2023-08-28 08:45:00,2023-08-28 09:25:00,1.3,sl
orb,SELL,2023-08-28 11:05:00,2023-08-28 11:40:00,-5.8,sl
ichi,BUY,2023-08-28 17:00:00,2023-08-28 18:35:00,5.3,tp
ichi,BUY,2023-08-29 04:30:00,2023-08-29 06:10:00,4.77,gap
ichi,BUY,2023-08-29 08:45:00,2023-08-29 09:45:00,-3.96,sl
ichi,BUY,2023-08-29 10:45:00,2023-08-29 11:10:00,-4.49,sl
orb,SELL,2023-08-29 14:05:00,2023-08-29 14:55:00,9.61,tp
ichi,BUY,2023-08-29 17:15:00,2023-08-29 17:25:00,0.87,gap
orb,BUY,2023-08-29 17:05:00,2023-08-29 18:25:00,6.63,tp
orb,SELL,2023-08-30 08:55:00,2023-08-30 09:05:00,-5.21,sl
ichi,BUY,2023-08-30 04:00:00,2023-08-30 10:30:00,-5.8,sl
orb,BUY,2023-08-30 12:30:00,2023-08-30 13:10:00,-5.49,sl
ichi,BUY,2023-08-30 12:30:00,2023-08-30 15:10:00,1.14,sl
ichi,BUY,2023-08-31 08:00:00,2023-08-31 09:30:00,-5.14,sl
ichi,BUY,2023-08-31 15:00:00,2023-08-31 15:20:00,1.58,sl
orb,BUY,2023-08-31 15:35:00,2023-08-31 15:35:00,-4.57,sl
orb,SELL,2023-08-31 16:15:00,2023-08-31 16:45:00,0.1,sl
orb,BUY,2023-09-01 12:30:00,2023-09-01 14:40:00,0.25,sl
ichi,BUY,2023-09-01 15:45:00,2023-09-01 15:55:00,0.22,gap
orb,SELL,2023-09-01 17:05:00,2023-09-01 20:25:00,0.05,sl
orb,BUY,2023-09-04 09:20:00,2023-09-04 09:35:00,-5.44,sl
ichi,SELL,2023-09-04 13:30:00,2023-09-04 14:35:00,1.36,sl
orb,SELL,2023-09-04 16:05:00,2023-09-04 16:45:00,0.2,sl
ichi,SELL,2023-09-05 01:30:00,2023-09-05 03:20:00,3.08,sl
ichi,SELL,2023-09-05 04:45:00,2023-09-05 04:55:00,3.87,sl
ichi,SELL,2023-09-05 06:15:00,2023-09-05 07:30:00,-5.62,sl
ichi,SELL,2023-09-05 16:15:00,2023-09-05 17:10:00,2.59,sl
ichi,SELL,2023-09-06 02:15:00,2023-09-06 04:00:00,2.79,sl
ichi,SELL,2023-09-06 05:30:00,2023-09-06 07:45:00,-5.17,sl
ichi,SELL,2023-09-06 10:30:00,2023-09-06 11:05:00,0.1,sl
ichi,SELL,2023-09-06 15:45:00,2023-09-06 16:10:00,4.3,gap
orb,SELL,2023-09-06 16:05:00,2023-09-06 16:30:00,-3.96,sl
orb,BUY,2023-09-06 16:55:00,2023-09-06 17:00:00,-2.9,sl
ichi,SELL,2023-09-06 17:15:00,2023-09-06 17:50:00,4.56,sl
ichi,SELL,2023-09-07 10:45:00,2023-09-07 12:20:00,-4.52,sl
orb,BUY,2023-09-07 13:05:00,2023-09-07 13:25:00,-4.98,sl
orb,SELL,2023-09-07 15:40:00,2023-09-07 15:45:00,-4.7,sl
orb,BUY,2023-09-08 09:15:00,2023-09-08 09:25:00,-4.71,sl
ichi,SELL,2023-09-08 15:30:00,2023-09-08 15:35:00,-4.96,sl
ichi,SELL,2023-09-11 02:15:00,2023-09-11 03:45:00,-4.34,sl
ichi,BUY,2023-09-11 12:00:00,2023-09-11 13:20:00,-2.9,sl
ichi,SELL,2023-09-12 01:30:00,2023-09-12 03:10:00,1.53,sl
ichi,SELL,2023-09-12 03:30:00,2023-09-12 04:10:00,-4.75,sl
ichi,SELL,2023-09-12 05:00:00,2023-09-12 06:25:00,-4.33,sl
ichi,SELL,2023-09-12 12:00:00,2023-09-12 13:35:00,5.99,tp
ichi,SELL,2023-09-12 13:45:00,2023-09-12 14:05:00,1.18,sl
ichi,SELL,2023-09-12 19:45:00,2023-09-13 07:05:00,2.76,sl
ichi,SELL,2023-09-13 16:15:00,2023-09-13 16:30:00,-4.79,sl
ichi,SELL,2023-09-14 02:45:00,2023-09-14 03:25:00,-3.97,sl
orb,SELL,2023-09-14 09:15:00,2023-09-14 10:45:00,7.54,tp
ichi,SELL,2023-09-14 15:30:00,2023-09-14 15:30:00,4.85,tp
ichi,BUY,2023-09-15 04:30:00,2023-09-15 04:45:00,4.46,sl
ichi,BUY,2023-09-15 11:00:00,2023-09-15 15:10:00,1.1,sl
orb,BUY,2023-09-15 14:45:00,2023-09-15 15:15:00,-5.18,sl
ichi,BUY,2023-09-15 16:15:00,2023-09-15 16:30:00,1.92,sl
ichi,BUY,2023-09-18 04:15:00,2023-09-18 04:30:00,-4.13,sl
ichi,BUY,2023-09-19 05:15:00,2023-09-19 07:40:00,-4.85,sl
orb,SELL,2023-09-19 07:45:00,2023-09-19 08:30:00,0.25,sl
orb,BUY,2023-09-19 10:55:00,2023-09-19 11:50:00,-5.13,sl
ichi,BUY,2023-09-19 16:30:00,2023-09-19 17:10:00,-2.87,sl
ichi,BUY,2023-09-20 09:00:00,2023-09-20 09:45:00,0.15,sl
orb,SELL,2023-09-20 10:20:00,2023-09-20 11:20:00,-4.21,sl
ichi,SELL,2023-09-20 12:00:00,2023-09-20 12:50:00,-4.05,sl
orb,BUY,2023-09-20 13:20:00,2023-09-20 13:30:00,-4.53,sl
ichi,BUY,2023-09-20 15:45:00,2023-09-20 16:40:00,7.34,tp
orb,SELL,2023-09-21 11:55:00,2023-09-21 12:50:00,-4.64,sl
ichi,SELL,2023-09-21 18:30:00,2023-09-22 03:35:00,-5.01,sl
orb,BUY,2023-09-22 09:15:00,2023-09-22 10:15:00,8.06,tp
ichi,BUY,2023-09-22 17:45:00,2023-09-22 19:50:00,-3.27,sl
ichi,SELL,2023-09-25 03:15:00,2023-09-25 04:45:00,0.15,sl
ichi,SELL,2023-09-25 04:50:00,2023-09-25 08:35:00,1.36,sl
orb,SELL,2023-09-25 08:35:00,2023-09-25 08:35:00,-4.35,sl
orb,BUY,2023-09-25 10:10:00,2023-09-25 10:20:00,-4.96,sl
ichi,BUY,2023-09-25 17:00:00,2023-09-25 17:05:00,-3.5,sl
ichi,SELL,2023-09-26 03:00:00,2023-09-26 04:00:00,2.82,sl
ichi,SELL,2023-09-26 04:30:00,2023-09-26 05:20:00,2.46,sl
ichi,SELL,2023-09-26 06:00:00,2023-09-26 08:10:00,-5.14,sl
ichi,SELL,2023-09-26 08:30:00,2023-09-26 09:45:00,7.27,tp
ichi,SELL,2023-09-26 15:00:00,2023-09-26 15:35:00,3.98,tp
orb,SELL,2023-09-26 15:40:00,2023-09-26 15:40:00,-2.81,sl
ichi,SELL,2023-09-26 17:45:00,2023-09-26 18:10:00,4.07,sl
ichi,SELL,2023-09-27 04:00:00,2023-09-27 04:30:00,-3.86,sl
ichi,SELL,2023-09-27 13:45:00,2023-09-27 14:30:00,2.12,sl
orb,BUY,2023-09-28 10:20:00,2023-09-28 10:55:00,-4.3,sl
ichi,SELL,2023-09-28 13:30:00,2023-09-28 15:05:00,-5.18,sl
orb,SELL,2023-09-28 15:50:00,2023-09-28 16:05:00,-3.14,sl
ichi,SELL,2023-09-28 16:15:00,2023-09-28 16:55:00,0.05,sl
orb,BUY,2023-09-29 16:00:00,2023-09-29 16:15:00,5.3,tp
ichi,SELL,2023-09-29 17:15:00,2023-09-29 17:45:00,0.05,sl
orb,SELL,2023-09-29 17:10:00,2023-09-29 18:35:00,8.45,tp
ichi,SELL,2023-10-02 04:30:00,2023-10-02 05:45:00,1.62,sl
ichi,SELL,2023-10-02 10:30:00,2023-10-02 11:00:00,1.87,sl
orb,SELL,2023-10-02 12:05:00,2023-10-02 12:25:00,8.24,tp
ichi,SELL,2023-10-02 15:45:00,2023-10-02 16:40:00,1.26,sl
ichi,SELL,2023-10-02 17:15:00,2023-10-02 18:30:00,-6.39,sl
ichi,SELL,2023-10-02 18:45:00,2023-10-03 02:10:00,9.49,tp
ichi,SELL,2023-10-03 02:15:00,2023-10-03 02:30:00,0.05,sl
orb,BUY,2023-10-03 15:20:00,2023-10-03 15:20:00,-5.3,sl
ichi,SELL,2023-10-04 03:30:00,2023-10-04 04:45:00,0.05,sl
ichi,SELL,2023-10-04 05:00:00,2023-10-04 05:55:00,1.1,sl
ichi,SELL,2023-10-04 09:00:00,2023-10-04 09:40:00,2.67,sl
ichi,SELL,2023-10-04 10:30:00,2023-10-04 11:55:00,-3.59,sl
orb,BUY,2023-10-04 14:15:00,2023-10-04 14:20:00,-4.49,sl
ichi,SELL,2023-10-05 15:15:00,2023-10-05 15:30:00,1.87,sl
orb,SELL,2023-10-05 15:25:00,2023-10-05 15:35:00,7.86,tp
ichi,SELL,2023-10-05 18:30:00,2023-10-06 02:00:00,-5.55,sl
ichi,SELL,2023-10-06 15:45:00,2023-10-06 16:00:00,-4.5,sl
ichi,BUY,2023-10-09 08:00:00,2023-10-09 09:25:00,1.98,gap
ichi,BUY,2023-10-09 09:30:00,2023-10-09 15:35:00,-4.36,sl
orb,SELL,2023-10-09 15:45:00,2023-10-09 15:50:00,-5.21,sl
ichi,BUY,2023-10-10 06:15:00,2023-10-10 07:50:00,-2.81,sl
orb,SELL,2023-10-10 08:05:00,2023-10-10 08:20:00,-4.03,sl
ichi,BUY,2023-10-11 03:45:00,2023-10-11 08:20:00,-4.46,sl
orb,SELL,2023-10-11 08:45:00,2023-10-11 09:00:00,-4.49,sl
orb,BUY,2023-10-11 09:45:00,2023-10-11 10:05:00,0.15,sl
ichi,BUY,2023-10-11 09:45:00,2023-10-11 10:05:00,0.14,gap
ichi,BUY,2023-10-11 15:45:00,2023-10-11 16:10:00,1.28,gap
ichi,BUY,2023-10-11 17:30:00,2023-10-11 19:25:00,3.47,sl
ichi,BUY,2023-10-12 05:45:00,2023-10-12 08:35:00,2.46,sl
orb,BUY,2023-10-12 07:55:00,2023-10-12 09:05:00,0.2,sl
ichi,BUY,2023-10-12 11:15:00,2023-10-12 13:55:00,1.02,sl
ichi,BUY,2023-10-12 15:30:00,2023-10-12 15:30:00,-4.26,sl
orb,SELL,2023-10-12 16:45:00,2023-10-13 05:30:00,0.05,sl
ichi,BUY,2023-10-16 15:30:00,2023-10-16 15:45:00,-5.38,sl
ichi,BUY,2023-10-16 17:15:00,2023-10-16 20:45:00,0.05,sl
ichi,BUY,2023-10-17 01:45:00,2023-10-17 03:20:00,-2.71,sl
orb,BUY,2023-10-17 12:20:00,2023-10-17 13:10:00,7.37,tp
ichi,BUY,2023-10-17 15:45:00,2023-10-17 15:55:00,1.7,sl
ichi,BUY,2023-10-17 18:45:00,2023-10-17 20:55:00,-6.28,sl
ichi,BUY,2023-10-18 06:30:00,2023-10-18 08:45:00,1.2,sl
ichi,BUY,2023-10-18 10:45:00,2023-10-18 12:35:00,6.25,tp
orb,BUY,2023-10-18 12:35:00,2023-10-18 14:45:00,0.1,sl
ichi,BUY,2023-10-18 12:45:00,2023-10-18 15:05:00,2.23,sl
ichi,BUY,2023-10-19 02:15:00,2023-10-19 03:35:00,0.05,sl
orb,BUY,2023-10-19 11:10:00,2023-10-19 11:20:00,-2.98,sl
ichi,BUY,2023-10-19 11:15:00,2023-10-19 11:35:00,-4.68,sl
ichi,BUY,2023-10-19 13:45:00,2023-10-19 15:10:00,1.1,sl
ichi,BUY,2023-10-19 15:30:00,2023-10-19 15:40:00,2.06,sl
ichi,BUY,2023-10-19 17:00:00,2023-10-19 18:45:00,2.86,sl
ichi,BUY,2023-10-19 19:15:00,2023-10-19 19:35:00,-7.12,sl
ichi,BUY,2023-10-20 05:00:00,2023-10-20 06:05:00,0.05,sl
ichi,BUY,2023-10-20 10:00:00,2023-10-20 10:50:00,0.05,sl
orb,BUY,2023-10-20 10:40:00,2023-10-20 11:30:00,0.05,sl
ichi,BUY,2023-10-20 17:00:00,2023-10-20 17:10:00,0.05,sl
ichi,BUY,2023-10-20 19:30:00,2023-10-20 19:50:00,-7.26,sl
orb,BUY,2023-10-23 10:35:00,2023-10-23 12:40:00,0.1,sl
ichi,BUY,2023-10-23 14:45:00,2023-10-23 15:35:00,0.05,sl
ichi,BUY,2023-10-24 04:15:00,2023-10-24 05:35:00,1.09,sl
ichi,BUY,2023-10-24 09:30:00,2023-10-24 10:15:00,0.05,sl
orb,SELL,2023-10-24 11:50:00,2023-10-24 12:15:00,4.57,tp
ichi,SELL,2023-10-24 17:15:00,2023-10-24 19:00:00,-6.4,sl
ichi,BUY,2023-10-25 04:45:00,2023-10-25 05:50:00,-3.45,sl
ichi,BUY,2023-10-25 07:45:00,2023-10-25 09:30:00,0.05,sl
orb,SELL,2023-10-25 10:30:00,2023-10-25 10:50:00,-2.51,sl
ichi,SELL,2023-10-25 12:00:00,2023-10-25 14:35:00,-4.09,sl
ichi,BUY,2023-10-25 15:45:00,2023-10-25 16:15:00,2.37,sl
orb,BUY,2023-10-25 16:15:00,2023-10-25 16:50:00,5.72,tp
ichi,BUY,2023-10-26 02:15:00,2023-10-26 04:25:00,2.53,sl
ichi,BUY,2023-10-26 05:00:00,2023-10-26 08:25:00,2.84,sl
ichi,BUY,2023-10-26 08:45:00,2023-10-26 11:10:00,2.43,sl
ichi,BUY,2023-10-26 12:30:00,2023-10-26 13:35:00,-3.98,sl
orb,SELL,2023-10-26 15:35:00,2023-10-26 15:45:00,6.74,tp
ichi,SELL,2023-10-26 17:00:00,2023-10-26 17:30:00,4.47,sl
ichi,BUY,2023-10-27 05:00:00,2023-10-27 05:35:00,1.73,sl
ichi,BUY,2023-10-27 09:00:00,2023-10-27 10:00:00,-3.17,sl
ichi,BUY,2023-10-27 10:30:00,2023-10-27 13:05:00,-3.62,sl
orb,SELL,2023-10-27 13:55:00,2023-10-27 14:40:00,0.1,sl
ichi,SELL,2023-10-27 16:00:00,2023-10-27 16:15:00,0.05,sl
ichi,SELL,2023-10-27 19:15:00,2023-10-27 20:15:00,-5.89,sl
orb,SELL,2023-10-30 06:40:00,2023-10-30 07:30:00,-4.44,sl
ichi,BUY,2023-10-30 03:30:00,2023-10-30 08:15:00,-5.22,sl
ichi,BUY,2023-10-30 16:15:00,2023-10-30 16:35:00,-5.72,sl
ichi,BUY,2023-10-30 18:00:00,2023-10-31 05:05:00,-5.68,sl
ichi,BUY,2023-10-31 10:30:00,2023-10-31 11:00:00,0.05,sl
ichi,BUY,2023-10-31 16:00:00,2023-10-31 16:20:00,3.01,sl
ichi,SELL,2023-11-01 09:30:00,2023-11-01 10:45:00,-3.56,sl
orb,BUY,2023-11-01 14:20:00,2023-11-01 15:00:00,0.1,sl
ichi,SELL,2023-11-01 20:45:00,2023-11-01 21:10:00,-7.25,sl
ichi,BUY,2023-11-02 07:30:00,2023-11-02 11:20:00,1.88,sl
orb,BUY,2023-11-02 10:45:00,2023-11-02 12:05:00,-3.68,sl
ichi,BUY,2023-11-02 12:15:00,2023-11-02 13:20:00,1.81,sl
ichi,BUY,2023-11-02 15:00:00,2023-11-02 15:15:00,-3.83,sl
orb,SELL,2023-11-02 15:50:00,2023-11-02 19:15:00,0.05,sl
ichi,SELL,2023-11-02 18:00:00,2023-11-02 19:30:00,-5.28,sl
ichi,BUY,2023-11-03 08:30:00,2023-11-03 09:00:00,0.1,sl
orb,BUY,2023-11-03 09:00:00,2023-11-03 09:25:00,0.15,sl
ichi,BUY,2023-11-03 10:00:00,2023-11-03 10:30:00,0.05,sl
ichi,BUY,2023-11-03 14:30:00,2023-11-03 14:30:00,7.71,tp
ichi,SELL,2023-11-06 10:45:00,2023-11-06 14:35:00,0.05,sl
ichi,SELL,2023-11-07 08:30:00,2023-11-07 09:10:00,1.44,sl
ichi,SELL,2023-11-07 11:30:00,2023-11-07 12:30:00,0.05,sl
ichi,SELL,2023-11-07 17:00:00,2023-11-07 18:10:00,-5.56,sl
ichi,SELL,2023-11-08 11:15:00,2023-11-08 12:15:00,4.17,tp
orb,SELL,2023-11-08 12:05:00,2023-11-08 12:25:00,6.81,tp
ichi,SELL,2023-11-08 13:15:00,2023-11-08 16:35:00,0.25,gap
ichi,SELL,2023-11-08 16:45:00,2023-11-08 17:25:00,6.27,tp
ichi,SELL,2023-11-08 18:45:00,2023-11-08 22:50:00,5.67,sl
orb,SELL,2023-11-09 10:15:00,2023-11-09 10:35:00,-3.65,sl
ichi,SELL,2023-11-09 12:00:00,2023-11-09 15:05:00,0.05,sl
orb,BUY,2023-11-09 16:45:00,2023-11-09 17:40:00,6.81,tp
orb,SELL,2023-11-10 08:05:00,2023-11-10 08:25:00,-3.85,sl
ichi,SELL,2023-11-10 08:30:00,2023-11-10 09:25:00,2.5,sl
ichi,SELL,2023-11-10 10:00:00,2023-11-10 11:45:00,0.05,sl
ichi,SELL,2023-11-10 13:15:00,2023-11-10 13:40:00,3.05,sl
ichi,SELL,2023-11-13 15:00:00,2023-11-13 15:10:00,0.05,sl
orb,SELL,2023-11-13 16:45:00,2023-11-13 17:05:00,-0.28,gap
ichi,SELL,2023-11-13 17:30:00,2023-11-13 18:00:00,-3.99,sl
ichi,BUY,2023-11-14 02:00:00,2023-11-14 03:20:00,1.64,sl
ichi,BUY,2023-11-14 11:30:00,2023-11-14 15:05:00,-2.51,sl
orb,BUY,2023-11-14 15:35:00,2023-11-14 15:35:00,-4.35,sl
ichi,BUY,2023-11-15 12:00:00,2023-11-15 12:25:00,1.41,sl
ichi,BUY,2023-11-15 14:30:00,2023-11-15 15:30:00,-3.13,sl
orb,BUY,2023-11-15 15:35:00,2023-11-15 15:40:00,-3.29,sl
orb,SELL,2023-11-15 16:45:00,2023-11-15 16:50:00,6.5,tp
ichi,BUY,2023-11-16 13:15:00,2023-11-16 14:10:00,-2.59,sl
orb,BUY,2023-11-16 15:35:00,2023-11-16 16:20:00,0.05,sl
ichi,BUY,2023-11-16 15:45:00,2023-11-16 16:20:00,1.58,gap
ichi,BUY,2023-11-17 03:00:00,2023-11-17 06:15:00,0.82,sl
ichi,BUY,2023-11-17 09:45:00,2023-11-17 10:00:00,0.87,sl
orb,BUY,2023-11-17 10:00:00,2023-11-17 10:00:00,-3.95,sl
ichi,BUY,2023-11-17 13:30:00,2023-11-17 15:40:00,-3.85,sl
orb,SELL,2023-11-17 16:55:00,2023-11-17 17:05:00,-3.64,sl
ichi,BUY,2023-11-20 05:30:00,2023-11-20 09:30:00,-3.98,sl
orb,SELL,2023-11-20 13:45:00,2023-11-20 14:50:00,0.1,sl
ichi,BUY,2023-11-21 10:00:00,2023-11-21 10:10:00,0.05,sl
orb,BUY,2023-11-21 10:10:00,2023-11-21 10:20:00,-4.3,sl
ichi,BUY,2023-11-22 08:15:00,2023-11-22 09:30:00,2.19,sl
ichi,BUY,2023-11-22 11:45:00,2023-11-22 15:30:00,-4.01,sl
orb,SELL,2023-11-22 17:10:00,2023-11-22 17:40:00,0.05,sl
orb,BUY,2023-11-23 09:40:00,2023-11-23 10:00:00,-3.75,sl
ichi,BUY,2023-11-23 09:30:00,2023-11-23 10:20:00,-3.1,sl
ichi,SELL,2023-11-23 19:30:00,2023-11-24 01:10:00,-2.54,sl
ichi,BUY,2023-11-24 10:45:00,2023-11-24 12:25:00,1.27,gap
ichi,BUY,2023-11-24 13:30:00,2023-11-24 14:20:00,0.05,sl
orb,BUY,2023-11-24 12:10:00,2023-11-24 14:45:00,0.15,sl
ichi,BUY,2023-11-24 15:30:00,2023-11-24 15:45:00,2.38,sl
ichi,BUY,2023-11-24 17:45:00,2023-11-24 19:40:00,1.11,sl
ichi,BUY,2023-11-27 03:30:00,2023-11-27 03:45:00,-5.67,sl
ichi,BUY,2023-11-27 05:45:00,2023-11-27 07:25:00,0.05,sl
ichi,BUY,2023-11-27 08:15:00,2023-11-27 11:55:00,1.84,sl
ichi,BUY,2023-11-27 12:30:00,2023-11-27 15:35:00,1.1,sl
ichi,BUY,2023-11-27 15:40:00,2023-11-27 17:05:00,-4.19,sl
ichi,BUY,2023-11-28 03:45:00,2023-11-28 09:45:00,-3.45,sl
orb,SELL,2023-11-28 09:55:00,2023-11-28 10:55:00,-3.79,sl
ichi,BUY,2023-11-28 15:45:00,2023-11-28 16:05:00,0.84,gap
orb,BUY,2023-11-28 15:45:00,2023-11-28 16:20:00,5.24,tp
ichi,BUY,2023-11-29 02:30:00,2023-11-29 02:50:00,3.41,sl
ichi,BUY,2023-11-29 07:15:00,2023-11-29 08:05:00,-3.75,sl
orb,SELL,2023-11-29 11:25:00,2023-11-29 11:30:00,4.11,tp
ichi,BUY,2023-11-29 16:45:00,2023-11-29 17:05:00,1.72,sl
ichi,BUY,2023-11-29 19:30:00,2023-11-29 21:20:00,2.82,sl
ichi,BUY,2023-11-30 01:15:00,2023-11-30 05:05:00,0.05,sl
ichi,SELL,2023-11-30 16:45:00,2023-11-30 18:50:00,-6.29,sl
ichi,BUY,2023-12-01 06:45:00,2023-12-01 08:25:00,1.07,sl
ichi,BUY,2023-12-01 10:45:00,2023-12-01 11:05:00,3.44,sl
orb,BUY,2023-12-01 10:50:00,2023-12-01 11:25:00,7.6,tp
orb,SELL,2023-12-01 14:00:00,2023-12-01 14:55:00,0.05,sl
ichi,BUY,2023-12-01 17:15:00,2023-12-01 17:25:00,4.81,gap
orb,SELL,2023-12-04 09:45:00,2023-12-04 10:00:00,9.66,tp
ichi,SELL,2023-12-04 17:30:00,2023-12-04 17:40:00,7.24,sl
ichi,SELL,2023-12-05 07:00:00,2023-12-05 10:15:00,-5.15,sl
ichi,SELL,2023-12-05 11:15:00,2023-12-05 12:35:00,3.0,sl
orb,SELL,2023-12-05 12:05:00,2023-12-05 13:25:00,5.9,tp
ichi,SELL,2023-12-05 16:15:00,2023-12-05 16:35:00,0.05,sl
ichi,SELL,2023-12-05 18:15:00,2023-12-06 07:45:00,-8.96,sl
ichi,SELL,2023-12-06 17:00:00,2023-12-06 17:45:00,-6.26,sl
ichi,SELL,2023-12-07 04:00:00,2023-12-07 04:35:00,-3.81,sl
ichi,SELL,2023-12-07 06:00:00,2023-12-07 09:00:00,-3.47,sl
orb,BUY,2023-12-07 09:05:00,2023-12-07 10:35:00,7.48,tp
ichi,BUY,2023-12-07 10:15:00,2023-12-07 10:50:00,2.12,sl
ichi,BUY,2023-12-07 13:45:00,2023-12-07 15:40:00,1.7,gap
ichi,BUY,2023-12-08 03:45:00,2023-12-08 05:30:00,1.1,sl
orb,SELL,2023-12-08 11:00:00,2023-12-08 12:05:00,-2.5,sl
ichi,SELL,2023-12-08 11:15:00,2023-12-08 12:05:00,-3.71,sl
ichi,SELL,2023-12-08 16:00:00,2023-12-08 16:15:00,10.38,tp
ichi,SELL,2023-12-08 17:45:00,2023-12-08 19:00:00,12.54,tp
ichi,SELL,2023-12-11 09:45:00,2023-12-11 10:00:00,4.73,sl
orb,SELL,2023-12-11 10:00:00,2023-12-11 10:20:00,-2.86,sl
ichi,SELL,2023-12-11 11:15:00,2023-12-11 12:45:00,0.05,sl
ichi,SELL,2023-12-11 15:15:00,2023-12-11 15:55:00,0.05,sl
orb,BUY,2023-12-12 15:10:00,2023-12-12 15:20:00,0.1,sl
ichi,SELL,2023-12-13 04:15:00,2023-12-13 08:20:00,4.05,tp
orb,SELL,2023-12-12 16:35:00,2023-12-13 09:40:00,0.05,sl
orb,BUY,2023-12-13 12:15:00,2023-12-13 14:15:00,-4.05,sl
ichi,BUY,2023-12-14 07:45:00,2023-12-14 08:25:00,1.87,sl
orb,BUY,2023-12-14 10:30:00,2023-12-14 10:40:00,-3.56,sl
ichi,BUY,2023-12-14 16:45:00,2023-12-14 17:30:00,-7.78,sl
orb,BUY,2023-12-15 09:45:00,2023-12-15 11:00:00,6.98,tp
ichi,BUY,2023-12-15 11:00:00,2023-12-15 11:15:00,2.29,sl
orb,SELL,2023-12-15 15:40:00,2023-12-15 16:15:00,-4.85,sl
ichi,SELL,2023-12-18 04:00:00,2023-12-18 07:30:00,-5.15,sl
ichi,SELL,2023-12-18 18:00:00,2023-12-18 19:45:00,-4.85,sl
ichi,SELL,2023-12-19 05:30:00,2023-12-19 06:45:00,0.05,sl
ichi,SELL,2023-12-19 09:15:00,2023-12-19 10:30:00,-3.44,sl
ichi,BUY,2023-12-19 13:15:00,2023-12-19 14:25:00,1.5,sl
orb,BUY,2023-12-19 14:20:00,2023-12-19 14:30:00,-3.62,sl
ichi,BUY,2023-12-19 14:45:00,2023-12-19 15:20:00,2.69,sl
ichi,BUY,2023-12-19 16:15:00,2023-12-19 16:40:00,2.81,sl
orb,BUY,2023-12-20 08:15:00,2023-12-20 08:20:00,-4.4,sl
ichi,BUY,2023-12-20 11:15:00,2023-12-20 11:45:00,-3.01,sl
orb,SELL,2023-12-20 12:30:00,2023-12-20 13:20:00,7.03,tp
ichi,BUY,2023-12-21 08:00:00,2023-12-21 12:40:00,-3.04,sl
ichi,SELL,2023-12-21 14:00:00,2023-12-21 14:30:00,-2.92,sl
orb,BUY,2023-12-21 14:40:00,2023-12-21 15:05:00,-4.77,sl
ichi,BUY,2023-12-21 15:45:00,2023-12-21 16:05:00,-5.42,sl
ichi,BUY,2023-12-22 02:45:00,2023-12-22 12:30:00,5.08,sl
orb,BUY,2023-12-22 12:20:00,2023-12-22 12:30:00,0.1,sl
ichi,BUY,2023-12-22 15:45:00,2023-12-22 15:55:00,3.4,sl
ichi,BUY,2023-12-26 10:30:00,2023-12-26 11:00:00,-3.01,sl
ichi,BUY,2023-12-27 05:30:00,2023-12-27 10:30:00,0.05,sl
orb,BUY,2023-12-27 11:25:00,2023-12-27 12:20:00,-3.84,sl
orb,SELL,2023-12-27 12:30:00,2023-12-27 13:10:00,-4.51,sl
ichi,BUY,2023-12-27 15:00:00,2023-12-27 15:25:00,0.05,sl
ichi,BUY,2023-12-27 16:45:00,2023-12-27 17:15:00,2.78,sl
ichi,BUY,2023-12-28 08:45:00,2023-12-28 10:10:00,-3.38,sl
orb,SELL,2023-12-28 10:30:00,2023-12-28 11:35:00,0.05,sl
ichi,SELL,2023-12-29 04:15:00,2023-12-29 07:55:00,-3.78,sl
orb,BUY,2023-12-29 08:00:00,2023-12-29 09:50:00,0.1,sl
ichi,BUY,2023-12-29 10:15:00,2023-12-29 10:55:00,-3.34,sl
orb,SELL,2023-12-29 12:00:00,2023-12-29 13:00:00,0.1,sl
ichi,SELL,2023-12-29 15:45:00,2023-12-29 16:00:00,4.33,sl
ichi,SELL,2023-12-29 17:30:00,2024-01-02 03:05:00,-5.42,sl
ichi,BUY,2024-01-02 11:15:00,2024-01-02 11:55:00,2.5,sl
orb,BUY,2024-01-02 11:40:00,2024-01-02 12:10:00,-2.97,sl
ichi,BUY,2024-01-02 12:45:00,2024-01-02 13:30:00,-4.42,sl
orb,SELL,2024-01-02 16:45:00,2024-01-02 17:00:00,-5.03,sl
ichi,SELL,2024-01-02 16:45:00,2024-01-02 17:40:00,7.07,sl
ichi,SELL,2024-01-02 20:15:00,2024-01-03 02:10:00,1.96,sl
ichi,SELL,2024-01-03 02:45:00,2024-01-03 04:10:00,-3.46,sl
ichi,SELL,2024-01-03 10:30:00,2024-01-03 11:35:00,1.66,sl
orb,SELL,2024-01-03 11:15:00,2024-01-03 12:20:00,4.47,tp
ichi,SELL,2024-01-03 17:15:00,2024-01-03 18:05:00,5.13,gap
ichi,SELL,2024-01-04 15:30:00,2024-01-04 15:45:00,3.6,sl
orb,SELL,2024-01-04 15:45:00,2024-01-04 17:10:00,-3.7,sl
ichi,SELL,2024-01-04 19:30:00,2024-01-05 03:10:00,-5.48,sl
ichi,SELL,2024-01-05 08:30:00,2024-01-05 08:45:00,0.05,sl
orb,SELL,2024-01-05 08:25:00,2024-01-05 08:55:00,0.1,sl
ichi,SELL,2024-01-05 10:00:00,2024-01-05 12:05:00,5.38,tp
ichi,SELL,2024-01-05 15:30:00,2024-01-05 15:30:00,8.44,tp
orb,BUY,2024-01-05 16:30:00,2024-01-05 17:05:00,13.18,tp
ichi,SELL,2024-01-08 05:45:00,2024-01-08 07:30:00,6.81,tp
orb,SELL,2024-01-08 11:20:00,2024-01-08 11:45:00,-3.28,sl
ichi,SELL,2024-01-08 13:30:00,2024-01-08 14:50:00,0.05,sl
ichi,SELL,2024-01-08 15:15:00,2024-01-08 16:55:00,-6.1,sl
orb,BUY,2024-01-09 09:25:00,2024-01-09 10:10:00,-3.02,sl
ichi,BUY,2024-01-09 15:45:00,2024-01-09 16:15:00,0.05,sl
ichi,SELL,2024-01-10 03:15:00,2024-01-10 03:40:00,-3.28,sl
ichi,SELL,2024-01-10 07:45:00,2024-01-10 08:15:00,2.15,sl
orb,SELL,2024-01-10 07:50:00,2024-01-10 09:15:00,-4.29,sl
orb,BUY,2024-01-10 10:10:00,2024-01-10 12:00:00,5.49,tp
ichi,SELL,2024-01-10 15:45:00,2024-01-10 16:50:00,2.35,sl
ichi,SELL,2024-01-10 18:00:00,2024-01-10 18:55:00,0.05,sl
ichi,BUY,2024-01-11 10:15:00,2024-01-11 14:10:00,0.05,sl
ichi,BUY,2024-01-11 15:15:00,2024-01-11 15:25:00,4.01,sl
orb,BUY,2024-01-11 15:25:00,2024-01-11 15:30:00,-3.18,sl
orb,BUY,2024-01-12 08:00:00,2024-01-12 09:00:00,-3.74,sl
ichi,BUY,2024-01-12 08:00:00,2024-01-12 09:35:00,1.85,gap
ichi,BUY,2024-01-12 10:00:00,2024-01-12 10:40:00,0.05,sl
ichi,BUY,2024-01-12 18:00:00,2024-01-12 19:05:00,-7.78,sl
ichi,BUY,2024-01-15 04:30:00,2024-01-15 06:00:00,1.43,sl
orb,BUY,2024-01-15 10:45:00,2024-01-15 11:00:00,-2.55,sl
ichi,BUY,2024-01-15 10:15:00,2024-01-15 11:50:00,-3.7,sl
ichi,BUY,2024-01-16 01:45:00,2024-01-16 02:25:00,-2.74,sl
ichi,SELL,2024-01-16 16:00:00,2024-01-16 18:15:00,1.74,gap
ichi,SELL,2024-01-16 18:20:00,2024-01-16 19:15:00,8.63,sl
ichi,SELL,2024-01-17 10:45:00,2024-01-17 11:30:00,1.34,sl
orb,SELL,2024-01-17 16:15:00,2024-01-17 17:05:00,8.64,tp
ichi,SELL,2024-01-17 16:15:00,2024-01-17 17:05:00,5.93,sl
orb,BUY,2024-01-18 08:25:00,2024-01-18 10:10:00,-4.38,sl
ichi,SELL,2024-01-18 15:45:00,2024-01-18 17:00:00,-5.1,sl
ichi,BUY,2024-01-19 10:45:00,2024-01-19 11:10:00,1.9,sl
orb,SELL,2024-01-22 06:45:00,2024-01-22 07:25:00,5.97,tp
ichi,SELL,2024-01-22 10:45:00,2024-01-22 14:05:00,-4.91,sl
ichi,SELL,2024-01-22 16:45:00,2024-01-22 17:10:00,-6.34,sl
ichi,SELL,2024-01-23 01:30:00,2024-01-23 04:35:00,-2.99,sl
ichi,SELL,2024-01-23 17:15:00,2024-01-23 21:30:00,-5.35,sl
ichi,BUY,2024-01-24 03:30:00,2024-01-24 04:15:00,-3.22,sl
ichi,BUY,2024-01-24 09:45:00,2024-01-24 11:20:00,0.05,sl
ichi,BUY,2024-01-24 15:15:00,2024-01-24 15:35:00,0.05,sl
ichi,SELL,2024-01-25 08:30:00,2024-01-25 09:15:00,0.05,sl
orb,SELL,2024-01-25 09:10:00,2024-01-25 09:15:00,-3.89,sl
orb,BUY,2024-01-25 09:35:00,2024-01-25 10:00:00,-2.41,sl
ichi,SELL,2024-01-25 10:45:00,2024-01-25 11:25:00,0.05,sl
orb,SELL,2024-01-26 11:10:00,2024-01-26 11:40:00,-4.34,sl
orb,BUY,2024-01-26 13:05:00,2024-01-26 14:25:00,-4.18,sl
ichi,BUY,2024-01-26 14:00:00,2024-01-26 14:35:00,-3.25,sl
ichi,BUY,2024-01-26 16:00:00,2024-01-26 16:30:00,-4.96,sl
ichi,BUY,2024-01-29 03:15:00,2024-01-29 07:10:00,0.05,sl
orb,BUY,2024-01-29 08:50:00,2024-01-29 09:25:00,6.49,tp
ichi,BUY,2024-01-29 14:30:00,2024-01-29 15:35:00,1.25,sl
ichi,BUY,2024-01-30 01:30:00,2024-01-30 03:05:00,1.21,sl
ichi,BUY,2024-01-30 05:00:00,2024-01-30 08:35:00,2.5,sl
orb,BUY,2024-01-30 08:15:00,2024-01-30 08:45:00,-3.67,sl
ichi,BUY,2024-01-30 09:45:00,2024-01-30 13:15:00,-3.48,sl
ichi,BUY,2024-01-30 16:15:00,2024-01-30 16:30:00,3.65,sl
orb,SELL,2024-01-30 17:30:00,2024-01-30 21:35:00,-5.34,sl
ichi,BUY,2024-01-31 09:15:00,2024-01-31 09:35:00,0.76,sl
orb,BUY,2024-01-31 10:25:00,2024-01-31 12:40:00,-4.5,sl
ichi,BUY,2024-01-31 14:15:00,2024-01-31 14:55:00,0.05,sl
ichi,BUY,2024-01-31 15:45:00,2024-01-31 16:00:00,0.05,sl
ichi,BUY,2024-01-31 18:30:00,2024-01-31 21:00:00,-6.29,sl
orb,SELL,2024-02-01 12:15:00,2024-02-01 12:40:00,4.34,tp
orb,BUY,2024-02-01 16:40:00,2024-02-01 17:00:00,-4.42,sl
ichi,BUY,2024-02-01 17:15:00,2024-02-01 18:15:00,8.2,sl
ichi,BUY,2024-02-02 10:15:00,2024-02-02 10:55:00,-3.24,sl
orb,BUY,2024-02-02 15:20:00,2024-02-02 15:20:00,-2.45,sl
ichi,BUY,2024-02-02 15:15:00,2024-02-02 15:25:00,-3.89,sl
orb,SELL,2024-02-02 15:30:00,2024-02-02 15:30:00,7.37,tp
ichi,SELL,2024-02-05 09:15:00,2024-02-05 10:30:00,6.69,tp
ichi,SELL,2024-02-05 14:30:00,2024-02-05 15:20:00,5.94,tp
orb,SELL,2024-02-05 15:25:00,2024-02-05 16:25:00,0.05,sl
ichi,SELL,2024-02-05 17:45:00,2024-02-05 19:00:00,-6.11,sl
ichi,SELL,2024-02-06 12:00:00,2024-02-06 13:30:00,-3.47,sl
ichi,SELL,2024-02-06 14:30:00,2024-02-06 15:05:00,-3.5,sl
orb,BUY,2024-02-06 15:10:00,2024-02-06 15:20:00,-2.56,sl
ichi,BUY,2024-02-06 17:15:00,2024-02-06 17:55:00,1.45,sl
ichi,BUY,2024-02-07 01:15:00,2024-02-07 08:20:00,-2.96,sl
ichi,BUY,2024-02-07 13:30:00,2024-02-07 14:10:00,-2.66,sl
orb,SELL,2024-02-07 14:35:00,2024-02-07 14:40:00,-4.06,sl
orb,BUY,2024-02-07 15:40:00,2024-02-07 16:30:00,-2.44,sl
ichi,BUY,2024-02-07 16:30:00,2024-02-07 16:45:00,7.23,tp
ichi,BUY,2024-02-07 18:15:00,2024-02-07 19:10:00,-5.73,sl
ichi,BUY,2024-02-08 04:15:00,2024-02-08 04:55:00,-2.75,sl
ichi,SELL,2024-02-08 09:45:00,2024-02-08 10:45:00,2.5,sl
orb,SELL,2024-02-08 10:20:00,2024-02-08 10:55:00,0.1,sl
orb,SELL,2024-02-09 10:15:00,2024-02-09 10:30:00,-3.57,sl
ichi,SELL,2024-02-09 11:15:00,2024-02-09 15:00:00,4.05,tp
orb,BUY,2024-02-09 15:35:00,2024-02-09 15:40:00,-3.97,sl
ichi,SELL,2024-02-12 07:45:00,2024-02-12 09:25:00,-4.17,sl
orb,BUY,2024-02-12 10:25:00,2024-02-12 10:45:00,-3.44,sl
orb,SELL,2024-02-12 11:45:00,2024-02-12 15:05:00,-3.65,sl
ichi,SELL,2024-02-13 05:00:00,2024-02-13 05:35:00,0.89,sl
ichi,SELL,2024-02-14 03:00:00,2024-02-14 03:25:00,2.46,sl
orb,SELL,2024-02-14 10:10:00,2024-02-14 10:35:00,0.05,sl
ichi,SELL,2024-02-14 10:15:00,2024-02-14 10:35:00,0.68,gap
ichi,SELL,2024-02-14 17:15:00,2024-02-14 18:25:00,-5.3,sl
orb,BUY,2024-02-15 09:35:00,2024-02-15 11:55:00,6.0,tp
ichi,BUY,2024-02-16 09:30:00,2024-02-16 09:55:00,0.05,sl
orb,BUY,2024-02-16 09:40:00,2024-02-16 09:55:00,-4.29,sl
ichi,BUY,2024-02-16 11:30:00,2024-02-16 13:00:00,0.05,sl
ichi,BUY,2024-02-16 15:30:00,2024-02-16 15:30:00,-3.9,sl
orb,SELL,2024-02-16 15:35:00,2024-02-16 15:45:00,-3.03,sl
ichi,BUY,2024-02-19 01:15:00,2024-02-19 02:35:00,2.38,sl
ichi,BUY,2024-02-19 04:00:00,2024-02-19 05:45:00,0.05,sl
orb,BUY,2024-02-19 09:25:00,2024-02-19 09:35:00,-3.27,sl
ichi,BUY,2024-02-19 09:45:00,2024-02-19 14:30:00,-3.15,sl
ichi,BUY,2024-02-20 04:15:00,2024-02-20 07:30:00,0.05,sl
ichi,BUY,2024-02-20 10:30:00,2024-02-20 11:45:00,1.56,sl
ichi,BUY,2024-02-20 17:00:00,2024-02-20 22:00:00,-4.12,sl
ichi,BUY,2024-02-21 15:15:00,2024-02-21 15:25:00,-3.25,sl
ichi,BUY,2024-02-21 17:15:00,2024-02-21 17:50:00,-3.93,sl
ichi,BUY,2024-02-22 09:15:00,2024-02-22 10:05:00,4.01,tp
ichi,BUY,2024-02-22 11:00:00,2024-02-22 11:25:00,-3.36,sl
orb,SELL,2024-02-22 15:25:00,2024-02-22 15:35:00,-0.33,gap
ichi,SELL,2024-02-22 17:15:00,2024-02-22 19:20:00,0.05,sl
ichi,SELL,2024-02-22 19:45:00,2024-02-22 20:25:00,2.02,sl
ichi,BUY,2024-02-23 04:45:00,2024-02-23 07:40:00,-2.92,sl
orb,SELL,2024-02-23 07:45:00,2024-02-23 08:20:00,6.99,tp
orb,BUY,2024-02-23 14:40:00,2024-02-23 15:20:00,0.05,sl
orb,BUY,2024-02-26 09:15:00,2024-02-26 10:40:00,0.1,sl
ichi,BUY,2024-02-26 12:15:00,2024-02-26 12:50:00,-3.34,sl
orb,SELL,2024-02-26 16:15:00,2024-02-26 16:45:00,0.05,sl
ichi,SELL,2024-02-26 18:00:00,2024-02-26 20:00:00,0.05,sl
ichi,BUY,2024-02-27 06:00:00,2024-02-27 08:40:00,0.05,sl
ichi,BUY,2024-02-27 09:00:00,2024-02-27 09:30:00,1.13,gap
ichi,BUY,2024-02-27 13:45:00,2024-02-27 15:45:00,-2.93,sl
ichi,SELL,2024-02-28 09:00:00,2024-02-28 10:05:00,0.63,sl
orb,SELL,2024-02-28 08:55:00,2024-02-28 11:00:00,4.8,tp
orb,BUY,2024-02-28 15:25:00,2024-02-28 15:40:00,0.05,sl
ichi,BUY,2024-02-28 19:45:00,2024-02-29 05:30:00,2.07,sl
ichi,BUY,2024-02-29 05:45:00,2024-02-29 09:10:00,0.89,sl
orb,BUY,2024-02-29 09:10:00,2024-02-29 09:25:00,-3.77,sl
ichi,BUY,2024-02-29 09:30:00,2024-02-29 09:50:00,0.12,gap
ichi,BUY,2024-02-29 11:00:00,2024-02-29 11:35:00,-2.51,sl
orb,SELL,2024-02-29 12:20:00,2024-02-29 12:45:00,6.05,tp
ichi,BUY,2024-03-01 08:15:00,2024-03-01 08:30:00,0.66,sl
ichi,BUY,2024-03-01 09:45:00,2024-03-01 10:00:00,-2.68,sl
orb,BUY,2024-03-01 17:20:00,2024-03-01 17:45:00,9.39,tp
orb,BUY,2024-03-04 09:45:00,2024-03-04 10:20:00,-3.81,sl
ichi,BUY,2024-03-04 10:30:00,2024-03-04 13:55:00,-3.3,sl
ichi,BUY,2024-03-04 16:00:00,2024-03-04 16:35:00,4.34,gap
orb,BUY,2024-03-05 07:35:00,2024-03-05 07:45:00,0.1,sl
ichi,BUY,2024-03-05 07:45:00,2024-03-05 09:15:00,-3.68,sl
ichi,BUY,2024-03-05 10:15:00,2024-03-05 10:35:00,2.5,gap
ichi,BUY,2024-03-05 15:00:00,2024-03-05 15:15:00,1.49,sl
ichi,BUY,2024-03-05 16:30:00,2024-03-05 17:05:00,-2.22,gap
ichi,BUY,2024-03-06 09:15:00,2024-03-06 09:45:00,0.05,sl
orb,BUY,2024-03-06 09:05:00,2024-03-06 09:50:00,0.1,sl
ichi,BUY,2024-03-06 12:00:00,2024-03-06 12:45:00,-4.21,sl
ichi,BUY,2024-03-06 13:45:00,2024-03-06 15:10:00,2.54,sl
ichi,BUY,2024-03-06 15:45:00,2024-03-06 16:00:00,2.37,sl
ichi,BUY,2024-03-06 17:15:00,2024-03-06 18:30:00,3.26,sl
ichi,BUY,2024-03-07 02:00:00,2024-03-07 04:45:00,2.24,sl
ichi,BUY,2024-03-07 06:15:00,2024-03-07 06:35:00,3.05,sl
ichi,BUY,2024-03-07 10:00:00,2024-03-07 10:40:00,1.38,gap
ichi,BUY,2024-03-07 11:30:00,2024-03-07 13:00:00,0.05,sl
ichi,BUY,2024-03-07 13:05:00,2024-03-07 15:05:00,7.08,tp
orb,BUY,2024-03-07 15:10:00,2024-03-07 15:35:00,0.05,sl
ichi,BUY,2024-03-07 15:10:00,2024-03-07 15:35:00,2.31,gap
ichi,BUY,2024-03-08 03:00:00,2024-03-08 04:05:00,-4.13,sl
ichi,BUY,2024-03-08 08:45:00,2024-03-08 10:30:00,3.34,sl
orb,BUY,2024-03-08 10:15:00,2024-03-08 10:30:00,4.12,tp
ichi,BUY,2024-03-08 15:45:00,2024-03-08 15:55:00,-9.51,sl
orb,SELL,2024-03-11 11:00:00,2024-03-11 11:45:00,-2.87,sl
ichi,BUY,2024-03-11 16:00:00,2024-03-11 16:00:00,-6.49,sl
ichi,BUY,2024-03-12 00:15:00,2024-03-12 05:05:00,-4.15,sl
orb,SELL,2024-03-12 13:20:00,2024-03-12 13:25:00,-2.36,sl
ichi,SELL,2024-03-12 15:00:00,2024-03-12 15:10:00,6.53,gap
orb,BUY,2024-03-13 12:40:00,2024-03-13 14:05:00,-0.54,gap
ichi,BUY,2024-03-13 16:30:00,2024-03-13 17:30:00,5.22,sl
ichi,BUY,2024-03-14 00:15:00,2024-03-14 03:10:00,1.04,sl
orb,SELL,2024-03-14 13:50:00,2024-03-14 14:20:00,0.02,gap
ichi,SELL,2024-03-14 14:15:00,2024-03-14 14:30:00,5.05,tp
ichi,SELL,2024-03-14 16:15:00,2024-03-14 17:20:00,0.05,sl
ichi,SELL,2024-03-14 20:00:00,2024-03-15 03:20:00,-5.88,sl
orb,BUY,2024-03-15 07:45:00,2024-03-15 09:50:00,0.1,sl
ichi,BUY,2024-03-15 09:45:00,2024-03-15 10:15:00,-3.32,sl
ichi,BUY,2024-03-15 12:00:00,2024-03-15 13:05:00,-4.12,sl
ichi,SELL,2024-03-15 15:15:00,2024-03-15 15:35:00,1.87,sl
orb,SELL,2024-03-15 14:40:00,2024-03-15 16:10:00,-3.76,sl
ichi,SELL,2024-03-15 17:30:00,2024-03-15 20:00:00,3.08,sl
ichi,SELL,2024-03-18 02:15:00,2024-03-18 03:25:00,3.43,sl
orb,BUY,2024-03-18 12:40:00,2024-03-18 13:10:00,6.97,tp
orb,SELL,2024-03-19 07:10:00,2024-03-19 08:05:00,5.85,tp
ichi,SELL,2024-03-19 11:30:00,2024-03-19 13:45:00,-4.59,sl
orb,SELL,2024-03-20 10:15:00,2024-03-20 10:25:00,-3.8,sl
ichi,SELL,2024-03-20 12:00:00,2024-03-20 12:30:00,0.87,sl
ichi,SELL,2024-03-20 14:00:00,2024-03-20 14:45:00,2.77,sl
ichi,SELL,2024-03-20 15:30:00,2024-03-20 15:45:00,-4.66,sl
orb,BUY,2024-03-20 16:05:00,2024-03-20 16:30:00,-4.14,sl
ichi,BUY,2024-03-21 04:45:00,2024-03-21 10:00:00,2.74,sl
ichi,BUY,2024-03-21 15:00:00,2024-03-21 15:25:00,-6.5,sl
orb,SELL,2024-03-21 16:00:00,2024-03-21 16:25:00,10.47,tp
orb,SELL,2024-03-22 08:50:00,2024-03-22 09:15:00,4.67,tp
orb,SELL,2024-03-25 09:10:00,2024-03-25 09:35:00,-2.56,sl
orb,BUY,2024-03-25 15:40:00,2024-03-25 20:00:00,-3.82,sl
ichi,BUY,2024-03-25 15:45:00,2024-03-25 21:05:00,-5.7,sl
ichi,BUY,2024-03-26 10:30:00,2024-03-26 10:50:00,0.05,sl
orb,BUY,2024-03-26 10:20:00,2024-03-26 11:00:00,4.21,tp
ichi,SELL,2024-03-27 04:15:00,2024-03-27 05:10:00,-4.09,sl
ichi,BUY,2024-03-27 08:15:00,2024-03-27 10:20:00,2.33,sl
orb,BUY,2024-03-27 10:20:00,2024-03-27 10:25:00,-4.17,sl
ichi,BUY,2024-03-27 11:15:00,2024-03-27 11:40:00,6.55,tp
ichi,BUY,2024-03-27 16:00:00,2024-03-28 07:55:00,4.13,sl
ichi,BUY,2024-03-28 10:45:00,2024-03-28 12:20:00,6.96,tp
orb,BUY,2024-03-28 12:20:00,2024-03-28 12:20:00,6.5,tp
ichi,BUY,2024-03-28 12:30:00,2024-03-28 13:00:00,6.58,sl
ichi,BUY,2024-03-28 16:45:00,2024-03-28 18:45:00,9.43,sl
orb,SELL,2024-04-01 17:10:00,2024-04-01 17:50:00,0.05,sl
ichi,BUY,2024-04-02 04:30:00,2024-04-02 06:25:00,3.48,sl
ichi,BUY,2024-04-02 07:00:00,2024-04-02 07:45:00,7.23,tp
orb,BUY,2024-04-02 07:45:00,2024-04-02 08:30:00,-2.83,sl
ichi,BUY,2024-04-02 11:00:00,2024-04-02 11:20:00,4.16,sl
ichi,BUY,2024-04-02 13:45:00,2024-04-02 14:15:00,-6.06,sl
ichi,BUY,2024-04-02 17:15:00,2024-04-02 17:35:00,0.05,sl
ichi,BUY,2024-04-03 04:30:00,2024-04-03 06:25:00,4.6,sl
orb,SELL,2024-04-03 10:15:00,2024-04-03 10:25:00,5.68,tp
ichi,BUY,2024-04-03 17:15:00,2024-04-03 18:00:00,2.15,sl
orb,SELL,2024-04-04 09:00:00,2024-04-04 09:10:00,-4.3,sl
ichi,BUY,2024-04-04 04:30:00,2024-04-04 10:10:00,-6.15,sl
ichi,BUY,2024-04-05 12:00:00,2024-04-05 13:20:00,5.15,sl
orb,BUY,2024-04-05 12:45:00,2024-04-05 14:10:00,0.05,sl
ichi,BUY,2024-04-05 16:00:00,2024-04-05 16:20:00,4.75,sl
ichi,BUY,2024-04-08 05:45:00,2024-04-08 15:20:00,-13.85,sl
ichi,BUY,2024-04-09 04:15:00,2024-04-09 04:35:00,2.73,sl
orb,BUY,2024-04-09 10:15:00,2024-04-09 10:20:00,-4.46,sl
ichi,BUY,2024-04-09 10:15:00,2024-04-09 12:25:00,9.52,tp
ichi,BUY,2024-04-09 17:15:00,2024-04-09 17:35:00,-9.06,sl
orb,BUY,2024-04-10 07:35:00,2024-04-10 08:20:00,4.1,tp
ichi,BUY,2024-04-10 10:30:00,2024-04-10 12:20:00,-5.62,sl
orb,SELL,2024-04-10 15:35:00,2024-04-10 15:35:00,-7.31,sl
ichi,SELL,2024-04-10 16:15:00,2024-04-10 16:45:00,-11.07,sl
orb,SELL,2024-04-11 11:15:00,2024-04-11 12:10:00,0.05,sl
orb,BUY,2024-04-11 16:50:00,2024-04-11 17:15:00,-6.13,sl
ichi,BUY,2024-04-12 08:45:00,2024-04-12 10:20:00,6.02,sl
orb,BUY,2024-04-12 10:10:00,2024-04-12 10:30:00,-4.54,sl
ichi,BUY,2024-04-12 12:00:00,2024-04-12 16:45:00,4.43,sl
ichi,SELL,2024-04-15 08:00:00,2024-04-15 10:05:00,2.65,sl
ichi,SELL,2024-04-15 11:30:00,2024-04-15 11:50:00,0.05,sl
orb,SELL,2024-04-15 11:35:00,2024-04-15 11:55:00,-5.44,sl
ichi,SELL,2024-04-15 16:45:00,2024-04-15 17:05:00,15.56,tp
ichi,BUY,2024-04-16 06:00:00,2024-04-16 09:30:00,-8.08,sl
orb,SELL,2024-04-16 09:35:00,2024-04-16 10:00:00,0.05,sl
ichi,BUY,2024-04-16 16:30:00,2024-04-16 16:55:00,-9.37,sl
ichi,BUY,2024-04-17 16:15:00,2024-04-17 16:40:00,2.73,sl
orb,BUY,2024-04-17 16:50:00,2024-04-17 17:00:00,-5.29,sl
ichi,SELL,2024-04-18 04:45:00,2024-04-18 05:35:00,-6.73,sl
orb,BUY,2024-04-18 13:25:00,2024-04-18 14:10:00,0.05,sl
ichi,BUY,2024-04-18 13:30:00,2024-04-18 14:35:00,1.22,gap
ichi,BUY,2024-04-18 15:15:00,2024-04-18 16:05:00,0.05,sl
ichi,BUY,2024-04-19 04:15:00,2024-04-19 04:25:00,2.01,sl
orb,SELL,2024-04-19 14:15:00,2024-04-19 14:35:00,-4.93,sl
ichi,SELL,2024-04-19 15:00:00,2024-04-19 16:35:00,-9.28,sl
ichi,SELL,2024-04-19 17:00:00,2024-04-19 17:20:00,-10.84,sl
ichi,SELL,2024-04-22 12:45:00,2024-04-22 14:05:00,10.31,tp
orb,SELL,2024-04-22 14:10:00,2024-04-22 14:15:00,7.39,tp
ichi,SELL,2024-04-23 02:15:00,2024-04-23 04:35:00,9.43,tp
ichi,SELL,2024-04-23 04:45:00,2024-04-23 04:55:00,4.09,gap
ichi,SELL,2024-04-23 11:45:00,2024-04-23 12:20:00,8.8,gap
orb,SELL,2024-04-23 12:20:00,2024-04-23 13:15:00,-5.49,sl
orb,SELL,2024-04-24 12:20:00,2024-04-24 13:15:00,-3.71,sl
ichi,SELL,2024-04-24 17:15:00,2024-04-24 17:35:00,-8.42,sl
ichi,SELL,2024-04-25 04:15:00,2024-04-25 05:00:00,-4.82,sl
ichi,SELL,2024-04-25 06:15:00,2024-04-25 06:45:00,-6.67,sl
orb,BUY,2024-04-25 09:55:00,2024-04-25 11:00:00,5.85,tp
ichi,BUY,2024-04-25 15:45:00,2024-04-25 15:55:00,2.23,sl
ichi,BUY,2024-04-26 08:00:00,2024-04-26 09:10:00,3.31,sl
ichi,BUY,2024-04-26 15:45:00,2024-04-26 15:50:00,-6.92,sl
ichi,SELL,2024-04-29 05:15:00,2024-04-29 06:55:00,0.05,sl
ichi,SELL,2024-04-29 07:00:00,2024-04-29 08:00:00,-6.5,sl
orb,BUY,2024-04-29 10:40:00,2024-04-29 12:00:00,0.05,sl
ichi,SELL,2024-04-29 16:45:00,2024-04-29 17:05:00,-7.89,sl
ichi,SELL,2024-04-30 05:00:00,2024-04-30 05:15:00,2.23,sl
ichi,SELL,2024-04-30 17:00:00,2024-04-30 17:15:00,4.22,sl
ichi,SELL,2024-05-01 03:30:00,2024-05-01 03:55:00,1.55,sl
ichi,SELL,2024-05-01 10:45:00,2024-05-01 12:05:00,-4.5,sl
orb,BUY,2024-05-01 13:55:00,2024-05-01 15:45:00,5.24,tp
ichi,SELL,2024-05-02 17:30:00,2024-05-02 20:45:00,-10.77,sl
ichi,SELL,2024-05-03 11:30:00,2024-05-03 14:15:00,1.52,sl
orb,SELL,2024-05-03 14:15:00,2024-05-03 14:25:00,-2.54,sl
orb,BUY,2024-05-03 15:35:00,2024-05-03 15:40:00,-7.51,sl
orb,BUY,2024-05-06 10:30:00,2024-05-06 10:35:00,5.88,tp
ichi,BUY,2024-05-06 15:45:00,2024-05-06 15:55:00,1.31,gap
ichi,BUY,2024-05-06 17:30:00,2024-05-07 04:25:00,0.05,sl
orb,SELL,2024-05-07 09:05:00,2024-05-07 10:35:00,-2.46,sl
ichi,SELL,2024-05-07 14:45:00,2024-05-07 15:05:00,1.63,sl
ichi,BUY,2024-05-07 16:45:00,2024-05-07 17:55:00,-6.57,sl
ichi,SELL,2024-05-08 04:45:00,2024-05-08 05:30:00,0.05,sl
ichi,BUY,2024-05-08 15:15:00,2024-05-08 16:15:00,-5.59,sl
ichi,BUY,2024-05-08 18:30:00,2024-05-08 22:15:00,-7.16,sl
ichi,SELL,2024-05-09 04:30:00,2024-05-09 05:25:00,0.05,sl
ichi,SELL,2024-05-09 11:30:00,2024-05-09 13:05:00,2.88,sl
ichi,BUY,2024-05-09 15:45:00,2024-05-09 16:10:00,-6.47,sl
ichi,BUY,2024-05-10 06:30:00,2024-05-10 08:30:00,3.45,sl
orb,BUY,2024-05-10 08:15:00,2024-05-10 09:10:00,4.21,tp
ichi,SELL,2024-05-13 15:00:00,2024-05-13 16:55:00,1.4,gap
ichi,SELL,2024-05-13 18:15:00,2024-05-13 19:00:00,0.05,sl
orb,BUY,2024-05-14 12:05:00,2024-05-14 13:35:00,-2.94,sl
ichi,BUY,2024-05-14 16:45:00,2024-05-14 17:05:00,5.91,sl
ichi,BUY,2024-05-14 19:45:00,2024-05-14 22:15:00,3.85,sl
ichi,BUY,2024-05-15 04:45:00,2024-05-15 07:30:00,1.86,sl
orb,BUY,2024-05-15 10:10:00,2024-05-15 10:35:00,0.05,sl
ichi,BUY,2024-05-15 10:15:00,2024-05-15 10:35:00,0.93,sl
ichi,BUY,2024-05-15 13:00:00,2024-05-15 14:05:00,-4.52,sl
ichi,BUY,2024-05-15 15:45:00,2024-05-15 16:15:00,-7.4,sl
orb,SELL,2024-05-15 16:55:00,2024-05-15 17:05:00,-8.81,sl
orb,SELL,2024-05-16 10:15:00,2024-05-16 10:20:00,-3.1,sl
ichi,BUY,2024-05-17 12:45:00,2024-05-17 14:40:00,2.9,sl
orb,BUY,2024-05-17 14:25:00,2024-05-17 15:50:00,4.36,tp
ichi,BUY,2024-05-17 15:45:00,2024-05-17 16:05:00,5.83,sl
ichi,BUY,2024-05-17 19:00:00,2024-05-17 19:55:00,0.05,sl
ichi,BUY,2024-05-20 01:30:00,2024-05-20 04:00:00,12.99,tp
orb,BUY,2024-05-20 08:30:00,2024-05-20 08:35:00,7.22,tp
ichi,BUY,2024-05-20 10:00:00,2024-05-20 12:35:00,4.16,sl
ichi,BUY,2024-05-20 13:00:00,2024-05-20 14:25:00,-9.02,sl
orb,SELL,2024-05-20 15:25:00,2024-05-20 16:00:00,0.05,sl
ichi,BUY,2024-05-21 01:30:00,2024-05-21 04:55:00,-7.47,sl
ichi,BUY,2024-05-21 17:00:00,2024-05-21 18:10:00,2.29,sl
orb,SELL,2024-05-22 11:30:00,2024-05-22 11:35:00,-3.46,sl
ichi,SELL,2024-05-22 14:45:00,2024-05-22 15:25:00,-6.43,sl
ichi,SELL,2024-05-22 16:15:00,2024-05-22 17:10:00,10.8,tp
ichi,SELL,2024-05-23 05:00:00,2024-05-23 06:30:00,1.89,sl
orb,SELL,2024-05-23 08:40:00,2024-05-23 08:55:00,5.94,tp
ichi,SELL,2024-05-23 09:45:00,2024-05-23 11:30:00,5.45,sl
ichi,SELL,2024-05-23 17:00:00,2024-05-23 17:20:00,7.44,sl
ichi,SELL,2024-05-24 05:30:00,2024-05-24 07:05:00,-6.53,sl
ichi,SELL,2024-05-24 18:30:00,2024-05-27 05:45:00,-7.75,sl
orb,BUY,2024-05-27 05:30:00,2024-05-27 05:50:00,4.6,tp
ichi,BUY,2024-05-28 01:15:00,2024-05-28 04:55:00,2.03,sl
ichi,BUY,2024-05-28 05:30:00,2024-05-28 09:00:00,-4.24,sl
orb,SELL,2024-05-28 09:05:00,2024-05-28 09:20:00,4.3,tp
orb,BUY,2024-05-28 15:40:00,2024-05-28 15:50:00,-3.71,sl
ichi,BUY,2024-05-28 18:00:00,2024-05-28 19:20:00,3.69,sl
ichi,BUY,2024-05-29 05:15:00,2024-05-29 08:40:00,0.05,sl
ichi,BUY,2024-05-29 08:45:00,2024-05-29 09:05:00,-4.33,sl
orb,SELL,2024-05-29 09:10:00,2024-05-29 09:45:00,0.05,sl
ichi,SELL,2024-05-29 16:15:00,2024-05-29 18:40:00,2.4,sl
ichi,SELL,2024-05-30 04:45:00,2024-05-30 05:45:00,3.53,sl
ichi,SELL,2024-05-30 08:45:00,2024-05-30 08:55:00,1.88,sl
orb,BUY,2024-05-30 14:00:00,2024-05-30 14:20:00,-3.62,sl
ichi,BUY,2024-05-31 04:30:00,2024-05-31 05:40:00,-4.33,sl
ichi,SELL,2024-05-31 06:15:00,2024-05-31 06:50:00,-4.95,sl
orb,BUY,2024-05-31 15:35:00,2024-05-31 15:35:00,-3.78,sl
ichi,BUY,2024-05-31 15:45:00,2024-05-31 16:05:00,4.81,sl
orb,SELL,2024-05-31 17:45:00,2024-05-31 19:15:00,0.05,sl
ichi,SELL,2024-06-03 01:15:00,2024-06-03 08:15:00,2.02,sl
ichi,SELL,2024-06-03 08:45:00,2024-06-03 09:55:00,-5.7,sl
orb,BUY,2024-06-03 13:45:00,2024-06-03 15:05:00,-3.33,sl
ichi,BUY,2024-06-03 18:15:00,2024-06-03 20:00:00,13.23,tp
ichi,BUY,2024-06-04 09:15:00,2024-06-04 09:50:00,-4.33,sl
orb,SELL,2024-06-04 10:05:00,2024-06-04 10:55:00,5.01,tp
ichi,SELL,2024-06-04 16:45:00,2024-06-04 17:00:00,-0.35,gap
ichi,SELL,2024-06-05 15:00:00,2024-06-05 15:15:00,-4.92,sl
orb,BUY,2024-06-05 15:55:00,2024-06-05 16:45:00,-3.97,sl
ichi,BUY,2024-06-05 17:00:00,2024-06-05 17:05:00,-7.65,sl
ichi,BUY,2024-06-06 04:00:00,2024-06-06 04:10:00,6.36,tp
ichi,BUY,2024-06-06 10:30:00,2024-06-06 11:15:00,-5.04,sl
orb,SELL,2024-06-06 16:05:00,2024-06-06 16:25:00,-5.02,sl
ichi,SELL,2024-06-10 04:00:00,2024-06-10 08:20:00,1.98,sl
ichi,SELL,2024-06-10 09:00:00,2024-06-10 09:10:00,0.05,sl
orb,SELL,2024-06-10 09:45:00,2024-06-10 09:55:00,-4.17,sl
ichi,SELL,2024-06-10 12:00:00,2024-06-10 13:55:00,-6.03,sl
orb,BUY,2024-06-10 14:40:00,2024-06-10 15:00:00,5.01,tp
ichi,SELL,2024-06-11 05:00:00,2024-06-11 05:20:00,1.82,sl
orb,SELL,2024-06-11 08:40:00,2024-06-11 09:10:00,-2.36,sl
orb,BUY,2024-06-11 15:20:00,2024-06-11 15:40:00,5.53,tp
ichi,BUY,2024-06-11 16:45:00,2024-06-11 19:20:00,-6.98,sl
orb,BUY,2024-06-12 09:25:00,2024-06-12 10:05:00,-2.22,sl
ichi,BUY,2024-06-12 09:30:00,2024-06-12 10:20:00,-3.7,sl
ichi,SELL,2024-06-12 12:45:00,2024-06-12 15:30:00,-11.11,gap
ichi,BUY,2024-06-12 16:45:00,2024-06-12 18:45:00,5.21,sl
ichi,SELL,2024-06-13 05:45:00,2024-06-13 13:20:00,-6.82,sl
orb,SELL,2024-06-13 14:40:00,2024-06-13 14:50:00,0.05,sl
orb,BUY,2024-06-13 15:40:00,2024-06-13 16:50:00,-6.34,sl
ichi,BUY,2024-06-14 17:30:00,2024-06-17 04:00:00,-8.84,sl
ichi,BUY,2024-06-17 17:30:00,2024-06-17 18:25:00,-6.57,sl
ichi,BUY,2024-06-18 04:45:00,2024-06-18 05:50:00,1.77,sl
orb,SELL,2024-06-18 09:55:00,2024-06-18 10:50:00,4.09,tp
ichi,SELL,2024-06-18 15:30:00,2024-06-18 15:30:00,-5.99,sl
ichi,BUY,2024-06-19 01:45:00,2024-06-19 06:30:00,0.05,sl
ichi,BUY,2024-06-19 06:35:00,2024-06-19 10:05:00,0.86,sl
ichi,BUY,2024-06-19 10:15:00,2024-06-19 11:25:00,3.34,sl
orb,BUY,2024-06-18 16:55:00,2024-06-19 17:00:00,0.05,sl
ichi,BUY,2024-06-20 04:00:00,2024-06-20 04:10:00,2.95,gap
orb,BUY,2024-06-20 16:50:00,2024-06-20 17:20:00,8.97,tp
ichi,BUY,2024-06-20 18:45:00,2024-06-21 04:15:00,5.32,sl
orb,BUY,2024-06-21 08:55:00,2024-06-21 09:05:00,-3.22,sl
orb,SELL,2024-06-21 10:05:00,2024-06-21 10:40:00,-2.56,sl
ichi,SELL,2024-06-24 13:00:00,2024-06-24 16:25:00,-5.7,sl
orb,BUY,2024-06-24 16:35:00,2024-06-24 16:50:00,-3.85,sl
ichi,SELL,2024-06-25 08:45:00,2024-06-25 09:35:00,0.05,sl
ichi,SELL,2024-06-25 10:45:00,2024-06-25 11:50:00,-4.19,sl
orb,BUY,2024-06-25 13:10:00,2024-06-25 14:20:00,-2.69,sl
orb,SELL,2024-06-25 16:05:00,2024-06-25 16:50:00,0.05,sl
ichi,SELL,2024-06-25 17:15:00,2024-06-25 18:35:00,5.04,sl
ichi,SELL,2024-06-26 01:45:00,2024-06-26 03:15:00,-4.04,sl
ichi,SELL,2024-06-26 04:45:00,2024-06-26 04:55:00,1.51,sl
orb,SELL,2024-06-26 09:05:00,2024-06-26 09:30:00,-2.78,sl
ichi,SELL,2024-06-26 09:45:00,2024-06-26 13:30:00,5.14,sl
ichi,SELL,2024-06-26 14:45:00,2024-06-26 15:35:00,-6.28,sl
ichi,SELL,2024-06-26 16:15:00,2024-06-26 16:35:00,5.93,gap
ichi,SELL,2024-06-27 04:00:00,2024-06-27 05:05:00,0.05,sl
orb,BUY,2024-06-27 07:10:00,2024-06-27 07:15:00,-2.99,sl
orb,SELL,2024-06-27 09:05:00,2024-06-27 09:20:00,-2.01,sl
orb,BUY,2024-06-28 10:50:00,2024-06-28 11:50:00,0.05,sl
ichi,BUY,2024-07-01 12:00:00,2024-07-01 12:30:00,1.45,sl
ichi,BUY,2024-07-01 16:45:00,2024-07-01 17:20:00,-6.76,sl
ichi,BUY,2024-07-02 04:00:00,2024-07-02 06:05:00,-3.16,sl
orb,SELL,2024-07-02 10:20:00,2024-07-02 10:45:00,-2.61,sl
orb,BUY,2024-07-02 16:50:00,2024-07-02 17:00:00,-4.35,sl
ichi,BUY,2024-07-04 04:30:00,2024-07-04 05:45:00,-3.99,sl
ichi,BUY,2024-07-04 06:30:00,2024-07-04 08:20:00,-4.08,sl
orb,SELL,2024-07-04 09:15:00,2024-07-04 09:30:00,3.61,tp
ichi,BUY,2024-07-04 16:45:00,2024-07-04 17:05:00,0.05,sl
ichi,BUY,2024-07-05 04:15:00,2024-07-05 04:50:00,-2.91,sl
ichi,BUY,2024-07-05 06:15:00,2024-07-05 08:05:00,1.75,sl
ichi,BUY,2024-07-05 14:00:00,2024-07-05 15:20:00,1.69,sl
orb,BUY,2024-07-05 15:20:00,2024-07-05 15:30:00,-4.53,gap
orb,SELL,2024-07-05 15:35:00,2024-07-05 16:10:00,-6.61,sl
ichi,BUY,2024-07-08 01:15:00,2024-07-08 05:40:00,-5.81,sl
orb,SELL,2024-07-09 10:30:00,2024-07-09 11:15:00,-2.42,sl
ichi,SELL,2024-07-09 14:15:00,2024-07-09 14:50:00,1.27,sl
orb,BUY,2024-07-09 17:05:00,2024-07-09 17:55:00,-5.53,sl
ichi,BUY,2024-07-10 06:30:00,2024-07-10 08:50:00,0.05,sl
ichi,BUY,2024-07-10 09:30:00,2024-07-10 10:05:00,2.52,sl
orb,BUY,2024-07-10 13:40:00,2024-07-10 13:45:00,-2.01,sl
ichi,BUY,2024-07-10 16:15:00,2024-07-10 16:55:00,4.34,sl
ichi,BUY,2024-07-11 11:15:00,2024-07-11 14:50:00,-4.29,sl
orb,BUY,2024-07-11 15:35:00,2024-07-11 16:20:00,10.05,tp
ichi,BUY,2024-07-11 15:45:00,2024-07-11 16:30:00,0.05,sl
orb,SELL,2024-07-12 08:40:00,2024-07-12 08:40:00,-2.3,sl
orb,SELL,2024-07-15 09:30:00,2024-07-15 10:35:00,0.05,sl
ichi,BUY,2024-07-15 13:00:00,2024-07-15 13:25:00,1.42,sl
orb,BUY,2024-07-15 13:55:00,2024-07-15 15:10:00,4.96,tp
ichi,BUY,2024-07-15 16:45:00,2024-07-15 17:10:00,5.31,sl
ichi,BUY,2024-07-16 12:00:00,2024-07-16 12:30:00,2.17,sl
ichi,BUY,2024-07-16 16:45:00,2024-07-16 18:10:00,7.83,sl
ichi,BUY,2024-07-17 04:15:00,2024-07-17 04:25:00,2.3,sl
ichi,BUY,2024-07-17 06:00:00,2024-07-17 06:20:00,-7.55,sl
ichi,BUY,2024-07-17 16:15:00,2024-07-17 16:40:00,0.05,sl
orb,BUY,2024-07-17 17:00:00,2024-07-17 17:00:00,-6.71,sl
orb,SELL,2024-07-19 09:10:00,2024-07-19 09:55:00,-4.28,sl
ichi,SELL,2024-07-19 10:15:00,2024-07-19 10:45:00,1.98,sl
ichi,SELL,2024-07-19 17:15:00,2024-07-19 18:00:00,0.05,sl
ichi,SELL,2024-07-19 19:30:00,2024-07-19 20:35:00,2.94,sl
ichi,SELL,2024-07-22 09:00:00,2024-07-22 09:20:00,1.04,gap
orb,SELL,2024-07-22 09:15:00,2024-07-22 09:45:00,-3.98,sl
ichi,SELL,2024-07-22 10:45:00,2024-07-22 13:45:00,-5.68,sl
ichi,SELL,2024-07-22 16:15:00,2024-07-22 16:40:00,0.05,sl
orb,SELL,2024-07-23 08:25:00,2024-07-23 09:10:00,4.26,tp
orb,BUY,2024-07-23 11:45:00,2024-07-23 12:30:00,0.05,sl
ichi,BUY,2024-07-24 04:15:00,2024-07-24 04:20:00,-4.34,sl
ichi,BUY,2024-07-24 06:00:00,2024-07-24 06:30:00,1.82,sl
orb,BUY,2024-07-24 15:20:00,2024-07-24 15:25:00,-3.21,sl
ichi,BUY,2024-07-24 16:30:00,2024-07-24 16:45:00,3.92,sl
ichi,SELL,2024-07-25 04:30:00,2024-07-25 04:40:00,14.27,tp
orb,SELL,2024-07-25 10:15:00,2024-07-25 10:15:00,-5.12,sl
ichi,SELL,2024-07-25 12:30:00,2024-07-25 13:50:00,-8.33,sl
orb,BUY,2024-07-26 16:05:00,2024-07-26 17:00:00,8.2,tp
ichi,BUY,2024-07-26 18:00:00,2024-07-26 20:05:00,4.49,sl
ichi,BUY,2024-07-29 01:15:00,2024-07-29 01:25:00,0.05,sl
ichi,BUY,2024-07-29 06:15:00,2024-07-29 11:20:00,-6.34,sl
orb,SELL,2024-07-29 11:30:00,2024-07-29 12:00:00,-3.97,sl
ichi,SELL,2024-07-29 21:00:00,2024-07-30 06:50:00,-7.56,sl
ichi,BUY,2024-07-30 13:30:00,2024-07-30 14:00:00,1.08,sl
orb,BUY,2024-07-30 14:00:00,2024-07-30 14:45:00,-2.77,sl
ichi,BUY,2024-07-30 16:30:00,2024-07-30 17:00:00,-5.44,sl
ichi,BUY,2024-07-31 04:45:00,2024-07-31 05:10:00,-5.42,sl
ichi,BUY,2024-07-31 06:15:00,2024-07-31 07:05:00,0.05,sl
ichi,BUY,2024-07-31 12:45:00,2024-07-31 16:45:00,2.42,sl
ichi,BUY,2024-07-31 16:50:00,2024-07-31 17:10:00,1.92,sl
orb,BUY,2024-07-31 16:50:00,2024-07-31 17:20:00,0.05,sl
orb,SELL,2024-08-01 11:30:00,2024-08-01 13:20:00,0.05,sl
orb,BUY,2024-08-01 17:05:00,2024-08-01 17:05:00,-8.24,sl
ichi,BUY,2024-08-02 13:15:00,2024-08-02 15:15:00,-6.44,sl
orb,BUY,2024-08-02 15:35:00,2024-08-02 16:00:00,-6.7,sl
orb,SELL,2024-08-05 14:00:00,2024-08-05 14:20:00,12.36,tp
ichi,SELL,2024-08-06 08:45:00,2024-08-06 09:20:00,7.63,sl
orb,SELL,2024-08-06 08:50:00,2024-08-06 09:20:00,0.05,sl
ichi,SELL,2024-08-07 01:30:00,2024-08-07 03:00:00,2.88,sl
ichi,SELL,2024-08-07 04:30:00,2024-08-07 05:30:00,-7.32,sl
ichi,SELL,2024-08-07 06:00:00,2024-08-07 07:20:00,-7.4,sl
orb,BUY,2024-08-07 07:30:00,2024-08-07 08:45:00,0.05,sl
ichi,SELL,2024-08-07 20:15:00,2024-08-07 21:25:00,4.48,sl
ichi,SELL,2024-08-08 03:45:00,2024-08-08 04:05:00,-4.98,sl
orb,BUY,2024-08-08 13:45:00,2024-08-08 14:10:00,6.57,tp
ichi,BUY,2024-08-08 16:30:00,2024-08-08 16:45:00,0.05,sl
ichi,BUY,2024-08-09 03:45:00,2024-08-09 04:55:00,0.05,sl
ichi,BUY,2024-08-09 05:15:00,2024-08-09 06:45:00,-5.75,sl
ichi,BUY,2024-08-09 12:00:00,2024-08-09 14:20:00,5.72,sl
orb,BUY,2024-08-09 13:45:00,2024-08-09 14:35:00,-3.06,sl
ichi,BUY,2024-08-09 15:45:00,2024-08-09 16:35:00,1.73,gap
ichi,BUY,2024-08-09 17:15:00,2024-08-09 17:40:00,2.63,gap
ichi,BUY,2024-08-12 01:30:00,2024-08-12 02:30:00,-5.35,gap
ichi,BUY,2024-08-12 09:00:00,2024-08-12 10:20:00,2.55,sl
orb,BUY,2024-08-12 15:35:00,2024-08-12 16:00:00,-2.7,sl
ichi,BUY,2024-08-12 16:45:00,2024-08-12 16:55:00,2.05,sl
ichi,BUY,2024-08-13 04:00:00,2024-08-13 04:10:00,-5.86,sl
orb,SELL,2024-08-13 07:50:00,2024-08-13 08:50:00,-2.67,sl
ichi,BUY,2024-08-13 15:45:00,2024-08-13 15:50:00,-6.2,sl
ichi,BUY,2024-08-13 17:30:00,2024-08-13 18:25:00,0.05,sl
ichi,BUY,2024-08-14 04:15:00,2024-08-14 04:30:00,2.28,sl
orb,BUY,2024-08-14 11:40:00,2024-08-14 13:15:00,-3.59,sl
orb,BUY,2024-08-15 07:00:00,2024-08-15 08:30:00,-2.27,sl
ichi,BUY,2024-08-15 11:45:00,2024-08-15 13:30:00,2.07,sl
orb,SELL,2024-08-15 16:00:00,2024-08-15 16:15:00,0.05,sl
ichi,BUY,2024-08-16 04:00:00,2024-08-16 05:20:00,-4.09,sl
ichi,SELL,2024-08-16 10:15:00,2024-08-16 10:40:00,0.05,sl
orb,BUY,2024-08-16 10:55:00,2024-08-16 14:05:00,6.51,tp
ichi,BUY,2024-08-19 09:15:00,2024-08-19 13:05:00,-6.3,sl
orb,SELL,2024-08-19 13:25:00,2024-08-19 14:00:00,5.41,tp
ichi,BUY,2024-08-20 01:15:00,2024-08-20 04:05:00,0.05,sl
ichi,BUY,2024-08-20 04:45:00,2024-08-20 05:05:00,-4.73,sl
orb,SELL,2024-08-20 09:10:00,2024-08-20 09:25:00,-2.51,sl
orb,BUY,2024-08-20 10:40:00,2024-08-20 11:00:00,7.04,tp
ichi,BUY,2024-08-20 10:45:00,2024-08-20 11:10:00,5.39,sl
ichi,BUY,2024-08-21 05:00:00,2024-08-21 05:30:00,0.05,sl
ichi,BUY,2024-08-21 07:00:00,2024-08-21 09:10:00,-5.31,sl
ichi,BUY,2024-08-21 09:30:00,2024-08-21 10:00:00,-5.97,sl
orb,SELL,2024-08-21 10:45:00,2024-08-21 13:30:00,0.05,sl
ichi,BUY,2024-08-22 03:00:00,2024-08-22 04:40:00,-4.5,sl
ichi,SELL,2024-08-22 10:30:00,2024-08-22 12:15:00,2.02,sl
ichi,SELL,2024-08-22 14:45:00,2024-08-22 15:15:00,3.0,sl
orb,SELL,2024-08-22 14:40:00,2024-08-22 15:20:00,0.05,sl
ichi,SELL,2024-08-22 16:15:00,2024-08-22 16:30:00,11.64,tp
ichi,BUY,2024-08-23 13:15:00,2024-08-23 15:10:00,2.85,sl
ichi,BUY,2024-08-23 17:00:00,2024-08-23 17:00:00,12.2,tp
ichi,BUY,2024-08-26 04:00:00,2024-08-26 10:50:00,5.71,sl
orb,SELL,2024-08-27 11:00:00,2024-08-27 11:00:00,-4.55,sl
ichi,SELL,2024-08-27 11:15:00,2024-08-27 16:30:00,2.57,gap
ichi,BUY,2024-08-27 17:15:00,2024-08-27 18:25:00,0.05,sl
ichi,BUY,2024-08-27 18:45:00,2024-08-27 21:25:00,11.59,tp
orb,SELL,2024-08-28 13:50:00,2024-08-28 14:50:00,0.05,sl
ichi,SELL,2024-08-28 19:30:00,2024-08-28 21:40:00,-8.25,sl
orb,BUY,2024-08-29 06:35:00,2024-08-29 08:00:00,0.05,sl
ichi,BUY,2024-08-29 10:15:00,2024-08-29 11:20:00,1.18,sl
ichi,BUY,2024-08-29 12:15:00,2024-08-29 13:05:00,3.64,sl
orb,SELL,2024-08-29 15:50:00,2024-08-29 16:00:00,-5.36,sl
ichi,SELL,2024-08-29 16:30:00,2024-08-29 16:55:00,-7.66,sl
ichi,BUY,2024-08-29 18:45:00,2024-08-29 20:45:00,3.18,sl
ichi,SELL,2024-08-30 08:45:00,2024-08-30 09:20:00,-3.84,sl
ichi,BUY,2024-08-30 15:30:00,2024-08-30 15:40:00,-6.55,sl
orb,SELL,2024-08-30 17:10:00,2024-08-30 17:35:00,10.25,tp
orb,BUY,2024-09-02 11:45:00,2024-09-02 12:20:00,-3.75,sl
ichi,SELL,2024-09-03 05:30:00,2024-09-03 09:55:00,-4.3,sl
orb,BUY,2024-09-03 10:30:00,2024-09-03 11:30:00,5.19,tp
ichi,SELL,2024-09-03 14:30:00,2024-09-03 14:45:00,8.75,tp
orb,SELL,2024-09-03 14:50:00,2024-09-03 15:00:00,-4.35,sl
ichi,SELL,2024-09-03 16:00:00,2024-09-03 16:40:00,12.74,tp
orb,SELL,2024-09-04 09:25:00,2024-09-04 09:30:00,3.95,tp
orb,BUY,2024-09-04 17:05:00,2024-09-04 18:40:00,0.05,sl
ichi,BUY,2024-09-05 04:30:00,2024-09-05 07:00:00,-3.81,sl
ichi,BUY,2024-09-05 09:00:00,2024-09-05 09:15:00,1.48,sl
ichi,BUY,2024-09-05 16:30:00,2024-09-05 17:00:00,-7.29,sl
ichi,BUY,2024-09-06 04:15:00,2024-09-06 05:00:00,-2.99,sl
ichi,BUY,2024-09-06 12:45:00,2024-09-06 14:40:00,-3.61,sl
orb,SELL,2024-09-06 15:15:00,2024-09-06 15:20:00,-2.76,sl
orb,BUY,2024-09-06 15:35:00,2024-09-06 16:00:00,-6.48,sl
ichi,BUY,2024-09-06 15:45:00,2024-09-06 16:00:00,-7.69,sl
ichi,SELL,2024-09-09 08:45:00,2024-09-09 09:00:00,1.33,sl
orb,BUY,2024-09-09 15:30:00,2024-09-09 16:00:00,-2.94,sl
ichi,BUY,2024-09-10 10:30:00,2024-09-10 10:40:00,0.05,sl
ichi,BUY,2024-09-10 14:00:00,2024-09-10 15:50:00,3.48,sl
ichi,BUY,2024-09-11 04:15:00,2024-09-11 04:35:00,1.67,sl
ichi,BUY,2024-09-11 06:15:00,2024-09-11 08:30:00,1.85,sl
ichi,BUY,2024-09-11 09:00:00,2024-09-11 09:15:00,3.08,sl
orb,BUY,2024-09-11 09:05:00,2024-09-11 09:35:00,3.92,tp
ichi,BUY,2024-09-11 11:45:00,2024-09-11 13:05:00,-5.39,sl
orb,SELL,2024-09-11 15:35:00,2024-09-11 16:00:00,0.05,sl
ichi,BUY,2024-09-12 11:30:00,2024-09-12 13:45:00,-3.83,sl
orb,BUY,2024-09-12 15:25:00,2024-09-12 15:30:00,-3.17,sl
ichi,BUY,2024-09-12 15:45:00,2024-09-12 15:55:00,4.67,sl
ichi,BUY,2024-09-13 04:30:00,2024-09-13 06:35:00,5.34,sl
ichi,BUY,2024-09-13 09:30:00,2024-09-13 11:15:00,0.05,sl
ichi,BUY,2024-09-13 12:00:00,2024-09-13 12:55:00,0.05,sl
orb,BUY,2024-09-13 15:50:00,2024-09-13 16:15:00,5.74,tp
ichi,BUY,2024-09-13 17:15:00,2024-09-13 19:20:00,4.99,sl
ichi,BUY,2024-09-16 06:30:00,2024-09-16 09:10:00,1.76,sl
orb,SELL,2024-09-16 13:55:00,2024-09-16 14:00:00,-3.33,sl
ichi,SELL,2024-09-17 17:45:00,2024-09-17 18:35:00,5.7,sl
orb,BUY,2024-09-18 13:35:00,2024-09-18 14:55:00,0.05,sl
ichi,BUY,2024-09-18 16:00:00,2024-09-18 16:50:00,-4.95,sl
ichi,SELL,2024-09-18 18:45:00,2024-09-18 21:00:00,-6.45,sl
ichi,BUY,2024-09-20 01:30:00,2024-09-20 05:55:00,3.15,sl
ichi,BUY,2024-09-20 17:30:00,2024-09-20 18:10:00,0.05,sl
ichi,BUY,2024-09-23 01:15:00,2024-09-23 05:40:00,2.56,sl
ichi,BUY,2024-09-23 05:45:00,2024-09-23 06:25:00,7.41,tp
ichi,BUY,2024-09-23 15:45:00,2024-09-23 16:00:00,1.57,sl
orb,BUY,2024-09-23 16:45:00,2024-09-23 17:00:00,0.05,sl
ichi,BUY,2024-09-23 18:15:00,2024-09-24 07:05:00,4.47,sl
orb,BUY,2024-09-24 17:45:00,2024-09-24 18:50:00,0.05,sl
ichi,BUY,2024-09-25 03:15:00,2024-09-25 04:05:00,2.41,sl
ichi,BUY,2024-09-25 05:00:00,2024-09-25 05:30:00,2.57,sl
ichi,BUY,2024-09-25 16:15:00,2024-09-25 17:10:00,0.05,sl
ichi,BUY,2024-09-26 03:45:00,2024-09-26 05:00:00,0.05,sl
ichi,BUY,2024-09-26 05:30:00,2024-09-26 05:45:00,-4.55,sl
ichi,BUY,2024-09-26 09:30:00,2024-09-26 10:10:00,0.05,sl
ichi,BUY,2024-09-27 03:00:00,2024-09-27 04:35:00,-4.31,sl
ichi,BUY,2024-09-27 15:45:00,2024-09-27 16:25:00,-6.69,sl
orb,BUY,2024-09-27 15:50:00,2024-09-27 16:25:00,-4.89,sl
orb,SELL,2024-09-27 17:25:00,2024-09-27 18:00:00,10.69,tp
ichi,SELL,2024-09-30 11:00:00,2024-09-30 11:30:00,-6.14,sl
orb,SELL,2024-09-30 13:20:00,2024-09-30 13:35:00,5.74,tp
ichi,BUY,2024-10-01 14:45:00,2024-10-01 14:55:00,1.53,sl
ichi,BUY,2024-10-01 16:30:00,2024-10-01 16:35:00,11.54,tp
ichi,SELL,2024-10-02 14:00:00,2024-10-02 15:20:00,0.05,sl
orb,SELL,2024-10-02 15:30:00,2024-10-02 15:30:00,-4.91,sl
ichi,SELL,2024-10-02 15:30:00,2024-10-02 15:35:00,-6.78,sl
orb,BUY,2024-10-02 17:10:00,2024-10-02 17:25:00,-5.52,sl
ichi,BUY,2024-10-02 17:30:00,2024-10-02 18:00:00,-8.66,sl
ichi,SELL,2024-10-03 15:45:00,2024-10-03 16:10:00,0.05,sl
orb,SELL,2024-10-03 17:05:00,2024-10-03 17:10:00,-6.68,sl
orb,SELL,2024-10-04 15:35:00,2024-10-04 15:35:00,-5.9,sl
ichi,SELL,2024-10-07 05:00:00,2024-10-07 09:10:00,3.73,sl
orb,SELL,2024-10-07 08:25:00,2024-10-07 09:20:00,0.05,sl
orb,BUY,2024-10-07 11:05:00,2024-10-07 11:15:00,0.05,sl
ichi,SELL,2024-10-07 16:30:00,2024-10-07 17:05:00,2.97,sl
ichi,SELL,2024-10-08 02:30:00,2024-10-08 04:10:00,3.4,sl
ichi,SELL,2024-10-08 04:15:00,2024-10-08 04:40:00,0.05,sl
ichi,SELL,2024-10-08 06:15:00,2024-10-08 10:05:00,5.9,sl
orb,SELL,2024-10-08 10:05:00,2024-10-08 10:10:00,-4.46,sl
ichi,SELL,2024-10-08 10:30:00,2024-10-08 11:25:00,2.45,gap
orb,BUY,2024-10-08 14:25:00,2024-10-08 15:30:00,-3.98,sl
ichi,BUY,2024-10-08 15:45:00,2024-10-08 16:25:00,-7.92,sl
orb,SELL,2024-10-09 16:40:00,2024-10-09 18:00:00,-5.42,sl
ichi,SELL,2024-10-10 03:15:00,2024-10-10 04:00:00,-3.95,sl
orb,BUY,2024-10-10 10:45:00,2024-10-10 14:20:00,0.05,sl
ichi,BUY,2024-10-10 16:15:00,2024-10-10 17:05:00,6.55,sl
ichi,BUY,2024-10-10 19:15:00,2024-10-10 19:55:00,-8.72,sl
ichi,BUY,2024-10-11 10:15:00,2024-10-11 11:05:00,2.67,sl
orb,BUY,2024-10-11 15:25:00,2024-10-11 15:35:00,0.05,sl
ichi,BUY,2024-10-11 16:15:00,2024-10-11 16:45:00,2.26,gap
ichi,BUY,2024-10-14 12:15:00,2024-10-14 13:55:00,-5.57,sl
ichi,BUY,2024-10-15 15:15:00,2024-10-15 15:35:00,4.2,sl
ichi,BUY,2024-10-15 16:45:00,2024-10-15 17:25:00,6.81,sl
orb,BUY,2024-10-16 08:50:00,2024-10-16 09:10:00,4.72,tp
ichi,BUY,2024-10-16 09:15:00,2024-10-16 09:30:00,2.11,sl
ichi,BUY,2024-10-16 14:30:00,2024-10-16 15:15:00,0.05,sl
ichi,BUY,2024-10-16 16:45:00,2024-10-16 16:50:00,-7.53,sl
ichi,BUY,2024-10-17 03:30:00,2024-10-17 04:10:00,1.59,sl
ichi,BUY,2024-10-17 05:45:00,2024-10-17 06:35:00,-4.42,sl
ichi,BUY,2024-10-17 09:30:00,2024-10-17 09:45:00,0.05,sl
orb,BUY,2024-10-17 09:45:00,2024-10-17 09:55:00,-3.2,sl
ichi,BUY,2024-10-17 11:15:00,2024-10-17 12:20:00,-5.39,sl
ichi,BUY,2024-10-17 13:15:00,2024-10-17 14:10:00,3.0,sl
orb,SELL,2024-10-17 15:35:00,2024-10-17 15:55:00,-4.33,sl
ichi,BUY,2024-10-18 04:15:00,2024-10-18 04:35:00,6.53,tp
ichi,BUY,2024-10-18 09:45:00,2024-10-18 12:40:00,3.73,sl
orb,BUY,2024-10-18 15:30:00,2024-10-18 15:50:00,-3.54,sl
ichi,BUY,2024-10-18 16:45:00,2024-10-18 17:45:00,4.29,sl
ichi,BUY,2024-10-21 04:15:00,2024-10-21 06:15:00,1.4,sl
ichi,BUY,2024-10-21 10:00:00,2024-10-21 12:30:00,3.61,sl
orb,BUY,2024-10-21 11:25:00,2024-10-21 13:05:00,0.05,sl
ichi,BUY,2024-10-21 14:00:00,2024-10-21 14:50:00,1.88,sl
ichi,BUY,2024-10-22 11:15:00,2024-10-22 11:30:00,2.08,sl
ichi,BUY,2024-10-22 13:15:00,2024-10-22 14:00:00,2.58,sl
ichi,BUY,2024-10-22 15:30:00,2024-10-22 16:35:00,1.55,sl
ichi,BUY,2024-10-22 17:00:00,2024-10-22 17:25:00,2.49,sl
orb,SELL,2024-10-23 16:15:00,2024-10-23 16:50:00,0.05,sl
orb,BUY,2024-10-24 07:55:00,2024-10-24 09:10:00,4.25,tp
ichi,BUY,2024-10-24 15:45:00,2024-10-24 16:45:00,-5.38,sl
ichi,SELL,2024-10-24 19:15:00,2024-10-24 20:05:00,-8.38,sl
ichi,SELL,2024-10-25 09:15:00,2024-10-25 09:45:00,-4.59,sl
orb,SELL,2024-10-25 11:20:00,2024-10-25 12:05:00,5.46,tp
orb,BUY,2024-10-25 17:15:00,2024-10-28 00:00:00,-5.03,gap
ichi,SELL,2024-10-28 06:45:00,2024-10-28 07:45:00,-5.7,sl
orb,BUY,2024-10-28 08:15:00,2024-10-28 09:20:00,-3.28,sl
ichi,BUY,2024-10-28 09:45:00,2024-10-28 10:35:00,-7.04,sl
ichi,BUY,2024-10-29 02:45:00,2024-10-29 03:15:00,2.93,gap
ichi,BUY,2024-10-29 05:45:00,2024-10-29 07:15:00,1.76,sl
ichi,BUY,2024-10-29 08:30:00,2024-10-29 08:55:00,2.38,sl
orb,BUY,2024-10-29 15:40:00,2024-10-29 16:05:00,8.72,tp
ichi,BUY,2024-10-29 15:45:00,2024-10-29 16:30:00,7.69,gap
ichi,BUY,2024-10-29 17:45:00,2024-10-29 18:30:00,2.91,sl
ichi,BUY,2024-10-30 05:00:00,2024-10-30 07:55:00,2.38,sl
orb,BUY,2024-10-30 07:35:00,2024-10-30 08:35:00,4.22,tp
orb,SELL,2024-10-30 14:20:00,2024-10-30 14:30:00,-3.39,sl
ichi,BUY,2024-10-31 01:30:00,2024-10-31 03:10:00,1.66,sl
ichi,SELL,2024-11-01 12:15:00,2024-11-01 12:45:00,3.03,gap
orb,SELL,2024-11-01 12:40:00,2024-11-01 12:50:00,-3.38,sl
orb,BUY,2024-11-01 14:35:00,2024-11-01 15:20:00,0.05,sl
ichi,SELL,2024-11-04 01:15:00,2024-11-04 07:15:00,-7.12,sl
orb,BUY,2024-11-04 15:50:00,2024-11-04 16:35:00,-4.07,sl
ichi,SELL,2024-11-05 04:00:00,2024-11-05 04:35:00,5.99,tp
orb,BUY,2024-11-05 08:45:00,2024-11-05 09:30:00,0.05,sl
ichi,BUY,2024-11-05 17:00:00,2024-11-05 17:20:00,-7.65,sl
orb,SELL,2024-11-06 14:00:00,2024-11-06 14:10:00,-8.43,sl
ichi,SELL,2024-11-07 02:15:00,2024-11-07 03:15:00,10.02,tp
orb,BUY,2024-11-07 09:25:00,2024-11-07 10:35:00,-4.52,sl
ichi,SELL,2024-11-08 10:15:00,2024-11-08 13:35:00,-7.23,sl
ichi,SELL,2024-11-11 01:15:00,2024-11-11 03:10:00,3.56,gap
ichi,SELL,2024-11-11 03:15:00,2024-11-11 03:25:00,2.53,sl
ichi,SELL,2024-11-11 09:45:00,2024-11-11 11:25:00,4.19,sl
orb,SELL,2024-11-11 11:25:00,2024-11-11 12:00:00,-3.66,sl
ichi,SELL,2024-11-11 11:30:00,2024-11-11 12:10:00,-5.92,sl
ichi,SELL,2024-11-11 13:00:00,2024-11-11 14:40:00,0.05,sl
orb,BUY,2024-11-13 15:35:00,2024-11-13 16:35:00,-4.91,sl
orb,SELL,2024-11-13 17:10:00,2024-11-13 17:55:00,-7.64,sl
ichi,SELL,2024-11-14 10:30:00,2024-11-14 11:35:00,11.31,tp
orb,SELL,2024-11-15 07:55:00,2024-11-15 08:05:00,4.78,tp
ichi,SELL,2024-11-15 08:00:00,2024-11-15 08:25:00,2.93,sl
orb,BUY,2024-11-15 13:40:00,2024-11-15 14:00:00,-4.06,sl
ichi,BUY,2024-11-18 08:15:00,2024-11-18 10:25:00,1.14,gap
ichi,BUY,2024-11-18 11:30:00,2024-11-18 12:00:00,2.68,sl
ichi,BUY,2024-11-18 14:45:00,2024-11-18 15:10:00,0.05,sl
orb,BUY,2024-11-18 15:05:00,2024-11-18 15:20:00,-4.22,sl
ichi,BUY,2024-11-19 01:15:00,2024-11-19 03:10:00,3.55,gap
ichi,BUY,2024-11-19 03:45:00,2024-11-19 04:40:00,7.31,tp
orb,BUY,2024-11-19 08:55:00,2024-11-19 09:00:00,-2.81,sl
ichi,BUY,2024-11-19 10:45:00,2024-11-19 11:25:00,2.5,sl
ichi,BUY,2024-11-19 15:45:00,2024-11-19 16:15:00,-8.1,sl
ichi,BUY,2024-11-20 07:45:00,2024-11-20 08:05:00,-4.24,sl
orb,SELL,2024-11-20 08:15:00,2024-11-20 09:30:00,5.8,tp
orb,BUY,2024-11-20 16:25:00,2024-11-20 16:55:00,0.05,sl
ichi,BUY,2024-11-21 01:45:00,2024-11-21 03:00:00,4.47,sl
ichi,BUY,2024-11-21 03:45:00,2024-11-21 07:10:00,0.05,sl
ichi,BUY,2024-11-21 07:30:00,2024-11-21 08:20:00,3.41,sl
orb,BUY,2024-11-21 08:20:00,2024-11-21 10:20:00,5.09,tp
ichi,BUY,2024-11-21 14:30:00,2024-11-21 15:00:00,-6.55,sl
ichi,BUY,2024-11-21 16:15:00,2024-11-21 16:50:00,-7.53,sl
ichi,BUY,2024-11-22 03:15:00,2024-11-22 04:40:00,7.59,tp
ichi,BUY,2024-11-22 11:45:00,2024-11-22 13:15:00,0.05,sl
ichi,BUY,2024-11-22 13:45:00,2024-11-22 15:25:00,-8.76,sl
orb,SELL,2024-11-25 05:20:00,2024-11-25 05:25:00,10.84,tp
ichi,SELL,2024-11-26 10:30:00,2024-11-26 11:15:00,-7.89,sl
orb,BUY,2024-11-26 12:40:00,2024-11-26 15:05:00,7.81,tp
ichi,BUY,2024-11-27 13:45:00,2024-11-27 14:45:00,1.99,sl
orb,BUY,2024-11-27 14:15:00,2024-11-27 14:50:00,-3.59,sl
ichi,BUY,2024-11-27 15:45:00,2024-11-27 16:00:00,2.59,sl
ichi,SELL,2024-11-28 02:45:00,2024-11-28 03:05:00,6.65,tp
ichi,SELL,2024-11-28 04:15:00,2024-11-28 08:20:00,-6.96,sl
orb,BUY,2024-11-28 08:50:00,2024-11-28 10:50:00,6.55,tp
ichi,BUY,2024-11-28 15:45:00,2024-11-28 16:55:00,-5.34,sl
ichi,SELL,2024-11-29 03:00:00,2024-11-29 03:10:00,-4.75,sl
ichi,BUY,2024-11-29 11:15:00,2024-11-29 12:20:00,0.05,sl
ichi,BUY,2024-11-29 15:30:00,2024-11-29 16:30:00,-7.42,sl
orb,SELL,2024-12-02 07:25:00,2024-12-02 07:40:00,-4.16,sl
orb,BUY,2024-12-03 08:15:00,2024-12-03 08:45:00,0.05,sl
ichi,BUY,2024-12-03 11:00:00,2024-12-03 14:20:00,-6.07,sl
ichi,SELL,2024-12-04 03:45:00,2024-12-04 04:00:00,-4.65,sl
orb,SELL,2024-12-04 14:55:00,2024-12-04 15:05:00,0.05,sl
orb,BUY,2024-12-04 16:30:00,2024-12-05 03:45:00,-6.44,sl
ichi,BUY,2024-12-05 07:45:00,2024-12-05 07:55:00,0.05,sl
ichi,BUY,2024-12-05 14:45:00,2024-12-05 15:10:00,0.05,sl
orb,SELL,2024-12-05 17:00:00,2024-12-05 17:50:00,0.05,sl
ichi,SELL,2024-12-06 03:00:00,2024-12-06 03:10:00,10.25,tp
orb,BUY,2024-12-06 11:00:00,2024-12-06 11:25:00,-3.56,sl
ichi,BUY,2024-12-06 12:00:00,2024-12-06 12:40:00,-6.41,sl
orb,BUY,2024-12-09 09:35:00,2024-12-09 10:35:00,-3.74,sl
ichi,BUY,2024-12-10 04:00:00,2024-12-10 04:10:00,0.05,sl
ichi,BUY,2024-12-10 08:30:00,2024-12-10 09:55:00,-5.69,sl
ichi,BUY,2024-12-10 12:45:00,2024-12-10 14:10:00,2.48,sl
orb,BUY,2024-12-10 12:40:00,2024-12-10 15:15:00,0.05,sl
ichi,BUY,2024-12-11 02:15:00,2024-12-11 02:35:00,2.87,sl
ichi,BUY,2024-12-11 04:30:00,2024-12-11 05:40:00,-6.01,sl
orb,BUY,2024-12-11 16:55:00,2024-12-11 17:40:00,10.37,tp
ichi,BUY,2024-12-12 01:15:00,2024-12-12 03:00:00,8.5,tp
ichi,BUY,2024-12-12 12:45:00,2024-12-12 13:05:00,-6.71,sl
orb,SELL,2024-12-12 16:00:00,2024-12-12 16:20:00,11.11,tp
ichi,SELL,2024-12-13 01:15:00,2024-12-13 02:55:00,-5.37,sl
ichi,SELL,2024-12-13 09:30:00,2024-12-13 11:00:00,9.5,tp
ichi,SELL,2024-12-13 11:05:00,2024-12-13 12:10:00,2.68,sl
orb,SELL,2024-12-13 11:00:00,2024-12-13 12:55:00,7.93,tp
ichi,SELL,2024-12-13 18:30:00,2024-12-13 22:55:00,13.04,tp
ichi,SELL,2024-12-16 03:00:00,2024-12-16 03:20:00,-5.98,sl
orb,BUY,2024-12-16 09:45:00,2024-12-16 10:00:00,-2.61,sl
ichi,SELL,2024-12-16 17:45:00,2024-12-16 18:40:00,3.67,gap
ichi,SELL,2024-12-17 01:15:00,2024-12-17 03:00:00,-3.68,sl
ichi,SELL,2024-12-17 08:15:00,2024-12-17 08:25:00,2.24,sl
ichi,SELL,2024-12-17 10:15:00,2024-12-17 10:40:00,2.21,sl
ichi,SELL,2024-12-17 16:45:00,2024-12-17 17:05:00,0.05,sl
orb,SELL,2024-12-18 10:05:00,2024-12-18 10:15:00,-2.84,sl
ichi,SELL,2024-12-18 10:30:00,2024-12-18 10:50:00,-4.93,sl
ichi,SELL,2024-12-18 15:45:00,2024-12-18 16:40:00,3.72,gap
ichi,SELL,2024-12-18 20:00:00,2024-12-18 21:00:00,8.22,tp
orb,BUY,2024-12-19 09:25:00,2024-12-19 10:00:00,-4.59,sl
orb,BUY,2024-12-20 08:30:00,2024-12-20 09:30:00,0.05,sl
ichi,BUY,2024-12-23 10:15:00,2024-12-23 10:50:00,0.05,sl
orb,SELL,2024-12-23 13:10:00,2024-12-23 14:10:00,0.05,sl
ichi,SELL,2024-12-23 19:45:00,2024-12-24 04:00:00,-6.07,sl
ichi,BUY,2024-12-24 09:00:00,2024-12-24 09:10:00,1.05,sl
orb,SELL,2024-12-24 13:30:00,2024-12-24 13:50:00,-2.53,sl
ichi,SELL,2024-12-24 15:00:00,2024-12-24 15:50:00,0.05,sl
ichi,SELL,2024-12-24 16:45:00,2024-12-24 17:05:00,1.92,sl
ichi,SELL,2024-12-24 18:15:00,2024-12-24 19:20:00,-4.95,sl
ichi,BUY,2024-12-26 01:15:00,2024-12-26 02:45:00,2.6,sl
orb,BUY,2024-12-26 13:10:00,2024-12-26 13:50:00,-2.07,sl
ichi,BUY,2024-12-26 10:15:00,2024-12-26 15:15:00,0.05,sl
ichi,BUY,2024-12-26 15:20:00,2024-12-26 15:30:00,-4.24,sl
ichi,BUY,2024-12-26 20:30:00,2024-12-27 01:00:00,-5.64,sl
ichi,BUY,2024-12-27 01:45:00,2024-12-27 04:35:00,-4.36,sl
ichi,BUY,2024-12-27 08:15:00,2024-12-27 08:35:00,1.41,sl
orb,BUY,2024-12-27 08:25:00,2024-12-27 09:40:00,0.05,sl
orb,SELL,2024-12-27 10:10:00,2024-12-27 13:45:00,0.05,sl
ichi,SELL,2024-12-30 08:45:00,2024-12-30 09:10:00,1.26,sl
orb,SELL,2024-12-30 08:45:00,2024-12-30 09:20:00,0.05,sl
ichi,SELL,2024-12-30 15:45:00,2024-12-30 16:05:00,4.45,sl
orb,BUY,2024-12-31 17:15:00,2024-12-31 17:50:00,7.19,tp
ichi,BUY,2025-01-02 01:15:00,2025-01-02 02:55:00,1.12,sl
ichi,BUY,2025-01-02 03:15:00,2025-01-02 03:45:00,2.53,sl
orb,BUY,2025-01-02 07:45:00,2025-01-02 08:00:00,-2.09,sl
ichi,BUY,2025-01-02 09:45:00,2025-01-02 10:10:00,1.45,gap
ichi,BUY,2025-01-02 12:15:00,2025-01-02 12:30:00,4.68,sl
ichi,BUY,2025-01-02 16:00:00,2025-01-02 16:35:00,3.79,sl
ichi,BUY,2025-01-03 04:00:00,2025-01-03 04:20:00,1.34,gap
orb,SELL,2025-01-03 15:25:00,2025-01-03 15:40:00,6.42,tp
ichi,SELL,2025-01-06 02:15:00,2025-01-06 02:55:00,-4.21,sl
ichi,SELL,2025-01-06 06:15:00,2025-01-06 06:25:00,0.05,sl
ichi,SELL,2025-01-06 12:15:00,2025-01-06 13:10:00,-5.47,sl
orb,BUY,2025-01-06 13:35:00,2025-01-06 14:10:00,-4.79,sl
orb,SELL,2025-01-06 15:45:00,2025-01-06 16:25:00,0.05,sl
ichi,BUY,2025-01-07 10:15:00,2025-01-07 13:10:00,1.89,sl
orb,BUY,2025-01-07 13:10:00,2025-01-07 13:15:00,-2.75,sl
ichi,BUY,2025-01-07 13:30:00,2025-01-07 14:10:00,3.69,sl
ichi,BUY,2025-01-08 10:45:00,2025-01-08 13:00:00,0.05,sl
ichi,BUY,2025-01-08 15:15:00,2025-01-08 15:25:00,0.05,sl
ichi,BUY,2025-01-09 03:45:00,2025-01-09 05:55:00,0.05,sl
ichi,BUY,2025-01-09 08:45:00,2025-01-09 09:30:00,0.05,sl
ichi,BUY,2025-01-09 10:30:00,2025-01-09 13:00:00,1.52,sl
orb,BUY,2025-01-09 12:40:00,2025-01-09 14:30:00,5.44,tp
ichi,BUY,2025-01-09 16:45:00,2025-01-09 18:55:00,-7.34,sl
ichi,BUY,2025-01-10 03:30:00,2025-01-10 04:35:00,1.48,sl
ichi,BUY,2025-01-10 07:15:00,2025-01-10 07:45:00,1.24,sl
ichi,BUY,2025-01-10 10:00:00,2025-01-10 10:10:00,0.05,sl
ichi,BUY,2025-01-10 12:15:00,2025-01-10 14:35:00,-5.4,sl
ichi,BUY,2025-01-10 15:15:00,2025-01-10 15:30:00,-5.91,sl
ichi,BUY,2025-01-13 10:15:00,2025-01-13 12:00:00,-5.99,sl
orb,SELL,2025-01-13 12:05:00,2025-01-13 14:15:00,8.51,tp
ichi,SELL,2025-01-14 11:45:00,2025-01-14 14:20:00,-5.43,sl
ichi,SELL,2025-01-14 15:30:00,2025-01-14 15:40:00,5.19,gap
orb,SELL,2025-01-14 15:40:00,2025-01-14 16:55:00,0.05,sl
orb,BUY,2025-01-15 08:00:00,2025-01-15 08:20:00,3.37,tp
ichi,BUY,2025-01-15 15:15:00,2025-01-15 15:35:00,1.78,gap
ichi,BUY,2025-01-16 02:30:00,2025-01-16 03:35:00,3.51,sl
orb,SELL,2025-01-16 08:15:00,2025-01-16 08:40:00,-2.6,sl
orb,BUY,2025-01-16 10:20:00,2025-01-16 10:50:00,-3.41,sl
ichi,BUY,2025-01-16 15:00:00,2025-01-16 15:30:00,9.74,tp
ichi,BUY,2025-01-16 18:00:00,2025-01-16 19:50:00,4.24,sl
orb,SELL,2025-01-17 09:50:00,2025-01-17 10:45:00,-2.75,sl
ichi,BUY,2025-01-20 11:30:00,2025-01-20 13:15:00,3.59,sl
ichi,BUY,2025-01-20 13:20:00,2025-01-20 15:35:00,-5.86,sl
ichi,BUY,2025-01-21 01:45:00,2025-01-21 04:00:00,10.37,tp
ichi,BUY,2025-01-21 16:15:00,2025-01-21 17:00:00,10.17,tp
orb,BUY,2025-01-21 16:45:00,2025-01-21 18:15:00,7.84,tp
ichi,BUY,2025-01-22 01:30:00,2025-01-22 02:15:00,0.05,sl
ichi,BUY,2025-01-22 05:00:00,2025-01-22 07:05:00,1.83,sl
orb,BUY,2025-01-22 11:25:00,2025-01-22 12:50:00,0.05,sl
ichi,BUY,2025-01-22 15:00:00,2025-01-22 15:35:00,-6.3,sl
ichi,BUY,2025-01-23 08:30:00,2025-01-23 11:20:00,-3.88,sl
orb,SELL,2025-01-23 11:25:00,2025-01-23 11:50:00,0.05,sl
ichi,SELL,2025-01-23 16:45:00,2025-01-23 18:15:00,-8.62,sl
ichi,BUY,2025-01-23 18:30:00,2025-01-23 18:50:00,2.56,sl
ichi,BUY,2025-01-24 02:15:00,2025-01-24 03:00:00,2.32,sl
orb,BUY,2025-01-24 08:10:00,2025-01-24 08:45:00,-3.64,sl
ichi,BUY,2025-01-24 11:00:00,2025-01-24 11:35:00,0.87,gap
ichi,BUY,2025-01-24 14:00:00,2025-01-24 15:25:00,4.6,sl
ichi,BUY,2025-01-24 17:15:00,2025-01-24 17:55:00,-7.7,sl
orb,SELL,2025-01-27 07:45:00,2025-01-27 08:40:00,0.05,sl
ichi,SELL,2025-01-28 10:00:00,2025-01-28 10:40:00,2.33,sl
orb,SELL,2025-01-28 10:20:00,2025-01-28 10:40:00,0.05,sl
orb,BUY,2025-01-28 15:00:00,2025-01-28 16:00:00,4.67,tp
ichi,BUY,2025-01-29 04:15:00,2025-01-29 06:05:00,-3.25,sl
ichi,BUY,2025-01-29 11:15:00,2025-01-29 12:40:00,-4.19,sl
orb,SELL,2025-01-29 12:50:00,2025-01-29 15:15:00,4.89,tp
ichi,SELL,2025-01-29 18:15:00,2025-01-29 18:55:00,2.34,sl
orb,BUY,2025-01-30 06:05:00,2025-01-30 06:40:00,-1.99,sl
ichi,BUY,2025-01-30 08:15:00,2025-01-30 09:05:00,3.95,sl
ichi,BUY,2025-01-31 01:30:00,2025-01-31 02:25:00,1.9,sl
ichi,BUY,2025-01-31 03:00:00,2025-01-31 09:40:00,2.62,sl
orb,BUY,2025-01-31 09:30:00,2025-01-31 10:05:00,-3.08,sl
orb,SELL,2025-01-31 11:00:00,2025-01-31 11:35:00,-3.38,sl
ichi,BUY,2025-01-31 19:30:00,2025-01-31 19:45:00,4.25,sl
orb,BUY,2025-02-03 14:40:00,2025-02-03 16:30:00,7.6,tp
ichi,BUY,2025-02-04 05:00:00,2025-02-04 07:05:00,-6.48,sl
orb,SELL,2025-02-04 09:25:00,2025-02-04 09:50:00,-3.65,sl
orb,BUY,2025-02-04 15:15:00,2025-02-04 15:20:00,6.45,tp
ichi,BUY,2025-02-05 02:30:00,2025-02-05 02:40:00,2.86,gap
ichi,BUY,2025-02-05 04:15:00,2025-02-05 06:55:00,2.45,sl
orb,BUY,2025-02-05 17:30:00,2025-02-05 18:05:00,-6.24,sl
ichi,BUY,2025-02-05 19:00:00,2025-02-05 20:45:00,-9.83,sl
ichi,BUY,2025-02-06 04:00:00,2025-02-06 05:25:00,-6.92,sl
orb,SELL,2025-02-06 08:50:00,2025-02-06 09:00:00,0.05,sl
ichi,BUY,2025-02-06 13:45:00,2025-02-06 14:15:00,0.05,sl
ichi,BUY,2025-02-07 10:15:00,2025-02-07 11:10:00,2.67,sl
orb,BUY,2025-02-07 11:15:00,2025-02-07 12:15:00,-3.61,sl
orb,SELL,2025-02-07 15:35:00,2025-02-07 15:35:00,-6.58,sl
ichi,BUY,2025-02-10 04:00:00,2025-02-10 07:50:00,4.85,sl
orb,BUY,2025-02-10 06:15:00,2025-02-10 08:10:00,5.65,tp
ichi,BUY,2025-02-10 16:30:00,2025-02-10 17:00:00,0.05,sl
orb,SELL,2025-02-11 11:05:00,2025-02-11 14:05:00,11.39,tp
ichi,SELL,2025-02-12 03:15:00,2025-02-12 03:35:00,0.18,gap
ichi,SELL,2025-02-12 05:15:00,2025-02-12 08:05:00,0.05,sl
orb,SELL,2025-02-12 07:30:00,2025-02-12 08:10:00,-3.85,sl
ichi,SELL,2025-02-12 08:30:00,2025-02-12 12:35:00,4.96,sl
ichi,SELL,2025-02-12 15:15:00,2025-02-12 15:30:00,13.26,tp
ichi,BUY,2025-02-13 04:00:00,2025-02-13 05:25:00,9.67,tp
ichi,BUY,2025-02-13 12:15:00,2025-02-13 14:55:00,0.05,sl
ichi,BUY,2025-02-14 13:15:00,2025-02-14 13:45:00,-6.02,sl
orb,SELL,2025-02-14 15:45:00,2025-02-14 16:15:00,-6.78,sl
ichi,SELL,2025-02-17 01:30:00,2025-02-17 03:30:00,-10.1,sl
orb,BUY,2025-02-17 11:20:00,2025-02-17 12:25:00,-4.67,sl
ichi,SELL,2025-02-18 03:15:00,2025-02-18 03:35:00,2.62,sl
ichi,BUY,2025-02-18 11:45:00,2025-02-18 14:10:00,0.05,sl
orb,BUY,2025-02-18 14:45:00,2025-02-18 15:10:00,-3.02,sl
ichi,BUY,2025-02-18 15:15:00,2025-02-18 15:45:00,3.27,sl
ichi,BUY,2025-02-19 09:15:00,2025-02-19 10:45:00,3.31,sl
orb,BUY,2025-02-19 10:35:00,2025-02-19 11:15:00,5.47,tp
ichi,BUY,2025-02-19 15:45:00,2025-02-19 16:25:00,-8.18,sl
ichi,BUY,2025-02-20 04:30:00,2025-02-20 05:35:00,3.16,sl
orb,SELL,2025-02-20 16:05:00,2025-02-20 16:35:00,-6.83,sl
ichi,BUY,2025-02-21 01:45:00,2025-02-21 03:25:00,4.91,sl
orb,SELL,2025-02-21 07:10:00,2025-02-21 07:45:00,-4.4,sl
ichi,BUY,2025-02-24 01:15:00,2025-02-24 02:50:00,-6.75,sl
ichi,SELL,2025-02-24 03:45:00,2025-02-24 04:15:00,0.05,sl
ichi,BUY,2025-02-24 08:30:00,2025-02-24 10:15:00,2.06,sl
orb,BUY,2025-02-24 09:55:00,2025-02-24 10:40:00,-3.56,sl
ichi,BUY,2025-02-24 11:00:00,2025-02-24 12:35:00,-7.61,sl
ichi,BUY,2025-02-25 04:15:00,2025-02-25 05:30:00,-5.59,sl
orb,SELL,2025-02-25 14:35:00,2025-02-25 15:10:00,-4.73,sl
ichi,SELL,2025-02-25 14:45:00,2025-02-25 15:35:00,-7.83,sl
ichi,SELL,2025-02-26 10:30:00,2025-02-26 16:05:00,6.31,sl
orb,SELL,2025-02-26 16:00:00,2025-02-26 16:05:00,7.82,tp
ichi,SELL,2025-02-26 16:15:00,2025-02-26 16:45:00,0.05,sl
orb,SELL,2025-02-27 16:50:00,2025-02-27 17:00:00,-9.05,sl
ichi,SELL,2025-02-28 04:00:00,2025-02-28 04:10:00,0.05,sl
orb,SELL,2025-02-28 10:05:00,2025-02-28 11:00:00,0.05,sl
ichi,SELL,2025-02-28 15:00:00,2025-02-28 16:05:00,11.02,tp
orb,BUY,2025-03-03 14:35:00,2025-03-03 15:05:00,-3.18,sl
ichi,BUY,2025-03-03 15:15:00,2025-03-03 16:40:00,4.97,sl
ichi,BUY,2025-03-03 17:15:00,2025-03-03 17:35:00,6.21,sl
orb,BUY,2025-03-04 07:25:00,2025-03-04 07:45:00,-2.93,sl
ichi,BUY,2025-03-04 05:30:00,2025-03-04 08:50:00,-7.46,sl
ichi,BUY,2025-03-04 09:15:00,2025-03-04 09:30:00,6.63,sl
ichi,BUY,2025-03-05 01:45:00,2025-03-05 03:10:00,-6.22,sl
orb,BUY,2025-03-05 08:00:00,2025-03-05 08:40:00,-3.57,sl
ichi,BUY,2025-03-05 10:00:00,2025-03-05 10:30:00,0.05,sl
ichi,BUY,2025-03-05 11:45:00,2025-03-05 12:55:00,-7.47,sl
orb,SELL,2025-03-05 15:45:00,2025-03-05 16:30:00,-7.67,sl
ichi,SELL,2025-03-07 02:15:00,2025-03-07 03:40:00,-8.65,sl
ichi,SELL,2025-03-07 05:45:00,2025-03-07 07:30:00,-7.7,sl
orb,BUY,2025-03-07 08:35:00,2025-03-07 10:05:00,5.45,tp
ichi,SELL,2025-03-10 07:30:00,2025-03-10 08:10:00,-5.77,sl
ichi,SELL,2025-03-10 10:15:00,2025-03-10 10:40:00,2.26,sl
ichi,SELL,2025-03-11 02:45:00,2025-03-11 03:05:00,1.59,gap
orb,BUY,2025-03-11 08:35:00,2025-03-11 10:30:00,6.47,tp
ichi,BUY,2025-03-11 15:30:00,2025-03-11 15:40:00,5.56,sl
ichi,BUY,2025-03-11 17:15:00,2025-03-12 03:10:00,-8.54,sl
ichi,BUY,2025-03-12 08:15:00,2025-03-12 08:35:00,-5.38,sl
orb,SELL,2025-03-12 15:25:00,2025-03-12 15:45:00,-6.12,sl
orb,BUY,2025-03-12 17:15:00,2025-03-12 18:25:00,9.7,tp
ichi,BUY,2025-03-13 01:30:00,2025-03-13 03:20:00,3.96,sl
orb,SELL,2025-03-13 09:30:00,2025-03-13 10:10:00,-3.02,sl
orb,BUY,2025-03-13 11:25:00,2025-03-13 12:15:00,-3.67,sl
ichi,BUY,2025-03-13 14:45:00,2025-03-13 15:00:00,-7.19,sl
ichi,BUY,2025-03-14 03:00:00,2025-03-14 06:30:00,4.32,sl
orb,SELL,2025-03-14 17:05:00,2025-03-14 18:20:00,-7.16,sl
ichi,BUY,2025-03-17 11:00:00,2025-03-17 11:45:00,7.33,tp
orb,BUY,2025-03-17 11:40:00,2025-03-17 13:00:00,4.91,tp
ichi,BUY,2025-03-17 14:30:00,2025-03-17 14:45:00,-6.99,sl
ichi,BUY,2025-03-17 17:30:00,2025-03-18 02:45:00,4.22,sl
ichi,BUY,2025-03-18 04:00:00,2025-03-18 05:00:00,4.25,sl
ichi,BUY,2025-03-18 07:45:00,2025-03-18 08:20:00,0.05,sl
ichi,BUY,2025-03-18 19:30:00,2025-03-18 22:05:00,2.05,sl
ichi,BUY,2025-03-19 01:00:00,2025-03-19 02:00:00,-4.14,sl
ichi,BUY,2025-03-19 08:45:00,2025-03-19 09:10:00,0.05,sl
ichi,BUY,2025-03-19 18:15:00,2025-03-19 20:25:00,3.35,sl
ichi,BUY,2025-03-20 04:15:00,2025-03-20 06:55:00,3.2,sl
ichi,SELL,2025-03-21 09:00:00,2025-03-21 13:45:00,-6.12,sl
orb,SELL,2025-03-21 15:40:00,2025-03-21 15:55:00,11.75,tp
ichi,SELL,2025-03-24 04:45:00,2025-03-24 08:40:00,-6.53,sl
orb,BUY,2025-03-24 09:10:00,2025-03-24 09:25:00,0.05,sl
ichi,SELL,2025-03-24 15:45:00,2025-03-24 16:35:00,6.88,sl
orb,SELL,2025-03-24 16:35:00,2025-03-24 22:20:00,0.05,sl
orb,BUY,2025-03-25 10:50:00,2025-03-25 12:30:00,0.05,sl
ichi,BUY,2025-03-25 15:00:00,2025-03-25 15:45:00,5.75,gap
ichi,BUY,2025-03-25 16:45:00,2025-03-25 17:10:00,-8.59,sl
ichi,SELL,2025-03-26 03:30:00,2025-03-26 03:40:00,-4.14,sl
ichi,BUY,2025-03-26 14:45:00,2025-03-26 15:15:00,-5.86,sl
orb,SELL,2025-03-26 17:05:00,2025-03-26 17:15:00,-5.33,sl
ichi,SELL,2025-03-26 17:30:00,2025-03-27 02:00:00,-7.57,sl
ichi,BUY,2025-03-27 04:15:00,2025-03-27 04:45:00,4.5,sl
ichi,BUY,2025-03-27 09:15:00,2025-03-27 10:30:00,3.44,sl
orb,BUY,2025-03-27 12:00:00,2025-03-27 12:15:00,6.41,tp
ichi,BUY,2025-03-28 02:15:00,2025-03-28 02:35:00,2.87,sl
orb,BUY,2025-03-28 07:35:00,2025-03-28 08:00:00,-0.84,gap
ichi,BUY,2025-04-01 03:15:00,2025-04-01 04:00:00,9.15,tp
ichi,SELL,2025-04-02 02:15:00,2025-04-02 03:20:00,-6.81,sl
orb,SELL,2025-04-04 11:20:00,2025-04-04 12:00:00,0.05,sl
orb,BUY,2025-04-08 08:20:00,2025-04-08 09:20:00,10.38,tp
orb,SELL,2025-04-14 13:25:00,2025-04-14 13:50:00,-7.76,sl
ichi,BUY,2025-04-15 04:15:00,2025-04-15 04:40:00,4.9,sl
orb,SELL,2025-04-17 10:15:00,2025-04-17 10:35:00,0.05,sl
orb,SELL,2025-04-25 06:50:00,2025-04-25 06:55:00,13.9,tp
orb,SELL,2025-04-29 15:25:00,2025-04-29 16:05:00,-7.1,sl
orb,SELL,2025-04-30 11:10:00,2025-04-30 11:10:00,13.76,tp
orb,SELL,2025-05-01 12:45:00,2025-05-01 13:35:00,0.05,sl
orb,BUY,2025-05-05 11:30:00,2025-05-05 11:55:00,10.51,tp
orb,BUY,2025-05-06 15:40:00,2025-05-06 16:35:00,0.05,sl
orb,BUY,2025-05-09 14:30:00,2025-05-09 14:30:00,-7.54,sl
orb,SELL,2025-05-14 15:00:00,2025-05-14 15:15:00,11.56,tp
orb,BUY,2025-05-15 16:10:00,2025-05-15 18:05:00,16.1,tp
orb,SELL,2025-05-16 10:25:00,2025-05-16 11:35:00,0.05,sl
ichi,SELL,2025-05-20 08:45:00,2025-05-20 10:35:00,-9.9,sl
orb,BUY,2025-05-20 12:00:00,2025-05-20 15:35:00,12.11,tp
ichi,BUY,2025-05-21 02:00:00,2025-05-21 04:00:00,15.57,tp
orb,BUY,2025-05-21 08:50:00,2025-05-21 10:10:00,0.05,sl
ichi,BUY,2025-05-22 09:00:00,2025-05-22 10:15:00,-9.25,sl
orb,SELL,2025-05-22 11:35:00,2025-05-22 13:05:00,12.18,tp
ichi,BUY,2025-05-23 02:15:00,2025-05-23 03:25:00,2.86,sl
orb,BUY,2025-05-23 07:20:00,2025-05-23 08:20:00,9.62,tp
ichi,BUY,2025-05-23 14:30:00,2025-05-23 14:45:00,15.9,tp
orb,SELL,2025-05-26 11:45:00,2025-05-26 12:25:00,9.75,tp
ichi,BUY,2025-05-27 03:45:00,2025-05-27 04:20:00,-6.16,sl
orb,SELL,2025-05-27 08:00:00,2025-05-27 08:45:00,7.75,tp
ichi,SELL,2025-05-27 18:45:00,2025-05-27 20:40:00,-12.1,sl
ichi,SELL,2025-05-28 06:30:00,2025-05-28 08:15:00,-10.77,sl
ichi,SELL,2025-05-28 09:15:00,2025-05-28 10:00:00,-10.8,sl
orb,BUY,2025-05-28 10:45:00,2025-05-28 11:20:00,0.05,sl
ichi,SELL,2025-05-28 16:15:00,2025-05-28 16:45:00,5.02,sl
orb,BUY,2025-05-29 13:25:00,2025-05-29 15:15:00,10.04,tp
orb,SELL,2025-05-30 15:15:00,2025-05-30 16:45:00,16.11,tp
ichi,BUY,2025-06-02 03:45:00,2025-06-02 04:30:00,0.05,sl
ichi,BUY,2025-06-02 05:15:00,2025-06-02 08:00:00,5.26,gap
orb,BUY,2025-06-02 08:00:00,2025-06-02 08:40:00,7.74,tp
ichi,BUY,2025-06-02 16:15:00,2025-06-02 16:50:00,9.17,gap
orb,SELL,2025-06-03 15:10:00,2025-06-03 15:25:00,0.05,sl
ichi,BUY,2025-06-04 03:30:00,2025-06-04 03:55:00,-7.31,sl
ichi,BUY,2025-06-04 10:45:00,2025-06-04 13:45:00,-9.81,sl
orb,SELL,2025-06-04 14:30:00,2025-06-04 15:15:00,-5.78,sl
orb,BUY,2025-06-04 17:35:00,2025-06-04 18:10:00,0.05,sl
ichi,BUY,2025-06-05 02:30:00,2025-06-05 04:10:00,2.5,sl
orb,BUY,2025-06-05 12:25:00,2025-06-05 12:35:00,0.05,sl
ichi,SELL,2025-06-06 01:15:00,2025-06-06 04:20:00,-10.13,sl
ichi,BUY,2025-06-06 06:30:00,2025-06-06 08:15:00,5.17,sl
ichi,SELL,2025-06-06 15:00:00,2025-06-06 15:30:00,-0.53,gap
orb,SELL,2025-06-06 15:35:00,2025-06-06 15:45:00,0.05,sl
ichi,SELL,2025-06-09 01:15:00,2025-06-09 01:55:00,3.85,sl
ichi,SELL,2025-06-09 03:15:00,2025-06-09 03:25:00,2.6,sl
orb,BUY,2025-06-09 09:50:00,2025-06-09 10:40:00,0.05,sl
ichi,SELL,2025-06-10 03:15:00,2025-06-10 03:50:00,5.41,sl
orb,BUY,2025-06-10 09:35:00,2025-06-10 11:45:00,0.05,sl
ichi,BUY,2025-06-10 15:30:00,2025-06-10 16:35:00,5.63,sl
ichi,SELL,2025-06-11 02:30:00,2025-06-11 03:15:00,-9.28,sl
ichi,BUY,2025-06-11 09:45:00,2025-06-11 11:00:00,7.66,gap
ichi,BUY,2025-06-11 12:15:00,2025-06-11 12:50:00,-8.83,sl
orb,BUY,2025-06-11 15:35:00,2025-06-11 15:50:00,-8.76,sl
ichi,BUY,2025-06-12 08:15:00,2025-06-12 09:15:00,0.05,sl
ichi,BUY,2025-06-12 09:45:00,2025-06-12 10:30:00,-8.45,sl
orb,SELL,2025-06-12 10:40:00,2025-06-12 11:15:00,0.05,sl
orb,BUY,2025-06-12 13:30:00,2025-06-12 14:35:00,0.05,sl
ichi,BUY,2025-06-13 03:00:00,2025-06-13 03:10:00,10.79,sl
ichi,BUY,2025-06-16 01:15:00,2025-06-16 03:00:00,-10.89,sl
ichi,BUY,2025-06-16 03:05:00,2025-06-16 03:30:00,6.63,sl
orb,SELL,2025-06-16 16:20:00,2025-06-16 16:40:00,12.14,tp
ichi,SELL,2025-06-17 10:15:00,2025-06-17 12:10:00,5.4,sl
orb,SELL,2025-06-17 17:40:00,2025-06-17 17:50:00,-10.03,sl
ichi,SELL,2025-06-18 04:45:00,2025-06-18 05:35:00,5.74,gap
ichi,SELL,2025-06-18 14:45:00,2025-06-18 16:05:00,-8.71,sl
ichi,SELL,2025-06-19 04:45:00,2025-06-19 06:35:00,4.24,sl
orb,SELL,2025-06-19 08:50:00,2025-06-19 09:00:00,8.81,tp
ichi,SELL,2025-06-19 17:30:00,2025-06-19 20:05:00,-10.28,sl
ichi,SELL,2025-06-20 04:15:00,2025-06-20 05:40:00,2.52,sl
ichi,SELL,2025-06-20 08:00:00,2025-06-20 08:35:00,4.12,sl
ichi,SELL,2025-06-20 10:45:00,2025-06-20 12:40:00,-10.01,sl
orb,BUY,2025-06-20 16:55:00,2025-06-20 21:15:00,-6.91,sl
orb,SELL,2025-06-23 08:35:00,2025-06-23 08:50:00,-4.8,gap
ichi,SELL,2025-06-23 10:15:00,2025-06-23 11:05:00,-9.66,sl
ichi,SELL,2025-06-24 07:15:00,2025-06-24 08:35:00,15.17,tp
orb,SELL,2025-06-24 08:45:00,2025-06-24 09:00:00,0.05,sl
orb,BUY,2025-06-25 10:45:00,2025-06-25 10:50:00,-4.58,sl
ichi,SELL,2025-06-25 14:30:00,2025-06-25 15:50:00,3.86,sl
orb,SELL,2025-06-25 15:45:00,2025-06-25 17:05:00,0.05,sl
ichi,BUY,2025-06-26 03:15:00,2025-06-26 04:55:00,-6.09,sl
orb,BUY,2025-06-26 10:10:00,2025-06-26 11:55:00,7.52,tp
ichi,SELL,2025-06-26 15:45:00,2025-06-26 16:05:00,11.17,sl
orb,SELL,2025-06-26 15:50:00,2025-06-26 16:05:00,12.87,tp
ichi,SELL,2025-06-27 13:15:00,2025-06-27 13:55:00,4.44,sl
ichi,SELL,2025-06-30 01:15:00,2025-06-30 01:30:00,12.25,sl
orb,BUY,2025-06-30 05:10:00,2025-06-30 09:35:00,12.16,tp
ichi,BUY,2025-07-01 17:00:00,2025-07-01 18:15:00,-9.59,sl
orb,SELL,2025-07-02 10:15:00,2025-07-02 10:45:00,-4.48,sl
orb,BUY,2025-07-02 13:40:00,2025-07-02 14:45:00,-3.65,sl
ichi,BUY,2025-07-02 15:30:00,2025-07-02 15:55:00,0.05,sl
ichi,BUY,2025-07-02 18:00:00,2025-07-02 22:05:00,13.73,tp
ichi,SELL,2025-07-03 20:45:00,2025-07-04 01:40:00,2.95,sl
ichi,SELL,2025-07-04 03:15:00,2025-07-04 10:25:00,-11.67,gap
ichi,BUY,2025-07-04 14:50:00,2025-07-07 01:05:00,4.26,sl
ichi,BUY,2025-07-07 01:15:00,2025-07-07 02:05:00,-6.12,sl
ichi,SELL,2025-07-07 04:15:00,2025-07-07 04:45:00,-8.98,sl
ichi,SELL,2025-07-07 10:45:00,2025-07-07 11:10:00,0.05,sl
orb,SELL,2025-07-07 10:50:00,2025-07-07 11:20:00,-5.16,sl
ichi,SELL,2025-07-07 13:45:00,2025-07-07 14:05:00,-9.16,sl
orb,SELL,2025-07-08 11:10:00,2025-07-08 13:20:00,8.01,tp
ichi,SELL,2025-07-09 05:45:00,2025-07-09 05:55:00,1.84,gap
ichi,SELL,2025-07-09 09:00:00,2025-07-09 11:40:00,3.34,sl
orb,SELL,2025-07-09 11:25:00,2025-07-09 13:05:00,-5.32,sl
ichi,SELL,2025-07-09 12:45:00,2025-07-09 15:00:00,2.16,sl
orb,BUY,2025-07-09 17:20:00,2025-07-09 18:35:00,0.05,sl
ichi,BUY,2025-07-10 04:15:00,2025-07-10 04:45:00,2.91,sl
ichi,BUY,2025-07-10 08:00:00,2025-07-10 09:20:00,1.69,sl
orb,BUY,2025-07-10 09:20:00,2025-07-10 10:40:00,-3.93,sl
ichi,BUY,2025-07-10 10:15:00,2025-07-10 10:45:00,-6.0,sl
ichi,BUY,2025-07-10 11:45:00,2025-07-10 12:10:00,1.79,sl
ichi,BUY,2025-07-10 13:30:00,2025-07-10 14:20:00,1.93,sl
orb,SELL,2025-07-10 17:00:00,2025-07-10 17:15:00,-7.12,sl
ichi,SELL,2025-07-10 17:30:00,2025-07-10 22:05:00,-10.52,sl
ichi,BUY,2025-07-11 04:45:00,2025-07-11 06:35:00,2.1,sl
orb,BUY,2025-07-11 08:25:00,2025-07-11 08:40:00,-3.37,sl
ichi,BUY,2025-07-11 09:15:00,2025-07-11 09:35:00,3.64,sl
ichi,BUY,2025-07-11 10:45:00,2025-07-11 11:25:00,2.24,sl
ichi,BUY,2025-07-11 15:30:00,2025-07-11 16:20:00,6.79,sl
ichi,BUY,2025-07-11 17:15:00,2025-07-11 18:20:00,14.95,tp
ichi,BUY,2025-07-14 01:15:00,2025-07-14 01:30:00,0.05,sl
ichi,BUY,2025-07-14 04:15:00,2025-07-14 05:00:00,-9.25,sl
orb,BUY,2025-07-14 10:30:00,2025-07-14 11:20:00,-5.47,sl
orb,SELL,2025-07-14 15:40:00,2025-07-14 16:30:00,-5.59,sl
ichi,BUY,2025-07-15 11:45:00,2025-07-15 13:30:00,0.05,sl
orb,SELL,2025-07-15 16:30:00,2025-07-15 17:00:00,-7.33,sl
ichi,SELL,2025-07-16 02:00:00,2025-07-16 03:30:00,-6.16,sl
ichi,SELL,2025-07-16 15:30:00,2025-07-16 16:40:00,4.45,sl
orb,SELL,2025-07-16 16:50:00,2025-07-16 17:50:00,-6.68,sl
ichi,BUY,2025-07-17 01:15:00,2025-07-17 03:35:00,-8.95,sl
ichi,SELL,2025-07-17 09:15:00,2025-07-17 09:45:00,0.05,sl
ichi,SELL,2025-07-17 14:30:00,2025-07-17 15:20:00,0.05,sl
ichi,SELL,2025-07-17 17:00:00,2025-07-17 17:20:00,-10.33,sl
ichi,SELL,2025-07-18 08:45:00,2025-07-18 09:30:00,-5.52,sl
ichi,BUY,2025-07-18 16:45:00,2025-07-18 22:35:00,-7.16,sl
ichi,BUY,2025-07-21 06:15:00,2025-07-21 07:05:00,-5.62,sl
orb,BUY,2025-07-21 08:00:00,2025-07-21 08:10:00,4.66,tp
orb,SELL,2025-07-22 08:55:00,2025-07-22 11:15:00,-3.11,sl
orb,BUY,2025-07-22 15:45:00,2025-07-22 16:05:00,7.83,tp
ichi,BUY,2025-07-23 02:15:00,2025-07-23 03:25:00,4.14,sl
orb,SELL,2025-07-23 08:45:00,2025-07-23 09:00:00,-3.64,sl
ichi,BUY,2025-07-23 12:00:00,2025-07-23 12:30:00,2.27,sl
ichi,BUY,2025-07-23 14:45:00,2025-07-23 15:50:00,-6.94,sl
ichi,SELL,2025-07-24 04:30:00,2025-07-24 05:15:00,5.04,sl
ichi,SELL,2025-07-24 06:00:00,2025-07-24 06:10:00,5.21,sl
ichi,SELL,2025-07-24 08:45:00,2025-07-24 09:30:00,2.56,sl
ichi,SELL,2025-07-25 17:15:00,2025-07-25 17:40:00,3.85,sl
ichi,SELL,2025-07-28 03:45:00,2025-07-28 04:05:00,-7.72,sl
ichi,SELL,2025-07-28 11:45:00,2025-07-28 15:30:00,2.47,sl
orb,SELL,2025-07-28 16:35:00,2025-07-28 16:50:00,9.49,tp
ichi,SELL,2025-07-28 17:00:00,2025-07-28 17:25:00,-10.38,sl
ichi,SELL,2025-07-29 03:30:00,2025-07-29 04:30:00,-6.05,sl
orb,BUY,2025-07-29 09:20:00,2025-07-29 09:35:00,-3.74,sl
ichi,SELL,2025-07-29 17:00:00,2025-07-29 17:10:00,0.05,sl
ichi,BUY,2025-07-30 04:15:00,2025-07-30 04:25:00,-0.03,gap
orb,BUY,2025-07-30 13:00:00,2025-07-30 13:45:00,-3.95,sl
ichi,BUY,2025-07-30 13:00:00,2025-07-30 14:45:00,-6.78,sl
ichi,BUY,2025-07-30 15:00:00,2025-07-30 15:30:00,-7.31,sl
orb,SELL,2025-07-30 15:50:00,2025-07-30 16:10:00,10.83,tp
ichi,SELL,2025-07-31 17:30:00,2025-07-31 17:40:00,-0.02,gap
ichi,SELL,2025-08-01 01:30:00,2025-08-01 02:25:00,2.48,sl
ichi,SELL,2025-08-01 03:00:00,2025-08-01 05:00:00,3.97,sl
orb,BUY,2025-08-01 13:55:00,2025-08-01 15:30:00,7.35,tp
ichi,BUY,2025-08-04 09:15:00,2025-08-04 10:30:00,-6.61,sl
ichi,BUY,2025-08-04 11:30:00,2025-08-04 14:50:00,10.89,tp
orb,BUY,2025-08-04 14:20:00,2025-08-04 15:25:00,0.05,sl
ichi,BUY,2025-08-04 15:45:00,2025-08-04 15:55:00,2.5,sl
ichi,BUY,2025-08-04 21:00:00,2025-08-05 02:55:00,2.59,sl
ichi,BUY,2025-08-05 04:30:00,2025-08-05 05:30:00,-4.92,sl
ichi,BUY,2025-08-06 03:45:00,2025-08-06 04:10:00,-4.84,sl
ichi,BUY,2025-08-07 09:15:00,2025-08-07 10:15:00,10.15,tp
orb,BUY,2025-08-07 09:45:00,2025-08-07 10:25:00,7.51,tp
ichi,BUY,2025-08-08 10:15:00,2025-08-08 11:00:00,4.18,sl
ichi,BUY,2025-08-08 12:15:00,2025-08-08 13:25:00,-9.09,sl
orb,SELL,2025-08-08 14:25:00,2025-08-08 14:45:00,-5.35,sl
ichi,SELL,2025-08-11 05:45:00,2025-08-11 09:35:00,7.4,sl
orb,SELL,2025-08-11 09:30:00,2025-08-11 10:25:00,0.05,sl
ichi,SELL,2025-08-11 11:45:00,2025-08-11 12:20:00,4.99,sl
ichi,SELL,2025-08-11 16:15:00,2025-08-11 16:50:00,-11.32,sl
ichi,SELL,2025-08-12 09:15:00,2025-08-12 09:25:00,3.01,sl
orb,SELL,2025-08-12 09:25:00,2025-08-12 09:35:00,-4.96,sl
orb,BUY,2025-08-12 10:40:00,2025-08-12 11:20:00,-5.82,sl
ichi,SELL,2025-08-12 15:15:00,2025-08-12 15:30:00,0.05,sl
orb,BUY,2025-08-13 09:15:00,2025-08-13 10:25:00,6.59,tp
ichi,BUY,2025-08-14 05:45:00,2025-08-14 06:00:00,-6.8,sl
orb,SELL,2025-08-14 10:45:00,2025-08-14 11:00:00,9.19,tp
ichi,SELL,2025-08-15 01:15:00,2025-08-15 06:30:00,-5.97,sl
ichi,SELL,2025-08-15 13:15:00,2025-08-15 14:05:00,-0.05,gap
ichi,SELL,2025-08-15 15:15:00,2025-08-15 15:35:00,0.05,gap
ichi,SELL,2025-08-15 16:45:00,2025-08-15 18:05:00,-8.3,sl
ichi,BUY,2025-08-18 10:15:00,2025-08-18 11:05:00,-6.93,sl
ichi,SELL,2025-08-19 02:30:00,2025-08-19 03:00:00,5.36,tp
orb,BUY,2025-08-19 10:15:00,2025-08-19 15:05:00,0.05,sl
orb,SELL,2025-08-19 16:15:00,2025-08-19 16:30:00,-4.44,sl
ichi,SELL,2025-08-19 16:15:00,2025-08-19 16:35:00,-6.71,sl
ichi,SELL,2025-08-20 04:15:00,2025-08-20 06:40:00,-5.08,sl
orb,BUY,2025-08-20 13:35:00,2025-08-20 14:55:00,4.83,tp
orb,SELL,2025-08-21 13:40:00,2025-08-21 14:00:00,6.3,tp
ichi,BUY,2025-08-21 17:00:00,2025-08-21 17:40:00,4.71,sl
ichi,BUY,2025-08-21 18:30:00,2025-08-22 05:00:00,-9.6,sl
ichi,SELL,2025-08-22 10:45:00,2025-08-22 11:25:00,0.0,gap
orb,SELL,2025-08-22 15:15:00,2025-08-22 15:15:00,-3.36,sl
ichi,SELL,2025-08-22 12:30:00,2025-08-22 15:35:00,4.24,gap
orb,BUY,2025-08-22 17:05:00,2025-08-22 17:15:00,14.78,tp
ichi,BUY,2025-08-25 09:15:00,2025-08-25 12:00:00,-4.38,sl
orb,BUY,2025-08-25 14:50:00,2025-08-25 15:30:00,-2.69,sl
ichi,BUY,2025-08-25 16:45:00,2025-08-25 17:05:00,2.54,sl
ichi,BUY,2025-08-26 16:45:00,2025-08-26 18:55:00,11.71,tp
ichi,BUY,2025-08-27 17:30:00,2025-08-27 18:15:00,4.53,sl
ichi,BUY,2025-08-28 03:45:00,2025-08-28 03:55:00,-5.43,sl
ichi,BUY,2025-08-28 09:45:00,2025-08-28 12:25:00,3.8,sl
orb,BUY,2025-08-28 11:40:00,2025-08-28 13:00:00,-3.55,sl
ichi,BUY,2025-08-28 19:00:00,2025-08-28 23:00:00,8.74,sl
ichi,BUY,2025-09-01 01:15:00,2025-09-01 01:40:00,3.6,sl
ichi,BUY,2025-09-01 05:00:00,2025-09-01 05:10:00,9.01,gap
orb,BUY,2025-09-01 09:25:00,2025-09-01 09:55:00,-5.88,sl
ichi,BUY,2025-09-01 17:45:00,2025-09-01 18:40:00,0.05,sl
ichi,BUY,2025-09-02 02:30:00,2025-09-02 03:10:00,2.54,sl
ichi,BUY,2025-09-02 04:15:00,2025-09-02 04:40:00,12.67,tp
ichi,BUY,2025-09-02 05:45:00,2025-09-02 09:20:00,-10.6,sl
orb,SELL,2025-09-02 10:55:00,2025-09-02 11:45:00,-6.9,sl
orb,BUY,2025-09-02 17:45:00,2025-09-02 20:30:00,18.34,tp
ichi,BUY,2025-09-03 03:30:00,2025-09-03 03:55:00,0.05,sl
ichi,BUY,2025-09-03 05:45:00,2025-09-03 08:55:00,-11.3,sl
ichi,BUY,2025-09-03 14:00:00,2025-09-03 14:45:00,5.83,sl
orb,BUY,2025-09-03 14:15:00,2025-09-03 15:20:00,-4.94,sl
ichi,BUY,2025-09-03 17:00:00,2025-09-03 17:30:00,6.81,sl
ichi,BUY,2025-09-04 13:15:00,2025-09-04 15:20:00,2.17,gap
ichi,BUY,2025-09-04 15:45:00,2025-09-04 16:40:00,8.3,sl
ichi,BUY,2025-09-05 06:15:00,2025-09-05 08:10:00,3.77,sl
orb,BUY,2025-09-05 15:35:00,2025-09-05 15:45:00,0.05,sl
ichi,BUY,2025-09-08 01:30:00,2025-09-08 06:45:00,-10.04,sl
ichi,BUY,2025-09-09 09:45:00,2025-09-09 13:40:00,0.05,sl
ichi,BUY,2025-09-09 15:15:00,2025-09-09 15:40:00,-9.46,sl
orb,BUY,2025-09-09 16:30:00,2025-09-09 17:00:00,0.05,sl
ichi,BUY,2025-09-10 15:45:00,2025-09-10 15:50:00,-9.99,sl
ichi,BUY,2025-09-11 04:15:00,2025-09-11 04:55:00,-6.7,sl
ichi,SELL,2025-09-11 12:00:00,2025-09-11 12:20:00,7.8,gap
orb,SELL,2025-09-11 15:35:00,2025-09-11 16:20:00,15.66,tp
ichi,BUY,2025-09-12 01:15:00,2025-09-12 04:15:00,4.14,sl
ichi,BUY,2025-09-12 04:20:00,2025-09-12 04:35:00,3.25,sl
ichi,SELL,2025-09-15 03:30:00,2025-09-15 04:00:00,9.2,tp
ichi,BUY,2025-09-15 12:00:00,2025-09-15 12:30:00,-6.78,sl
ichi,BUY,2025-09-15 15:45:00,2025-09-15 16:10:00,2.87,sl
orb,BUY,2025-09-15 15:50:00,2025-09-15 16:35:00,9.15,tp
ichi,BUY,2025-09-16 03:30:00,2025-09-16 04:00:00,0.05,sl
ichi,BUY,2025-09-16 09:30:00,2025-09-16 09:50:00,4.89,sl
orb,BUY,2025-09-16 09:45:00,2025-09-16 10:10:00,0.05,sl
ichi,BUY,2025-09-16 11:15:00,2025-09-16 15:30:00,-7.84,sl
ichi,BUY,2025-09-16 16:30:00,2025-09-16 17:20:00,5.15,sl
orb,SELL,2025-09-17 09:35:00,2025-09-17 09:50:00,0.05,sl
orb,SELL,2025-09-18 08:15:00,2025-09-18 08:25:00,-3.91,sl
ichi,SELL,2025-09-18 08:45:00,2025-09-18 09:10:00,14.31,tp
orb,BUY,2025-09-18 12:30:00,2025-09-18 13:15:00,-5.5,sl
ichi,SELL,2025-09-19 03:15:00,2025-09-19 03:50:00,0.05,sl
ichi,SELL,2025-09-19 05:00:00,2025-09-19 05:45:00,-8.99,sl
orb,BUY,2025-09-19 17:00:00,2025-09-19 17:15:00,-6.19,sl
ichi,BUY,2025-09-22 05:30:00,2025-09-22 07:05:00,2.17,sl
ichi,BUY,2025-09-22 07:30:00,2025-09-22 08:55:00,5.78,sl
ichi,BUY,2025-09-22 16:00:00,2025-09-22 19:00:00,14.68,tp
ichi,BUY,2025-09-23 02:30:00,2025-09-23 03:50:00,1.65,gap
ichi,BUY,2025-09-23 04:15:00,2025-09-23 04:50:00,0.05,sl
ichi,BUY,2025-09-23 09:15:00,2025-09-23 11:40:00,14.1,tp
orb,BUY,2025-09-23 11:30:00,2025-09-23 11:40:00,9.62,tp
ichi,BUY,2025-09-23 18:30:00,2025-09-23 19:35:00,-11.93,sl
orb,SELL,2025-09-24 17:55:00,2025-09-24 19:15:00,14.63,tp
orb,BUY,2025-09-25 10:40:00,2025-09-25 11:15:00,9.67,tp
ichi,BUY,2025-09-25 12:45:00,2025-09-25 14:05:00,-10.74,sl
ichi,BUY,2025-09-25 14:30:00,2025-09-25 15:30:00,0.05,sl
orb,SELL,2025-09-25 16:45:00,2025-09-25 18:15:00,-11.0,sl
ichi,BUY,2025-09-26 15:15:00,2025-09-26 15:35:00,0.05,sl
orb,BUY,2025-09-26 15:35:00,2025-09-26 16:10:00,10.33,tp
ichi,BUY,2025-09-26 16:45:00,2025-09-26 17:15:00,17.14,tp
ichi,BUY,2025-09-29 05:00:00,2025-09-29 05:20:00,20.03,tp
orb,BUY,2025-09-29 14:20:00,2025-09-29 15:15:00,0.05,sl
ichi,BUY,2025-09-29 16:30:00,2025-09-29 17:15:00,0.05,sl
ichi,BUY,2025-09-29 18:30:00,2025-09-30 03:10:00,3.44,gap
ichi,BUY,2025-10-01 08:30:00,2025-10-01 09:15:00,-9.74,sl
orb,SELL,2025-10-01 09:25:00,2025-10-01 09:40:00,-6.09,sl
orb,BUY,2025-10-01 10:55:00,2025-10-01 11:15:00,13.01,tp
orb,BUY,2025-10-02 08:30:00,2025-10-02 09:45:00,0.05,sl
ichi,BUY,2025-10-02 11:00:00,2025-10-02 12:00:00,5.66,gap
orb,SELL,2025-10-02 17:40:00,2025-10-02 18:00:00,0.05,sl
orb,BUY,2025-10-03 10:45:00,2025-10-03 12:15:00,-5.05,sl
ichi,BUY,2025-10-03 15:00:00,2025-10-03 16:00:00,9.07,sl
ichi,BUY,2025-10-06 02:15:00,2025-10-06 05:10:00,9.71,sl
ichi,BUY,2025-10-06 11:45:00,2025-10-06 12:40:00,0.05,sl
ichi,BUY,2025-10-06 13:30:00,2025-10-06 14:00:00,0.05,sl
ichi,BUY,2025-10-06 16:45:00,2025-10-06 18:00:00,7.66,sl
orb,BUY,2025-10-06 17:05:00,2025-10-06 19:05:00,18.67,tp
ichi,BUY,2025-10-07 01:15:00,2025-10-07 01:45:00,-11.68,sl
orb,SELL,2025-10-07 09:55:00,2025-10-07 10:35:00,0.05,sl
orb,BUY,2025-10-07 15:55:00,2025-10-07 16:20:00,0.05,sl
ichi,BUY,2025-10-08 04:30:00,2025-10-08 05:50:00,16.06,tp
ichi,BUY,2025-10-08 13:45:00,2025-10-08 15:15:00,4.55,sl
ichi,BUY,2025-10-08 15:20:00,2025-10-08 15:35:00,-12.43,sl
ichi,BUY,2025-10-08 18:15:00,2025-10-08 20:20:00,12.43,sl
orb,BUY,2025-10-09 14:05:00,2025-10-09 14:15:00,-5.33,sl
ichi,BUY,2025-10-09 14:45:00,2025-10-09 16:15:00,8.21,sl
orb,SELL,2025-10-10 07:10:00,2025-10-10 07:45:00,-10.42,sl
orb,BUY,2025-10-10 11:50:00,2025-10-10 12:15:00,0.05,sl
orb,BUY,2025-10-13 08:05:00,2025-10-13 08:30:00,13.05,tp
ichi,BUY,2025-10-13 15:30:00,2025-10-13 16:30:00,3.39,sl
ichi,BUY,2025-10-13 18:45:00,2025-10-13 19:25:00,10.54,sl
ichi,BUY,2025-10-16 04:15:00,2025-10-16 04:45:00,5.5,sl
orb,BUY,2025-10-16 13:05:00,2025-10-16 15:35:00,0.05,sl
ichi,BUY,2025-10-16 15:45:00,2025-10-16 16:25:00,11.02,sl
orb,BUY,2025-10-20 15:00:00,2025-10-20 15:20:00,16.58,tp
orb,SELL,2025-10-21 08:15:00,2025-10-21 08:30:00,14.51,tp
orb,BUY,2025-10-22 06:40:00,2025-10-22 07:10:00,-17.41,sl
orb,BUY,2025-10-23 09:05:00,2025-10-23 09:20:00,0.05,sl
orb,SELL,2025-10-24 07:25:00,2025-10-24 08:00:00,-9.22,sl
ichi,SELL,2025-10-27 10:30:00,2025-10-27 10:55:00,25.64,tp
orb,SELL,2025-10-27 10:55:00,2025-10-27 13:35:00,22.67,tp
orb,SELL,2025-10-28 06:25:00,2025-10-28 08:25:00,20.26,tp
orb,BUY,2025-10-29 08:50:00,2025-10-29 09:55:00,17.7,tp
ichi,BUY,2025-10-29 16:15:00,2025-10-29 17:45:00,-18.45,sl
orb,BUY,2025-10-30 11:05:00,2025-10-30 11:15:00,21.64,tp
ichi,BUY,2025-10-31 01:15:00,2025-10-31 02:00:00,7.7,sl
ichi,BUY,2025-10-31 03:15:00,2025-10-31 04:05:00,-19.69,sl
ichi,BUY,2025-10-31 10:00:00,2025-10-31 11:20:00,-19.07,sl
ichi,BUY,2025-10-31 14:30:00,2025-10-31 14:50:00,10.11,sl
ichi,BUY,2025-11-03 10:45:00,2025-11-03 11:15:00,0.05,sl
orb,BUY,2025-11-03 17:05:00,2025-11-03 17:25:00,-10.83,sl
ichi,BUY,2025-11-03 17:00:00,2025-11-03 17:35:00,-16.16,sl
ichi,SELL,2025-11-04 01:15:00,2025-11-04 02:45:00,0.05,sl
ichi,SELL,2025-11-04 03:30:00,2025-11-04 04:30:00,0.05,sl
ichi,SELL,2025-11-04 06:15:00,2025-11-04 07:50:00,8.62,sl
orb,SELL,2025-11-04 07:50:00,2025-11-04 08:40:00,0.05,sl
ichi,SELL,2025-11-05 04:00:00,2025-11-05 05:00:00,-16.21,sl
ichi,SELL,2025-11-06 03:15:00,2025-11-06 04:30:00,-11.82,sl
orb,BUY,2025-11-06 13:45:00,2025-11-06 14:20:00,-5.44,sl
ichi,BUY,2025-11-06 16:00:00,2025-11-06 16:20:00,-11.41,sl
ichi,BUY,2025-11-07 03:15:00,2025-11-07 06:00:00,-11.72,sl
ichi,BUY,2025-11-07 06:30:00,2025-11-07 09:20:00,8.82,sl
orb,BUY,2025-11-07 08:50:00,2025-11-07 09:25:00,0.05,sl
ichi,BUY,2025-11-10 01:30:00,2025-11-10 02:50:00,9.23,sl
ichi,BUY,2025-11-10 18:15:00,2025-11-10 20:25:00,21.65,tp
ichi,BUY,2025-11-11 08:30:00,2025-11-11 09:50:00,-12.52,sl
ichi,BUY,2025-11-11 15:15:00,2025-11-11 16:00:00,0.05,sl
orb,SELL,2025-11-11 17:25:00,2025-11-11 17:45:00,0.05,sl
ichi,BUY,2025-11-12 10:30:00,2025-11-12 14:40:00,5.86,sl
ichi,BUY,2025-11-12 16:15:00,2025-11-12 17:10:00,20.64,tp
orb,BUY,2025-11-12 17:15:00,2025-11-12 17:50:00,22.67,tp
orb,BUY,2025-11-13 10:00:00,2025-11-13 10:15:00,14.11,tp
ichi,BUY,2025-11-13 12:00:00,2025-11-13 15:00:00,5.74,sl
ichi,BUY,2025-11-13 15:15:00,2025-11-13 16:20:00,-17.24,sl
orb,SELL,2025-11-14 08:55:00,2025-11-14 09:40:00,0.05,sl
ichi,SELL,2025-11-14 11:30:00,2025-11-14 12:50:00,0.05,sl
orb,SELL,2025-11-17 05:05:00,2025-11-17 07:30:00,20.52,tp
ichi,SELL,2025-11-17 15:45:00,2025-11-17 18:10:00,8.84,sl
ichi,SELL,2025-11-17 18:45:00,2025-11-17 21:30:00,30.04,tp
ichi,SELL,2025-11-18 03:15:00,2025-11-18 04:05:00,13.46,sl
ichi,SELL,2025-11-18 04:45:00,2025-11-18 05:35:00,12.92,sl
orb,BUY,2025-11-18 15:40:00,2025-11-18 16:50:00,0.05,sl
ichi,BUY,2025-11-19 02:15:00,2025-11-19 03:50:00,-13.36,sl
ichi,BUY,2025-11-19 10:30:00,2025-11-19 11:55:00,22.46,tp
orb,BUY,2025-11-19 11:45:00,2025-11-19 11:55:00,15.71,tp
ichi,BUY,2025-11-19 16:45:00,2025-11-19 17:05:00,8.71,sl
ichi,SELL,2025-11-20 05:45:00,2025-11-20 10:30:00,18.5,sl
orb,SELL,2025-11-20 10:25:00,2025-11-20 10:35:00,-12.5,sl
ichi,SELL,2025-11-20 13:30:00,2025-11-20 14:15:00,-19.7,sl
ichi,SELL,2025-11-21 05:00:00,2025-11-21 07:55:00,9.4,sl
ichi,SELL,2025-11-21 08:15:00,2025-11-21 08:35:00,12.99,sl
ichi,SELL,2025-11-21 12:15:00,2025-11-21 14:30:00,-21.43,sl
ichi,BUY,2025-11-21 17:00:00,2025-11-21 19:00:00,20.28,sl
ichi,BUY,2025-11-21 19:45:00,2025-11-21 22:30:00,-21.61,sl
ichi,SELL,2025-11-24 03:15:00,2025-11-24 05:00:00,6.17,sl
ichi,SELL,2025-11-24 06:30:00,2025-11-24 08:00:00,0.05,sl
orb,BUY,2025-11-24 14:45:00,2025-11-24 15:40:00,0.05,sl
ichi,BUY,2025-11-24 16:30:00,2025-11-24 17:25:00,12.35,sl
ichi,BUY,2025-11-25 06:15:00,2025-11-25 08:20:00,0.05,sl
orb,SELL,2025-11-25 10:40:00,2025-11-25 10:50:00,15.67,tp
ichi,BUY,2025-11-25 15:15:00,2025-11-25 16:05:00,5.33,sl
ichi,BUY,2025-11-26 10:00:00,2025-11-26 10:30:00,5.82,sl
ichi,BUY,2025-11-26 11:30:00,2025-11-26 13:45:00,4.07,sl
orb,BUY,2025-11-26 13:35:00,2025-11-26 14:25:00,-6.51,sl
ichi,BUY,2025-11-26 15:30:00,2025-11-26 15:50:00,-14.84,sl
ichi,BUY,2025-11-27 01:15:00,2025-11-27 03:10:00,-9.97,sl
ichi,BUY,2025-11-27 13:15:00,2025-11-28 02:30:00,13.84,tp
orb,SELL,2025-11-28 10:30:00,2025-11-28 10:30:00,-8.08,sl
orb,BUY,2025-11-28 16:20:00,2025-11-28 17:00:00,0.05,sl
ichi,BUY,2025-11-28 17:30:00,2025-11-28 18:40:00,7.5,sl
orb,BUY,2025-12-01 12:05:00,2025-12-01 13:05:00,-8.31,sl
ichi,BUY,2025-12-01 15:15:00,2025-12-01 15:45:00,4.3,sl
ichi,SELL,2025-12-02 11:30:00,2025-12-02 11:40:00,4.87,gap
orb,SELL,2025-12-02 11:35:00,2025-12-02 13:20:00,0.05,sl
orb,SELL,2025-12-03 09:30:00,2025-12-03 10:40:00,-6.79,sl
ichi,SELL,2025-12-03 13:45:00,2025-12-03 15:05:00,-10.78,sl
orb,BUY,2025-12-03 15:55:00,2025-12-03 16:05:00,-8.73,sl
ichi,BUY,2025-12-03 16:15:00,2025-12-03 16:35:00,5.91,sl
ichi,BUY,2025-12-03 17:45:00,2025-12-03 18:50:00,-19.83,sl
ichi,SELL,2025-12-03 19:30:00,2025-12-03 21:00:00,5.55,sl
ichi,SELL,2025-12-04 01:30:00,2025-12-04 04:10:00,2.8,gap
ichi,SELL,2025-12-04 05:15:00,2025-12-04 07:55:00,12.65,sl
ichi,SELL,2025-12-04 11:00:00,2025-12-04 11:40:00,-12.46,sl
ichi,SELL,2025-12-05 04:15:00,2025-12-05 04:40:00,0.05,sl
ichi,BUY,2025-12-05 05:45:00,2025-12-05 07:20:00,4.79,sl
ichi,BUY,2025-12-05 11:30:00,2025-12-05 13:00:00,0.05,sl
ichi,BUY,2025-12-05 13:15:00,2025-12-05 14:10:00,0.05,sl
ichi,BUY,2025-12-05 14:45:00,2025-12-05 15:05:00,-0.39,gap
orb,BUY,2025-12-05 15:05:00,2025-12-05 15:30:00,10.95,tp
ichi,SELL,2025-12-08 04:00:00,2025-12-08 07:30:00,-13.59,sl
ichi,SELL,2025-12-08 16:45:00,2025-12-08 17:10:00,15.42,sl
orb,SELL,2025-12-08 17:05:00,2025-12-08 17:20:00,0.05,sl
ichi,SELL,2025-12-09 08:45:00,2025-12-09 09:35:00,0.05,sl
ichi,BUY,2025-12-09 16:45:00,2025-12-09 17:10:00,-12.58,sl
ichi,BUY,2025-12-09 19:30:00,2025-12-09 23:55:00,0.05,sl
ichi,BUY,2025-12-10 03:15:00,2025-12-10 05:40:00,-8.81,sl
ichi,SELL,2025-12-10 15:00:00,2025-12-10 15:50:00,-8.36,sl
ichi,SELL,2025-12-10 16:30:00,2025-12-10 17:20:00,3.15,sl
ichi,BUY,2025-12-11 16:15:00,2025-12-11 16:40:00,10.82,sl
orb,BUY,2025-12-11 17:45:00,2025-12-11 18:45:00,20.32,tp
ichi,BUY,2025-12-12 02:15:00,2025-12-12 09:40:00,8.75,sl
orb,BUY,2025-12-12 09:10:00,2025-12-12 10:30:00,8.8,tp
ichi,BUY,2025-12-15 13:30:00,2025-12-15 14:45:00,3.43,sl
ichi,SELL,2025-12-16 11:30:00,2025-12-16 12:45:00,0.05,sl
orb,BUY,2025-12-16 16:05:00,2025-12-16 17:05:00,17.09,tp
ichi,BUY,2025-12-17 03:15:00,2025-12-17 03:40:00,3.19,sl
ichi,BUY,2025-12-17 05:30:00,2025-12-17 07:20:00,17.37,tp
ichi,BUY,2025-12-17 15:30:00,2025-12-17 15:45:00,5.97,sl
orb,BUY,2025-12-17 16:00:00,2025-12-17 16:10:00,-8.97,sl
ichi,BUY,2025-12-17 17:45:00,2025-12-17 20:20:00,6.41,sl
orb,SELL,2025-12-18 11:00:00,2025-12-18 12:40:00,0.05,sl
orb,BUY,2025-12-18 15:55:00,2025-12-18 16:25:00,-9.12,sl
ichi,BUY,2025-12-18 18:15:00,2025-12-18 18:50:00,0.05,sl
ichi,SELL,2025-12-19 03:30:00,2025-12-19 04:00:00,-14.37,sl
ichi,SELL,2025-12-19 06:45:00,2025-12-19 11:45:00,-11.34,sl
ichi,BUY,2025-12-19 13:30:00,2025-12-19 15:15:00,2.9,gap
ichi,BUY,2025-12-19 15:20:00,2025-12-19 16:45:00,0.05,sl
orb,BUY,2025-12-19 16:40:00,2025-12-19 16:45:00,-8.82,sl
ichi,BUY,2025-12-19 16:50:00,2025-12-19 17:20:00,18.99,tp
ichi,BUY,2025-12-22 12:45:00,2025-12-22 15:05:00,7.39,sl
orb,BUY,2025-12-22 15:05:00,2025-12-22 15:20:00,0.05,sl
ichi,BUY,2025-12-22 15:10:00,2025-12-22 15:20:00,0.05,sl
ichi,BUY,2025-12-22 16:45:00,2025-12-22 18:00:00,6.79,sl
ichi,BUY,2025-12-23 09:30:00,2025-12-23 11:00:00,4.38,sl
ichi,BUY,2025-12-23 15:15:00,2025-12-23 15:50:00,-11.18,sl
orb,SELL,2025-12-23 16:40:00,2025-12-23 17:00:00,26.57,tp
orb,SELL,2025-12-24 16:55:00,2025-12-24 18:00:00,0.05,sl
ichi,BUY,2025-12-26 05:45:00,2025-12-26 08:50:00,7.96,sl
ichi,BUY,2025-12-26 16:00:00,2025-12-26 16:35:00,0.05,sl
orb,BUY,2025-12-26 16:35:00,2025-12-26 16:40:00,-10.08,sl
orb,SELL,2025-12-29 09:00:00,2025-12-29 09:00:00,29.12,tp
ichi,SELL,2025-12-29 09:30:00,2025-12-29 11:00:00,9.28,sl
ichi,SELL,2025-12-29 11:05:00,2025-12-29 13:45:00,12.22,gap
ichi,SELL,2025-12-29 15:30:00,2025-12-29 15:45:00,36.22,tp
orb,SELL,2025-12-31 07:45:00,2025-12-31 07:50:00,24.73,tp
ichi,SELL,2025-12-31 10:45:00,2025-12-31 11:05:00,0.05,sl
ichi,SELL,2025-12-31 12:45:00,2025-12-31 15:35:00,-23.65,sl
ichi,BUY,2026-01-02 12:15:00,2026-01-02 13:30:00,6.07,gap
ichi,BUY,2026-01-02 15:00:00,2026-01-02 15:20:00,0.05,sl
orb,BUY,2026-01-05 08:30:00,2026-01-05 13:25:00,0.05,sl
ichi,BUY,2026-01-06 08:15:00,2026-01-06 09:20:00,7.4,sl
ichi,BUY,2026-01-06 10:15:00,2026-01-06 10:30:00,7.51,sl
ichi,BUY,2026-01-06 16:00:00,2026-01-06 16:40:00,8.93,sl
orb,BUY,2026-01-06 16:35:00,2026-01-06 17:10:00,0.05,sl
ichi,BUY,2026-01-06 17:45:00,2026-01-06 19:40:00,6.36,sl
orb,SELL,2026-01-07 07:35:00,2026-01-07 07:55:00,0.05,sl
ichi,SELL,2026-01-07 15:00:00,2026-01-07 15:10:00,9.08,sl
ichi,SELL,2026-01-07 17:45:00,2026-01-07 18:30:00,-21.55,sl
ichi,SELL,2026-01-08 10:15:00,2026-01-08 14:10:00,7.13,gap
orb,SELL,2026-01-08 14:05:00,2026-01-08 14:25:00,0.05,sl
ichi,SELL,2026-01-08 14:30:00,2026-01-08 15:25:00,-15.19,sl
ichi,BUY,2026-01-09 04:00:00,2026-01-09 04:30:00,0.05,sl
ichi,BUY,2026-01-09 08:30:00,2026-01-09 14:10:00,0.05,sl
ichi,BUY,2026-01-09 15:45:00,2026-01-09 16:15:00,0.05,sl
orb,BUY,2026-01-09 15:35:00,2026-01-09 17:20:00,22.78,tp
ichi,BUY,2026-01-09 20:45:00,2026-01-12 01:15:00,29.65,tp
ichi,BUY,2026-01-12 08:30:00,2026-01-12 09:25:00,7.3,sl
ichi,BUY,2026-01-12 13:45:00,2026-01-12 15:25:00,12.59,sl
orb,BUY,2026-01-12 15:10:00,2026-01-12 15:50:00,14.95,tp
ichi,BUY,2026-01-12 16:45:00,2026-01-12 17:20:00,6.25,sl
ichi,BUY,2026-01-12 21:00:00,2026-01-12 22:40:00,-18.23,sl
orb,SELL,2026-01-13 08:45:00,2026-01-13 09:05:00,-8.96,sl
ichi,BUY,2026-01-13 15:00:00,2026-01-13 15:15:00,7.19,sl
orb,BUY,2026-01-13 15:35:00,2026-01-13 16:30:00,0.05,sl
ichi,BUY,2026-01-14 08:15:00,2026-01-14 15:00:00,0.05,sl
orb,BUY,2026-01-14 15:00:00,2026-01-14 15:05:00,-7.91,sl
ichi,BUY,2026-01-14 15:45:00,2026-01-14 16:35:00,-15.09,sl
ichi,SELL,2026-01-15 06:00:00,2026-01-15 07:25:00,0.05,sl
ichi,SELL,2026-01-16 04:00:00,2026-01-16 04:45:00,3.94,sl
orb,SELL,2026-01-16 15:20:00,2026-01-16 15:35:00,-10.27,sl
ichi,BUY,2026-01-19 08:15:00,2026-01-19 09:10:00,0.05,sl
ichi,BUY,2026-01-19 11:15:00,2026-01-19 21:00:00,3.62,sl
orb,BUY,2026-01-20 05:45:00,2026-01-20 06:30:00,10.24,tp
ichi,BUY,2026-01-20 15:45:00,2026-01-20 16:05:00,11.38,gap
ichi,BUY,2026-01-20 18:00:00,2026-01-20 19:00:00,11.62,sl
ichi,BUY,2026-01-21 09:30:00,2026-01-21 10:50:00,9.09,sl
ichi,BUY,2026-01-21 11:15:00,2026-01-21 11:35:00,6.1,gap
ichi,BUY,2026-01-21 15:15:00,2026-01-21 16:00:00,0.05,sl
orb,BUY,2026-01-22 09:10:00,2026-01-22 10:10:00,-8.94,sl
ichi,BUY,2026-01-22 12:00:00,2026-01-22 14:00:00,5.35,sl
ichi,BUY,2026-01-22 14:30:00,2026-01-22 15:00:00,-14.45,sl
ichi,BUY,2026-01-22 16:45:00,2026-01-22 18:10:00,28.37,tp
ichi,BUY,2026-01-23 03:45:00,2026-01-23 08:10:00,0.05,sl
orb,SELL,2026-01-23 10:25:00,2026-01-23 11:50:00,0.05,sl
ichi,BUY,2026-01-23 16:00:00,2026-01-23 16:55:00,7.9,sl
ichi,BUY,2026-01-23 21:00:00,2026-01-23 22:00:00,13.03,sl
ichi,BUY,2026-01-26 08:00:00,2026-01-26 08:50:00,25.02,sl
orb,BUY,2026-01-26 08:50:00,2026-01-26 08:55:00,-17.01,sl
ichi,BUY,2026-01-26 12:15:00,2026-01-26 15:30:00,-23.46,sl
ichi,BUY,2026-01-26 18:00:00,2026-01-26 18:20:00,0.05,sl
ichi,BUY,2026-01-26 19:45:00,2026-01-26 20:30:00,-29.57,sl
ichi,BUY,2026-01-27 11:15:00,2026-01-27 12:20:00,7.21,sl
ichi,BUY,2026-01-27 14:45:00,2026-01-27 15:40:00,-19.69,sl
ichi,BUY,2026-01-28 12:00:00,2026-01-28 13:00:00,-27.97,sl
orb,BUY,2026-02-03 08:20:00,2026-02-03 09:30:00,50.93,tp
orb,BUY,2026-02-06 14:10:00,2026-02-06 14:20:00,-20.67,sl
ichi,BUY,2026-02-09 11:30:00,2026-02-09 12:25:00,-30.63,sl
ichi,BUY,2026-02-09 16:45:00,2026-02-09 18:30:00,31.05,sl
orb,BUY,2026-02-09 17:35:00,2026-02-09 19:50:00,0.05,sl
ichi,BUY,2026-02-10 11:15:00,2026-02-10 14:40:00,-27.19,sl
orb,BUY,2026-02-10 16:35:00,2026-02-10 16:40:00,-17.97,sl
ichi,BUY,2026-02-11 01:30:00,2026-02-11 06:50:00,0.05,sl
ichi,BUY,2026-02-11 08:00:00,2026-02-11 09:15:00,6.46,gap
ichi,BUY,2026-02-11 10:00:00,2026-02-11 11:50:00,8.28,gap
ichi,BUY,2026-02-11 11:55:00,2026-02-11 12:25:00,7.56,sl
orb,SELL,2026-02-12 17:00:00,2026-02-12 17:10:00,-18.55,sl
orb,BUY,2026-02-13 15:35:00,2026-02-13 15:45:00,-19.16,sl
ichi,BUY,2026-02-16 01:30:00,2026-02-16 02:00:00,-26.7,sl
ichi,BUY,2026-02-16 10:30:00,2026-02-16 12:20:00,0.05,sl
ichi,SELL,2026-02-16 15:30:00,2026-02-16 16:50:00,6.27,sl
ichi,SELL,2026-02-17 03:00:00,2026-02-17 03:35:00,-23.43,sl
orb,SELL,2026-02-17 07:20:00,2026-02-17 07:30:00,29.87,tp
ichi,SELL,2026-02-18 02:00:00,2026-02-18 03:00:00,-27.64,sl
orb,BUY,2026-02-18 15:00:00,2026-02-18 15:35:00,20.44,tp
orb,BUY,2026-02-19 07:05:00,2026-02-19 08:25:00,13.56,tp
ichi,BUY,2026-02-20 03:00:00,2026-02-20 05:40:00,-19.38,sl
ichi,BUY,2026-02-20 10:30:00,2026-02-20 11:25:00,16.26,sl
ichi,BUY,2026-02-20 14:45:00,2026-02-20 16:00:00,15.02,sl
orb,BUY,2026-02-20 15:55:00,2026-02-20 17:00:00,0.05,sl
ichi,BUY,2026-02-23 16:15:00,2026-02-23 16:40:00,29.14,tp
orb,BUY,2026-02-23 16:40:00,2026-02-23 17:00:00,0.05,sl
ichi,BUY,2026-02-24 02:15:00,2026-02-24 03:00:00,-22.26,sl
orb,SELL,2026-02-24 14:55:00,2026-02-24 15:00:00,-12.7,sl
ichi,BUY,2026-02-25 03:15:00,2026-02-25 04:35:00,8.33,sl
ichi,BUY,2026-02-25 12:00:00,2026-02-25 12:20:00,-17.68,sl
ichi,BUY,2026-02-25 17:45:00,2026-02-25 19:40:00,17.25,sl
ichi,SELL,2026-02-26 02:00:00,2026-02-26 02:30:00,-25.47,sl
orb,BUY,2026-02-26 06:15:00,2026-02-26 07:35:00,0.05,sl
ichi,SELL,2026-02-26 17:15:00,2026-02-26 17:30:00,20.48,gap
ichi,BUY,2026-02-27 05:30:00,2026-02-27 08:35:00,5.2,sl
orb,BUY,2026-02-27 08:00:00,2026-02-27 08:50:00,-7.95,sl
orb,SELL,2026-02-27 11:50:00,2026-02-27 12:15:00,0.05,sl
ichi,BUY,2026-02-27 15:15:00,2026-02-27 15:30:00,19.99,sl
ichi,BUY,2026-02-27 20:30:00,2026-02-27 21:10:00,9.87,sl
ichi,BUY,2026-03-02 07:45:00,2026-03-02 09:10:00,45.32,tp
orb,BUY,2026-03-02 09:10:00,2026-03-02 10:40:00,0.05,sl
ichi,BUY,2026-03-02 14:15:00,2026-03-02 15:10:00,5.72,gap
orb,SELL,2026-03-03 07:55:00,2026-03-03 08:10:00,36.35,tp
orb,BUY,2026-03-04 12:10:00,2026-03-04 14:15:00,-15.65,sl
ichi,SELL,2026-03-05 08:15:00,2026-03-05 08:50:00,-27.13,sl
ichi,SELL,2026-03-05 12:15:00,2026-03-05 15:20:00,39.17,tp
orb,SELL,2026-03-05 15:25:00,2026-03-05 15:30:00,-24.31,sl
ichi,SELL,2026-03-05 15:30:00,2026-03-05 16:30:00,0.05,sl
ichi,SELL,2026-03-06 13:45:00,2026-03-06 14:00:00,3.83,gap
orb,SELL,2026-03-06 14:00:00,2026-03-06 14:15:00,-16.12,sl
ichi,SELL,2026-03-06 15:15:00,2026-03-06 15:30:00,-27.27,sl
orb,BUY,2026-03-09 07:50:00,2026-03-09 08:35:00,-20.7,sl
ichi,SELL,2026-03-09 15:45:00,2026-03-09 16:40:00,-30.37,sl
ichi,BUY,2026-03-10 03:15:00,2026-03-10 03:30:00,13.33,sl
ichi,BUY,2026-03-10 06:15:00,2026-03-10 09:00:00,6.68,sl
ichi,BUY,2026-03-10 09:45:00,2026-03-10 10:55:00,9.93,sl
orb,BUY,2026-03-10 10:35:00,2026-03-10 12:25:00,-11.17,sl
ichi,BUY,2026-03-10 13:00:00,2026-03-10 13:15:00,6.24,sl
ichi,BUY,2026-03-10 16:30:00,2026-03-10 17:50:00,18.21,sl
ichi,BUY,2026-03-11 02:30:00,2026-03-11 09:35:00,-22.76,sl
orb,SELL,2026-03-11 09:40:00,2026-03-11 09:50:00,-10.45,sl
ichi,SELL,2026-03-11 15:45:00,2026-03-11 15:55:00,-3.1,gap
ichi,SELL,2026-03-12 01:30:00,2026-03-12 02:05:00,20.82,sl
ichi,SELL,2026-03-12 06:45:00,2026-03-12 08:30:00,-18.1,sl
orb,BUY,2026-03-12 09:45:00,2026-03-12 10:20:00,0.05,sl
ichi,BUY,2026-03-12 14:45:00,2026-03-12 14:55:00,5.0,sl
orb,SELL,2026-03-12 17:15:00,2026-03-12 20:50:00,33.36,tp
ichi,SELL,2026-03-13 08:30:00,2026-03-13 09:05:00,5.19,sl
orb,SELL,2026-03-13 08:30:00,2026-03-13 09:15:00,18.06,tp
ichi,SELL,2026-03-13 10:00:00,2026-03-13 10:10:00,10.47,sl
ichi,SELL,2026-03-16 00:30:00,2026-03-16 01:20:00,40.6,tp
orb,BUY,2026-03-16 08:20:00,2026-03-16 08:40:00,-11.13,sl
ichi,SELL,2026-03-17 11:15:00,2026-03-17 12:25:00,5.55,sl
orb,SELL,2026-03-17 12:45:00,2026-03-17 13:15:00,-11.04,sl
ichi,SELL,2026-03-17 17:45:00,2026-03-18 02:05:00,-25.89,sl
ichi,SELL,2026-03-18 04:15:00,2026-03-18 05:05:00,7.39,sl
ichi,SELL,2026-03-18 12:45:00,2026-03-18 13:00:00,9.75,gap
orb,SELL,2026-03-19 08:00:00,2026-03-19 08:00:00,-12.07,sl
orb,SELL,2026-03-20 15:55:00,2026-03-20 16:15:00,48.98,tp
orb,SELL,2026-03-23 07:50:00,2026-03-23 08:05:00,48.01,tp
orb,SELL,2026-03-26 07:35:00,2026-03-26 07:45:00,24.12,tp
ichi,SELL,2026-03-27 15:30:00,2026-03-27 16:00:00,-26.9,sl
orb,BUY,2026-03-27 16:50:00,2026-03-27 17:10:00,43.93,tp
ichi,BUY,2026-03-27 20:15:00,2026-03-27 20:55:00,16.04,sl
orb,BUY,2026-03-30 06:25:00,2026-03-30 07:05:00,-21.29,sl
ichi,BUY,2026-03-30 15:15:00,2026-03-30 15:45:00,10.16,sl
ichi,BUY,2026-03-31 08:45:00,2026-03-31 10:15:00,-32.18,sl
ichi,BUY,2026-03-31 14:30:00,2026-03-31 15:10:00,9.73,sl
ichi,BUY,2026-03-31 16:45:00,2026-03-31 16:55:00,8.92,sl
orb,BUY,2026-03-31 17:05:00,2026-03-31 20:00:00,39.23,tp
ichi,BUY,2026-04-01 08:45:00,2026-04-01 10:00:00,20.34,sl
orb,BUY,2026-04-01 09:50:00,2026-04-01 10:45:00,0.05,sl
ichi,BUY,2026-04-01 11:00:00,2026-04-01 11:50:00,14.79,sl
ichi,BUY,2026-04-01 15:30:00,2026-04-01 15:45:00,0.05,sl
ichi,BUY,2026-04-01 17:45:00,2026-04-01 19:10:00,23.02,sl
ichi,BUY,2026-04-02 01:15:00,2026-04-02 02:45:00,28.22,sl
ichi,BUY,2026-04-02 03:15:00,2026-04-02 04:00:00,-26.84,sl
orb,SELL,2026-04-02 08:35:00,2026-04-02 08:45:00,34.31,tp
ichi,SELL,2026-04-02 12:00:00,2026-04-02 14:50:00,12.02,sl
ichi,SELL,2026-04-02 14:55:00,2026-04-02 16:05:00,0.05,sl
ichi,SELL,2026-04-02 16:15:00,2026-04-02 16:45:00,-38.22,sl
ichi,BUY,2026-04-06 10:45:00,2026-04-06 11:05:00,17.85,sl
ichi,BUY,2026-04-06 17:00:00,2026-04-06 17:45:00,0.05,sl
ichi,SELL,2026-04-07 03:15:00,2026-04-07 04:00:00,26.5,tp
ichi,SELL,2026-04-07 04:45:00,2026-04-07 05:00:00,14.04,sl
orb,BUY,2026-04-07 11:25:00,2026-04-07 12:40:00,-18.21,sl
ichi,BUY,2026-04-07 13:15:00,2026-04-07 14:00:00,-29.53,sl
ichi,BUY,2026-04-07 15:30:00,2026-04-07 16:40:00,-30.53,sl
orb,SELL,2026-04-07 17:10:00,2026-04-07 17:20:00,-22.67,sl
ichi,SELL,2026-04-07 17:15:00,2026-04-07 17:35:00,-38.06,sl
ichi,BUY,2026-04-08 09:00:00,2026-04-08 11:25:00,-28.54,sl
ichi,SELL,2026-04-09 06:15:00,2026-04-09 13:20:00,-24.78,sl
orb,BUY,2026-04-09 11:45:00,2026-04-09 14:45:00,22.89,tp
ichi,BUY,2026-04-09 13:30:00,2026-04-09 15:05:00,12.67,gap
ichi,BUY,2026-04-09 17:45:00,2026-04-09 18:35:00,38.76,tp
orb,SELL,2026-04-10 11:50:00,2026-04-10 12:05:00,-10.67,sl
orb,BUY,2026-04-10 15:35:00,2026-04-10 15:45:00,-12.44,sl
ichi,BUY,2026-04-10 15:45:00,2026-04-10 17:35:00,14.69,sl
ichi,BUY,2026-04-10 18:15:00,2026-04-10 18:35:00,-23.1,sl
orb,BUY,2026-04-13 09:00:00,2026-04-13 10:05:00,0.05,sl
ichi,BUY,2026-04-14 09:45:00,2026-04-14 10:05:00,23.46,tp
orb,BUY,2026-04-14 09:55:00,2026-04-14 10:05:00,15.63,tp
ichi,BUY,2026-04-14 11:30:00,2026-04-14 13:35:00,-18.19,sl
ichi,BUY,2026-04-14 16:45:00,2026-04-14 17:35:00,14.63,sl
ichi,BUY,2026-04-14 18:30:00,2026-04-14 19:55:00,7.39,sl
ichi,BUY,2026-04-15 03:30:00,2026-04-15 04:15:00,25.23,tp
orb,BUY,2026-04-16 08:10:00,2026-04-16 08:30:00,-12.07,sl
ichi,SELL,2026-04-16 17:15:00,2026-04-16 17:45:00,13.44,gap
orb,SELL,2026-04-16 17:00:00,2026-04-16 18:00:00,0.05,sl
ichi,SELL,2026-04-17 03:00:00,2026-04-17 04:10:00,19.78,tp
ichi,SELL,2026-04-17 04:30:00,2026-04-17 04:50:00,-17.47,sl
orb,BUY,2026-04-17 07:45:00,2026-04-17 08:45:00,-11.77,sl
ichi,BUY,2026-04-17 15:15:00,2026-04-17 15:45:00,24.62,tp
ichi,SELL,2026-04-20 06:15:00,2026-04-20 08:50:00,0.05,sl
ichi,SELL,2026-04-20 11:00:00,2026-04-20 14:50:00,-18.24,sl
orb,BUY,2026-04-20 15:20:00,2026-04-20 15:25:00,-10.57,sl
ichi,BUY,2026-04-20 15:30:00,2026-04-20 16:30:00,12.74,sl
ichi,SELL,2026-04-21 12:00:00,2026-04-21 14:30:00,0.05,sl
orb,SELL,2026-04-21 15:35:00,2026-04-21 16:10:00,21.42,tp
ichi,SELL,2026-04-21 15:45:00,2026-04-21 16:15:00,6.8,sl
ichi,SELL,2026-04-21 17:30:00,2026-04-21 17:45:00,37.69,tp
ichi,SELL,2026-04-22 15:45:00,2026-04-22 16:20:00,2.95,gap
ichi,SELL,2026-04-22 17:15:00,2026-04-22 17:40:00,8.03,gap
ichi,SELL,2026-04-23 03:15:00,2026-04-23 03:15:00,-22.02,sl
orb,SELL,2026-04-23 08:35:00,2026-04-23 08:50:00,-9.11,sl
ichi,SELL,2026-04-23 10:30:00,2026-04-23 11:00:00,-18.49,sl
ichi,SELL,2026-04-23 12:00:00,2026-04-23 13:15:00,10.85,sl
ichi,SELL,2026-04-23 20:45:00,2026-04-23 20:50:00,-31.44,sl
ichi,SELL,2026-04-24 03:00:00,2026-04-24 06:25:00,17.44,sl
orb,BUY,2026-04-24 14:25:00,2026-04-24 15:45:00,-13.99,sl
ichi,SELL,2026-04-27 15:45:00,2026-04-27 16:45:00,3.92,sl
ichi,SELL,2026-04-27 18:00:00,2026-04-27 18:15:00,0.05,sl
ichi,SELL,2026-04-28 15:30:00,2026-04-28 17:55:00,11.5,sl
ichi,SELL,2026-04-29 04:15:00,2026-04-29 05:05:00,-17.07,sl
orb,SELL,2026-04-29 10:20:00,2026-04-29 11:35:00,16.22,tp
orb,BUY,2026-04-30 09:55:00,2026-04-30 10:55:00,17.65,tp
ichi,BUY,2026-05-01 01:15:00,2026-05-01 04:15:00,-16.64,sl
ichi,BUY,2026-05-01 05:15:00,2026-05-01 05:55:00,-14.2,sl
ichi,SELL,2026-05-04 08:30:00,2026-05-04 09:50:00,5.09,sl
orb,SELL,2026-05-04 09:10:00,2026-05-04 11:00:00,20.08,tp
ichi,SELL,2026-05-04 13:15:00,2026-05-04 13:25:00,5.73,gap
ichi,SELL,2026-05-04 18:30:00,2026-05-04 18:55:00,8.51,gap
ichi,SELL,2026-05-05 03:00:00,2026-05-05 04:05:00,-15.94,sl
ichi,BUY,2026-05-06 02:15:00,2026-05-06 03:15:00,0.05,sl
ichi,BUY,2026-05-06 17:00:00,2026-05-06 17:50:00,0.05,sl
ichi,BUY,2026-05-07 04:15:00,2026-05-07 05:10:00,0.05,sl
orb,BUY,2026-05-07 09:35:00,2026-05-07 10:00:00,0.05,sl
ichi,BUY,2026-05-07 09:45:00,2026-05-07 12:00:00,-19.11,sl
ichi,BUY,2026-05-07 13:45:00,2026-05-07 16:00:00,5.1,sl
ichi,BUY,2026-05-08 09:15:00,2026-05-08 09:45:00,0.05,sl
orb,BUY,2026-05-08 09:30:00,2026-05-08 09:45:00,-11.82,sl
ichi,BUY,2026-05-08 15:45:00,2026-05-08 16:40:00,11.6,sl
ichi,BUY,2026-05-08 17:15:00,2026-05-08 18:10:00,-25.3,sl
ichi,SELL,2026-05-11 04:15:00,2026-05-11 05:00:00,0.05,sl
orb,SELL,2026-05-11 07:35:00,2026-05-11 08:50:00,18.43,tp
ichi,SELL,2026-05-11 06:00:00,2026-05-11 09:00:00,23.59,sl
ichi,SELL,2026-05-11 11:30:00,2026-05-11 12:35:00,13.64,sl
ichi,SELL,2026-05-11 13:00:00,2026-05-11 14:35:00,-17.57,sl
orb,BUY,2026-05-11 16:05:00,2026-05-11 16:20:00,23.27,tp
orb,SELL,2026-05-12 13:40:00,2026-05-12 14:10:00,-10.86,sl
ichi,SELL,2026-05-12 15:30:00,2026-05-12 16:20:00,9.9,sl
ichi,SELL,2026-05-12 17:00:00,2026-05-12 18:20:00,38.48,tp
ichi,BUY,2026-05-13 04:45:00,2026-05-13 05:50:00,-16.56,sl
orb,SELL,2026-05-13 12:25:00,2026-05-13 12:45:00,-8.27,sl
ichi,SELL,2026-05-13 13:45:00,2026-05-13 15:35:00,13.07,gap
ichi,SELL,2026-05-14 06:45:00,2026-05-14 07:25:00,-18.07,sl
ichi,BUY,2026-05-14 16:15:00,2026-05-14 16:30:00,-19.36,sl
orb,SELL,2026-05-14 16:45:00,2026-05-14 17:15:00,-15.43,sl
ichi,SELL,2026-05-14 17:45:00,2026-05-14 20:00:00,7.72,sl
ichi,SELL,2026-05-15 03:30:00,2026-05-15 03:45:00,8.01,sl
ichi,SELL,2026-05-15 14:45:00,2026-05-15 16:15:00,0.05,sl
orb,SELL,2026-05-15 16:40:00,2026-05-15 16:50:00,-0.43,gap
ichi,SELL,2026-05-18 03:15:00,2026-05-18 03:35:00,28.12,sl
orb,BUY,2026-05-18 10:35:00,2026-05-18 10:50:00,-13.42,sl
ichi,SELL,2026-05-19 11:30:00,2026-05-19 13:55:00,0.05,sl
orb,SELL,2026-05-19 13:45:00,2026-05-19 13:55:00,-11.19,sl
ichi,SELL,2026-05-19 16:15:00,2026-05-19 16:30:00,37.95,tp
ichi,SELL,2026-05-20 04:15:00,2026-05-20 04:35:00,32.86,tp
ichi,SELL,2026-05-20 09:45:00,2026-05-20 11:30:00,-21.49,sl
ichi,SELL,2026-05-20 17:15:00,2026-05-20 17:15:00,-23.46,sl
orb,BUY,2026-05-20 17:25:00,2026-05-20 17:55:00,28.13,tp
ichi,BUY,2026-05-21 02:45:00,2026-05-21 03:20:00,2.83,gap
ichi,BUY,2026-05-21 04:15:00,2026-05-21 04:50:00,0.05,sl
ichi,SELL,2026-05-21 17:15:00,2026-05-21 20:10:00,-23.08,sl
ichi,BUY,2026-05-22 03:45:00,2026-05-22 04:35:00,-15.42,sl
orb,SELL,2026-05-22 09:00:00,2026-05-22 09:05:00,-10.29,sl
ichi,SELL,2026-05-22 09:15:00,2026-05-22 14:05:00,4.32,sl
ichi,SELL,2026-05-22 15:45:00,2026-05-22 17:05:00,8.48,sl
ichi,SELL,2026-05-22 17:15:00,2026-05-22 18:25:00,-20.12,sl
ichi,BUY,2026-05-25 15:45:00,2026-05-25 18:35:00,0.05,sl
ichi,BUY,2026-05-26 01:15:00,2026-05-26 02:20:00,3.23,sl
ichi,SELL,2026-05-26 10:45:00,2026-05-26 12:45:00,8.67,sl
ichi,SELL,2026-05-26 14:45:00,2026-05-26 15:35:00,-0.5,gap
ichi,SELL,2026-05-26 16:15:00,2026-05-26 17:30:00,0.05,sl
orb,SELL,2026-05-27 07:00:00,2026-05-27 07:40:00,-7.26,sl
ichi,SELL,2026-05-27 08:15:00,2026-05-27 08:35:00,9.33,sl
ichi,SELL,2026-05-27 15:30:00,2026-05-27 16:05:00,38.02,tp
ichi,SELL,2026-05-28 04:15:00,2026-05-28 04:30:00,12.99,sl
ichi,SELL,2026-05-28 12:00:00,2026-05-28 13:55:00,0.05,sl
orb,BUY,2026-05-28 17:15:00,2026-05-28 19:40:00,39.71,tp
ichi,BUY,2026-05-29 03:15:00,2026-05-29 04:15:00,20.82,tp
ichi,BUY,2026-05-29 04:45:00,2026-05-29 08:35:00,0.05,sl
orb,BUY,2026-05-29 09:05:00,2026-05-29 09:15:00,-9.03,sl
ichi,BUY,2026-05-29 09:00:00,2026-05-29 10:15:00,0.05,sl
ichi,BUY,2026-05-29 12:15:00,2026-05-29 13:00:00,0.05,sl
ichi,BUY,2026-05-29 17:45:00,2026-05-29 17:55:00,16.39,gap
orb,SELL,2026-06-01 07:50:00,2026-06-01 08:10:00,-7.77,sl
ichi,SELL,2026-06-01 16:15:00,2026-06-01 16:35:00,16.37,sl
ichi,SELL,2026-06-02 05:00:00,2026-06-02 06:25:00,-18.66,sl
ichi,BUY,2026-06-02 14:30:00,2026-06-02 15:50:00,-12.35,sl
ichi,SELL,2026-06-03 04:15:00,2026-06-03 09:00:00,7.0,sl
orb,SELL,2026-06-03 08:35:00,2026-06-03 09:00:00,0.05,sl
ichi,SELL,2026-06-03 09:30:00,2026-06-03 11:05:00,4.65,sl
ichi,SELL,2026-06-03 15:30:00,2026-06-03 16:45:00,17.16,sl
ichi,SELL,2026-06-03 17:00:00,2026-06-04 01:25:00,11.55,sl
ichi,SELL,2026-06-04 01:45:00,2026-06-04 02:40:00,-16.97,sl
orb,BUY,2026-06-04 14:30:00,2026-06-04 14:55:00,18.59,tp
ichi,BUY,2026-06-04 14:30:00,2026-06-04 14:55:00,24.94,tp
ichi,SELL,2026-06-05 02:15:00,2026-06-05 03:25:00,14.35,sl
ichi,SELL,2026-06-05 03:45:00,2026-06-05 04:05:00,-3.53,gap
ichi,SELL,2026-06-05 09:00:00,2026-06-05 09:20:00,3.22,gap
orb,SELL,2026-06-05 15:55:00,2026-06-05 16:05:00,0.05,sl
ichi,SELL,2026-06-08 04:45:00,2026-06-08 05:40:00,8.28,sl
orb,SELL,2026-06-08 08:35:00,2026-06-08 09:00:00,-15.69,sl
ichi,SELL,2026-06-08 08:45:00,2026-06-08 10:20:00,-25.66,sl
ichi,SELL,2026-06-08 11:00:00,2026-06-08 12:35:00,11.48,sl
orb,BUY,2026-06-09 16:50:00,2026-06-09 16:50:00,-15.74,sl
orb,SELL,2026-06-09 17:20:00,2026-06-09 17:45:00,30.99,tp
ichi,SELL,2026-06-10 10:30:00,2026-06-10 11:00:00,32.53,tp
orb,SELL,2026-06-10 11:05:00,2026-06-10 11:40:00,-15.12,sl
ichi,SELL,2026-06-10 15:45:00,2026-06-10 16:25:00,13.43,sl
ichi,SELL,2026-06-10 17:45:00,2026-06-10 18:00:00,17.84,sl
ichi,SELL,2026-06-11 02:45:00,2026-06-11 03:15:00,0.05,sl
ichi,SELL,2026-06-11 05:45:00,2026-06-11 08:40:00,-37.75,sl
ichi,SELL,2026-06-11 15:30:00,2026-06-11 16:45:00,-23.11,sl
ichi,SELL,2026-06-11 17:15:00,2026-06-11 18:45:00,-30.15,sl
orb,SELL,2026-06-12 09:00:00,2026-06-12 09:10:00,-12.05,sl
ichi,BUY,2026-06-12 18:00:00,2026-06-12 18:30:00,20.2,sl
ichi,BUY,2026-06-15 01:15:00,2026-06-15 08:35:00,20.24,sl
ichi,BUY,2026-06-15 10:45:00,2026-06-15 11:30:00,25.94,tp
orb,BUY,2026-06-15 11:35:00,2026-06-15 14:45:00,-10.9,sl
ichi,BUY,2026-06-15 15:30:00,2026-06-15 16:00:00,5.64,sl
orb,BUY,2026-06-16 10:55:00,2026-06-16 11:55:00,13.8,tp
ichi,BUY,2026-06-17 02:15:00,2026-06-17 04:15:00,8.47,sl
orb,SELL,2026-06-17 07:30:00,2026-06-17 08:30:00,-14.84,sl
orb,BUY,2026-06-17 17:25:00,2026-06-17 17:45:00,-11.31,sl
ichi,BUY,2026-06-17 17:30:00,2026-06-17 17:45:00,-16.41,sl
orb,SELL,2026-06-18 14:10:00,2026-06-18 15:15:00,-11.05,sl
ichi,SELL,2026-06-18 17:00:00,2026-06-18 17:15:00,6.65,sl
ichi,SELL,2026-06-22 01:15:00,2026-06-22 03:00:00,7.82,sl
ichi,SELL,2026-06-22 16:30:00,2026-06-22 16:50:00,-16.06,sl
ichi,SELL,2026-06-22 18:30:00,2026-06-22 18:50:00,11.07,sl
ichi,SELL,2026-06-23 03:15:00,2026-06-23 03:40:00,-13.13,sl
ichi,SELL,2026-06-23 04:45:00,2026-06-23 06:25:00,15.91,sl
ichi,SELL,2026-06-24 03:45:00,2026-06-24 04:05:00,18.03,sl
ichi,SELL,2026-06-24 05:15:00,2026-06-24 05:45:00,18.63,sl
orb,SELL,2026-06-24 14:10:00,2026-06-24 14:35:00,0.05,sl
ichi,SELL,2026-06-24 19:00:00,2026-06-24 21:05:00,30.04,sl
ichi,SELL,2026-06-25 04:15:00,2026-06-25 05:15:00,11.62,sl
ichi,SELL,2026-06-25 05:45:00,2026-06-25 15:30:00,-29.63,sl
orb,BUY,2026-06-25 15:55:00,2026-06-25 16:30:00,0.05,sl
orb,SELL,2026-06-26 05:55:00,2026-06-26 06:10:00,-13.31,sl
orb,BUY,2026-06-26 10:30:00,2026-06-26 11:00:00,-10.8,sl
ichi,BUY,2026-06-26 16:00:00,2026-06-26 17:00:00,10.22,sl
orb,SELL,2026-06-29 08:05:00,2026-06-29 08:50:00,0.05,sl
ichi,SELL,2026-06-29 15:30:00,2026-06-29 17:10:00,28.16,tp
ichi,SELL,2026-06-29 18:30:00,2026-06-29 22:25:00,9.98,sl
ichi,SELL,2026-06-30 01:30:00,2026-06-30 03:10:00,6.5,sl
ichi,SELL,2026-06-30 03:15:00,2026-06-30 03:55:00,22.82,tp
ichi,SELL,2026-06-30 04:45:00,2026-06-30 05:50:00,0.05,sl
orb,BUY,2026-06-30 09:35:00,2026-06-30 11:50:00,-16.58,sl
ichi,BUY,2026-06-30 17:15:00,2026-06-30 17:25:00,10.48,sl
orb,SELL,2026-07-01 08:15:00,2026-07-01 09:40:00,0.1,sl
orb,BUY,2026-07-01 14:15:00,2026-07-01 14:45:00,18.13,tp
ichi,BUY,2026-07-02 04:00:00,2026-07-02 04:20:00,7.41,sl
ichi,BUY,2026-07-02 09:00:00,2026-07-02 09:35:00,6.6,sl
ichi,BUY,2026-07-02 10:45:00,2026-07-02 15:30:00,28.31,tp
orb,BUY,2026-07-02 15:35:00,2026-07-02 19:30:00,-18.88,sl
ichi,BUY,2026-07-02 15:45:00,2026-07-02 19:30:00,-27.24,sl
ichi,BUY,2026-07-03 09:45:00,2026-07-03 10:15:00,0.05,sl
ichi,BUY,2026-07-06 01:15:00,2026-07-06 01:45:00,5.19,sl
ichi,BUY,2026-07-06 03:00:00,2026-07-06 04:05:00,0.05,sl
ichi,BUY,2026-07-06 04:30:00,2026-07-06 04:55:00,0.05,sl
orb,SELL,2026-07-06 12:30:00,2026-07-06 13:30:00,-15.95,sl
ichi,BUY,2026-07-07 03:30:00,2026-07-07 03:55:00,-12.66,sl
ichi,SELL,2026-07-07 06:00:00,2026-07-07 06:55:00,6.03,sl
ichi,SELL,2026-07-07 10:30:00,2026-07-07 14:15:00,-14.24,sl
orb,BUY,2026-07-07 15:10:00,2026-07-07 16:40:00,0.05,sl
ichi,SELL,2026-07-08 04:30:00,2026-07-08 05:25:00,-21.21,sl
orb,SELL,2026-07-08 11:20:00,2026-07-08 11:40:00,26.14,tp
ichi,SELL,2026-07-08 11:30:00,2026-07-08 11:45:00,18.47,sl
ichi,SELL,2026-07-08 16:00:00,2026-07-08 17:20:00,10.78,sl
orb,BUY,2026-07-09 15:10:00,2026-07-09 15:20:00,-9.19,sl
ichi,BUY,2026-07-09 15:45:00,2026-07-09 16:20:00,6.9,gap
ichi,BUY,2026-07-09 17:30:00,2026-07-09 19:55:00,5.67,sl
ichi,BUY,2026-07-10 06:30:00,2026-07-10 08:30:00,-14.71,sl
ichi,SELL,2026-07-10 14:00:00,2026-07-10 14:40:00,4.02,sl
ichi,SELL,2026-07-10 15:45:00,2026-07-10 16:30:00,6.6,sl
orb,SELL,2026-07-10 16:30:00,2026-07-10 16:40:00,-11.9,sl
ichi,SELL,2026-07-10 18:00:00,2026-07-10 19:00:00,-22.09,sl
ichi,SELL,2026-07-13 03:30:00,2026-07-13 03:45:00,0.05,sl
ichi,SELL,2026-07-13 05:00:00,2026-07-13 06:20:00,10.99,sl
ichi,SELL,2026-07-13 08:30:00,2026-07-13 09:10:00,5.17,gap
ichi,SELL,2026-07-13 15:00:00,2026-07-13 16:55:00,4.59,gap
orb,BUY,2026-07-14 15:05:00,2026-07-14 15:30:00,14.5,tp
ichi,SELL,2026-07-15 05:15:00,2026-07-15 08:35:00,7.88,sl
orb,SELL,2026-07-15 10:40:00,2026-07-15 11:30:00,-16.19,sl
ichi,SELL,2026-07-15 11:15:00,2026-07-15 11:55:00,-15.23,sl
orb,BUY,2026-07-15 15:40:00,2026-07-15 16:10:00,0.05,sl
orb,SELL,2026-07-16 09:40:00,2026-07-16 11:00:00,-14.91,sl
ichi,SELL,2026-07-16 11:15:00,2026-07-16 14:45:00,-13.0,sl
ichi,SELL,2026-07-16 15:30:00,2026-07-16 15:45:00,16.27,sl
ichi,SELL,2026-07-16 19:15:00,2026-07-16 22:50:00,10.52,sl
ichi,SELL,2026-07-17 03:30:00,2026-07-17 05:40:00,8.25,sl
ichi,SELL,2026-07-17 15:30:00,2026-07-17 15:45:00,15.46,sl
orb,SELL,2026-07-17 15:45:00,2026-07-17 16:05:00,-4.62,gap
orb,BUY,2026-07-20 11:25:00,2026-07-20 11:30:00,-9.63,sl
ichi,BUY,2026-07-20 12:00:00,2026-07-20 14:30:00,20.92,tp
ichi,BUY,2026-07-20 14:45:00,2026-07-20 15:00:00,-14.05,sl
ichi,SELL,2026-07-21 02:00:00,2026-07-21 03:15:00,-13.51,sl
ichi,BUY,2026-07-21 05:45:00,2026-07-21 06:30:00,9.03,sl
ichi,BUY,2026-07-21 13:00:00,2026-07-21 15:40:00,-12.97,sl
ichi,BUY,2026-07-22 03:15:00,2026-07-22 03:30:00,0.05,sl
orb,BUY,2026-07-22 16:35:00,2026-07-22 17:00:00,20.05,tp
orb,SELL,2026-07-23 11:50:00,2026-07-23 12:00:00,-9.36,sl
ichi,SELL,2026-07-24 03:15:00,2026-07-24 05:55:00,17.24,tp
ichi,SELL,2026-07-24 06:00:00,2026-07-24 09:25:00,-14.32,sl
orb,BUY,2026-07-24 17:00:00,2026-07-24 17:15:00,-10.98,sl
ichi,SELL,2026-07-28 11:15:00,2026-07-28 12:40:00,10.19,sl
orb,SELL,2026-07-28 12:40:00,2026-07-28 13:20:00,25.94,tp
ichi,SELL,2026-07-28 16:00:00,2026-07-28 17:05:00,0.05,sl
ichi,SELL,2026-07-28 18:00:00,2026-07-28 18:40:00,-17.19,sl
ichi,SELL,2026-07-29 01:30:00,2026-07-29 02:10:00,0.05,sl
ichi,SELL,2026-07-29 03:15:00,2026-07-29 04:05:00,4.95,sl
ichi,SELL,2026-07-29 13:45:00,2026-07-29 15:25:00,14.19,tp
orb,SELL,2026-07-29 15:35:00,2026-07-29 16:00:00,-16.17,sl
ichi,SELL,2026-07-29 19:15:00,2026-07-29 19:50:00,-15.59,sl
ichi,BUY,2026-07-30 01:15:00,2026-07-30 03:20:00,0.05,sl
ichi,BUY,2026-07-30 16:15:00,2026-07-30 16:40:00,14.02,sl
orb,BUY,2026-07-30 16:50:00,2026-07-30 17:05:00,0.05,sl
ichi,BUY,2026-07-30 18:30:00,2026-07-30 19:40:00,12.12,sl
ichi,BUY,2026-07-31 01:15:00,2026-07-31 04:35:00,-20.6,sl
orb,SELL,2026-07-31 10:35:00,2026-07-31 11:30:00,24.32,tp
orb,SELL,2026-08-03 12:35:00,2026-08-03 12:45:00,-16.07,sl
ichi,SELL,2026-08-03 13:00:00,2026-08-03 14:00:00,3.83,sl
ichi,SELL,2026-08-03 16:15:00,2026-08-03 16:40:00,12.12,gap
orb,BUY,2026-08-04 11:05:00,2026-08-04 11:20:00,-14.0,sl
ichi,BUY,2026-08-04 11:15:00,2026-08-04 11:45:00,-11.75,sl
ichi,BUY,2026-08-04 15:30:00,2026-08-04 15:45:00,8.77,sl
ichi,BUY,2026-08-05 14:00:00,2026-08-05 14:30:00,12.98,sl
orb,BUY,2026-08-05 14:30:00,2026-08-05 14:55:00,15.57,tp
ichi,BUY,2026-08-05 16:00:00,2026-08-05 16:35:00,11.69,sl
ichi,BUY,2026-08-06 02:00:00,2026-08-06 02:35:00,26.03,tp
ichi,BUY,2026-08-06 04:45:00,2026-08-06 05:30:00,0.05,sl
orb,SELL,2026-08-06 16:10:00,2026-08-06 16:20:00,-14.11,sl
ichi,BUY,2026-08-07 04:45:00,2026-08-07 09:10:00,29.14,tp
ichi,BUY,2026-08-07 15:30:00,2026-08-07 15:30:00,38.78,tp
ichi,BUY,2026-08-10 08:00:00,2026-08-10 08:55:00,6.0,sl
orb,BUY,2026-08-10 08:55:00,2026-08-10 11:35:00,0.05,sl
ichi,BUY,2026-08-11 01:15:00,2026-08-11 03:40:00,16.8,sl
ichi,BUY,2026-08-12 10:00:00,2026-08-12 12:25:00,14.72,sl
orb,BUY,2026-08-12 12:20:00,2026-08-12 12:30:00,-5.12,gap
ichi,BUY,2026-08-12 13:00:00,2026-08-12 15:30:00,5.2,sl
ichi,BUY,2026-08-12 15:35:00,2026-08-12 15:45:00,0.05,sl
ichi,SELL,2026-08-14 03:15:00,2026-08-14 03:30:00,5.66,sl
orb,BUY,2026-08-14 14:55:00,2026-08-14 15:10:00,0.1,sl
ichi,BUY,2026-08-17 07:45:00,2026-08-17 10:10:00,0.05,sl
ichi,BUY,2026-08-17 17:00:00,2026-08-17 17:25:00,11.49,sl
orb,BUY,2026-08-17 17:20:00,2026-08-17 21:25:00,-13.52,sl
ichi,BUY,2026-08-18 01:15:00,2026-08-18 03:05:00,6.53,sl
ichi,SELL,2026-08-18 12:15:00,2026-08-18 16:35:00,-4.4,gap
ichi,SELL,2026-08-18 16:40:00,2026-08-18 16:50:00,4.65,sl
orb,SELL,2026-08-18 16:35:00,2026-08-18 17:50:00,22.31,tp
ichi,SELL,2026-08-18 18:00:00,2026-08-18 18:50:00,0.05,sl
ichi,SELL,2026-08-19 04:00:00,2026-08-19 04:35:00,-17.95,sl
orb,BUY,2026-08-19 10:40:00,2026-08-19 14:10:00,16.14,tp
orb,SELL,2026-08-20 08:15:00,2026-08-20 09:00:00,0.1,sl
ichi,BUY,2026-08-21 01:15:00,2026-08-21 02:25:00,6.26,sl
ichi,BUY,2026-08-21 02:45:00,2026-08-21 04:35:00,7.18,sl
ichi,BUY,2026-08-21 05:45:00,2026-08-21 09:00:00,10.02,sl
ichi,BUY,2026-08-21 16:15:00,2026-08-21 17:30:00,9.66,sl
ichi,BUY,2026-08-21 18:00:00,2026-08-21 19:25:00,18.84,sl
ichi,BUY,2026-08-24 02:30:00,2026-08-24 03:15:00,18.6,sl
ichi,BUY,2026-08-24 06:00:00,2026-08-24 09:25:00,0.05,sl
orb,BUY,2026-08-24 09:20:00,2026-08-24 09:25:00,-13.02,sl
ichi,BUY,2026-08-24 10:00:00,2026-08-24 14:40:00,10.1,gap
ichi,BUY,2026-08-24 14:45:00,2026-08-24 16:20:00,10.42,sl
ichi,BUY,2026-08-24 17:00:00,2026-08-24 17:45:00,0.05,sl
orb,SELL,2026-08-26 09:25:00,2026-08-26 09:45:00,-17.78,sl
ichi,SELL,2026-08-26 14:00:00,2026-08-26 15:35:00,-3.02,gap
ichi,SELL,2026-08-26 15:45:00,2026-08-26 15:55:00,4.98,sl
ichi,SELL,2026-08-26 19:00:00,2026-08-27 02:15:00,-23.08,sl
ichi,SELL,2026-08-27 09:45:00,2026-08-27 10:30:00,7.37,sl
orb,SELL,2026-08-27 10:30:00,2026-08-27 12:35:00,16.91,tp
ichi,SELL,2026-08-27 15:45:00,2026-08-27 16:40:00,6.91,sl
ichi,SELL,2026-08-27 17:30:00,2026-08-27 18:40:00,-20.78,sl
orb,SELL,2026-08-28 08:40:00,2026-08-28 09:10:00,-14.66,sl
orb,BUY,2026-08-28 10:00:00,2026-08-28 10:05:00,-10.78,sl
ichi,SELL,2026-08-31 05:15:00,2026-08-31 05:50:00,14.69,sl
ichi,SELL,2026-09-01 09:30:00,2026-09-01 10:40:00,9.07,sl
ichi,SELL,2026-09-01 11:15:00,2026-09-01 11:35:00,32.77,tp
orb,SELL,2026-09-01 11:10:00,2026-09-01 12:00:00,27.67,tp
ichi,SELL,2026-09-02 04:00:00,2026-09-02 04:10:00,0.05,sl
ichi,SELL,2026-09-02 05:45:00,2026-09-02 06:25:00,10.19,sl
orb,BUY,2026-09-02 15:05:00,2026-09-02 16:25:00,19.27,tp
ichi,BUY,2026-09-03 01:15:00,2026-09-03 04:15:00,11.12,gap
ichi,BUY,2026-09-03 11:30:00,2026-09-03 13:20:00,-18.11,sl
orb,BUY,2026-09-03 15:00:00,2026-09-03 15:30:00,31.5,tp
ichi,BUY,2026-09-03 15:45:00,2026-09-03 16:10:00,17.46,sl
ichi,BUY,2026-09-03 17:30:00,2026-09-03 18:30:00,23.35,sl
orb,SELL,2026-09-04 15:35:00,2026-09-04 16:15:00,0.05,sl
ichi,SELL,2026-09-07 04:00:00,2026-09-07 04:25:00,15.02,sl
ichi,SELL,2026-09-07 06:00:00,2026-09-07 08:00:00,6.76,sl
ichi,SELL,2026-09-07 08:45:00,2026-09-07 09:10:00,11.87,sl
orb,SELL,2026-09-07 09:05:00,2026-09-07 09:20:00,-19.77,sl
ichi,SELL,2026-09-07 10:30:00,2026-09-07 11:00:00,-16.69,sl
