date,orb_pnl,ichi_pnl,combined_pnl,orb_equity,ichi_equity,combined_equity
2021-09-22,-4.98,0.0,-4.98,528.02,533.0,528.02
2021-09-23,-7.0600000000000005,0.0,-7.0600000000000005,520.96,533.0,520.96
2021-09-24,0.0,0.0,0.0,520.96,533.0,520.96
2021-09-25,0.0,0.0,0.0,520.96,533.0,520.96
2021-09-26,0.0,0.0,0.0,520.96,533.0,520.96
2021-09-27,0.1,0.05,0.15000000000000002,521.06,533.05,521.11
2021-09-28,8.73,6.95,15.68,529.79,540.0,536.79
2021-09-29,2.2700000000000005,-4.949999999999999,-2.679999999999999,532.06,535.05,534.11
2021-09-30,-4.49,5.819999999999999,1.3299999999999992,527.57,540.87,535.44
2021-10-01,-7.619999999999999,-3.6900000000000004,-11.309999999999999,519.95,537.18,524.13
2021-10-02,0.0,0.0,0.0,519.95,537.18,524.13
2021-10-03,0.0,0.0,0.0,519.95,537.18,524.13
2021-10-04,0.05,0.0,0.05,520.0,537.18,524.18
2021-10-05,0.1,-3.6,-3.5,520.1,533.58,520.68
2021-10-06,-4.18,0.9699999999999998,-3.21,515.92,534.55,517.47
2021-10-07,0.05,0.05,0.1,515.97,534.6,517.57
2021-10-08,8.76,0.1,8.86,524.73,534.7,526.43
2021-10-09,0.0,0.0,0.0,524.73,534.7,526.43
2021-10-10,0.0,0.0,0.0,524.73,534.7,526.43
2021-10-11,-4.76,-7.24,-12.0,519.97,527.46,514.43
2021-10-12,0.1,-14.5,-14.4,520.07,512.96,500.03
2021-10-13,0.0,20.07,20.07,520.07,533.03,520.1
2021-10-14,-4.59,1.2300000000000002,-3.3599999999999994,515.48,534.26,516.74
2021-10-15,7.9,-5.04,2.8600000000000003,523.38,529.22,519.6
2021-10-16,0.0,0.0,0.0,523.38,529.22,519.6
2021-10-17,0.0,0.0,0.0,523.38,529.22,519.6
2021-10-18,-4.46,-3.4000000000000004,-7.86,518.92,525.82,511.74
2021-10-19,-4.92,-12.11,-17.03,514.0,513.71,494.71
2021-10-20,0.0,-8.63,-8.63,514.0,505.08,486.08
2021-10-21,-4.92,-3.26,-8.18,509.08,501.82,477.9
2021-10-22,-4.98,12.2,7.219999999999999,504.1,514.02,485.12
2021-10-23,0.0,0.0,0.0,504.1,514.02,485.12
2021-10-24,0.0,0.0,0.0,504.1,514.02,485.12
2021-10-25,-2.54,5.74,3.2,501.56,519.76,488.32
2021-10-26,-3.27,7.819999999999999,4.549999999999999,498.29,527.58,492.87
2021-10-27,-2.68,0.9800000000000004,-1.6999999999999997,495.61,528.56,491.17
2021-10-28,-10.3,-2.67,-12.97,485.31,525.89,478.2
2021-10-29,0.05,-0.03000000000000025,0.019999999999999754,485.36,525.86,478.22
2021-10-30,0.0,0.0,0.0,485.36,525.86,478.22
2021-10-31,0.0,0.0,0.0,485.36,525.86,478.22
2021-11-01,-4.29,-6.14,-10.43,481.07,519.72,467.78999999999996
2021-11-02,-2.43,-3.12,-5.550000000000001,478.64,516.6,462.24
2021-11-03,-3.42,-0.9800000000000004,-4.4,475.22,515.62,457.84
2021-11-04,7.930000000000001,0.0,7.930000000000001,483.15,515.62,465.77
2021-11-05,7.4399999999999995,14.45,21.89,490.59,530.07,487.65999999999997
2021-11-06,0.0,0.0,0.0,490.59,530.07,487.65999999999997
2021-11-07,0.0,0.0,0.0,490.59,530.07,487.65999999999997
2021-11-08,-8.87,-4.38,-13.25,481.72,525.6899999999999,474.40999999999997
2021-11-09,-8.48,-5.16,-13.64,473.24,520.53,460.77
2021-11-10,5.09,7.5200000000000005,12.61,478.33,528.05,473.38
2021-11-11,0.0,0.05,0.05,478.33,528.1,473.43
2021-11-12,-2.61,1.63,-0.98,475.72,529.73,472.45
2021-11-13,0.0,0.0,0.0,475.72,529.73,472.45
2021-11-14,0.0,0.0,0.0,475.72,529.73,472.45
2021-11-15,-7.79,-3.07,-10.86,467.93,526.66,461.59000000000003
2021-11-16,4.5,-8.34,-3.84,472.43,518.32,457.75
2021-11-17,-3.5,-4.75,-8.25,468.93,513.57,449.5
2021-11-18,-3.38,-3.17,-6.55,465.55,510.4,442.95
2021-11-19,-3.64,-5.8100000000000005,-9.450000000000001,461.90999999999997,504.59,433.5
2021-11-20,0.0,0.0,0.0,461.90999999999997,504.59,433.5
2021-11-21,0.0,0.0,0.0,461.90999999999997,504.59,433.5
2021-11-22,-8.35,7.21,-1.1399999999999997,453.56,511.8,432.36
2021-11-23,5.68,6.47,12.149999999999999,459.24,518.27,444.51
2021-11-24,-4.09,6.01,1.92,455.15,524.28,446.43
2021-11-25,-4.14,0.0,-4.14,451.01,524.28,442.28999999999996
2021-11-26,5.32,9.16,14.48,456.33000000000004,533.4399999999999,456.77
2021-11-27,0.0,0.0,0.0,456.33000000000004,533.4399999999999,456.77
2021-11-28,0.0,0.0,0.0,456.33000000000004,533.4399999999999,456.77
2021-11-29,-2.34,6.68,4.34,453.99,540.12,461.11
2021-11-30,-3.07,-5.87,-8.94,450.92,534.25,452.17
2021-12-01,0.0,-10.6,-10.6,450.92,523.65,441.57
2021-12-02,5.82,2.5599999999999996,8.379999999999999,456.74,526.21,449.95
2021-12-03,-4.3100000000000005,-4.140000000000001,-8.450000000000001,452.43,522.0699999999999,441.5
2021-12-04,0.0,0.0,0.0,452.43,522.0699999999999,441.5
2021-12-05,0.0,0.0,0.0,452.43,522.0699999999999,441.5
2021-12-06,0.05,-4.7700000000000005,-4.720000000000001,452.48,517.3,436.78
2021-12-07,0.8599999999999999,0.0,0.8599999999999999,453.34000000000003,517.3,437.64
2021-12-08,1.0500000000000007,3.9999999999999996,5.050000000000001,454.39,521.3,442.69
2021-12-09,0.0,-3.12,-3.12,454.39,518.18,439.57
2021-12-10,1.9700000000000002,7.819999999999999,9.79,456.36,526.0,449.36
2021-12-11,0.0,0.0,0.0,456.36,526.0,449.36
2021-12-12,0.0,0.0,0.0,456.36,526.0,449.36
2021-12-13,5.370000000000001,2.3600000000000003,7.730000000000001,461.73,528.36,457.09
2021-12-14,7.08,0.13999999999999968,7.22,468.81,528.5,464.31
2021-12-15,-3.16,8.91,5.75,465.65,537.41,470.06
2021-12-16,-3.72,3.7299999999999995,0.009999999999999343,461.93,541.14,470.07
2021-12-17,0.0,9.27,9.27,461.93,550.41,479.34
2021-12-18,0.0,0.0,0.0,461.93,550.41,479.34
2021-12-19,0.0,0.0,0.0,461.93,550.41,479.34
2021-12-20,0.0,4.63,4.63,461.93,555.04,483.96999999999997
2021-12-21,0.2,-3.41,-3.21,462.13,551.63,480.76
2021-12-22,-4.28,-4.840000000000001,-9.120000000000001,457.85,546.79,471.64
2021-12-23,-3.93,-5.25,-9.18,453.92,541.54,462.46
2021-12-24,0.0,0.0,0.0,453.92,541.54,462.46
2021-12-25,0.0,0.0,0.0,453.92,541.54,462.46
2021-12-26,0.0,0.0,0.0,453.92,541.54,462.46
2021-12-27,-6.69,0.1,-6.590000000000001,447.23,541.64,455.87
2021-12-28,7.08,-2.75,4.33,454.31,538.89,460.2
2021-12-29,5.7,2.119999999999999,7.819999999999999,460.01,541.01,468.02
2021-12-30,11.48,0.0,11.48,471.49,541.01,479.5
2021-12-31,-3.96,8.219999999999999,4.259999999999999,467.53000000000003,549.23,483.76
2022-01-01,0.0,0.0,0.0,467.53000000000003,549.23,483.76
2022-01-02,0.0,0.0,0.0,467.53000000000003,549.23,483.76
2022-01-03,6.26,0.05,6.31,473.79,549.28,490.07
2022-01-04,-8.16,0.05,-8.11,465.63,549.33,481.96
2022-01-05,0.0,1.6099999999999997,1.6099999999999997,465.63,550.9399999999999,483.57
2022-01-06,0.05,12.170000000000002,12.220000000000002,465.68,563.11,495.78999999999996
2022-01-07,-8.25,-8.379999999999999,-16.63,457.43,554.73,479.15999999999997
2022-01-08,0.0,0.0,0.0,457.43,554.73,479.15999999999997
2022-01-09,0.0,0.0,0.0,457.43,554.73,479.15999999999997
2022-01-10,0.0,-2.7600000000000002,-2.7600000000000002,457.43,551.97,476.4
2022-01-11,0.0,9.7,9.7,457.43,561.67,486.09999999999997
2022-01-12,-3.0700000000000003,-3.87,-6.94,454.36,557.8,479.15999999999997
2022-01-13,5.8,-4.05,1.75,460.16,553.75,480.90999999999997
2022-01-14,-3.62,8.02,4.3999999999999995,456.54,561.77,485.31
2022-01-15,0.0,0.0,0.0,456.54,561.77,485.31
2022-01-16,0.0,0.0,0.0,456.54,561.77,485.31
2022-01-17,0.0,-4.210000000000001,-4.210000000000001,456.54,557.56,481.09999999999997
2022-01-18,-4.44,-7.6,-12.04,452.1,549.96,469.06
2022-01-19,-3.28,0.1,-3.1799999999999997,448.82,550.06,465.88
2022-01-20,-2.8,2.07,-0.73,446.02,552.13,465.15
2022-01-21,-3.07,-4.36,-7.43,442.95000000000005,547.77,457.71999999999997
2022-01-22,0.0,0.0,0.0,442.95000000000005,547.77,457.71999999999997
2022-01-23,0.0,0.0,0.0,442.95000000000005,547.77,457.71999999999997
2022-01-24,-4.71,0.1,-4.61,438.24,547.87,453.10999999999996
2022-01-25,3.3200000000000003,-7.7,-4.38,441.56000000000006,540.17,448.72999999999996
2022-01-26,6.27,-3.45,2.8199999999999994,447.83000000000004,536.72,451.54999999999995
2022-01-27,0.1,6.74,6.84,447.93,543.46,458.39
2022-01-28,7.18,7.0,14.18,455.11,550.46,472.57
2022-01-29,0.0,0.0,0.0,455.11,550.46,472.57
2022-01-30,0.0,0.0,0.0,455.11,550.46,472.57
2022-01-31,-2.36,-5.26,-7.619999999999999,452.75,545.1999999999999,464.95
2022-02-01,0.0,-3.5500000000000003,-3.5500000000000003,452.75,541.65,461.4
2022-02-02,0.0,-4.38,-4.38,452.75,537.27,457.02
2022-02-03,-3.64,0.34999999999999964,-3.2900000000000005,449.11,537.62,453.72999999999996
2022-02-04,0.0,9.97,9.97,449.11,547.59,463.7
2022-02-05,0.0,0.0,0.0,449.11,547.59,463.7
2022-02-06,0.0,0.0,0.0,449.11,547.59,463.7
2022-02-07,0.1,-3.76,-3.6599999999999997,449.21000000000004,543.83,460.03999999999996
2022-02-08,-2.41,9.78,7.369999999999999,446.8,553.61,467.40999999999997
2022-02-09,-6.77,-4.300000000000001,-11.07,440.03000000000003,549.31,456.34
2022-02-10,-6.9399999999999995,0.1,-6.84,433.09000000000003,549.41,449.5
2022-02-11,6.36,-5.430000000000001,0.9299999999999997,439.45000000000005,543.98,450.42999999999995
2022-02-12,0.0,0.0,0.0,439.45000000000005,543.98,450.42999999999995
2022-02-13,0.0,0.0,0.0,439.45000000000005,543.98,450.42999999999995
2022-02-14,0.05,7.88,7.93,439.5,551.86,458.36
2022-02-15,0.0,5.7,5.7,439.5,557.56,464.06
2022-02-16,-3.51,-10.8,-14.31,435.99,546.76,449.75
2022-02-17,-3.65,4.999999999999999,1.3499999999999992,432.34000000000003,551.76,451.09999999999997
2022-02-18,-2.59,-5.3,-7.89,429.75,546.46,443.21
2022-02-19,0.0,0.0,0.0,429.75,546.46,443.21
2022-02-20,0.0,0.0,0.0,429.75,546.46,443.21
2022-02-21,0.05,16.99,17.04,429.8,563.4499999999999,460.25
2022-02-22,6.42,-4.51,1.9100000000000001,436.22,558.9399999999999,462.15999999999997
2022-02-23,3.0999999999999996,-2.2599999999999993,0.8400000000000003,439.32,556.68,463.0
2022-02-24,9.2,-6.260000000000001,2.9399999999999986,448.52,550.42,465.93999999999994
2022-02-25,8.01,0.0,8.01,456.53,550.42,473.95
2022-02-26,0.0,0.0,0.0,456.53,550.42,473.95
2022-02-27,0.0,0.0,0.0,456.53,550.42,473.95
2022-02-28,5.63,-16.91,-11.280000000000001,462.15999999999997,533.51,462.66999999999996
2022-03-01,-3.56,5.1,1.5399999999999996,458.6,538.61,464.21
2022-03-02,-11.43,-10.51,-21.939999999999998,447.16999999999996,528.1,442.27
2022-03-03,0.0,-18.990000000000002,-18.990000000000002,447.16999999999996,509.10999999999996,423.28
2022-03-04,8.04,17.799999999999997,25.839999999999996,455.21,526.91,449.12
2022-03-05,0.0,0.0,0.0,455.21,526.91,449.12
2022-03-06,0.0,0.0,0.0,455.21,526.91,449.12
2022-03-07,-9.52,0.0,-9.52,445.69,526.91,439.59999999999997
2022-03-08,8.69,36.120000000000005,44.81,454.38,563.03,484.40999999999997
2022-03-09,10.92,0.05,10.97,465.29999999999995,563.0799999999999,495.38
2022-03-10,13.65,0.05,13.700000000000001,478.95,563.13,509.08
2022-03-11,0.05,23.02,23.07,479.0,586.15,532.15
2022-03-12,0.0,0.0,0.0,479.0,586.15,532.15
2022-03-13,0.0,0.0,0.0,479.0,586.15,532.15
2022-03-14,6.63,8.580000000000002,15.21,485.63,594.73,547.36
2022-03-15,-4.89,16.41,11.52,480.74,611.14,558.88
2022-03-16,-3.6500000000000004,8.219999999999999,4.5699999999999985,477.09,619.36,563.4499999999999
2022-03-17,0.05,16.049999999999997,16.099999999999998,477.14,635.41,579.55
2022-03-18,-6.05,-13.05,-19.1,471.09,622.36,560.4499999999999
2022-03-19,0.0,0.0,0.0,471.09,622.36,560.4499999999999
2022-03-20,0.0,0.0,0.0,471.09,622.36,560.4499999999999
2022-03-21,-6.800000000000001,-8.969999999999999,-15.77,464.28999999999996,613.39,544.68
2022-03-22,7.84,8.06,15.9,472.13,621.45,560.5799999999999
2022-03-23,4.37,-4.37,0.0,476.5,617.0799999999999,560.5799999999999
2022-03-24,0.05,18.060000000000002,18.110000000000003,476.54999999999995,635.14,578.6899999999999
2022-03-25,6.54,-4.24,2.3,483.09,630.9,580.99
2022-03-26,0.0,0.0,0.0,483.09,630.9,580.99
2022-03-27,0.0,0.0,0.0,483.09,630.9,580.99
2022-03-28,0.0,-14.219999999999999,-14.219999999999999,483.09,616.68,566.77
2022-03-29,0.0,-8.94,-8.94,483.09,607.74,557.8299999999999
2022-03-30,-4.11,-5.640000000000001,-9.75,478.97999999999996,602.1,548.0799999999999
2022-03-31,6.24,-4.41,1.83,485.21999999999997,597.69,549.91
2022-04-01,4.86,0.1,4.96,490.08,597.79,554.87
2022-04-02,0.0,0.0,0.0,490.08,597.79,554.87
2022-04-03,0.0,0.0,0.0,490.08,597.79,554.87
2022-04-04,0.05,-5.53,-5.48,490.13,592.26,549.39
2022-04-05,1.54,-18.89,-17.35,491.66999999999996,573.37,532.04
2022-04-06,2.89,-12.1,-9.209999999999999,494.55999999999995,561.27,522.8299999999999
2022-04-07,0.0,5.909999999999999,5.909999999999999,494.55999999999995,567.18,528.74
2022-04-08,0.05,10.239999999999998,10.29,494.60999999999996,577.42,539.03
2022-04-09,0.0,0.0,0.0,494.60999999999996,577.42,539.03
2022-04-10,0.0,0.0,0.0,494.60999999999996,577.42,539.03
2022-04-11,0.0,3.25,3.25,494.60999999999996,580.67,542.28
2022-04-12,-3.08,7.79,4.71,491.53,588.46,546.99
2022-04-13,0.0,0.15000000000000002,0.15000000000000002,491.53,588.61,547.14
2022-04-14,0.05,-3.29,-3.24,491.58,585.3199999999999,543.9
2022-04-15,0.0,0.0,0.0,491.58,585.3199999999999,543.9
2022-04-16,0.0,0.0,0.0,491.58,585.3199999999999,543.9
2022-04-17,0.0,0.0,0.0,491.58,585.3199999999999,543.9
2022-04-18,4.37,7.72,12.09,495.95,593.04,555.99
2022-04-19,-2.6799999999999997,-7.79,-10.469999999999999,493.27,585.25,545.52
2022-04-20,0.05,-4.800000000000001,-4.750000000000001,493.31999999999994,580.45,540.77
2022-04-21,0.0,0.2399999999999995,0.2399999999999995,493.31999999999994,580.6899999999999,541.01
2022-04-22,0.0,-5.99,-5.99,493.31999999999994,574.7,535.02
2022-04-23,0.0,0.0,0.0,493.31999999999994,574.7,535.02
2022-04-24,0.0,0.0,0.0,493.31999999999994,574.7,535.02
2022-04-25,6.4,18.08,24.479999999999997,499.71999999999997,592.78,559.5
2022-04-26,0.0,-5.84,-5.84,499.71999999999997,586.9399999999999,553.66
2022-04-27,6.72,-10.61,-3.8899999999999997,506.43999999999994,576.3299999999999,549.77
2022-04-28,0.0,0.1,0.1,506.43999999999994,576.43,549.87
2022-04-29,0.1,6.48,6.58,506.53999999999996,582.91,556.4499999999999
2022-04-30,0.0,0.0,0.0,506.53999999999996,582.91,556.4499999999999
2022-05-01,0.0,0.0,0.0,506.53999999999996,582.91,556.4499999999999
2022-05-02,0.0,7.66,7.66,506.53999999999996,590.5699999999999,564.11
2022-05-03,-3.9699999999999998,0.15000000000000002,-3.82,502.56999999999994,590.72,560.29
2022-05-04,-3.73,-9.18,-12.91,498.84,581.54,547.38
2022-05-05,0.05,0.9299999999999997,0.9799999999999998,498.89,582.47,548.36
2022-05-06,5.54,7.84,13.379999999999999,504.42999999999995,590.31,561.74
2022-05-07,0.0,0.0,0.0,504.42999999999995,590.31,561.74
2022-05-08,0.0,0.0,0.0,504.42999999999995,590.31,561.74
2022-05-09,0.0,-0.9700000000000004,-0.9700000000000004,504.42999999999995,589.3399999999999,560.77
2022-05-10,0.05,0.20999999999999908,0.25999999999999907,504.47999999999996,589.55,561.03
2022-05-11,7.42,-6.78,0.6399999999999997,511.9,582.77,561.67
2022-05-12,0.05,10.54,10.59,511.95,593.31,572.26
2022-05-13,6.39,7.56,13.95,518.3399999999999,600.87,586.21
2022-05-14,0.0,0.0,0.0,518.3399999999999,600.87,586.21
2022-05-15,0.0,0.0,0.0,518.3399999999999,600.87,586.21
2022-05-16,0.0,-18.07,-18.07,518.3399999999999,582.8,568.14
2022-05-17,-2.91,0.1,-2.81,515.43,582.9,565.3299999999999
2022-05-18,-6.57,-9.68,-16.25,508.85999999999996,573.22,549.0799999999999
2022-05-19,0.0,-3.33,-3.33,508.85999999999996,569.89,545.75
2022-05-20,3.0300000000000002,-4.0200000000000005,-0.9900000000000002,511.89,565.87,544.76
2022-05-21,0.0,0.0,0.0,511.89,565.87,544.76
2022-05-22,0.0,0.0,0.0,511.89,565.87,544.76
2022-05-23,0.0,12.84,12.84,511.89,578.71,557.6
2022-05-24,5.14,0.15000000000000002,5.29,517.03,578.86,562.89
2022-05-25,0.0,14.14,14.14,517.03,593.0,577.03
2022-05-26,-4.76,-8.44,-13.2,512.27,584.56,563.8299999999999
2022-05-27,-4.8,5.279999999999999,0.47999999999999954,507.46999999999997,589.84,564.31
2022-05-28,0.0,0.0,0.0,507.46999999999997,589.84,564.31
2022-05-29,0.0,0.0,0.0,507.46999999999997,589.84,564.31
2022-05-30,0.0,5.550000000000001,5.550000000000001,507.46999999999997,595.39,569.86
2022-05-31,-7.21,0.1,-7.11,500.26,595.49,562.75
2022-06-01,3.0300000000000002,-4.09,-1.0599999999999996,503.28999999999996,591.4,561.6899999999999
2022-06-02,0.0,5.99,5.99,503.28999999999996,597.39,567.68
2022-06-03,0.0,0.1,0.1,503.28999999999996,597.49,567.78
2022-06-04,0.0,0.0,0.0,503.28999999999996,597.49,567.78
2022-06-05,0.0,0.0,0.0,503.28999999999996,597.49,567.78
2022-06-06,-4.58,0.0,-4.58,498.71,597.49,563.1999999999999
2022-06-07,0.0,-5.32,-5.32,498.71,592.17,557.88
2022-06-08,3.0300000000000002,-5.430000000000001,-2.4000000000000004,501.73999999999995,586.74,555.48
2022-06-09,0.0,-3.68,-3.68,501.73999999999995,583.06,551.8
2022-06-10,20.009999999999998,-0.3299999999999999,19.68,521.75,582.73,571.48
2022-06-11,0.0,0.0,0.0,521.75,582.73,571.48
2022-06-12,0.0,0.0,0.0,521.75,582.73,571.48
2022-06-13,4.89,0.0,4.89,526.64,582.73,576.37
2022-06-14,0.05,8.08,8.13,526.6899999999999,590.81,584.5
2022-06-15,8.34,0.0,8.34,535.03,590.81,592.8399999999999
2022-06-16,0.1,6.78,6.88,535.13,597.5899999999999,599.72
2022-06-17,0.05,-4.93,-4.88,535.18,592.66,594.8399999999999
2022-06-18,0.0,0.0,0.0,535.18,592.66,594.8399999999999
2022-06-19,0.0,0.0,0.0,535.18,592.66,594.8399999999999
2022-06-20,0.0,-4.140000000000001,-4.140000000000001,535.18,588.52,590.6999999999999
2022-06-21,4.82,-15.8,-10.98,540.0,572.72,579.72
2022-06-22,0.0,-3.78,-3.78,540.0,568.9399999999999,575.9399999999999
2022-06-23,14.650000000000002,0.05,14.700000000000003,554.65,568.99,590.64
2022-06-24,-3.73,-8.14,-11.870000000000001,550.92,560.8499999999999,578.77
2022-06-25,0.0,0.0,0.0,550.92,560.8499999999999,578.77
2022-06-26,0.0,0.0,0.0,550.92,560.8499999999999,578.77
2022-06-27,1.1399999999999997,-4.14,-3.0,552.06,556.7099999999999,575.77
2022-06-28,0.0,0.05,0.05,552.06,556.76,575.8199999999999
2022-06-29,0.6699999999999999,-5.9399999999999995,-5.27,552.73,550.8199999999999,570.55
2022-06-30,0.0,10.780000000000001,10.780000000000001,552.73,561.5999999999999,581.3299999999999
2022-07-01,0.0,5.529999999999999,5.529999999999999,552.73,567.13,586.86
2022-07-02,0.0,0.0,0.0,552.73,567.13,586.86
2022-07-03,0.0,0.0,0.0,552.73,567.13,586.86
2022-07-04,-3.98,-6.76,-10.74,548.75,560.37,576.12
2022-07-05,7.68,7.260000000000001,14.940000000000001,556.43,567.63,591.06
2022-07-06,0.1,23.060000000000002,23.160000000000004,556.53,590.6899999999999,614.22
2022-07-07,-4.45,-4.23,-8.68,552.0799999999999,586.4599999999999,605.54
2022-07-08,7.95,-9.04,-1.089999999999999,560.03,577.42,604.4499999999999
2022-07-09,0.0,0.0,0.0,560.03,577.42,604.4499999999999
2022-07-10,0.0,0.0,0.0,560.03,577.42,604.4499999999999
2022-07-11,9.54,0.7699999999999994,10.309999999999999,569.5699999999999,578.1899999999999,614.76
2022-07-12,0.0,3.7999999999999994,3.7999999999999994,569.5699999999999,581.99,618.56
2022-07-13,-9.440000000000001,-9.73,-19.17,560.13,572.26,599.39
2022-07-14,0.1,-8.889999999999999,-8.79,560.23,563.37,590.5999999999999
2022-07-15,8.86,-12.84,-3.9800000000000004,569.0899999999999,550.53,586.62
2022-07-16,0.0,0.0,0.0,569.0899999999999,550.53,586.62
2022-07-17,0.0,0.0,0.0,569.0899999999999,550.53,586.62
2022-07-18,0.0,0.0,0.0,569.0899999999999,550.53,586.62
2022-07-19,-4.74,0.05,-4.69,564.35,550.5799999999999,581.93
2022-07-20,-3.41,-2.9400000000000004,-6.3500000000000005,560.9399999999999,547.64,575.5799999999999
2022-07-21,8.48,0.6199999999999999,9.1,569.42,548.26,584.68
2022-07-22,0.0,10.36,10.36,569.42,558.62,595.04
2022-07-23,0.0,0.0,0.0,569.42,558.62,595.04
2022-07-24,0.0,0.0,0.0,569.42,558.62,595.04
2022-07-25,1.7299999999999995,0.7799999999999994,2.509999999999999,571.15,559.4,597.55
2022-07-26,-4.92,0.05,-4.87,566.23,559.4499999999999,592.68
2022-07-27,-3.64,-3.47,-7.11,562.5899999999999,555.98,585.5699999999999
2022-07-28,-3.82,17.07,13.25,558.77,573.05,598.8199999999999
2022-07-29,-5.0,4.62,-0.3799999999999999,553.77,577.67,598.4399999999999
2022-07-30,0.0,0.0,0.0,553.77,577.67,598.4399999999999
2022-07-31,0.0,0.0,0.0,553.77,577.67,598.4399999999999
2022-08-01,-4.39,-13.05,-17.44,549.38,564.62,581.0
2022-08-02,-0.17999999999999972,-8.71,-8.89,549.1999999999999,555.91,572.11
2022-08-03,-8.56,-4.29,-12.850000000000001,540.64,551.62,559.26
2022-08-04,0.0,9.16,9.16,540.64,560.78,568.42
2022-08-05,-3.76,0.05,-3.71,536.88,560.8299999999999,564.7099999999999
2022-08-06,0.0,0.0,0.0,536.88,560.8299999999999,564.7099999999999
2022-08-07,0.0,0.0,0.0,536.88,560.8299999999999,564.7099999999999
2022-08-08,-4.44,0.05,-4.390000000000001,532.4399999999999,560.88,560.3199999999999
2022-08-09,0.05,1.1799999999999997,1.2299999999999998,532.49,562.06,561.55
2022-08-10,-5.13,-3.15,-8.28,527.36,558.91,553.27
2022-08-11,7.02,-3.1700000000000004,3.849999999999999,534.38,555.74,557.12
2022-08-12,0.0,-7.0,-7.0,534.38,548.74,550.12
2022-08-13,0.0,0.0,0.0,534.38,548.74,550.12
2022-08-14,0.0,0.0,0.0,534.38,548.74,550.12
2022-08-15,0.0,0.1,0.1,534.38,548.8399999999999,550.22
2022-08-16,0.1,0.05,0.15000000000000002,534.48,548.89,550.37
2022-08-17,0.0,-1.4000000000000004,-1.4000000000000004,534.48,547.49,548.97
2022-08-18,0.0,0.05,0.05,534.48,547.54,549.02
2022-08-19,-4.54,1.0699999999999994,-3.4700000000000006,529.9399999999999,548.61,545.55
2022-08-20,0.0,0.0,0.0,529.9399999999999,548.61,545.55
2022-08-21,0.0,0.0,0.0,529.9399999999999,548.61,545.55
2022-08-22,-4.89,-4.3100000000000005,-9.2,525.05,544.3,536.35
2022-08-23,-4.95,-6.96,-11.91,520.0999999999999,537.3399999999999,524.4399999999999
2022-08-24,0.0,-4.96,-4.96,520.0999999999999,532.38,519.48
2022-08-25,0.0,7.78,7.78,520.0999999999999,540.16,527.26
2022-08-26,-4.8500000000000005,11.67,6.819999999999999,515.25,551.8299999999999,534.0799999999999
2022-08-27,0.0,0.0,0.0,515.25,551.8299999999999,534.0799999999999
2022-08-28,0.0,0.0,0.0,515.25,551.8299999999999,534.0799999999999
2022-08-29,0.05,2.58,2.63,515.3,554.41,536.7099999999999
2022-08-30,5.72,-2.13,3.59,521.02,552.28,540.3
2022-08-31,0.0,4.64,4.64,521.02,556.92,544.9399999999999
2022-09-01,-4.14,2.7199999999999998,-1.42,516.88,559.64,543.52
2022-09-02,0.0,-7.86,-7.86,516.88,551.78,535.66
2022-09-03,0.0,0.0,0.0,516.88,551.78,535.66
2022-09-04,0.0,0.0,0.0,516.88,551.78,535.66
2022-09-05,-4.14,-2.93,-7.07,512.74,548.85,528.5899999999999
2022-09-06,0.05,7.33,7.38,512.79,556.18,535.97
2022-09-07,-2.73,0.05,-2.68,510.05999999999995,556.23,533.29
2022-09-08,15.15,-0.4500000000000002,14.7,525.2099999999999,555.78,547.99
2022-09-09,0.0,-4.13,-4.13,525.2099999999999,551.65,543.86
2022-09-10,0.0,0.0,0.0,525.2099999999999,551.65,543.86
2022-09-11,0.0,0.0,0.0,525.2099999999999,551.65,543.86
2022-09-12,0.0,-2.7600000000000002,-2.7600000000000002,525.2099999999999,548.89,541.1
2022-09-13,4.37,-3.6,0.77,529.5799999999999,545.29,541.87
2022-09-14,-2.83,0.05,-2.7800000000000002,526.75,545.3399999999999,539.0899999999999
2022-09-15,-5.16,0.04999999999999956,-5.11,521.5899999999999,545.39,533.98
2022-09-16,-6.57,2.18,-4.390000000000001,515.02,547.5699999999999,529.5899999999999
2022-09-17,0.0,0.0,0.0,515.02,547.5699999999999,529.5899999999999
2022-09-18,0.0,0.0,0.0,515.02,547.5699999999999,529.5899999999999
2022-09-19,0.0,-4.47,-4.47,515.02,543.1,525.12
2022-09-20,7.23,-5.84,1.3900000000000006,522.25,537.26,526.51
2022-09-21,-4.54,-4.09,-8.629999999999999,517.7099999999999,533.17,517.88
2022-09-22,-5.03,6.239999999999999,1.209999999999999,512.68,539.41,519.0899999999999
2022-09-23,8.18,3.83,12.01,520.86,543.24,531.1
2022-09-24,0.0,0.0,0.0,520.86,543.24,531.1
2022-09-25,0.0,0.0,0.0,520.86,543.24,531.1
2022-09-26,-4.59,0.45999999999999996,-4.13,516.27,543.6999999999999,526.9699999999999
2022-09-27,0.15,0.0,0.15,516.42,543.6999999999999,527.12
2022-09-28,0.0,5.41,5.41,516.42,549.11,532.53
2022-09-29,0.0,-6.8,-6.8,516.42,542.31,525.73
2022-09-30,-4.65,12.36,7.709999999999999,511.77,554.67,533.4399999999999
2022-10-01,0.0,0.0,0.0,511.77,554.67,533.4399999999999
2022-10-02,0.0,0.0,0.0,511.77,554.67,533.4399999999999
2022-10-03,0.0,18.59,18.59,511.77,573.26,552.03
2022-10-04,4.54,16.509999999999998,21.049999999999997,516.31,589.77,573.0799999999999
2022-10-05,-5.38,-4.45,-9.83,510.92999999999995,585.3199999999999,563.25
2022-10-06,0.0,-7.550000000000001,-7.550000000000001,510.92999999999995,577.77,555.6999999999999
2022-10-07,0.0,9.120000000000001,9.120000000000001,510.92999999999995,586.89,564.8199999999999
2022-10-08,0.0,0.0,0.0,510.92999999999995,586.89,564.8199999999999
2022-10-09,0.0,0.0,0.0,510.92999999999995,586.89,564.8199999999999
2022-10-10,0.0,6.83,6.83,510.92999999999995,593.72,571.65
2022-10-11,-2.98,-9.65,-12.63,507.94999999999993,584.0699999999999,559.02
2022-10-12,0.0,-9.59,-9.59,507.94999999999993,574.48,549.43
2022-10-13,0.0,-5.92,-5.92,507.94999999999993,568.56,543.51
2022-10-14,1.3500000000000005,11.04,12.39,509.29999999999995,579.6,555.9
2022-10-15,0.0,0.0,0.0,509.29999999999995,579.6,555.9
2022-10-16,0.0,0.0,0.0,509.29999999999995,579.6,555.9
2022-10-17,-4.83,-9.81,-14.64,504.46999999999997,569.79,541.26
2022-10-18,-3.35,-4.33,-7.68,501.11999999999995,565.4599999999999,533.5799999999999
2022-10-19,4.91,6.56,11.469999999999999,506.03,572.02,545.05
2022-10-20,0.05,9.46,9.510000000000002,506.08,581.48,554.56
2022-10-21,9.16,-3.3799999999999994,5.780000000000001,515.24,578.1,560.3399999999999
2022-10-22,0.0,0.0,0.0,515.24,578.1,560.3399999999999
2022-10-23,0.0,0.0,0.0,515.24,578.1,560.3399999999999
2022-10-24,6.04,-6.54,-0.5,521.28,571.56,559.8399999999999
2022-10-25,8.13,1.2999999999999998,9.43,529.41,572.86,569.27
2022-10-26,0.0,0.0,0.0,529.41,572.86,569.27
2022-10-27,0.1,-9.71,-9.610000000000001,529.51,563.15,559.66
2022-10-28,6.84,1.1999999999999997,8.04,536.3499999999999,564.35,567.6999999999999
2022-10-29,0.0,0.0,0.0,536.3499999999999,564.35,567.6999999999999
2022-10-30,0.0,0.0,0.0,536.3499999999999,564.35,567.6999999999999
2022-10-31,-8.79,-11.17,-19.96,527.56,553.18,547.74
2022-11-01,8.52,-11.309999999999999,-2.789999999999999,536.0799999999999,541.87,544.9499999999999
2022-11-02,-4.720000000000001,-8.12,-12.84,531.36,533.75,532.11
2022-11-03,6.46,-6.54,-0.08000000000000007,537.8199999999999,527.2099999999999,532.03
2022-11-04,0.0,9.3,9.3,537.8199999999999,536.51,541.3299999999999
2022-11-05,0.0,0.0,0.0,537.8199999999999,536.51,541.3299999999999
2022-11-06,0.0,0.0,0.0,537.8199999999999,536.51,541.3299999999999
2022-11-07,-2.98,-9.9,-12.88,534.8399999999999,526.61,528.4499999999999
2022-11-08,7.88,10.29,18.169999999999998,542.7199999999999,536.9,546.62
2022-11-09,-6.0,-15.01,-21.009999999999998,536.7199999999999,521.89,525.61
2022-11-10,7.78,2.5799999999999996,10.36,544.5,524.47,535.9699999999999
2022-11-11,6.64,0.1,6.739999999999999,551.14,524.5699999999999,542.7099999999999
2022-11-12,0.0,0.0,0.0,551.14,524.5699999999999,542.7099999999999
2022-11-13,0.0,0.0,0.0,551.14,524.5699999999999,542.7099999999999
2022-11-14,10.870000000000001,-4.73,6.140000000000001,562.01,519.8399999999999,548.8499999999999
2022-11-15,-4.74,12.65,7.91,557.27,532.49,556.76
2022-11-16,0.05,-10.059999999999999,-10.009999999999998,557.3199999999999,522.43,546.75
2022-11-17,5.12,6.76,11.879999999999999,562.4399999999999,529.1899999999999,558.63
2022-11-18,-5.15,6.84,1.6899999999999995,557.29,536.03,560.3199999999999
2022-11-19,0.0,0.0,0.0,557.29,536.03,560.3199999999999
2022-11-20,0.0,0.0,0.0,557.29,536.03,560.3199999999999
2022-11-21,7.98,13.29,21.27,565.27,549.3199999999999,581.5899999999999
2022-11-22,-4.94,0.0,-4.94,560.3299999999999,549.3199999999999,576.65
2022-11-23,0.15000000000000002,-5.32,-5.17,560.48,544.0,571.48
2022-11-24,0.0,-3.35,-3.35,560.48,540.65,568.13
2022-11-25,-4.34,-3.84,-8.18,556.14,536.81,559.9499999999999
2022-11-26,0.0,0.0,0.0,556.14,536.81,559.9499999999999
2022-11-27,0.0,0.0,0.0,556.14,536.81,559.9499999999999
2022-11-28,16.13,-3.75,12.379999999999999,572.27,533.06,572.3299999999999
2022-11-29,0.0,-2.8000000000000003,-2.8000000000000003,572.27,530.26,569.53
2022-11-30,0.0,1.6099999999999997,1.6099999999999997,572.27,531.87,571.14
2022-12-01,7.68,6.49,14.17,579.9499999999999,538.36,585.31
2022-12-02,7.76,0.05,7.81,587.7099999999999,538.41,593.12
2022-12-03,0.0,0.0,0.0,587.7099999999999,538.41,593.12
2022-12-04,0.0,0.0,0.0,587.7099999999999,538.41,593.12
2022-12-05,-5.16,0.0,-5.16,582.55,538.41,587.9599999999999
2022-12-06,2.9800000000000004,-8.379999999999999,-5.399999999999999,585.53,530.03,582.56
2022-12-07,-5.24,0.15000000000000002,-5.09,580.29,530.18,577.47
2022-12-08,0.1,5.24,5.34,580.39,535.42,582.81
2022-12-09,7.46,-6.12,1.3399999999999999,587.85,529.3,584.15
2022-12-10,0.0,0.0,0.0,587.85,529.3,584.15
2022-12-11,0.0,0.0,0.0,587.85,529.3,584.15
2022-12-12,-3.24,6.5,3.26,584.61,535.8,587.41
2022-12-13,9.48,4.91,14.39,594.0899999999999,540.7099999999999,601.8
2022-12-14,-10.600000000000001,-7.92,-18.520000000000003,583.49,532.79,583.28
2022-12-15,9.38,0.0,9.38,592.87,532.79,592.66
2022-12-16,-10.04,-3.06,-13.1,582.8299999999999,529.73,579.56
2022-12-17,0.0,0.0,0.0,582.8299999999999,529.73,579.56
2022-12-18,0.0,0.0,0.0,582.8299999999999,529.73,579.56
2022-12-19,-4.84,0.05,-4.79,577.99,529.78,574.77
2022-12-20,5.17,8.270000000000001,13.440000000000001,583.16,538.05,588.21
2022-12-21,-5.04,0.9199999999999999,-4.12,578.12,538.97,584.09
2022-12-22,0.05,-4.890000000000001,-4.840000000000001,578.17,534.0799999999999,579.25
2022-12-23,-3.6399999999999997,-4.27,-7.909999999999999,574.53,529.81,571.34
2022-12-24,0.0,0.0,0.0,574.53,529.81,571.34
2022-12-25,0.0,0.0,0.0,574.53,529.81,571.34
2022-12-26,0.0,0.0,0.0,574.53,529.81,571.34
2022-12-27,0.0,11.98,11.98,574.53,541.79,583.3199999999999
2022-12-28,-5.43,-4.32,-9.75,569.1,537.47,573.5699999999999
2022-12-29,-4.92,-3.0,-7.92,564.18,534.47,565.65
2022-12-30,-4.24,-9.51,-13.75,559.9399999999999,524.9599999999999,551.9
2022-12-31,0.0,0.0,0.0,559.9399999999999,524.9599999999999,551.9
2023-01-01,0.0,0.0,0.0,559.9399999999999,524.9599999999999,551.9
2023-01-02,0.0,0.0,0.0,559.9399999999999,524.9599999999999,551.9
2023-01-03,0.0,0.0,0.0,559.9399999999999,524.9599999999999,551.9
2023-01-04,0.0,5.4399999999999995,5.4399999999999995,559.9399999999999,530.4,557.3399999999999
2023-01-05,8.6,3.3200000000000003,11.92,568.54,533.72,569.26
2023-01-06,6.66,6.82,13.48,575.1999999999999,540.54,582.74
2023-01-07,0.0,0.0,0.0,575.1999999999999,540.54,582.74
2023-01-08,0.0,0.0,0.0,575.1999999999999,540.54,582.74
2023-01-09,-4.8,-5.11,-9.91,570.4,535.43,572.8299999999999
2023-01-10,-5.0,0.1,-4.9,565.4,535.53,567.93
2023-01-11,9.690000000000001,-3.95,5.740000000000001,575.0899999999999,531.5799999999999,573.67
2023-01-12,-4.22,-4.390000000000001,-8.61,570.87,527.1899999999999,565.06
2023-01-13,15.17,2.1500000000000004,17.32,586.04,529.3399999999999,582.38
2023-01-14,0.0,0.0,0.0,586.04,529.3399999999999,582.38
2023-01-15,0.0,0.0,0.0,586.04,529.3399999999999,582.38
2023-01-16,0.1,5.89,5.989999999999999,586.14,535.23,588.37
2023-01-17,0.0,-5.49,-5.49,586.14,529.74,582.88
2023-01-18,0.0,6.64,6.64,586.14,536.38,589.52
2023-01-19,7.14,4.92,12.059999999999999,593.28,541.3,601.5799999999999
2023-01-20,-3.68,0.0,-3.68,589.6,541.3,597.9
2023-01-21,0.0,0.0,0.0,589.6,541.3,597.9
2023-01-22,0.0,0.0,0.0,589.6,541.3,597.9
2023-01-23,9.96,-9.01,0.9500000000000011,599.56,532.29,598.85
2023-01-24,0.25,-7.51,-7.26,599.81,524.78,591.59
2023-01-25,-5.5,16.939999999999998,11.439999999999998,594.31,541.72,603.03
2023-01-26,0.1,-8.1,-8.0,594.41,533.62,595.03
2023-01-27,-8.18,6.09,-2.09,586.23,539.7099999999999,592.9399999999999
2023-01-28,0.0,0.0,0.0,586.23,539.7099999999999,592.9399999999999
2023-01-29,0.0,0.0,0.0,586.23,539.7099999999999,592.9399999999999
2023-01-30,0.0,-4.37,-4.37,586.23,535.3399999999999,588.5699999999999
2023-01-31,0.0,-5.300000000000001,-5.300000000000001,586.23,530.04,583.27
2023-02-01,-8.58,0.15000000000000002,-8.43,577.65,530.1899999999999,574.8399999999999
2023-02-02,5.9799999999999995,0.05,6.029999999999999,583.63,530.24,580.87
2023-02-03,-5.28,7.7299999999999995,2.4499999999999993,578.35,537.9699999999999,583.3199999999999
2023-02-04,0.0,0.0,0.0,578.35,537.9699999999999,583.3199999999999
2023-02-05,0.0,0.0,0.0,578.35,537.9699999999999,583.3199999999999
2023-02-06,0.0,-5.67,-5.67,578.35,532.3,577.65
2023-02-07,0.0,-5.79,-5.79,578.35,526.51,571.86
2023-02-08,-9.36,-11.76,-21.119999999999997,568.99,514.75,550.74
2023-02-09,0.0,0.15000000000000002,0.15000000000000002,568.99,514.9,550.89
2023-02-10,0.0,7.31,7.31,568.99,522.2099999999999,558.1999999999999
2023-02-11,0.0,0.0,0.0,568.99,522.2099999999999,558.1999999999999
2023-02-12,0.0,0.0,0.0,568.99,522.2099999999999,558.1999999999999
2023-02-13,-8.850000000000001,3.8999999999999995,-4.950000000000002,560.14,526.11,553.25
2023-02-14,0.0,-9.33,-9.33,560.14,516.78,543.92
2023-02-15,-3.15,0.05,-3.1,556.99,516.8299999999999,540.8199999999999
2023-02-16,-9.34,-0.45999999999999996,-9.8,547.65,516.37,531.02
2023-02-17,0.05,-5.16,-5.11,547.6999999999999,511.21,525.91
2023-02-18,0.0,0.0,0.0,547.6999999999999,511.21,525.91
2023-02-19,0.0,0.0,0.0,547.6999999999999,511.21,525.91
2023-02-20,0.0,-3.6,-3.6,547.6999999999999,507.60999999999996,522.31
2023-02-21,-7.869999999999999,-4.180000000000001,-12.05,539.8299999999999,503.42999999999995,510.25999999999993
2023-02-22,-4.840000000000001,6.0,1.1599999999999993,534.99,509.42999999999995,511.41999999999996
2023-02-23,13.48,5.81,19.29,548.47,515.24,530.7099999999999
2023-02-24,0.1,5.9799999999999995,6.079999999999999,548.5699999999999,521.2199999999999,536.79
2023-02-25,0.0,0.0,0.0,548.5699999999999,521.2199999999999,536.79
2023-02-26,0.0,0.0,0.0,548.5699999999999,521.2199999999999,536.79
2023-02-27,0.1,-3.6100000000000003,-3.5100000000000002,548.67,517.61,533.28
2023-02-28,7.01,0.05,7.06,555.68,517.66,540.3399999999999
2023-03-01,0.0,6.4399999999999995,6.4399999999999995,555.68,524.0999999999999,546.78
2023-03-02,-8.0,0.1,-7.9,547.68,524.1999999999999,538.88
2023-03-03,8.07,4.369999999999999,12.44,555.75,528.5699999999999,551.3199999999999
2023-03-04,0.0,0.0,0.0,555.75,528.5699999999999,551.3199999999999
2023-03-05,0.0,0.0,0.0,555.75,528.5699999999999,551.3199999999999
2023-03-06,0.25,-3.83,-3.58,556.0,524.74,547.74
2023-03-07,3.12,0.0,3.12,559.12,524.74,550.8599999999999
2023-03-08,-4.8,0.05,-4.75,554.3199999999999,524.79,546.1099999999999
2023-03-09,0.1,0.05,0.15000000000000002,554.42,524.8399999999999,546.26
2023-03-10,-5.52,-3.22,-8.74,548.9,521.62,537.52
2023-03-11,0.0,0.0,0.0,548.9,521.62,537.52
2023-03-12,0.0,0.0,0.0,548.9,521.62,537.52
2023-03-13,-3.1900000000000004,11.97,8.780000000000001,545.7099999999999,533.5899999999999,546.3
2023-03-14,-4.26,-4.24,-8.5,541.4499999999999,529.3499999999999,537.8
2023-03-15,5.009999999999999,-11.219999999999999,-6.21,546.4599999999999,518.13,531.5899999999999
2023-03-16,4.91,-8.02,-3.1099999999999994,551.37,510.10999999999996,528.4799999999999
2023-03-17,9.08,6.9,15.98,560.4499999999999,517.01,544.4599999999999
2023-03-18,0.0,0.0,0.0,560.4499999999999,517.01,544.4599999999999
2023-03-19,0.0,0.0,0.0,560.4499999999999,517.01,544.4599999999999
2023-03-20,1.5900000000000007,-6.24,-4.6499999999999995,562.04,510.77,539.81
2023-03-21,-3.77,0.05,-3.72,558.27,510.81999999999994,536.0899999999999
2023-03-22,-3.99,-4.9,-8.89,554.28,505.91999999999996,527.1999999999999
2023-03-23,-5.49,17.549999999999997,12.059999999999997,548.79,523.4699999999999,539.26
2023-03-24,-4.13,-16.630000000000003,-20.76,544.66,506.84,518.5
2023-03-25,0.0,0.0,0.0,544.66,506.84,518.5
2023-03-26,0.0,0.0,0.0,544.66,506.84,518.5
2023-03-27,0.1,8.67,8.77,544.76,515.51,527.27
2023-03-28,0.15000000000000002,0.05,0.2,544.91,515.56,527.4699999999999
2023-03-29,0.0,-8.93,-8.93,544.91,506.62999999999994,518.54
2023-03-30,-3.96,-3.7,-7.66,540.9499999999999,502.92999999999995,510.87999999999994
2023-03-31,-4.19,-12.39,-16.580000000000002,536.76,490.53999999999996,494.29999999999995
2023-04-01,0.0,0.0,0.0,536.76,490.53999999999996,494.29999999999995
2023-04-02,0.0,0.0,0.0,536.76,490.53999999999996,494.29999999999995
2023-04-03,8.64,8.71,17.35,545.4,499.24999999999994,511.65
2023-04-04,-7.3100000000000005,2.05,-5.260000000000001,538.0899999999999,501.29999999999995,506.38999999999993
2023-04-05,12.2,-3.69,8.51,550.29,497.60999999999996,514.9
2023-04-06,-5.11,0.05,-5.0600000000000005,545.18,497.65999999999997,509.84
2023-04-07,0.0,0.0,0.0,545.18,497.65999999999997,509.84
2023-04-08,0.0,0.0,0.0,545.18,497.65999999999997,509.84
2023-04-09,0.0,0.0,0.0,545.18,497.65999999999997,509.84
2023-04-10,4.96,15.53,20.49,550.14,513.1899999999999,530.3299999999999
2023-04-11,0.0,0.0,0.0,550.14,513.1899999999999,530.3299999999999
2023-04-12,-12.829999999999998,0.1299999999999999,-12.7,537.31,513.3199999999999,517.63
2023-04-13,0.1,13.83,13.93,537.41,527.15,531.56
2023-04-14,9.1,0.05,9.15,546.51,527.1999999999999,540.7099999999999
2023-04-15,0.0,0.0,0.0,546.51,527.1999999999999,540.7099999999999
2023-04-16,0.0,0.0,0.0,546.51,527.1999999999999,540.7099999999999
2023-04-17,3.2200000000000006,-4.99,-1.7699999999999996,549.73,522.2099999999999,538.9399999999999
2023-04-18,-7.609999999999999,-12.74,-20.35,542.12,509.46999999999997,518.5899999999999
2023-04-19,9.39,10.37,19.759999999999998,551.51,519.8399999999999,538.3499999999999
2023-04-20,-2.77,-4.19,-6.960000000000001,548.74,515.65,531.39
2023-04-21,7.92,-13.55,-5.630000000000001,556.66,502.09999999999997,525.76
2023-04-22,0.0,0.0,0.0,556.66,502.09999999999997,525.76
2023-04-23,0.0,0.0,0.0,556.66,502.09999999999997,525.76
2023-04-24,-8.72,-8.91,-17.630000000000003,547.9399999999999,493.18999999999994,508.12999999999994
2023-04-25,6.84,0.0,6.84,554.78,493.18999999999994,514.9699999999999
2023-04-26,-8.24,-10.91,-19.15,546.54,482.28,495.81999999999994
2023-04-27,4.08,-4.56,-0.47999999999999954,550.62,477.71999999999997,495.34
2023-04-28,9.14,-3.83,5.3100000000000005,559.76,473.89,500.65
2023-04-29,0.0,0.0,0.0,559.76,473.89,500.65
2023-04-30,0.0,0.0,0.0,559.76,473.89,500.65
2023-05-01,0.6299999999999999,-7.79,-7.16,560.39,466.09999999999997,493.48999999999995
2023-05-02,-5.33,7.35,2.0199999999999996,555.06,473.44999999999993,495.50999999999993
2023-05-03,-3.9199999999999995,5.76,1.8400000000000003,551.14,479.2099999999999,497.34999999999997
2023-05-04,0.05,0.05,0.1,551.1899999999999,479.25999999999993,497.44999999999993
2023-05-05,7.68,-7.8100000000000005,-0.13000000000000078,558.87,471.44999999999993,497.31999999999994
2023-05-06,0.0,0.0,0.0,558.87,471.44999999999993,497.31999999999994
2023-05-07,0.0,0.0,0.0,558.87,471.44999999999993,497.31999999999994
2023-05-08,-4.0,-4.53,-8.530000000000001,554.87,466.91999999999996,488.78999999999996
2023-05-09,0.1,-8.23,-8.13,554.97,458.68999999999994,480.65999999999997
2023-05-10,-5.430000000000001,-12.57,-18.0,549.54,446.11999999999995,462.65999999999997
2023-05-11,4.470000000000001,-6.81,-2.339999999999999,554.01,439.30999999999995,460.31999999999994
2023-05-12,0.05,-2.9399999999999995,-2.8899999999999997,554.06,436.36999999999995,457.42999999999995
2023-05-13,0.0,0.0,0.0,554.06,436.36999999999995,457.42999999999995
2023-05-14,0.0,0.0,0.0,554.06,436.36999999999995,457.42999999999995
2023-05-15,-5.37,-8.61,-13.98,548.6899999999999,427.75999999999993,443.44999999999993
2023-05-16,-4.77,8.76,3.99,543.92,436.52,447.43999999999994
2023-05-17,-4.62,5.18,0.5599999999999996,539.3,441.69999999999993,447.99999999999994
2023-05-18,-3.08,15.760000000000002,12.680000000000001,536.22,457.46,460.67999999999995
2023-05-19,0.0,-8.27,-8.27,536.22,449.18999999999994,452.40999999999997
2023-05-20,0.0,0.0,0.0,536.22,449.18999999999994,452.40999999999997
2023-05-21,0.0,0.0,0.0,536.22,449.18999999999994,452.40999999999997
2023-05-22,0.0,-6.53,-6.53,536.22,442.65999999999997,445.87999999999994
2023-05-23,-3.62,-4.66,-8.280000000000001,532.6,438.0,437.5999999999999
2023-05-24,17.41,1.96,19.37,550.01,439.96,456.9699999999999
2023-05-25,-4.58,-10.629999999999999,-15.209999999999999,545.43,429.33,441.75999999999993
2023-05-26,0.0,4.379999999999999,4.379999999999999,545.43,433.71,446.13999999999993
2023-05-27,0.0,0.0,0.0,545.43,433.71,446.13999999999993
2023-05-28,0.0,0.0,0.0,545.43,433.71,446.13999999999993
2023-05-29,8.84,-3.9699999999999998,4.87,554.27,429.73999999999995,451.00999999999993
2023-05-30,0.0,-7.09,-7.09,554.27,422.65,443.91999999999996
2023-05-31,9.18,-4.88,4.3,563.4499999999999,417.77,448.2199999999999
2023-06-01,2.0,1.9400000000000004,3.9400000000000004,565.4499999999999,419.71,452.15999999999997
2023-06-02,5.59,-6.74,-1.1500000000000004,571.04,412.96999999999997,451.00999999999993
2023-06-03,0.0,0.0,0.0,571.04,412.96999999999997,451.00999999999993
2023-06-04,0.0,0.0,0.0,571.04,412.96999999999997,451.00999999999993
2023-06-05,-4.6,1.0899999999999992,-3.5100000000000007,566.4399999999999,414.05999999999995,447.49999999999994
2023-06-06,-9.91,-14.129999999999999,-24.04,556.53,399.92999999999995,423.4599999999999
2023-06-07,4.91,-7.140000000000001,-2.2300000000000004,561.4399999999999,392.78999999999996,421.2299999999999
2023-06-08,7.9,0.0,7.9,569.3399999999999,392.78999999999996,429.12999999999994
2023-06-09,-9.36,-4.86,-14.219999999999999,559.98,387.92999999999995,414.9099999999999
2023-06-10,0.0,0.0,0.0,559.98,387.92999999999995,414.9099999999999
2023-06-11,0.0,0.0,0.0,559.98,387.92999999999995,414.9099999999999
2023-06-12,-4.11,-2.3100000000000005,-6.420000000000001,555.87,385.61999999999995,408.4899999999999
2023-06-13,3.9799999999999995,0.0,3.9799999999999995,559.85,385.61999999999995,412.4699999999999
2023-06-14,5.41,-3.72,1.69,565.26,381.9,414.1599999999999
2023-06-15,4.2299999999999995,-5.04,-0.8100000000000005,569.49,376.85999999999996,413.3499999999999
2023-06-16,0.0,-2.7800000000000002,-2.7800000000000002,569.49,374.0799999999999,410.56999999999994
2023-06-17,0.0,0.0,0.0,569.49,374.0799999999999,410.56999999999994
2023-06-18,0.0,0.0,0.0,569.49,374.0799999999999,410.56999999999994
2023-06-19,0.0,0.05,0.05,569.49,374.13,410.6199999999999
2023-06-20,0.9900000000000002,0.7999999999999998,1.79,570.48,374.92999999999995,412.4099999999999
2023-06-21,-10.29,11.49,1.200000000000001,560.1899999999999,386.41999999999996,413.6099999999999
2023-06-22,8.6,12.079999999999998,20.68,568.79,398.5,434.28999999999996
2023-06-23,0.0,-5.74,-5.74,568.79,392.76,428.54999999999995
2023-06-24,0.0,0.0,0.0,568.79,392.76,428.54999999999995
2023-06-25,0.0,0.0,0.0,568.79,392.76,428.54999999999995
2023-06-26,2.09,0.05,2.1399999999999997,570.88,392.81,430.68999999999994
2023-06-27,-6.83,-7.73,-14.56,564.05,385.08000000000004,416.12999999999994
2023-06-28,8.19,-0.77,7.42,572.24,384.31,423.54999999999995
2023-06-29,-5.64,-8.450000000000001,-14.09,566.6,375.86,409.4599999999999
2023-06-30,-5.53,3.54,-1.9900000000000002,561.0699999999999,379.4,407.4699999999999
2023-07-01,0.0,0.0,0.0,561.0699999999999,379.4,407.4699999999999
2023-07-02,0.0,0.0,0.0,561.0699999999999,379.4,407.4699999999999
2023-07-03,8.84,-3.1,5.74,569.91,376.3,413.2099999999999
2023-07-04,0.0,3.18,3.18,569.91,379.48,416.38999999999993
2023-07-05,-5.4399999999999995,-3.45,-8.89,564.47,376.03000000000003,407.49999999999994
2023-07-06,6.42,-5.62,0.7999999999999998,570.89,370.41,408.29999999999995
2023-07-07,9.35,5.799999999999999,15.149999999999999,580.24,376.21000000000004,423.44999999999993
2023-07-08,0.0,0.0,0.0,580.24,376.21000000000004,423.44999999999993
2023-07-09,0.0,0.0,0.0,580.24,376.21000000000004,423.44999999999993
2023-07-10,8.31,0.0,8.31,588.55,376.21000000000004,431.75999999999993
2023-07-11,-4.54,-3.2700000000000005,-7.8100000000000005,584.01,372.94000000000005,423.94999999999993
2023-07-12,0.05,-4.71,-4.66,584.06,368.23,419.28999999999996
2023-07-13,0.0,-3.71,-3.71,584.06,364.52,415.5799999999999
2023-07-14,-4.68,-7.8,-12.48,579.38,356.72,403.0999999999999
2023-07-15,0.0,0.0,0.0,579.38,356.72,403.0999999999999
2023-07-16,0.0,0.0,0.0,579.38,356.72,403.0999999999999
2023-07-17,0.0,-2.97,-2.97,579.38,353.75,400.12999999999994
2023-07-18,-4.74,17.900000000000002,13.160000000000002,574.64,371.65,413.28999999999996
2023-07-19,-4.08,-2.73,-6.8100000000000005,570.56,368.92,406.4799999999999
2023-07-20,0.1,3.53,3.63,570.66,372.45000000000005,410.1099999999999
2023-07-21,-5.2,3.8499999999999996,-1.3500000000000005,565.46,376.3,408.75999999999993
2023-07-22,0.0,0.0,0.0,565.46,376.3,408.75999999999993
2023-07-23,0.0,0.0,0.0,565.46,376.3,408.75999999999993
2023-07-24,0.0,-5.73,-5.73,565.46,370.57000000000005,403.03
2023-07-25,-8.62,-8.73,-17.35,556.84,361.84000000000003,385.67999999999995
2023-07-26,8.04,3.63,11.669999999999998,564.88,365.47,397.3499999999999
2023-07-27,1.2399999999999993,4.09,5.329999999999999,566.12,369.56000000000006,402.67999999999995
2023-07-28,-4.52,0.0,-4.52,561.6,369.56000000000006,398.15999999999997
2023-07-29,0.0,0.0,0.0,561.6,369.56000000000006,398.15999999999997
2023-07-30,0.0,0.0,0.0,561.6,369.56000000000006,398.15999999999997
2023-07-31,-9.71,4.44,-5.2700000000000005,551.89,374.0,392.88999999999993
2023-08-01,-3.84,4.69,0.8500000000000005,548.05,378.69000000000005,393.7399999999999
2023-08-02,0.2,6.06,6.26,548.25,384.75,399.9999999999999
2023-08-03,-2.85,-13.96,-16.810000000000002,545.4,370.79,383.18999999999994
2023-08-04,0.0,-2.6900000000000004,-2.6900000000000004,545.4,368.1,380.4999999999999
2023-08-05,0.0,0.0,0.0,545.4,368.1,380.4999999999999
2023-08-06,0.0,0.0,0.0,545.4,368.1,380.4999999999999
2023-08-07,-3.32,-6.1899999999999995,-9.51,542.08,361.91,370.9899999999999
2023-08-08,-3.68,-2.24,-5.92,538.4,359.67,365.06999999999994
2023-08-09,-4.23,10.69,6.459999999999999,534.17,370.36,371.53
2023-08-10,-3.98,-7.89,-11.87,530.1899999999999,362.47,359.65999999999997
2023-08-11,0.2,-3.41,-3.21,530.39,359.06000000000006,356.44999999999993
2023-08-12,0.0,0.0,0.0,530.39,359.06000000000006,356.44999999999993
2023-08-13,0.0,0.0,0.0,530.39,359.06000000000006,356.44999999999993
2023-08-14,2.9,-3.0599999999999996,-0.1599999999999997,533.29,356.0,356.28999999999996
2023-08-15,-4.0,4.38,0.3799999999999999,529.29,360.38,356.66999999999996
2023-08-16,0.1,-2.53,-2.4299999999999997,529.39,357.85,354.2399999999999
2023-08-17,8.72,0.0,8.72,538.11,357.85,362.9599999999999
2023-08-18,-8.65,-2.93,-11.58,529.46,354.92,351.3799999999999
2023-08-19,0.0,0.0,0.0,529.46,354.92,351.3799999999999
2023-08-20,0.0,0.0,0.0,529.46,354.92,351.3799999999999
2023-08-21,7.06,0.1,7.159999999999999,536.52,355.02,358.5399999999999
2023-08-22,0.2,3.62,3.8200000000000003,536.72,358.64,362.3599999999999
2023-08-23,-4.24,4.960000000000001,0.7200000000000006,532.48,363.6,363.0799999999999
2023-08-24,-7.8100000000000005,-5.4399999999999995,-13.25,524.67,358.16,349.8299999999999
2023-08-25,0.0,-4.65,-4.65,524.67,353.51,345.1799999999999
2023-08-26,0.0,0.0,0.0,524.67,353.51,345.1799999999999
2023-08-27,0.0,0.0,0.0,524.67,353.51,345.1799999999999
2023-08-28,-8.719999999999999,5.29,-3.429999999999999,515.95,358.8,341.7499999999999
2023-08-29,13.61,7.989999999999999,21.599999999999998,529.56,366.79,363.3499999999999
2023-08-30,-9.24,1.4100000000000001,-7.83,520.3199999999999,368.20000000000005,355.51999999999987
2023-08-31,-3.84,-5.21,-9.05,516.48,362.99,346.46999999999986
2023-09-01,0.25,0.05,0.3,516.73,363.04,346.76999999999987
2023-09-02,0.0,0.0,0.0,516.73,363.04,346.76999999999987
2023-09-03,0.0,0.0,0.0,516.73,363.04,346.76999999999987
2023-09-04,4.029999999999999,0.05,4.079999999999999,520.76,363.09000000000003,350.8499999999999
2023-09-05,0.0,0.7999999999999994,0.7999999999999994,520.76,363.89000000000004,351.64999999999986
2023-09-06,-6.6899999999999995,2.6200000000000006,-4.0699999999999985,514.0699999999999,366.51000000000005,347.5799999999999
2023-09-07,-9.46,0.05,-9.41,504.61,366.56000000000006,338.1699999999999
2023-09-08,-4.6,-2.13,-6.7299999999999995,500.01,364.43000000000006,331.43999999999994
2023-09-09,0.0,0.0,0.0,500.01,364.43000000000006,331.43999999999994
2023-09-10,0.0,0.0,0.0,500.01,364.43000000000006,331.43999999999994
2023-09-11,0.0,-5.140000000000001,-5.140000000000001,500.01,359.2900000000001,326.2999999999999
2023-09-12,0.0,1.19,1.19,500.01,360.4800000000001,327.4899999999999
2023-09-13,0.0,-4.42,-4.42,500.01,356.06000000000006,323.06999999999994
2023-09-14,7.32,1.63,8.95,507.33,357.69000000000005,332.01999999999987
2023-09-15,-3.81,8.48,4.67,503.52,366.1700000000001,336.6899999999999
2023-09-16,0.0,0.0,0.0,503.52,366.1700000000001,336.6899999999999
2023-09-17,0.0,0.0,0.0,503.52,366.1700000000001,336.6899999999999
2023-09-18,0.0,-2.02,-2.02,503.52,364.1500000000001,334.66999999999985
2023-09-19,-3.74,-5.96,-9.7,499.78,358.19000000000005,324.9699999999999
2023-09-20,-8.76,1.6200000000000003,-7.14,491.02,359.81000000000006,317.8299999999999
2023-09-21,-4.71,0.0,-4.71,486.31,359.81000000000006,313.1199999999999
2023-09-22,-4.32,-8.51,-12.83,481.99,351.30000000000007,300.28999999999985
2023-09-23,0.0,0.0,0.0,481.99,351.30000000000007,300.28999999999985
2023-09-24,0.0,0.0,0.0,481.99,351.30000000000007,300.28999999999985
2023-09-25,-7.050000000000001,-4.96,-12.010000000000002,474.94,346.34000000000003,288.27999999999986
2023-09-26,-2.54,20.28,17.740000000000002,472.4,366.62000000000006,306.01999999999987
2023-09-27,0.0,1.87,1.87,472.4,368.49000000000007,307.8899999999999
2023-09-28,-7.2,-2.62,-9.82,465.2,365.87000000000006,298.06999999999994
2023-09-29,13.620000000000001,0.05,13.670000000000002,478.82,365.9200000000001,311.7399999999999
2023-09-30,0.0,0.0,0.0,478.82,365.9200000000001,311.7399999999999
2023-10-01,0.0,0.0,0.0,478.82,365.9200000000001,311.7399999999999
2023-10-02,8.08,3.579999999999999,11.66,486.9,369.5000000000001,323.39999999999986
2023-10-03,-2.44,9.91,7.470000000000001,484.46000000000004,379.4100000000001,330.8699999999999
2023-10-04,-4.14,0.15000000000000002,-3.9899999999999998,480.32,379.56000000000006,326.8799999999999
2023-10-05,7.82,4.28,12.100000000000001,488.14,383.8400000000001,338.9799999999999
2023-10-06,0.0,-9.61,-9.61,488.14,374.2300000000001,329.3699999999999
2023-10-07,0.0,0.0,0.0,488.14,374.2300000000001,329.3699999999999
2023-10-08,0.0,0.0,0.0,488.14,374.2300000000001,329.3699999999999
2023-10-09,-2.47,-4.41,-6.880000000000001,485.67,369.82000000000005,322.4899999999999
2023-10-10,-4.05,-2.85,-6.9,481.62,366.9700000000001,315.5899999999999
2023-10-11,-4.340000000000001,1.5800000000000003,-2.7600000000000007,477.28000000000003,368.55000000000007,312.8299999999999
2023-10-12,0.15,5.36,5.510000000000001,477.43,373.9100000000001,318.3399999999999
2023-10-13,0.05,0.0,0.05,477.48,373.9100000000001,318.3899999999999
2023-10-14,0.0,0.0,0.0,477.48,373.9100000000001,318.3899999999999
2023-10-15,0.0,0.0,0.0,477.48,373.9100000000001,318.3899999999999
2023-10-16,0.0,-4.96,-4.96,477.48,368.9500000000001,313.4299999999999
2023-10-17,6.98,-9.0,-2.0199999999999996,484.46000000000004,359.9500000000001,311.40999999999985
2023-10-18,0.05,6.22,6.27,484.51,366.1700000000001,317.6799999999999
2023-10-19,-2.9,3.9299999999999997,1.0299999999999998,481.61,370.10000000000014,318.7099999999999
2023-10-20,0.05,-7.31,-7.26,481.66,362.7900000000001,311.44999999999993
2023-10-21,0.0,0.0,0.0,481.66,362.7900000000001,311.44999999999993
2023-10-22,0.0,0.0,0.0,481.66,362.7900000000001,311.44999999999993
2023-10-23,0.1,0.05,0.15000000000000002,481.76,362.84000000000015,311.5999999999999
2023-10-24,4.36,-6.42,-2.0599999999999996,486.12,356.42000000000013,309.5399999999999
2023-10-25,3.2600000000000002,-4.29,-1.0299999999999998,489.38,352.1300000000001,308.5099999999999
2023-10-26,6.41,1.3500000000000005,7.760000000000001,495.79,353.48000000000013,316.26999999999987
2023-10-27,0.1,-9.700000000000001,-9.600000000000001,495.89,343.78000000000014,306.6699999999999
2023-10-28,0.0,0.0,0.0,495.89,343.78000000000014,306.6699999999999
2023-10-29,0.0,0.0,0.0,495.89,343.78000000000014,306.6699999999999
2023-10-30,-4.26,-10.91,-15.17,491.63,332.8700000000001,291.4999999999999
2023-10-31,0.0,-10.8,-10.8,491.63,322.07000000000016,280.69999999999993
2023-11-01,0.1,-10.19,-10.09,491.73,311.8800000000001,270.6099999999999
2023-11-02,-3.49,-8.77,-12.26,488.24,303.1100000000001,258.3499999999999
2023-11-03,0.15,4.949999999999999,5.1,488.39,308.0600000000001,263.44999999999993
2023-11-04,0.0,0.0,0.0,488.39,308.0600000000001,263.44999999999993
2023-11-05,0.0,0.0,0.0,488.39,308.0600000000001,263.44999999999993
2023-11-06,0.0,5.57,5.57,488.39,313.6300000000001,269.0199999999999
2023-11-07,0.0,-1.3900000000000001,-1.3900000000000001,488.39,312.2400000000001,267.62999999999994
2023-11-08,6.88,9.129999999999999,16.009999999999998,495.27,321.3700000000001,283.63999999999993
2023-11-09,6.91,8.610000000000001,15.520000000000001,502.18,329.98000000000013,299.15999999999997
2023-11-10,-4.76,8.709999999999999,3.9499999999999993,497.42,338.69000000000017,303.1099999999999
2023-11-11,0.0,0.0,0.0,497.42,338.69000000000017,303.1099999999999
2023-11-12,0.0,0.0,0.0,497.42,338.69000000000017,303.1099999999999
2023-11-13,-2.66,-4.0600000000000005,-6.720000000000001,494.76,334.6300000000001,296.38999999999993
2023-11-14,-3.91,-4.779999999999999,-8.69,490.85,329.85000000000014,287.69999999999993
2023-11-15,3.45,-3.0300000000000002,0.41999999999999993,494.3,326.82000000000016,288.1199999999999
2023-11-16,0.05,2.89,2.94,494.35,329.71000000000015,291.05999999999995
2023-11-17,-7.17,-3.8800000000000003,-11.05,487.18,325.83000000000015,280.0099999999999
2023-11-18,0.0,0.0,0.0,487.18,325.83000000000015,280.0099999999999
2023-11-19,0.0,0.0,0.0,487.18,325.83000000000015,280.0099999999999
2023-11-20,0.1,-4.0,-3.9,487.28000000000003,321.83000000000015,276.1099999999999
2023-11-21,-4.12,0.05,-4.07,483.16,321.8800000000001,272.0399999999999
2023-11-22,0.05,0.10000000000000053,0.15000000000000052,483.21000000000004,321.98000000000013,272.1899999999999
2023-11-23,-3.64,-2.94,-6.58,479.57,319.04000000000013,265.6099999999999
2023-11-24,0.15,5.62,5.7700000000000005,479.72,324.66000000000014,271.3799999999999
2023-11-25,0.0,0.0,0.0,479.72,324.66000000000014,271.3799999999999
2023-11-26,0.0,0.0,0.0,479.72,324.66000000000014,271.3799999999999
2023-11-27,0.0,-2.3799999999999994,-2.3799999999999994,479.72,322.28000000000014,268.9999999999999
2023-11-28,1.4,2.35,3.75,481.12,324.6300000000001,272.7499999999999
2023-11-29,4.22,1.5600000000000003,5.78,485.34000000000003,326.19000000000017,278.52999999999986
2023-11-30,0.0,-6.0600000000000005,-6.0600000000000005,485.34000000000003,320.1300000000001,272.4699999999999
2023-12-01,7.68,12.66,20.34,493.02,332.79000000000013,292.80999999999995
2023-12-02,0.0,0.0,0.0,493.02,332.79000000000013,292.80999999999995
2023-12-03,0.0,0.0,0.0,493.02,332.79000000000013,292.80999999999995
2023-12-04,-5.1,0.0,-5.1,487.92,332.79000000000013,287.7099999999999
2023-12-05,5.81,4.259999999999999,10.069999999999999,493.73,337.0500000000001,297.7799999999999
2023-12-06,0.0,-15.28,-15.28,493.73,321.7700000000001,282.4999999999999
2023-12-07,7.74,-1.3500000000000005,6.39,501.47,320.42000000000013,288.8899999999999
2023-12-08,-5.02,17.92,12.900000000000002,496.45,338.34000000000015,301.7899999999999
2023-12-09,0.0,0.0,0.0,496.45,338.34000000000015,301.7899999999999
2023-12-10,0.0,0.0,0.0,496.45,338.34000000000015,301.7899999999999
2023-12-11,-2.71,5.489999999999999,2.7799999999999994,493.74,343.83000000000015,304.56999999999994
2023-12-12,6.43,0.0,6.43,500.17,343.83000000000015,310.9999999999999
2023-12-13,-3.92,4.22,0.2999999999999998,496.25,348.0500000000002,311.29999999999995
2023-12-14,-3.45,-7.41,-10.86,492.8,340.64000000000016,300.43999999999994
2023-12-15,6.93,0.05,6.9799999999999995,499.73,340.69000000000017,307.41999999999996
2023-12-16,0.0,0.0,0.0,499.73,340.69000000000017,307.41999999999996
2023-12-17,0.0,0.0,0.0,499.73,340.69000000000017,307.41999999999996
2023-12-18,0.0,-9.870000000000001,-9.870000000000001,499.73,330.82000000000016,297.54999999999995
2023-12-19,-3.54,7.710000000000001,4.170000000000001,496.19,338.5300000000002,301.7199999999999
2023-12-20,2.88,-3.02,-0.14000000000000012,499.07,335.51000000000016,301.5799999999999
2023-12-21,-4.42,-11.43,-15.85,494.65,324.08000000000015,285.7299999999999
2023-12-22,0.1,1.7199999999999998,1.8199999999999998,494.75,325.8000000000002,287.54999999999995
2023-12-23,0.0,0.0,0.0,494.75,325.8000000000002,287.54999999999995
2023-12-24,0.0,0.0,0.0,494.75,325.8000000000002,287.54999999999995
2023-12-25,0.0,0.0,0.0,494.75,325.8000000000002,287.54999999999995
2023-12-26,0.0,-3.02,-3.02,494.75,322.78000000000014,284.5299999999999
2023-12-27,-3.6999999999999997,6.93,3.23,491.05,329.71000000000015,287.7599999999999
2023-12-28,0.05,-3.43,-3.3800000000000003,491.1,326.28000000000014,284.3799999999999
2023-12-29,0.25,-6.99,-6.74,491.35,319.29000000000013,277.6399999999999
2023-12-30,0.0,0.0,0.0,491.35,319.29000000000013,277.6399999999999
2023-12-31,0.0,0.0,0.0,491.35,319.29000000000013,277.6399999999999
2024-01-01,0.0,0.0,0.0,491.35,319.29000000000013,277.6399999999999
2024-01-02,-7.85,-9.52,-17.369999999999997,483.5,309.7700000000001,260.2699999999999
2024-01-03,4.53,5.81,10.34,488.03,315.58000000000015,270.6099999999999
2024-01-04,-3.53,6.59,3.06,484.5,322.17000000000013,273.6699999999999
2024-01-05,13.44,5.46,18.9,497.94,327.6300000000001,292.56999999999994
2024-01-06,0.0,0.0,0.0,497.94,327.6300000000001,292.56999999999994
2024-01-07,0.0,0.0,0.0,497.94,327.6300000000001,292.56999999999994
2024-01-08,-3.39,-5.86,-9.25,494.55,321.7700000000001,283.31999999999994
2024-01-09,-3.07,0.05,-3.02,491.48,321.82000000000016,280.2999999999999
2024-01-10,0.9699999999999998,0.040000000000000036,1.0099999999999998,492.45,321.8600000000001,281.3099999999999
2024-01-11,-3.05,5.26,2.21,489.4,327.1200000000001,283.51999999999987
2024-01-12,-3.72,-2.3900000000000006,-6.110000000000001,485.68,324.73000000000013,277.40999999999985
2024-01-13,0.0,0.0,0.0,485.68,324.73000000000013,277.40999999999985
2024-01-14,0.0,0.0,0.0,485.68,324.73000000000013,277.40999999999985
2024-01-15,-2.59,-3.66,-6.25,483.09,321.07000000000016,271.15999999999985
2024-01-16,0.0,8.379999999999999,8.379999999999999,483.09,329.45000000000016,279.53999999999985
2024-01-17,8.59,9.850000000000001,18.44,491.68,339.3000000000001,297.97999999999985
2024-01-18,-4.4,-4.97,-9.370000000000001,487.28,334.33000000000015,288.60999999999984
2024-01-19,0.0,5.0,5.0,487.28,339.33000000000015,293.60999999999984
2024-01-20,0.0,0.0,0.0,487.28,339.33000000000015,293.60999999999984
2024-01-21,0.0,0.0,0.0,487.28,339.33000000000015,293.60999999999984
2024-01-22,5.88,-10.83,-4.95,493.15999999999997,328.5000000000001,288.65999999999985
2024-01-23,0.0,-5.33,-5.33,493.15999999999997,323.1700000000001,283.3299999999998
2024-01-24,0.0,-3.03,-3.03,493.15999999999997,320.1400000000001,280.29999999999984
2024-01-25,-8.32,0.1,-8.22,484.84,320.2400000000001,272.0799999999998
2024-01-26,-8.48,-8.14,-16.62,476.36,312.1000000000001,255.4599999999998
2024-01-27,0.0,0.0,0.0,476.36,312.1000000000001,255.4599999999998
2024-01-28,0.0,0.0,0.0,476.36,312.1000000000001,255.4599999999998
2024-01-29,6.36,5.33,11.690000000000001,482.72,317.43000000000006,267.1499999999998
2024-01-30,-8.86,-4.15,-13.01,473.86,313.2800000000001,254.13999999999982
2024-01-31,-4.5,-2.5999999999999996,-7.1,469.36,310.68000000000006,247.0399999999998
2024-02-01,-0.16000000000000014,11.45,11.29,469.2,322.1300000000001,258.3299999999998
2024-02-02,0.28000000000000025,-6.42,-6.14,469.48,315.7100000000001,252.18999999999983
2024-02-03,0.0,0.0,0.0,469.48,315.7100000000001,252.18999999999983
2024-02-04,0.0,0.0,0.0,469.48,315.7100000000001,252.18999999999983
2024-02-05,0.05,6.109999999999999,6.159999999999999,469.53,321.8200000000001,258.34999999999985
2024-02-06,-2.51,-6.75,-9.26,467.02,315.0700000000001,249.08999999999986
2024-02-07,-6.33,-5.76,-12.09,460.69,309.3100000000001,236.9999999999999
2024-02-08,0.1,-2.5900000000000003,-2.49,460.78999999999996,306.72000000000014,234.50999999999988
2024-02-09,-7.16,4.0,-3.16,453.63,310.72000000000014,231.34999999999985
2024-02-10,0.0,0.0,0.0,453.63,310.72000000000014,231.34999999999985
2024-02-11,0.0,0.0,0.0,453.63,310.72000000000014,231.34999999999985
2024-02-12,-7.08,-2.08,-9.16,446.55,308.6400000000001,222.18999999999983
2024-02-13,0.0,-2.2,-2.2,446.55,306.4400000000001,219.98999999999984
2024-02-14,-4.18,-8.280000000000001,-12.46,442.37,298.1600000000001,207.52999999999986
2024-02-15,5.82,0.0,5.82,448.19,298.1600000000001,213.34999999999985
2024-02-16,-4.21,-2.34,-6.55,443.98,295.8200000000001,206.79999999999984
2024-02-17,0.0,0.0,0.0,443.98,295.8200000000001,206.79999999999984
2024-02-18,0.0,0.0,0.0,443.98,295.8200000000001,206.79999999999984
2024-02-19,-3.28,2.9699999999999993,-0.3100000000000005,440.7,298.7900000000001,206.48999999999984
2024-02-20,0.0,0.03000000000000025,0.03000000000000025,440.7,298.8200000000001,206.5199999999998
2024-02-21,0.0,-6.82,-6.82,440.7,292.0000000000001,199.69999999999982
2024-02-22,0.05,0.7499999999999998,0.7999999999999998,440.75,292.7500000000001,200.49999999999983
2024-02-23,6.9399999999999995,6.93,13.87,447.69,299.6800000000001,214.36999999999983
2024-02-24,0.0,0.0,0.0,447.69,299.6800000000001,214.36999999999983
2024-02-25,0.0,0.0,0.0,447.69,299.6800000000001,214.36999999999983
2024-02-26,0.15000000000000002,-3.24,-3.0900000000000003,447.84000000000003,296.4400000000001,211.27999999999986
2024-02-27,0.0,0.44999999999999973,0.44999999999999973,447.84000000000003,296.8900000000001,211.72999999999985
2024-02-28,7.27,0.05,7.319999999999999,455.11,296.9400000000001,219.04999999999984
2024-02-29,2.2600000000000002,0.05,2.31,457.37,296.9900000000001,221.35999999999984
2024-03-01,9.07,-2.5,6.57,466.44,294.4900000000001,227.92999999999984
2024-03-02,0.0,0.0,0.0,466.44,294.4900000000001,227.92999999999984
2024-03-03,0.0,0.0,0.0,466.44,294.4900000000001,227.92999999999984
2024-03-04,-3.54,3.6900000000000004,0.15000000000000036,462.9,298.1800000000001,228.0799999999998
2024-03-05,0.1,7.63,7.7299999999999995,463.0,305.8100000000001,235.80999999999983
2024-03-06,0.1,10.4,10.5,463.09999999999997,316.21000000000015,246.30999999999983
2024-03-07,0.05,4.26,4.31,463.15,320.47000000000014,250.61999999999983
2024-03-08,4.08,-7.069999999999999,-2.9899999999999993,467.22999999999996,313.4000000000001,247.62999999999982
2024-03-09,0.0,0.0,0.0,467.22999999999996,313.4000000000001,247.62999999999982
2024-03-10,0.0,0.0,0.0,467.22999999999996,313.4000000000001,247.62999999999982
2024-03-11,-2.76,-5.89,-8.649999999999999,464.46999999999997,307.5100000000001,238.97999999999985
2024-03-12,-2.34,12.13,9.790000000000001,462.13,319.6400000000001,248.76999999999987
2024-03-13,0.1,8.23,8.33,462.22999999999996,327.8700000000001,257.09999999999985
2024-03-14,0.1,0.15000000000000002,0.25,462.3299999999999,328.0200000000001,257.34999999999985
2024-03-15,2.15,-13.42,-11.27,464.47999999999996,314.60000000000014,246.07999999999987
2024-03-16,0.0,0.0,0.0,464.47999999999996,314.60000000000014,246.07999999999987
2024-03-17,0.0,0.0,0.0,464.47999999999996,314.60000000000014,246.07999999999987
2024-03-18,6.94,9.91,16.85,471.41999999999996,324.5100000000001,262.9299999999999
2024-03-19,5.86,-4.52,1.3400000000000007,477.28,319.9900000000001,264.26999999999987
2024-03-20,-7.8100000000000005,0.1,-7.710000000000001,469.46999999999997,320.09000000000015,256.5599999999999
2024-03-21,9.12,-6.17,2.9499999999999993,478.59,313.92000000000013,259.5099999999999
2024-03-22,4.68,0.0,4.68,483.27,313.92000000000013,264.1899999999999
2024-03-23,0.0,0.0,0.0,483.27,313.92000000000013,264.1899999999999
2024-03-24,0.0,0.0,0.0,483.27,313.92000000000013,264.1899999999999
2024-03-25,-2.46,-5.68,-8.14,480.80999999999995,308.2400000000001,256.0499999999999
2024-03-26,8.02,0.05,8.07,488.8299999999999,308.29000000000013,264.1199999999999
2024-03-27,-4.2,2.4400000000000004,-1.7599999999999998,484.62999999999994,310.73000000000013,262.3599999999999
2024-03-28,4.6,29.439999999999998,34.04,489.22999999999996,340.17000000000013,296.39999999999986
2024-03-29,0.0,0.0,0.0,489.22999999999996,340.17000000000013,296.39999999999986
2024-03-30,0.0,0.0,0.0,489.22999999999996,340.17000000000013,296.39999999999986
2024-03-31,0.0,0.0,0.0,489.22999999999996,340.17000000000013,296.39999999999986
2024-04-01,0.05,0.0,0.05,489.28,340.17000000000013,296.44999999999993
2024-04-02,0.05,9.84,9.89,489.3299999999999,350.0100000000001,306.3399999999999
2024-04-03,5.27,12.270000000000001,17.54,494.59999999999997,362.28000000000014,323.8799999999999
2024-04-04,-4.2,-6.36,-10.56,490.4,355.92000000000013,313.31999999999994
2024-04-05,0.05,5.68,5.7299999999999995,490.44999999999993,361.60000000000014,319.0499999999999
2024-04-06,0.0,0.0,0.0,490.44999999999993,361.60000000000014,319.0499999999999
2024-04-07,0.0,0.0,0.0,490.44999999999993,361.60000000000014,319.0499999999999
2024-04-08,0.0,0.0,0.0,490.44999999999993,361.60000000000014,319.0499999999999
2024-04-09,-3.97,-0.34999999999999787,-4.3199999999999985,486.47999999999996,361.2500000000001,314.7299999999999
2024-04-10,2.24,-5.55,-3.3099999999999996,488.71999999999997,355.70000000000016,311.4199999999999
2024-04-11,-6.17,0.0,-6.17,482.54999999999995,355.70000000000016,305.2499999999999
2024-04-12,-4.45,11.03,6.579999999999999,478.09999999999997,366.73000000000013,311.8299999999999
2024-04-13,0.0,0.0,0.0,478.09999999999997,366.73000000000013,311.8299999999999
2024-04-14,0.0,0.0,0.0,478.09999999999997,366.73000000000013,311.8299999999999
2024-04-15,-5.38,15.030000000000001,9.650000000000002,472.7199999999999,381.7600000000001,321.4799999999999
2024-04-16,0.05,-17.009999999999998,-16.959999999999997,472.7699999999999,364.7500000000001,304.5199999999999
2024-04-17,-5.26,0.05,-5.21,467.50999999999993,364.8000000000002,299.30999999999995
2024-04-18,0.05,-6.84,-6.79,467.55999999999995,357.96000000000015,292.5199999999999
2024-04-19,-4.91,-9.410000000000002,-14.320000000000002,462.6499999999999,348.5500000000002,278.19999999999993
2024-04-20,0.0,0.0,0.0,462.6499999999999,348.5500000000002,278.19999999999993
2024-04-21,0.0,0.0,0.0,462.6499999999999,348.5500000000002,278.19999999999993
2024-04-22,7.33,10.69,18.02,469.9799999999999,359.2400000000001,296.2199999999999
2024-04-23,-5.47,9.62,4.1499999999999995,464.50999999999993,368.8600000000001,300.36999999999995
2024-04-24,-3.63,-8.2,-11.829999999999998,460.87999999999994,360.6600000000002,288.53999999999996
2024-04-25,5.76,-17.490000000000002,-11.730000000000002,466.63999999999993,343.1700000000002,276.80999999999995
2024-04-26,0.0,0.8100000000000005,0.8100000000000005,466.63999999999993,343.98000000000013,277.61999999999995
2024-04-27,0.0,0.0,0.0,466.63999999999993,343.98000000000013,277.61999999999995
2024-04-28,0.0,0.0,0.0,466.63999999999993,343.98000000000013,277.61999999999995
2024-04-29,0.05,-13.82,-13.77,466.68999999999994,330.1600000000002,263.84999999999997
2024-04-30,0.0,18.43,18.43,466.68999999999994,348.59000000000015,282.28
2024-05-01,5.23,-4.390000000000001,0.8399999999999999,471.91999999999996,344.20000000000016,283.12
2024-05-02,0.0,0.0,0.0,471.91999999999996,344.20000000000016,283.12
2024-05-03,-9.219999999999999,0.05,-9.169999999999998,462.69999999999993,344.25000000000017,273.95
2024-05-04,0.0,0.0,0.0,462.69999999999993,344.25000000000017,273.95
2024-05-05,0.0,0.0,0.0,462.69999999999993,344.25000000000017,273.95
2024-05-06,5.62,0.1,5.72,468.31999999999994,344.35000000000014,279.66999999999996
2024-05-07,-2.49,-6.55,-9.04,465.8299999999999,337.8000000000002,270.63
2024-05-08,0.0,-12.71,-12.71,465.8299999999999,325.09000000000015,257.92
2024-05-09,0.0,-6.2700000000000005,-6.2700000000000005,465.8299999999999,318.82000000000016,251.65000000000003
2024-05-10,4.21,7.76,11.969999999999999,470.03999999999996,326.58000000000015,263.62
2024-05-11,0.0,0.0,0.0,470.03999999999996,326.58000000000015,263.62
2024-05-12,0.0,0.0,0.0,470.03999999999996,326.58000000000015,263.62
2024-05-13,0.0,0.1,0.1,470.03999999999996,326.6800000000001,263.72
2024-05-14,-2.86,0.05,-2.81,467.17999999999995,326.73000000000013,260.91
2024-05-15,-8.67,-0.4300000000000006,-9.100000000000001,458.50999999999993,326.3000000000001,251.81
2024-05-16,-3.03,0.0,-3.03,455.47999999999996,326.3000000000001,248.78000000000003
2024-05-17,0.05,7.22,7.27,455.53,333.5200000000001,256.05
2024-05-18,0.0,0.0,0.0,455.53,333.5200000000001,256.05
2024-05-19,0.0,0.0,0.0,455.53,333.5200000000001,256.05
2024-05-20,6.26,3.1499999999999986,9.409999999999998,461.78999999999996,336.67000000000013,265.46000000000004
2024-05-21,0.0,-15.93,-15.93,461.78999999999996,320.7400000000001,249.53000000000003
2024-05-22,-3.39,4.79,1.4,458.4,325.5300000000001,250.93
2024-05-23,5.89,14.299999999999999,20.189999999999998,464.28999999999996,339.83000000000015,271.12
2024-05-24,0.0,-6.140000000000001,-6.140000000000001,464.28999999999996,333.6900000000001,264.98
2024-05-25,0.0,0.0,0.0,464.28999999999996,333.6900000000001,264.98
2024-05-26,0.0,0.0,0.0,464.28999999999996,333.6900000000001,264.98
2024-05-27,4.63,0.0,4.63,468.91999999999996,333.6900000000001,269.61
2024-05-28,4.5200000000000005,0.1,4.62,473.43999999999994,333.7900000000001,274.23
2024-05-29,0.05,-4.3,-4.25,473.48999999999995,329.4900000000001,269.98
2024-05-30,-3.56,0.1,-3.46,469.92999999999995,329.5900000000001,266.52000000000004
2024-05-31,-3.3400000000000003,-14.39,-17.73,466.5899999999999,315.2000000000001,248.79000000000002
2024-06-01,0.0,0.0,0.0,466.5899999999999,315.2000000000001,248.79000000000002
2024-06-02,0.0,0.0,0.0,466.5899999999999,315.2000000000001,248.79000000000002
2024-06-03,-3.32,12.950000000000001,9.63,463.27,328.1500000000001,258.42
2024-06-04,5.0,-4.09,0.9100000000000001,468.27,324.06000000000006,259.33000000000004
2024-06-05,-4.01,-11.760000000000002,-15.770000000000001,464.25999999999993,312.30000000000007,243.56000000000006
2024-06-06,-4.86,0.09000000000000075,-4.77,459.4,312.3900000000001,238.79000000000008
2024-06-07,0.0,0.0,0.0,459.4,312.3900000000001,238.79000000000008
2024-06-08,0.0,0.0,0.0,459.4,312.3900000000001,238.79000000000008
2024-06-09,0.0,0.0,0.0,459.4,312.3900000000001,238.79000000000008
2024-06-10,1.08,1.3600000000000003,2.4400000000000004,460.47999999999996,313.7500000000001,241.23000000000008
2024-06-11,0.8799999999999999,-6.9,-6.0200000000000005,461.35999999999996,306.85000000000014,235.2100000000001
2024-06-12,-4.2,-16.63,-20.83,457.15999999999997,290.22000000000014,214.3800000000001
2024-06-13,-6.24,0.05,-6.19,450.91999999999996,290.2700000000001,208.1900000000001
2024-06-14,0.0,0.05,0.05,450.91999999999996,290.32000000000016,208.24000000000012
2024-06-15,0.0,0.0,0.0,450.91999999999996,290.32000000000016,208.24000000000012
2024-06-16,0.0,0.0,0.0,450.91999999999996,290.32000000000016,208.24000000000012
2024-06-17,0.0,-6.52,-6.52,450.91999999999996,283.8000000000001,201.72000000000014
2024-06-18,4.11,-4.7700000000000005,-0.6600000000000001,455.03,279.0300000000001,201.06000000000012
2024-06-19,0.05,0.1,0.15000000000000002,455.0799999999999,279.1300000000001,201.2100000000001
2024-06-20,8.97,4.26,13.23,464.04999999999995,283.3900000000001,214.4400000000001
2024-06-21,-5.8,0.05,-5.75,458.24999999999994,283.4400000000001,208.6900000000001
2024-06-22,0.0,0.0,0.0,458.24999999999994,283.4400000000001,208.6900000000001
2024-06-23,0.0,0.0,0.0,458.24999999999994,283.4400000000001,208.6900000000001
2024-06-24,-3.74,-5.74,-9.48,454.50999999999993,277.7000000000001,199.2100000000001
2024-06-25,-2.6300000000000003,-4.04,-6.67,451.87999999999994,273.6600000000001,192.54000000000008
2024-06-26,-2.73,-7.77,-10.5,449.15,265.8900000000001,182.04000000000008
2024-06-27,-7.16,0.05,-7.11,441.98999999999995,265.9400000000001,174.93000000000006
2024-06-28,0.05,0.0,0.05,442.03999999999996,265.9400000000001,174.98000000000008
2024-06-29,0.0,0.0,0.0,442.03999999999996,265.9400000000001,174.98000000000008
2024-06-30,0.0,0.0,0.0,442.03999999999996,265.9400000000001,174.98000000000008
2024-07-01,0.0,1.0599999999999996,1.0599999999999996,442.03999999999996,267.0000000000001,176.04000000000008
2024-07-02,-6.73,-3.03,-9.76,435.30999999999995,263.97000000000014,166.2800000000001
2024-07-03,0.0,0.0,0.0,435.30999999999995,263.97000000000014,166.2800000000001
2024-07-04,7.14,-8.17,-1.0300000000000002,442.44999999999993,255.80000000000013,165.2500000000001
2024-07-05,-2.52,2.86,0.33999999999999986,439.92999999999995,258.66000000000014,165.5900000000001
2024-07-06,0.0,0.0,0.0,439.92999999999995,258.66000000000014,165.5900000000001
2024-07-07,0.0,0.0,0.0,439.92999999999995,258.66000000000014,165.5900000000001
2024-07-08,0.0,-5.96,-5.96,439.92999999999995,252.70000000000016,159.6300000000001
2024-07-09,-7.6,0.05,-7.55,432.3299999999999,252.75000000000017,152.0800000000001
2024-07-10,-3.78,11.94,8.16,428.54999999999995,264.69000000000017,160.24000000000012
2024-07-11,9.56,-4.1,5.460000000000001,438.10999999999996,260.59000000000015,165.7000000000001
2024-07-12,-4.2,0.0,-4.2,433.90999999999997,260.59000000000015,161.5000000000001
2024-07-13,0.0,0.0,0.0,433.90999999999997,260.59000000000015,161.5000000000001
2024-07-14,0.0,0.0,0.0,433.90999999999997,260.59000000000015,161.5000000000001
2024-07-15,4.96,15.95,20.91,438.86999999999995,276.54000000000013,182.41000000000014
2024-07-16,0.0,0.05,0.05,438.86999999999995,276.59000000000015,182.46000000000015
2024-07-17,-5.98,1.3100000000000007,-4.67,432.88999999999993,277.90000000000015,177.79000000000013
2024-07-18,0.0,0.0,0.0,432.88999999999993,277.90000000000015,177.79000000000013
2024-07-19,-4.1,12.0,7.9,428.78999999999996,289.90000000000015,185.6900000000001
2024-07-20,0.0,0.0,0.0,428.78999999999996,289.90000000000015,185.6900000000001
2024-07-21,0.0,0.0,0.0,428.78999999999996,289.90000000000015,185.6900000000001
2024-07-22,-3.83,5.7299999999999995,1.8999999999999995,424.9599999999999,295.6300000000001,187.5900000000001
2024-07-23,4.31,0.0,4.31,429.27,295.6300000000001,191.9000000000001
2024-07-24,-3.11,5.969999999999999,2.859999999999999,426.15999999999997,301.60000000000014,194.7600000000001
2024-07-25,-4.66,2.83,-1.83,421.49999999999994,304.4300000000002,192.93000000000012
2024-07-26,8.26,0.05,8.31,429.76,304.48000000000013,201.24000000000012
2024-07-27,0.0,0.0,0.0,429.76,304.48000000000013,201.24000000000012
2024-07-28,0.0,0.0,0.0,429.76,304.48000000000013,201.24000000000012
2024-07-29,-4.02,-12.940000000000001,-16.96,425.73999999999995,291.5400000000002,184.28000000000014
2024-07-30,-2.75,-7.57,-10.32,422.98999999999995,283.97000000000014,173.96000000000015
2024-07-31,0.05,-5.25,-5.2,423.03999999999996,278.72000000000014,168.76000000000016
2024-08-01,-6.98,0.0,-6.98,416.05999999999995,278.72000000000014,161.78000000000014
2024-08-02,-6.11,-6.48,-12.59,409.94999999999993,272.2400000000002,149.19000000000017
2024-08-03,0.0,0.0,0.0,409.94999999999993,272.2400000000002,149.19000000000017
2024-08-04,0.0,0.0,0.0,409.94999999999993,272.2400000000002,149.19000000000017
2024-08-05,11.78,0.0,11.78,421.72999999999996,272.2400000000002,160.97000000000014
2024-08-06,0.05,10.58,10.63,421.78,282.82000000000016,171.60000000000014
2024-08-07,0.05,3.879999999999999,3.929999999999999,421.8299999999999,286.70000000000016,175.53000000000014
2024-08-08,-3.46,-4.95,-8.41,418.36999999999995,281.7500000000002,167.12000000000012
2024-08-09,-3.05,3.4700000000000006,0.4200000000000008,415.31999999999994,285.2200000000002,167.54000000000013
2024-08-10,0.0,0.0,0.0,415.31999999999994,285.2200000000002,167.54000000000013
2024-08-11,0.0,0.0,0.0,415.31999999999994,285.2200000000002,167.54000000000013
2024-08-12,-2.75,-3.75,-6.5,412.56999999999994,281.4700000000002,161.04000000000013
2024-08-13,-2.7,-10.7,-13.399999999999999,409.86999999999995,270.7700000000002,147.64000000000016
2024-08-14,14.98,-4.03,10.95,424.84999999999997,266.74000000000024,158.59000000000015
2024-08-15,-2.2,6.68,4.4799999999999995,422.65,273.42000000000024,163.07000000000016
2024-08-16,6.22,-3.9800000000000004,2.2399999999999993,428.86999999999995,269.4400000000002,165.31000000000017
2024-08-17,0.0,0.0,0.0,428.86999999999995,269.4400000000002,165.31000000000017
2024-08-18,0.0,0.0,0.0,428.86999999999995,269.4400000000002,165.31000000000017
2024-08-19,5.45,0.05,5.5,434.31999999999994,269.49000000000024,170.81000000000017
2024-08-20,3.8100000000000005,5.1099999999999985,8.919999999999998,438.13,274.60000000000025,179.7300000000002
2024-08-21,0.05,-11.25,-11.2,438.17999999999995,263.35000000000025,168.5300000000002
2024-08-22,0.05,4.53,4.58,438.22999999999996,267.8800000000002,173.11000000000018
2024-08-23,0.0,8.64,8.64,438.22999999999996,276.5200000000002,181.75000000000017
2024-08-24,0.0,0.0,0.0,438.22999999999996,276.5200000000002,181.75000000000017
2024-08-25,0.0,0.0,0.0,438.22999999999996,276.5200000000002,181.75000000000017
2024-08-26,0.0,8.01,8.01,438.22999999999996,284.5300000000002,189.76000000000016
2024-08-27,-3.95,12.18,8.23,434.28,296.7100000000002,197.99000000000018
2024-08-28,0.05,-8.04,-7.989999999999999,434.3299999999999,288.6700000000002,190.00000000000017
2024-08-29,-4.97,-12.82,-17.79,429.35999999999996,275.8500000000002,172.21000000000015
2024-08-30,10.47,-9.55,0.9199999999999999,439.8299999999999,266.3000000000002,173.13000000000017
2024-08-31,0.0,0.0,0.0,439.8299999999999,266.3000000000002,173.13000000000017
2024-09-01,0.0,0.0,0.0,439.8299999999999,266.3000000000002,173.13000000000017
2024-09-02,-3.78,0.0,-3.78,436.04999999999995,266.3000000000002,169.3500000000002
2024-09-03,0.79,4.45,5.24,436.84,270.75000000000017,174.5900000000002
2024-09-04,7.6899999999999995,0.0,7.6899999999999995,444.53,270.75000000000017,182.2800000000002
2024-09-05,0.0,-5.5600000000000005,-5.5600000000000005,444.53,265.19000000000017,176.7200000000002
2024-09-06,-8.35,-13.89,-22.240000000000002,436.17999999999995,251.30000000000018,154.4800000000002
2024-09-07,0.0,0.0,0.0,436.17999999999995,251.30000000000018,154.4800000000002
2024-09-08,0.0,0.0,0.0,436.17999999999995,251.30000000000018,154.4800000000002
2024-09-09,-2.82,-4.17,-6.99,433.35999999999996,247.13000000000017,147.49000000000018
2024-09-10,0.0,6.51,6.51,433.35999999999996,253.64000000000016,154.00000000000017
2024-09-11,15.95,5.95,21.9,449.30999999999995,259.59000000000015,175.90000000000015
2024-09-12,-2.99,5.51,2.5199999999999996,446.32,265.10000000000014,178.42000000000013
2024-09-13,5.72,2.250000000000001,7.970000000000001,452.03999999999996,267.35000000000014,186.39000000000016
2024-09-14,0.0,0.0,0.0,452.03999999999996,267.35000000000014,186.39000000000016
2024-09-15,0.0,0.0,0.0,452.03999999999996,267.35000000000014,186.39000000000016
2024-09-16,-3.17,7.180000000000001,4.010000000000001,448.87,274.53000000000014,190.40000000000015
2024-09-17,0.0,0.0,0.0,448.87,274.53000000000014,190.40000000000015
2024-09-18,0.05,-11.58,-11.53,448.91999999999996,262.95000000000016,178.87000000000018
2024-09-19,0.0,0.0,0.0,448.91999999999996,262.95000000000016,178.87000000000018
2024-09-20,0.0,6.71,6.71,448.91999999999996,269.66000000000014,185.58000000000015
2024-09-21,0.0,0.0,0.0,448.91999999999996,269.66000000000014,185.58000000000015
2024-09-22,0.0,0.0,0.0,448.91999999999996,269.66000000000014,185.58000000000015
2024-09-23,0.05,16.770000000000003,16.820000000000004,448.96999999999997,286.4300000000002,202.40000000000015
2024-09-24,0.05,0.05,0.1,449.02,286.48000000000013,202.50000000000017
2024-09-25,0.0,8.47,8.47,449.02,294.95000000000016,210.9700000000002
2024-09-26,0.0,-4.3500000000000005,-4.3500000000000005,449.02,290.60000000000014,206.62000000000018
2024-09-27,5.72,-10.719999999999999,-4.999999999999999,454.73999999999995,279.88000000000017,201.62000000000018
2024-09-28,0.0,0.0,0.0,454.73999999999995,279.88000000000017,201.62000000000018
2024-09-29,0.0,0.0,0.0,454.73999999999995,279.88000000000017,201.62000000000018
2024-09-30,5.85,-6.06,-0.20999999999999996,460.59,273.82000000000016,201.4100000000002
2024-10-01,0.0,15.41,15.41,460.59,289.23000000000013,216.82000000000022
2024-10-02,-9.969999999999999,0.05,-9.919999999999998,450.61999999999995,289.2800000000002,206.9000000000002
2024-10-03,-6.29,0.05,-6.24,444.3299999999999,289.33000000000015,200.6600000000002
2024-10-04,-5.39,0.0,-5.39,438.93999999999994,289.33000000000015,195.2700000000002
2024-10-05,0.0,0.0,0.0,438.93999999999994,289.33000000000015,195.2700000000002
2024-10-06,0.0,0.0,0.0,438.93999999999994,289.33000000000015,195.2700000000002
2024-10-07,0.15000000000000002,-5.68,-5.529999999999999,439.09,283.6500000000002,189.74000000000024
2024-10-08,-7.86,10.88,3.0200000000000005,431.22999999999996,294.5300000000002,192.76000000000022
2024-10-09,-5.17,0.0,-5.17,426.05999999999995,294.5300000000002,187.5900000000002
2024-10-10,0.05,-3.73,-3.68,426.10999999999996,290.8000000000002,183.9100000000002
2024-10-11,0.05,0.1,0.15000000000000002,426.15999999999997,290.9000000000002,184.06000000000017
2024-10-12,0.0,0.0,0.0,426.15999999999997,290.9000000000002,184.06000000000017
2024-10-13,0.0,0.0,0.0,426.15999999999997,290.9000000000002,184.06000000000017
2024-10-14,0.0,-5.53,-5.53,426.15999999999997,285.3700000000002,178.5300000000002
2024-10-15,0.0,10.860000000000001,10.860000000000001,426.15999999999997,296.2300000000002,189.3900000000002
2024-10-16,-2.51,1.5299999999999994,-0.9800000000000004,423.65,297.7600000000002,188.4100000000002
2024-10-17,-7.140000000000001,-10.98,-18.12,416.50999999999993,286.7800000000002,170.2900000000002
2024-10-18,-3.42,15.27,11.85,413.0899999999999,302.0500000000002,182.1400000000002
2024-10-19,0.0,0.0,0.0,413.0899999999999,302.0500000000002,182.1400000000002
2024-10-20,0.0,0.0,0.0,413.0899999999999,302.0500000000002,182.1400000000002
2024-10-21,0.05,19.1,19.150000000000002,413.13999999999993,321.1500000000002,201.2900000000002
2024-10-22,0.0,0.1,0.1,413.13999999999993,321.2500000000002,201.3900000000002
2024-10-23,0.05,0.0,0.05,413.18999999999994,321.2500000000002,201.44000000000023
2024-10-24,4.4,-13.93,-9.53,417.5899999999999,307.32000000000016,191.91000000000025
2024-10-25,5.15,-4.49,0.6600000000000001,422.73999999999995,302.83000000000015,192.57000000000028
2024-10-26,0.0,0.0,0.0,422.73999999999995,302.83000000000015,192.57000000000028
2024-10-27,0.0,0.0,0.0,422.73999999999995,302.83000000000015,192.57000000000028
2024-10-28,-3.1100000000000003,-13.05,-16.16,419.62999999999994,289.7800000000002,176.41000000000025
2024-10-29,7.98,16.73,24.71,427.60999999999996,306.51000000000016,201.12000000000023
2024-10-30,0.8399999999999999,6.97,7.81,428.44999999999993,313.48000000000013,208.93000000000023
2024-10-31,0.0,0.05,0.05,428.44999999999993,313.5300000000002,208.98000000000025
2024-11-01,-3.41,0.05,-3.3600000000000003,425.03999999999996,313.58000000000015,205.62000000000023
2024-11-02,0.0,0.0,0.0,425.03999999999996,313.58000000000015,205.62000000000023
2024-11-03,0.0,0.0,0.0,425.03999999999996,313.58000000000015,205.62000000000023
2024-11-04,-4.1,-7.17,-11.27,420.93999999999994,306.4100000000002,194.35000000000025
2024-11-05,0.05,-0.7599999999999998,-0.7099999999999997,420.98999999999995,305.6500000000002,193.64000000000027
2024-11-06,-7.9,0.0,-7.9,413.09,305.6500000000002,185.7400000000003
2024-11-07,-4.37,1.3499999999999996,-3.0200000000000005,408.71999999999997,307.0000000000002,182.7200000000003
2024-11-08,0.0,-15.67,-15.67,408.71999999999997,291.3300000000002,167.0500000000003
2024-11-09,0.0,0.0,0.0,408.71999999999997,291.3300000000002,167.0500000000003
2024-11-10,0.0,0.0,0.0,408.71999999999997,291.3300000000002,167.0500000000003
2024-11-11,-3.64,8.709999999999999,5.0699999999999985,405.0799999999999,300.0400000000002,172.1200000000003
2024-11-12,0.0,0.0,0.0,405.0799999999999,300.0400000000002,172.1200000000003
2024-11-13,-12.09,0.0,-12.09,392.98999999999995,300.0400000000002,160.0300000000003
2024-11-14,0.0,24.229999999999997,24.229999999999997,392.98999999999995,324.2700000000002,184.26000000000033
2024-11-15,0.2400000000000002,-5.13,-4.89,393.22999999999996,319.1400000000002,179.37000000000035
2024-11-16,0.0,0.0,0.0,393.22999999999996,319.1400000000002,179.37000000000035
2024-11-17,0.0,0.0,0.0,393.22999999999996,319.1400000000002,179.37000000000035
2024-11-18,-3.93,10.120000000000001,6.190000000000001,389.29999999999995,329.2600000000002,185.56000000000034
2024-11-19,-2.81,8.52,5.709999999999999,386.48999999999995,337.7800000000002,191.27000000000032
2024-11-20,5.609999999999999,-4.17,1.4399999999999995,392.09999999999997,333.61000000000024,192.71000000000032
2024-11-21,-2.72,1.0599999999999996,-1.6600000000000006,389.38,334.67000000000024,191.0500000000003
2024-11-22,0.0,-0.9300000000000006,-0.9300000000000006,389.38,333.74000000000024,190.1200000000003
2024-11-23,0.0,0.0,0.0,389.38,333.74000000000024,190.1200000000003
2024-11-24,0.0,0.0,0.0,389.38,333.74000000000024,190.1200000000003
2024-11-25,10.2,-9.38,0.8199999999999985,399.5799999999999,324.36000000000024,190.94000000000028
2024-11-26,7.88,-7.97,-0.08999999999999986,407.4599999999999,316.3900000000002,190.8500000000003
2024-11-27,-3.53,0.1,-3.4299999999999997,403.92999999999995,316.49000000000024,187.4200000000003
2024-11-28,6.5,-5.85,0.6500000000000004,410.42999999999995,310.6400000000002,188.07000000000028
2024-11-29,0.0,-11.08,-11.08,410.42999999999995,299.56000000000023,176.9900000000003
2024-11-30,0.0,0.0,0.0,410.42999999999995,299.56000000000023,176.9900000000003
2024-12-01,0.0,0.0,0.0,410.42999999999995,299.56000000000023,176.9900000000003
2024-12-02,-4.17,0.0,-4.17,406.25999999999993,299.56000000000023,172.82000000000028
2024-12-03,0.05,-6.02,-5.97,406.30999999999995,293.5400000000002,166.85000000000025
2024-12-04,0.05,-4.39,-4.34,406.35999999999996,289.1500000000002,162.51000000000028
2024-12-05,-6.55,0.1,-6.45,399.80999999999995,289.2500000000002,156.0600000000003
2024-12-06,-3.6,0.35999999999999943,-3.2400000000000007,396.2099999999999,289.61000000000024,152.82000000000028
2024-12-07,0.0,0.0,0.0,396.2099999999999,289.61000000000024,152.82000000000028
2024-12-08,0.0,0.0,0.0,396.2099999999999,289.61000000000024,152.82000000000028
2024-12-09,-3.49,0.0,-3.49,392.7199999999999,289.61000000000024,149.33000000000027
2024-12-10,0.05,-5.630000000000001,-5.580000000000001,392.77,283.98000000000025,143.75000000000028
2024-12-11,10.49,1.0599999999999996,11.55,403.26,285.04000000000025,155.3000000000003
2024-12-12,10.89,-6.55,4.340000000000001,414.15,278.49000000000024,159.64000000000027
2024-12-13,6.95,3.750000000000001,10.700000000000001,421.09999999999997,282.24000000000024,170.34000000000026
2024-12-14,0.0,0.0,0.0,421.09999999999997,282.24000000000024,170.34000000000026
2024-12-15,0.0,0.0,0.0,421.09999999999997,282.24000000000024,170.34000000000026
2024-12-16,-2.66,-5.65,-8.31,418.43999999999994,276.59000000000026,162.03000000000026
2024-12-17,0.0,4.579999999999999,4.579999999999999,418.43999999999994,281.1700000000003,166.61000000000024
2024-12-18,-2.91,10.94,8.03,415.53,292.11000000000024,174.6400000000002
2024-12-19,0.05,0.0,0.05,415.58,292.11000000000024,174.69000000000023
2024-12-20,0.05,0.0,0.05,415.63,292.11000000000024,174.74000000000024
2024-12-21,0.0,0.0,0.0,415.63,292.11000000000024,174.74000000000024
2024-12-22,0.0,0.0,0.0,415.63,292.11000000000024,174.74000000000024
2024-12-23,0.05,0.1,0.15000000000000002,415.67999999999995,292.21000000000026,174.8900000000002
2024-12-24,-2.54,-4.77,-7.31,413.14,287.4400000000003,167.5800000000002
2024-12-25,0.0,0.0,0.0,413.14,287.4400000000003,167.5800000000002
2024-12-26,-3.86,7.55,3.69,409.28,294.99000000000024,171.2700000000002
2024-12-27,0.1,-13.72,-13.620000000000001,409.37999999999994,281.27000000000027,157.6500000000002
2024-12-28,0.0,0.0,0.0,409.37999999999994,281.27000000000027,157.6500000000002
2024-12-29,0.0,0.0,0.0,409.37999999999994,281.27000000000027,157.6500000000002
2024-12-30,0.05,17.6,17.650000000000002,409.42999999999995,298.87000000000023,175.30000000000018
2024-12-31,7.3,0.0,7.3,416.72999999999996,298.87000000000023,182.6000000000002
2025-01-01,0.0,0.0,0.0,416.72999999999996,298.87000000000023,182.6000000000002
2025-01-02,-2.1,18.64,16.54,414.62999999999994,317.5100000000003,199.1400000000002
2025-01-03,6.38,0.05,6.43,421.00999999999993,317.5600000000003,205.57000000000022
2025-01-04,0.0,0.0,0.0,421.00999999999993,317.5600000000003,205.57000000000022
2025-01-05,0.0,0.0,0.0,421.00999999999993,317.5600000000003,205.57000000000022
2025-01-06,-4.45,-9.81,-14.260000000000002,416.55999999999995,307.7500000000003,191.31000000000023
2025-01-07,-2.65,7.66,5.01,413.90999999999997,315.4100000000003,196.32000000000022
2025-01-08,0.0,0.1,0.1,413.90999999999997,315.5100000000003,196.42000000000024
2025-01-09,5.26,-0.07000000000000028,5.1899999999999995,419.16999999999996,315.4400000000003,201.61000000000024
2025-01-10,0.0,-6.010000000000001,-6.010000000000001,419.16999999999996,309.4300000000003,195.60000000000025
2025-01-11,0.0,0.0,0.0,419.16999999999996,309.4300000000003,195.60000000000025
2025-01-12,0.0,0.0,0.0,419.16999999999996,309.4300000000003,195.60000000000025
2025-01-13,8.63,-5.78,2.8500000000000005,427.79999999999995,303.6500000000003,198.45000000000027
2025-01-14,-5.49,3.2199999999999998,-2.2700000000000005,422.30999999999995,306.8700000000003,196.1800000000003
2025-01-15,6.74,7.08,13.82,429.04999999999995,313.9500000000003,210.00000000000028
2025-01-16,-6.01,9.39,3.380000000000001,423.03999999999996,323.3400000000003,213.38000000000028
2025-01-17,-2.72,0.0,-2.72,420.31999999999994,323.3400000000003,210.66000000000025
2025-01-18,0.0,0.0,0.0,420.31999999999994,323.3400000000003,210.66000000000025
2025-01-19,0.0,0.0,0.0,420.31999999999994,323.3400000000003,210.66000000000025
2025-01-20,0.0,0.05,0.05,420.31999999999994,323.3900000000003,210.71000000000026
2025-01-21,7.97,20.73,28.7,428.28999999999996,344.12000000000035,239.41000000000025
2025-01-22,0.05,7.51,7.56,428.3399999999999,351.63000000000034,246.97000000000025
2025-01-23,0.05,-12.26,-12.209999999999999,428.38999999999993,339.37000000000035,234.76000000000028
2025-01-24,-3.66,15.5,11.84,424.7299999999999,354.87000000000035,246.60000000000025
2025-01-25,0.0,0.0,0.0,424.7299999999999,354.87000000000035,246.60000000000025
2025-01-26,0.0,0.0,0.0,424.7299999999999,354.87000000000035,246.60000000000025
2025-01-27,0.05,14.42,14.47,424.7799999999999,369.2900000000003,261.0700000000003
2025-01-28,4.58,0.05,4.63,429.3599999999999,369.3400000000003,265.7000000000003
2025-01-29,4.97,-7.539999999999999,-2.5699999999999994,434.3299999999999,361.8000000000003,263.1300000000003
2025-01-30,-3.96,-1.3899999999999997,-5.35,430.36999999999995,360.4100000000003,257.78000000000026
2025-01-31,-6.35,1.6400000000000006,-4.709999999999999,424.0199999999999,362.05000000000035,253.07000000000028
2025-02-01,0.0,0.0,0.0,424.0199999999999,362.05000000000035,253.07000000000028
2025-02-02,0.0,0.0,0.0,424.0199999999999,362.05000000000035,253.07000000000028
2025-02-03,7.56,0.0,7.56,431.5799999999999,362.05000000000035,260.6300000000003
2025-02-04,2.6899999999999995,-6.44,-3.750000000000001,434.2699999999999,355.61000000000035,256.8800000000003
2025-02-05,0.05,7.339999999999998,7.389999999999998,434.31999999999994,362.9500000000004,264.27000000000027
2025-02-06,0.05,-6.91,-6.86,434.36999999999995,356.04000000000036,257.41000000000025
2025-02-07,-9.59,-5.11,-14.7,424.7799999999999,350.93000000000035,242.71000000000026
2025-02-08,0.0,0.0,0.0,424.7799999999999,350.93000000000035,242.71000000000026
2025-02-09,0.0,0.0,0.0,424.7799999999999,350.93000000000035,242.71000000000026
2025-02-10,5.85,11.860000000000001,17.71,430.62999999999994,362.79000000000036,260.42000000000024
2025-02-11,11.72,0.0,11.72,442.3499999999999,362.79000000000036,272.14000000000027
2025-02-12,-3.73,23.91,20.18,438.6199999999999,386.7000000000004,292.3200000000003
2025-02-13,0.0,10.030000000000001,10.030000000000001,438.6199999999999,396.73000000000036,302.35000000000025
2025-02-14,-6.69,-6.14,-12.83,431.92999999999995,390.5900000000004,289.52000000000027
2025-02-15,0.0,0.0,0.0,431.92999999999995,390.5900000000004,289.52000000000027
2025-02-16,0.0,0.0,0.0,431.92999999999995,390.5900000000004,289.52000000000027
2025-02-17,-4.56,-10.27,-14.829999999999998,427.3699999999999,380.3200000000004,274.6900000000003
2025-02-18,-2.87,4.5200000000000005,1.6500000000000004,424.4999999999999,384.8400000000004,276.34000000000026
2025-02-19,5.4,1.21,6.61,429.8999999999999,386.0500000000004,282.9500000000003
2025-02-20,-6.55,9.05,2.500000000000001,423.3499999999999,395.10000000000036,285.4500000000003
2025-02-21,-4.32,-5.68,-10.0,419.0299999999999,389.4200000000004,275.4500000000003
2025-02-22,0.0,0.0,0.0,419.0299999999999,389.4200000000004,275.4500000000003
2025-02-23,0.0,0.0,0.0,419.0299999999999,389.4200000000004,275.4500000000003
2025-02-24,-3.53,-14.5,-18.03,415.4999999999999,374.9200000000004,257.4200000000003
2025-02-25,-4.66,-13.030000000000001,-17.69,410.8399999999999,361.8900000000004,239.7300000000003
2025-02-26,7.26,12.15,19.41,418.0999999999999,374.0400000000004,259.1400000000003
2025-02-27,-8.96,0.05,-8.91,409.13999999999993,374.0900000000004,250.2300000000003
2025-02-28,0.05,0.7400000000000002,0.7900000000000003,409.18999999999994,374.8300000000004,251.02000000000032
2025-03-01,0.0,0.0,0.0,409.18999999999994,374.8300000000004,251.02000000000032
2025-03-02,0.0,0.0,0.0,409.18999999999994,374.8300000000004,251.02000000000032
2025-03-03,-3.09,12.690000000000001,9.600000000000001,406.0999999999999,387.52000000000044,260.62000000000035
2025-03-04,-2.96,2.0300000000000002,-0.9299999999999997,403.13999999999993,389.5500000000004,259.69000000000034
2025-03-05,-10.5,-14.08,-24.58,392.63999999999993,375.47000000000037,235.11000000000035
2025-03-06,0.0,-10.12,-10.12,392.63999999999993,365.35000000000036,224.99000000000035
2025-03-07,5.59,-25.6,-20.01,398.2299999999999,339.7500000000004,204.98000000000036
2025-03-08,0.0,0.0,0.0,398.2299999999999,339.7500000000004,204.98000000000036
2025-03-09,0.0,0.0,0.0,398.2299999999999,339.7500000000004,204.98000000000036
2025-03-10,0.0,1.9399999999999995,1.9399999999999995,398.2299999999999,341.6900000000004,206.92000000000036
2025-03-11,6.37,3.09,9.46,404.5999999999999,344.7800000000004,216.38000000000034
2025-03-12,3.6099999999999994,-13.440000000000001,-9.830000000000002,408.2099999999999,331.3400000000004,206.55000000000035
2025-03-13,-6.859999999999999,1.5199999999999996,-5.34,401.3499999999999,332.8600000000004,201.21000000000038
2025-03-14,-7.1,-8.790000000000001,-15.89,394.24999999999994,324.0700000000004,185.3200000000004
2025-03-15,0.0,0.0,0.0,394.24999999999994,324.0700000000004,185.3200000000004
2025-03-16,0.0,0.0,0.0,394.24999999999994,324.0700000000004,185.3200000000004
2025-03-17,4.95,0.27999999999999936,5.2299999999999995,399.19999999999993,324.3500000000004,190.5500000000004
2025-03-18,0.0,19.85,19.85,399.19999999999993,344.2000000000004,210.40000000000043
2025-03-19,0.0,7.659999999999998,7.659999999999998,399.19999999999993,351.8600000000004,218.06000000000046
2025-03-20,0.0,-6.66,-6.66,399.19999999999993,345.2000000000004,211.40000000000043
2025-03-21,11.25,7.220000000000001,18.47,410.44999999999993,352.4200000000004,229.87000000000046
2025-03-22,0.0,0.0,0.0,410.44999999999993,352.4200000000004,229.87000000000046
2025-03-23,0.0,0.0,0.0,410.44999999999993,352.4200000000004,229.87000000000046
2025-03-24,0.1,10.020000000000001,10.120000000000001,410.54999999999995,362.4400000000004,239.99000000000046
2025-03-25,0.05,1.1599999999999984,1.2099999999999984,410.5999999999999,363.6000000000004,241.20000000000044
2025-03-26,-5.11,-9.57,-14.68,405.4899999999999,354.0300000000004,226.52000000000044
2025-03-27,5.97,9.4,15.370000000000001,411.4599999999999,363.4300000000004,241.89000000000044
2025-03-28,0.05,5.470000000000001,5.5200000000000005,411.50999999999993,368.90000000000043,247.41000000000042
2025-03-29,0.0,0.0,0.0,411.50999999999993,368.90000000000043,247.41000000000042
2025-03-30,0.0,0.0,0.0,411.50999999999993,368.90000000000043,247.41000000000042
2025-03-31,0.0,0.05,0.05,411.50999999999993,368.95000000000044,247.46000000000043
2025-04-01,0.0,9.15,9.15,411.50999999999993,378.1000000000005,256.6100000000004
2025-04-02,0.0,-17.9,-17.9,411.50999999999993,360.20000000000044,238.71000000000043
2025-04-03,-8.13,0.0,-8.13,403.3799999999999,360.20000000000044,230.58000000000044
2025-04-04,0.05,0.0,0.05,403.42999999999995,360.20000000000044,230.63000000000045
2025-04-05,0.0,0.0,0.0,403.42999999999995,360.20000000000044,230.63000000000045
2025-04-06,0.0,0.0,0.0,403.42999999999995,360.20000000000044,230.63000000000045
2025-04-07,0.0,0.0,0.0,403.42999999999995,360.20000000000044,230.63000000000045
2025-04-08,10.47,0.0,10.47,413.8999999999999,360.20000000000044,241.10000000000048
2025-04-09,15.8,0.0,15.8,429.69999999999993,360.20000000000044,256.9000000000005
2025-04-10,-8.29,0.0,-8.29,421.4099999999999,360.20000000000044,248.61000000000047
2025-04-11,0.05,0.0,0.05,421.4599999999999,360.20000000000044,248.66000000000048
2025-04-12,0.0,0.0,0.0,421.4599999999999,360.20000000000044,248.66000000000048
2025-04-13,0.0,0.0,0.0,421.4599999999999,360.20000000000044,248.66000000000048
2025-04-14,-7.6,0.0,-7.6,413.8599999999999,360.20000000000044,241.06000000000046
2025-04-15,0.0,11.290000000000001,11.290000000000001,413.8599999999999,371.49000000000046,252.35000000000048
2025-04-16,-10.48,0.0,-10.48,403.3799999999999,371.49000000000046,241.87000000000046
2025-04-17,0.05,-11.0,-10.95,403.42999999999995,360.49000000000046,230.92000000000047
2025-04-18,0.0,0.0,0.0,403.42999999999995,360.49000000000046,230.92000000000047
2025-04-19,0.0,0.0,0.0,403.42999999999995,360.49000000000046,230.92000000000047
2025-04-20,0.0,0.0,0.0,403.42999999999995,360.49000000000046,230.92000000000047
2025-04-21,0.0,14.99,14.99,403.42999999999995,375.4800000000005,245.91000000000048
2025-04-22,0.0,0.0,0.0,403.42999999999995,375.4800000000005,245.91000000000048
2025-04-23,0.0,0.0,0.0,403.42999999999995,375.4800000000005,245.91000000000048
2025-04-24,0.0,0.0,0.0,403.42999999999995,375.4800000000005,245.91000000000048
2025-04-25,13.6,0.0,13.6,417.0299999999999,375.4800000000005,259.5100000000005
2025-04-26,0.0,0.0,0.0,417.0299999999999,375.4800000000005,259.5100000000005
2025-04-27,0.0,0.0,0.0,417.0299999999999,375.4800000000005,259.5100000000005
2025-04-28,0.0,0.0,0.0,417.0299999999999,375.4800000000005,259.5100000000005
2025-04-29,-6.93,0.0,-6.93,410.0999999999999,375.4800000000005,252.5800000000005
2025-04-30,9.71,4.98,14.690000000000001,419.80999999999995,380.46000000000043,267.2700000000005
2025-05-01,0.05,0.0,0.05,419.8599999999999,380.46000000000043,267.3200000000005
2025-05-02,0.0,0.05,0.05,419.8599999999999,380.51000000000045,267.3700000000005
2025-05-03,0.0,0.0,0.0,419.8599999999999,380.51000000000045,267.3700000000005
2025-05-04,0.0,0.0,0.0,419.8599999999999,380.51000000000045,267.3700000000005
2025-05-05,10.6,15.38,25.98,430.4599999999999,395.89000000000044,293.3500000000005
2025-05-06,0.05,15.18,15.23,430.5099999999999,411.07000000000045,308.5800000000005
2025-05-07,0.0,0.0,0.0,430.5099999999999,411.07000000000045,308.5800000000005
2025-05-08,17.27,0.0,17.27,447.7799999999999,411.07000000000045,325.8500000000005
2025-05-09,-6.52,0.0,-6.52,441.2599999999999,411.07000000000045,319.3300000000005
2025-05-10,0.0,0.0,0.0,441.2599999999999,411.07000000000045,319.3300000000005
2025-05-11,0.0,0.0,0.0,441.2599999999999,411.07000000000045,319.3300000000005
2025-05-12,17.84,0.0,17.84,459.0999999999999,411.07000000000045,337.1700000000005
2025-05-13,0.0,0.0,0.0,459.0999999999999,411.07000000000045,337.1700000000005
2025-05-14,10.89,17.89,28.78,469.9899999999999,428.96000000000043,365.9500000000005
2025-05-15,15.39,0.0,15.39,485.3799999999999,428.96000000000043,381.3400000000005
2025-05-16,0.05,-11.49,-11.44,485.4299999999999,417.4700000000005,369.9000000000005
2025-05-17,0.0,0.0,0.0,485.4299999999999,417.4700000000005,369.9000000000005
2025-05-18,0.0,0.0,0.0,485.4299999999999,417.4700000000005,369.9000000000005
2025-05-19,0.0,0.0,0.0,485.4299999999999,417.4700000000005,369.9000000000005
2025-05-20,0.05,-9.99,-9.94,485.4799999999999,407.4800000000005,359.9600000000005
2025-05-21,0.05,15.06,15.110000000000001,485.5299999999999,422.5400000000005,375.0700000000005
2025-05-22,11.87,9.530000000000001,21.4,497.3999999999999,432.07000000000045,396.4700000000005
2025-05-23,9.6,21.85,31.450000000000003,506.9999999999999,453.92000000000047,427.9200000000005
2025-05-24,0.0,0.0,0.0,506.9999999999999,453.92000000000047,427.9200000000005
2025-05-25,0.0,0.0,0.0,506.9999999999999,453.92000000000047,427.9200000000005
2025-05-26,9.57,0.0,9.57,516.5699999999999,453.92000000000047,437.4900000000005
2025-05-27,7.74,-18.96,-11.22,524.31,434.9600000000005,426.27000000000055
2025-05-28,0.05,-3.669999999999998,-3.6199999999999983,524.3599999999999,431.2900000000005,422.65000000000055
2025-05-29,9.95,16.55,26.5,534.31,447.8400000000005,449.15000000000055
2025-05-30,15.73,0.05,15.780000000000001,550.0399999999998,447.89000000000044,464.9300000000005
2025-05-31,0.0,0.0,0.0,550.0399999999998,447.89000000000044,464.9300000000005
2025-06-01,0.0,0.0,0.0,550.0399999999998,447.89000000000044,464.9300000000005
2025-06-02,7.49,31.5,38.99,557.5299999999999,479.39000000000044,503.9200000000005
2025-06-03,0.05,0.0,0.05,557.5799999999999,479.39000000000044,503.97000000000054
2025-06-04,-5.55,-16.189999999999998,-21.74,552.0299999999999,463.20000000000044,482.23000000000053
2025-06-05,0.05,0.05,0.1,552.0799999999999,463.25000000000045,482.3300000000005
2025-06-06,12.08,-9.63,2.4499999999999993,564.1599999999999,453.62000000000046,484.78000000000054
2025-06-07,0.0,0.0,0.0,564.1599999999999,453.62000000000046,484.78000000000054
2025-06-08,0.0,0.0,0.0,564.1599999999999,453.62000000000046,484.78000000000054
2025-06-09,0.05,14.81,14.860000000000001,564.2099999999999,468.43000000000046,499.64000000000055
2025-06-10,0.05,10.25,10.3,564.2599999999999,478.68000000000046,509.9400000000005
2025-06-11,-8.66,-29.310000000000002,-37.97,555.5999999999999,449.37000000000046,471.97000000000054
2025-06-12,12.48,-8.43,4.050000000000001,568.0799999999999,440.94000000000045,476.02000000000055
2025-06-13,0.0,11.600000000000001,11.600000000000001,568.0799999999999,452.5400000000004,487.6200000000005
2025-06-14,0.0,0.0,0.0,568.0799999999999,452.5400000000004,487.6200000000005
2025-06-15,0.0,0.0,0.0,568.0799999999999,452.5400000000004,487.6200000000005
2025-06-16,11.82,-23.15,-11.329999999999998,579.8999999999999,429.39000000000044,476.29000000000053
2025-06-17,-9.71,0.05,-9.66,570.1899999999999,429.44000000000045,466.6300000000005
2025-06-18,0.0,-17.009999999999998,-17.009999999999998,570.1899999999999,412.4300000000004,449.6200000000005
2025-06-19,0.05,5.120000000000001,5.170000000000001,570.2399999999999,417.5500000000004,454.79000000000053
2025-06-20,-6.87,15.27,8.399999999999999,563.3699999999999,432.82000000000045,463.1900000000005
2025-06-21,0.0,0.0,0.0,563.3699999999999,432.82000000000045,463.1900000000005
2025-06-22,0.0,0.0,0.0,563.3699999999999,432.82000000000045,463.1900000000005
2025-06-23,0.05,-9.76,-9.709999999999999,563.4199999999998,423.0600000000004,453.48000000000053
2025-06-24,0.05,33.989999999999995,34.03999999999999,563.4699999999999,457.0500000000004,487.5200000000005
2025-06-25,-4.37,11.0,6.63,559.0999999999999,468.0500000000004,494.1500000000005
2025-06-26,19.79,8.240000000000002,28.03,578.8899999999999,476.2900000000004,522.1800000000005
2025-06-27,0.0,15.8,15.8,578.8899999999999,492.09000000000043,537.9800000000005
2025-06-28,0.0,0.0,0.0,578.8899999999999,492.09000000000043,537.9800000000005
2025-06-29,0.0,0.0,0.0,578.8899999999999,492.09000000000043,537.9800000000005
2025-06-30,12.42,20.65,33.07,591.31,512.7400000000005,571.0500000000005
2025-07-01,0.0,-9.28,-9.28,591.31,503.46000000000043,561.7700000000006
2025-07-02,-8.21,14.06,5.85,583.0999999999999,517.5200000000004,567.6200000000005
2025-07-03,0.0,0.05,0.05,583.0999999999999,517.5700000000004,567.6700000000005
2025-07-04,0.0,-5.36,-5.36,583.0999999999999,512.2100000000004,562.3100000000005
2025-07-05,0.0,0.0,0.0,583.0999999999999,512.2100000000004,562.3100000000005
2025-07-06,0.0,0.0,0.0,583.0999999999999,512.2100000000004,562.3100000000005
2025-07-07,-5.16,-14.84,-20.0,577.9399999999999,497.37000000000046,542.3100000000005
2025-07-08,7.89,0.0,7.89,585.8299999999999,497.37000000000046,550.2000000000005
2025-07-09,-5.37,-8.030000000000001,-13.400000000000002,580.4599999999999,489.34000000000043,536.8000000000005
2025-07-10,-10.58,-10.430000000000001,-21.01,569.8799999999999,478.9100000000004,515.7900000000005
2025-07-11,0.05,12.43,12.48,569.93,491.34000000000043,528.2700000000006
2025-07-12,0.0,0.0,0.0,569.93,491.34000000000043,528.2700000000006
2025-07-13,0.0,0.0,0.0,569.93,491.34000000000043,528.2700000000006
2025-07-14,-11.05,-8.95,-20.0,558.8799999999999,482.39000000000044,508.2700000000005
2025-07-15,-7.07,0.05,-7.0200000000000005,551.81,482.4400000000004,501.2500000000005
2025-07-16,-6.56,2.9000000000000004,-3.6599999999999993,545.2499999999999,485.34000000000043,497.5900000000005
2025-07-17,0.0,-19.2,-19.2,545.2499999999999,466.14000000000044,478.3900000000005
2025-07-18,0.0,-12.71,-12.71,545.2499999999999,453.4300000000004,465.6800000000005
2025-07-19,0.0,0.0,0.0,545.2499999999999,453.4300000000004,465.6800000000005
2025-07-20,0.0,0.0,0.0,545.2499999999999,453.4300000000004,465.6800000000005
2025-07-21,9.22,-5.6,3.620000000000001,554.4699999999999,447.83000000000044,469.3000000000005
2025-07-22,4.65,0.0,4.65,559.1199999999999,447.83000000000044,473.9500000000005
2025-07-23,-3.51,-12.86,-16.369999999999997,555.6099999999999,434.9700000000004,457.5800000000005
2025-07-24,0.0,10.5,10.5,555.6099999999999,445.4700000000004,468.0800000000005
2025-07-25,0.0,12.85,12.85,555.6099999999999,458.32000000000045,480.9300000000005
2025-07-26,0.0,0.0,0.0,555.6099999999999,458.32000000000045,480.9300000000005
2025-07-27,0.0,0.0,0.0,555.6099999999999,458.32000000000045,480.9300000000005
2025-07-28,9.25,-6.579999999999999,2.670000000000001,564.8599999999999,451.74000000000046,483.60000000000053
2025-07-29,-3.78,-5.99,-9.77,561.0799999999999,445.75000000000045,473.8300000000005
2025-07-30,6.08,-13.69,-7.609999999999999,567.1599999999999,432.06000000000046,466.22000000000054
2025-07-31,0.0,0.05,0.05,567.1599999999999,432.11000000000047,466.27000000000055
2025-08-01,7.38,18.310000000000002,25.69,574.5399999999998,450.4200000000004,491.9600000000005
2025-08-02,0.0,0.0,0.0,574.5399999999998,450.4200000000004,491.9600000000005
2025-08-03,0.0,0.0,0.0,574.5399999999998,450.4200000000004,491.9600000000005
2025-08-04,0.05,15.850000000000001,15.900000000000002,574.5899999999999,466.27000000000044,507.8600000000005
2025-08-05,0.0,-7.25,-7.25,574.5899999999999,459.02000000000044,500.6100000000005
2025-08-06,0.0,-4.77,-4.77,574.5899999999999,454.25000000000045,495.84000000000054
2025-08-07,7.43,10.24,17.67,582.0199999999999,464.49000000000046,513.5100000000006
2025-08-08,-5.44,-20.759999999999998,-26.2,576.5799999999999,443.7300000000005,487.3100000000005
2025-08-09,0.0,0.0,0.0,576.5799999999999,443.7300000000005,487.3100000000005
2025-08-10,0.0,0.0,0.0,576.5799999999999,443.7300000000005,487.3100000000005
2025-08-11,0.05,5.4700000000000015,5.520000000000001,576.6299999999999,449.20000000000044,492.83000000000055
2025-08-12,-10.78,0.1,-10.68,565.8499999999999,449.3000000000004,482.15000000000055
2025-08-13,6.51,0.0,6.51,572.3599999999999,449.3000000000004,488.66000000000054
2025-08-14,9.1,-6.55,2.55,581.4599999999999,442.75000000000045,491.21000000000055
2025-08-15,0.0,0.15000000000000002,0.15000000000000002,581.4599999999999,442.90000000000043,491.3600000000005
2025-08-16,0.0,0.0,0.0,581.4599999999999,442.90000000000043,491.3600000000005
2025-08-17,0.0,0.0,0.0,581.4599999999999,442.90000000000043,491.3600000000005
2025-08-18,0.0,-6.96,-6.96,581.4599999999999,435.94000000000045,484.40000000000055
2025-08-19,2.2299999999999995,-10.14,-7.910000000000001,583.6899999999999,425.80000000000047,476.4900000000005
2025-08-20,9.84,-4.85,4.99,593.5299999999999,420.95000000000044,481.48000000000053
2025-08-21,5.53,0.05,5.58,599.06,421.00000000000045,487.0600000000005
2025-08-22,7.830000000000001,-9.530000000000001,-1.7000000000000002,606.8899999999999,411.4700000000005,485.3600000000005
2025-08-23,0.0,0.0,0.0,606.8899999999999,411.4700000000005,485.3600000000005
2025-08-24,0.0,0.0,0.0,606.8899999999999,411.4700000000005,485.3600000000005
2025-08-25,-5.44,3.1899999999999995,-2.250000000000001,601.4499999999999,414.6600000000004,483.1100000000005
2025-08-26,0.0,11.51,11.51,601.4499999999999,426.17000000000047,494.6200000000005
2025-08-27,0.0,9.8,9.8,601.4499999999999,435.9700000000005,504.4200000000005
2025-08-28,-3.51,3.16,-0.34999999999999964,597.9399999999998,439.13000000000045,504.0700000000005
2025-08-29,0.0,0.05,0.05,597.9399999999998,439.18000000000046,504.1200000000005
2025-08-30,0.0,0.0,0.0,597.9399999999998,439.18000000000046,504.1200000000005
2025-08-31,0.0,0.0,0.0,597.9399999999998,439.18000000000046,504.1200000000005
2025-09-01,-6.07,13.670000000000002,7.600000000000001,591.8699999999999,452.8500000000005,511.72000000000054
2025-09-02,11.690000000000001,9.41,21.1,603.56,462.26000000000045,532.8200000000005
2025-09-03,-5.04,18.39,13.350000000000001,598.5199999999999,480.65000000000043,546.1700000000005
2025-09-04,0.0,0.05,0.05,598.5199999999999,480.70000000000044,546.2200000000005
2025-09-05,0.05,-11.61,-11.559999999999999,598.5699999999999,469.09000000000043,534.6600000000005
2025-09-06,0.0,0.0,0.0,598.5699999999999,469.09000000000043,534.6600000000005
2025-09-07,0.0,0.0,0.0,598.5699999999999,469.09000000000043,534.6600000000005
2025-09-08,0.0,-10.07,-10.07,598.5699999999999,459.02000000000044,524.5900000000005
2025-09-09,0.05,-9.17,-9.12,598.6199999999999,449.8500000000004,515.4700000000005
2025-09-10,0.0,-9.07,-9.07,598.6199999999999,440.7800000000004,506.40000000000055
2025-09-11,14.91,-6.47,8.440000000000001,613.5299999999999,434.3100000000004,514.8400000000005
2025-09-12,0.0,10.71,10.71,613.5299999999999,445.02000000000044,525.5500000000005
2025-09-13,0.0,0.0,0.0,613.5299999999999,445.02000000000044,525.5500000000005
2025-09-14,0.0,0.0,0.0,613.5299999999999,445.02000000000044,525.5500000000005
2025-09-15,9.01,13.280000000000001,22.29,622.5399999999998,458.3000000000004,547.8400000000005
2025-09-16,0.05,9.0,9.05,622.5899999999999,467.3000000000004,556.8900000000006
2025-09-17,0.05,0.0,0.05,622.6399999999999,467.3000000000004,556.9400000000005
2025-09-18,-9.43,0.22000000000000064,-9.209999999999999,613.2099999999998,467.52000000000044,547.7300000000005
2025-09-19,-6.2,-8.36,-14.559999999999999,607.0099999999999,459.1600000000004,533.1700000000005
2025-09-20,0.0,0.0,0.0,607.0099999999999,459.1600000000004,533.1700000000005
2025-09-21,0.0,0.0,0.0,607.0099999999999,459.1600000000004,533.1700000000005
2025-09-22,0.0,26.020000000000003,26.020000000000003,607.0099999999999,485.18000000000046,559.1900000000005
2025-09-23,8.5,12.709999999999999,21.21,615.5099999999999,497.89000000000044,580.4000000000005
2025-09-24,15.28,0.0,15.28,630.7899999999998,497.89000000000044,595.6800000000005
2025-09-25,-1.0699999999999985,-10.629999999999999,-11.699999999999998,629.7199999999999,487.26000000000045,583.9800000000006
2025-09-26,9.48,29.26,38.74,639.1999999999998,516.5200000000004,622.7200000000005
2025-09-27,0.0,0.0,0.0,639.1999999999998,516.5200000000004,622.7200000000005
2025-09-28,0.0,0.0,0.0,639.1999999999998,516.5200000000004,622.7200000000005
2025-09-29,0.05,19.38,19.43,639.2499999999999,535.9000000000004,642.1500000000005
2025-09-30,0.0,11.770000000000001,11.770000000000001,639.2499999999999,547.6700000000004,653.9200000000005
2025-10-01,7.209999999999999,-9.89,-2.6800000000000015,646.4599999999998,537.7800000000004,651.2400000000006
2025-10-02,0.1,15.08,15.18,646.5599999999998,552.8600000000005,666.4200000000005
2025-10-03,-5.17,13.46,8.290000000000001,641.3899999999999,566.3200000000004,674.7100000000005
2025-10-04,0.0,0.0,0.0,641.3899999999999,566.3200000000004,674.7100000000005
2025-10-05,0.0,0.0,0.0,641.3899999999999,566.3200000000004,674.7100000000005
2025-10-06,17.9,42.29,60.19,659.2899999999998,608.6100000000005,734.9000000000005
2025-10-07,0.1,-11.479999999999999,-11.379999999999999,659.3899999999999,597.1300000000005,723.5200000000006
2025-10-08,0.0,34.459999999999994,34.459999999999994,659.3899999999999,631.5900000000004,757.9800000000005
2025-10-09,-5.22,-11.07,-16.29,654.1699999999998,620.5200000000004,741.6900000000005
2025-10-10,-9.54,-17.17,-26.71,644.6299999999999,603.3500000000005,714.9800000000005
2025-10-11,0.0,0.0,0.0,644.6299999999999,603.3500000000005,714.9800000000005
2025-10-12,0.0,0.0,0.0,644.6299999999999,603.3500000000005,714.9800000000005
2025-10-13,12.34,0.1,12.44,656.9699999999998,603.4500000000004,727.4200000000005
2025-10-14,0.0,0.0,0.0,656.9699999999998,603.4500000000004,727.4200000000005
2025-10-15,0.0,26.64,26.64,656.9699999999998,630.0900000000004,754.0600000000005
2025-10-16,0.05,24.39,24.44,657.0199999999999,654.4800000000005,778.5000000000005
2025-10-17,0.0,0.0,0.0,657.0199999999999,654.4800000000005,778.5000000000005
2025-10-18,0.0,0.0,0.0,657.0199999999999,654.4800000000005,778.5000000000005
2025-10-19,0.0,0.0,0.0,657.0199999999999,654.4800000000005,778.5000000000005
2025-10-20,16.42,0.0,16.42,673.4399999999998,654.4800000000005,794.9200000000005
2025-10-21,14.35,0.0,14.35,687.7899999999998,654.4800000000005,809.2700000000006
2025-10-22,-17.36,0.0,-17.36,670.4299999999998,654.4800000000005,791.9100000000005
2025-10-23,0.05,0.0,0.05,670.4799999999998,654.4800000000005,791.9600000000005
2025-10-24,-9.32,0.0,-9.32,661.1599999999999,654.4800000000005,782.6400000000006
2025-10-25,0.0,0.0,0.0,661.1599999999999,654.4800000000005,782.6400000000006
2025-10-26,0.0,0.0,0.0,661.1599999999999,654.4800000000005,782.6400000000006
2025-10-27,0.05,26.71,26.76,661.2099999999998,681.1900000000004,809.4000000000005
2025-10-28,18.89,-19.57,-0.6799999999999997,680.0999999999999,661.6200000000005,808.7200000000005
2025-10-29,17.56,-18.96,-1.4000000000000021,697.6599999999999,642.6600000000004,807.3200000000006
2025-10-30,21.0,0.0,21.0,718.6599999999999,642.6600000000004,828.3200000000006
2025-10-31,0.0,-16.0,-16.0,718.6599999999999,626.6600000000004,812.3200000000006
2025-11-01,0.0,0.0,0.0,718.6599999999999,626.6600000000004,812.3200000000006
2025-11-02,0.0,0.0,0.0,718.6599999999999,626.6600000000004,812.3200000000006
2025-11-03,-11.03,-16.09,-27.119999999999997,707.6299999999999,610.5700000000004,785.2000000000005
2025-11-04,0.05,5.699999999999999,5.749999999999999,707.6799999999998,616.2700000000004,790.9500000000005
2025-11-05,0.0,-16.01,-16.01,707.6799999999998,600.2600000000004,774.9400000000005
2025-11-06,-5.41,-22.57,-27.98,702.2699999999999,577.6900000000004,746.9600000000006
2025-11-07,0.05,-11.819999999999999,-11.769999999999998,702.3199999999999,565.8700000000005,735.1900000000005
2025-11-08,0.0,0.0,0.0,702.3199999999999,565.8700000000005,735.1900000000005
2025-11-09,0.0,0.0,0.0,702.3199999999999,565.8700000000005,735.1900000000005
2025-11-10,0.0,43.129999999999995,43.129999999999995,702.3199999999999,609.0000000000005,778.3200000000006
2025-11-11,0.05,-12.08,-12.03,702.3699999999999,596.9200000000004,766.2900000000005
2025-11-12,21.08,0.05,21.13,723.4499999999998,596.9700000000004,787.4200000000005
2025-11-13,13.03,-15.95,-2.92,736.4799999999999,581.0200000000004,784.5000000000006
2025-11-14,0.05,0.0,0.05,736.5299999999999,581.0200000000004,784.5500000000006
2025-11-15,0.0,0.0,0.0,736.5299999999999,581.0200000000004,784.5500000000006
2025-11-16,0.0,0.0,0.0,736.5299999999999,581.0200000000004,784.5500000000006
2025-11-17,20.22,0.0,20.22,756.7499999999999,581.0200000000004,804.7700000000006
2025-11-18,0.05,0.0,0.05,756.8,581.0200000000004,804.8200000000006
2025-11-19,14.5,8.940000000000001,23.44,771.3,589.9600000000004,828.2600000000006
2025-11-20,-12.76,0.0,-12.76,758.54,589.9600000000004,815.5000000000006
2025-11-21,0.0,0.0,0.0,758.54,589.9600000000004,815.5000000000006
2025-11-22,0.0,0.0,0.0,758.54,589.9600000000004,815.5000000000006
2025-11-23,0.0,0.0,0.0,758.54,589.9600000000004,815.5000000000006
2025-11-24,-6.87,20.78,13.91,751.6699999999998,610.7400000000005,829.4100000000005
2025-11-25,15.66,0.1,15.76,767.3299999999999,610.8400000000004,845.1700000000005
2025-11-26,-6.77,-27.38,-34.15,760.56,583.4600000000004,811.0200000000007
2025-11-27,0.0,-10.03,-10.03,760.56,573.4300000000004,800.9900000000007
2025-11-28,-6.8100000000000005,39.8,32.989999999999995,753.7499999999999,613.2300000000004,833.9800000000007
2025-11-29,0.0,0.0,0.0,753.7499999999999,613.2300000000004,833.9800000000007
2025-11-30,0.0,0.0,0.0,753.7499999999999,613.2300000000004,833.9800000000007
2025-12-01,-8.55,0.05,-8.5,745.1999999999998,613.2800000000004,825.4800000000007
2025-12-02,0.05,0.05,0.1,745.2499999999999,613.3300000000004,825.5800000000006
2025-12-03,-15.29,-26.28,-41.57,729.9599999999999,587.0500000000004,784.0100000000007
2025-12-04,0.0,6.170000000000002,6.170000000000002,729.9599999999999,593.2200000000004,790.1800000000007
2025-12-05,10.76,28.17,38.93,740.7199999999999,621.3900000000004,829.1100000000007
2025-12-06,0.0,0.0,0.0,740.7199999999999,621.3900000000004,829.1100000000007
2025-12-07,0.0,0.0,0.0,740.7199999999999,621.3900000000004,829.1100000000007
2025-12-08,0.05,5.309999999999999,5.3599999999999985,740.7699999999999,626.7000000000004,834.4700000000007
2025-12-09,0.0,-12.269999999999998,-12.269999999999998,740.7699999999999,614.4300000000004,822.2000000000007
2025-12-10,0.0,-16.62,-16.62,740.7699999999999,597.8100000000004,805.5800000000007
2025-12-11,20.87,19.29,40.16,761.6399999999999,617.1000000000004,845.7400000000007
2025-12-12,8.66,19.63,28.29,770.3,636.7300000000004,874.0300000000007
2025-12-13,0.0,0.0,0.0,770.3,636.7300000000004,874.0300000000007
2025-12-14,0.0,0.0,0.0,770.3,636.7300000000004,874.0300000000007
2025-12-15,0.0,0.05,0.05,770.3,636.7800000000004,874.0800000000007
2025-12-16,17.21,0.05,17.26,787.5099999999999,636.8300000000004,891.3400000000007
2025-12-17,-9.06,33.43,24.369999999999997,778.4499999999999,670.2600000000004,915.7100000000007
2025-12-18,-8.719999999999999,0.0,-8.719999999999999,769.7299999999999,670.2600000000004,906.9900000000007
2025-12-19,-8.65,-36.93,-45.58,761.0799999999999,633.3300000000004,861.4100000000008
2025-12-20,0.0,0.0,0.0,761.0799999999999,633.3300000000004,861.4100000000008
2025-12-21,0.0,0.0,0.0,761.0799999999999,633.3300000000004,861.4100000000008
2025-12-22,0.05,35.53,35.58,761.1299999999999,668.8600000000004,896.9900000000007
2025-12-23,25.02,-10.35,14.67,786.1499999999999,658.5100000000004,911.6600000000008
2025-12-24,0.05,0.0,0.05,786.1999999999999,658.5100000000004,911.7100000000007
2025-12-25,0.0,0.0,0.0,786.1999999999999,658.5100000000004,911.7100000000007
2025-12-26,-9.56,0.1,-9.46,776.6399999999999,658.6100000000004,902.2500000000007
2025-12-27,0.0,0.0,0.0,776.6399999999999,658.6100000000004,902.2500000000007
2025-12-28,0.0,0.0,0.0,776.6399999999999,658.6100000000004,902.2500000000007
2025-12-29,23.35,0.0,23.35,799.99,658.6100000000004,925.6000000000008
2025-12-30,0.0,0.0,0.0,799.99,658.6100000000004,925.6000000000008
2025-12-31,21.39,0.0,21.39,821.3799999999999,658.6100000000004,946.9900000000007
2026-01-01,0.0,0.0,0.0,821.3799999999999,658.6100000000004,946.9900000000007
2026-01-02,0.0,0.1,0.1,821.3799999999999,658.7100000000004,947.0900000000008
2026-01-03,0.0,0.0,0.0,821.3799999999999,658.7100000000004,947.0900000000008
2026-01-04,0.0,0.0,0.0,821.3799999999999,658.7100000000004,947.0900000000008
2026-01-05,0.05,0.0,0.05,821.43,658.7100000000004,947.1400000000008
2026-01-06,0.05,22.53,22.580000000000002,821.48,681.2400000000004,969.7200000000007
2026-01-07,0.05,-14.59,-14.54,821.53,666.6500000000003,955.1800000000007
2026-01-08,0.05,0.05,0.1,821.5799999999999,666.7000000000004,955.2800000000008
2026-01-09,21.76,-11.53,10.230000000000002,843.3399999999999,655.1700000000004,965.5100000000008
2026-01-10,0.0,0.0,0.0,843.3399999999999,655.1700000000004,965.5100000000008
2026-01-11,0.0,0.0,0.0,843.3399999999999,655.1700000000004,965.5100000000008
2026-01-12,13.87,27.689999999999998,41.559999999999995,857.21,682.8600000000004,1007.0700000000008
2026-01-13,-8.86,19.64,10.780000000000001,848.3499999999999,702.5000000000005,1017.8500000000008
2026-01-14,-7.13,-15.04,-22.169999999999998,841.22,687.4600000000004,995.6800000000007
2026-01-15,0.0,0.0,0.0,841.22,687.4600000000004,995.6800000000007
2026-01-16,-9.52,0.05,-9.469999999999999,831.7,687.5100000000004,986.2100000000008
2026-01-17,0.0,0.0,0.0,831.7,687.5100000000004,986.2100000000008
2026-01-18,0.0,0.0,0.0,831.7,687.5100000000004,986.2100000000008
2026-01-19,0.0,0.1,0.1,831.7,687.6100000000004,986.3100000000009
2026-01-20,10.58,20.48,31.060000000000002,842.28,708.0900000000004,1017.3700000000008
2026-01-21,0.0,30.68,30.68,842.28,738.7700000000004,1048.0500000000009
2026-01-22,-9.13,-18.49,-27.619999999999997,833.15,720.2800000000004,1020.4300000000009
2026-01-23,0.05,0.05,0.1,833.2,720.3300000000004,1020.5300000000009
2026-01-24,0.0,0.0,0.0,833.2,720.3300000000004,1020.5300000000009
2026-01-25,0.0,0.0,0.0,833.2,720.3300000000004,1020.5300000000009
2026-01-26,-16.5,-19.77,-36.269999999999996,816.7,700.5600000000004,984.2600000000009
2026-01-27,0.0,-19.69,-19.69,816.7,680.8700000000003,964.5700000000008
2026-01-28,0.0,0.0,0.0,816.7,680.8700000000003,964.5700000000008
2026-01-29,0.0,0.0,0.0,816.7,680.8700000000003,964.5700000000008
2026-01-30,0.0,0.0,0.0,816.7,680.8700000000003,964.5700000000008
2026-01-31,0.0,0.0,0.0,816.7,680.8700000000003,964.5700000000008
2026-02-01,0.0,0.0,0.0,816.7,680.8700000000003,964.5700000000008
2026-02-02,0.0,0.0,0.0,816.7,680.8700000000003,964.5700000000008
2026-02-03,0.0,0.0,0.0,816.7,680.8700000000003,964.5700000000008
2026-02-04,0.0,0.0,0.0,816.7,680.8700000000003,964.5700000000008
2026-02-05,0.0,0.0,0.0,816.7,680.8700000000003,964.5700000000008
2026-02-06,-20.91,0.0,-20.91,795.79,680.8700000000003,943.6600000000009
2026-02-07,0.0,0.0,0.0,795.79,680.8700000000003,943.6600000000009
2026-02-08,0.0,0.0,0.0,795.79,680.8700000000003,943.6600000000009
2026-02-09,0.05,0.0,0.05,795.8399999999999,680.8700000000003,943.710000000001
2026-02-10,-16.72,0.0,-16.72,779.12,680.8700000000003,926.9900000000009
2026-02-11,0.0,30.29,30.29,779.12,711.1600000000004,957.2800000000009
2026-02-12,-17.71,0.0,-17.71,761.41,711.1600000000004,939.570000000001
2026-02-13,-18.67,0.0,-18.67,742.74,711.1600000000004,920.900000000001
2026-02-14,0.0,0.0,0.0,742.74,711.1600000000004,920.900000000001
2026-02-15,0.0,0.0,0.0,742.74,711.1600000000004,920.900000000001
2026-02-16,0.0,23.82,23.82,742.74,734.9800000000004,944.7200000000009
2026-02-17,28.15,0.05,28.2,770.89,735.0300000000004,972.920000000001
2026-02-18,18.71,0.0,18.71,789.5999999999999,735.0300000000004,991.6300000000009
2026-02-19,13.64,0.0,13.64,803.24,735.0300000000004,1005.2700000000009
2026-02-20,0.05,10.990000000000002,11.040000000000003,803.29,746.0200000000004,1016.3100000000009
2026-02-21,0.0,0.0,0.0,803.29,746.0200000000004,1016.3100000000009
2026-02-22,0.0,0.0,0.0,803.29,746.0200000000004,1016.3100000000009
2026-02-23,0.05,29.19,29.240000000000002,803.3399999999999,775.2100000000004,1045.5500000000009
2026-02-24,-12.52,-21.91,-34.43,790.8199999999999,753.3000000000004,1011.1200000000008
2026-02-25,0.0,-17.16,-17.16,790.8199999999999,736.1400000000004,993.9600000000008
2026-02-26,0.05,0.0,0.05,790.87,736.1400000000004,994.0100000000009
2026-02-27,-7.69,23.63,15.939999999999998,783.1800000000001,759.7700000000004,1009.9500000000008
2026-02-28,0.0,0.0,0.0,783.1800000000001,759.7700000000004,1009.9500000000008
2026-03-01,0.0,0.0,0.0,783.1800000000001,759.7700000000004,1009.9500000000008
2026-03-02,0.05,0.0,0.05,783.23,759.7700000000004,1010.0000000000009
2026-03-03,35.15,0.0,35.15,818.38,759.7700000000004,1045.150000000001
2026-03-04,0.05,0.0,0.05,818.4300000000001,759.7700000000004,1045.2000000000007
2026-03-05,-21.88,0.0,-21.88,796.55,759.7700000000004,1023.3200000000008
2026-03-06,-15.96,0.0,-15.96,780.59,759.7700000000004,1007.3600000000008
2026-03-07,0.0,0.0,0.0,780.59,759.7700000000004,1007.3600000000008
2026-03-08,0.0,0.0,0.0,780.59,759.7700000000004,1007.3600000000008
2026-03-09,-20.16,0.0,-20.16,760.4300000000001,759.7700000000004,987.2000000000008
2026-03-10,-10.87,0.1,-10.77,749.56,759.8700000000003,976.4300000000009
2026-03-11,-10.1,0.05,-10.049999999999999,739.46,759.9200000000004,966.3800000000008
2026-03-12,33.32,-15.11,18.21,772.78,744.8100000000004,984.5900000000008
2026-03-13,17.71,24.44,42.150000000000006,790.49,769.2500000000005,1026.7400000000007
2026-03-14,0.0,0.0,0.0,790.49,769.2500000000005,1026.7400000000007
2026-03-15,0.0,0.0,0.0,790.49,769.2500000000005,1026.7400000000007
2026-03-16,-10.9,0.0,-10.9,779.59,769.2500000000005,1015.8400000000008
2026-03-17,-11.21,0.05,-11.16,768.38,769.3000000000004,1004.6800000000007
2026-03-18,0.0,26.830000000000002,26.830000000000002,768.38,796.1300000000003,1031.5100000000007
2026-03-19,-10.65,0.0,-10.65,757.73,796.1300000000003,1020.8600000000008
2026-03-20,0.0,0.0,0.0,757.73,796.1300000000003,1020.8600000000008
2026-03-21,0.0,0.0,0.0,757.73,796.1300000000003,1020.8600000000008
2026-03-22,0.0,0.0,0.0,757.73,796.1300000000003,1020.8600000000008
2026-03-23,0.0,0.0,0.0,757.73,796.1300000000003,1020.8600000000008
2026-03-24,0.0,0.0,0.0,757.73,796.1300000000003,1020.8600000000008
2026-03-25,0.0,0.0,0.0,757.73,796.1300000000003,1020.8600000000008
2026-03-26,23.35,0.0,23.35,781.0799999999999,796.1300000000003,1044.210000000001
2026-03-27,40.03,0.0,40.03,821.11,796.1300000000003,1084.2400000000007
2026-03-28,0.0,0.0,0.0,821.11,796.1300000000003,1084.2400000000007
2026-03-29,0.0,0.0,0.0,821.11,796.1300000000003,1084.2400000000007
2026-03-30,-21.94,0.0,-21.94,799.1700000000001,796.1300000000003,1062.3000000000006
2026-03-31,39.24,0.0,39.24,838.4100000000001,796.1300000000003,1101.5400000000009
2026-04-01,0.05,0.0,0.05,838.46,796.1300000000003,1101.5900000000006
2026-04-02,34.24,0.0,34.24,872.7,796.1300000000003,1135.8300000000008
2026-04-03,0.0,0.0,0.0,872.7,796.1300000000003,1135.8300000000008
2026-04-04,0.0,0.0,0.0,872.7,796.1300000000003,1135.8300000000008
2026-04-05,0.0,0.0,0.0,872.7,796.1300000000003,1135.8300000000008
2026-04-06,0.0,0.0,0.0,872.7,796.1300000000003,1135.8300000000008
2026-04-07,-40.400000000000006,27.44,-12.960000000000004,832.3000000000001,823.5700000000004,1122.8700000000008
2026-04-08,0.0,0.0,0.0,832.3000000000001,823.5700000000004,1122.8700000000008
2026-04-09,23.62,32.9,56.519999999999996,855.9200000000001,856.4700000000004,1179.3900000000008
2026-04-10,-22.259999999999998,0.05,-22.209999999999997,833.6600000000001,856.5200000000004,1157.1800000000007
2026-04-11,0.0,0.0,0.0,833.6600000000001,856.5200000000004,1157.1800000000007
2026-04-12,0.0,0.0,0.0,833.6600000000001,856.5200000000004,1157.1800000000007
2026-04-13,0.05,0.0,0.05,833.71,856.5200000000004,1157.2300000000005
2026-04-14,15.67,38.849999999999994,54.519999999999996,849.3800000000001,895.3700000000003,1211.7500000000005
2026-04-15,0.0,25.62,25.62,849.3800000000001,920.9900000000004,1237.3700000000006
2026-04-16,-6.04,0.05,-5.99,843.3400000000001,921.0400000000004,1231.3800000000006
2026-04-17,-5.92,25.360000000000003,19.440000000000005,837.4200000000001,946.4000000000003,1250.8200000000006
2026-04-18,0.0,0.0,0.0,837.4200000000001,946.4000000000003,1250.8200000000006
2026-04-19,0.0,0.0,0.0,837.4200000000001,946.4000000000003,1250.8200000000006
2026-04-20,-10.1,-18.669999999999998,-28.769999999999996,827.32,927.7300000000004,1222.0500000000006
2026-04-21,20.3,33.379999999999995,53.67999999999999,847.6200000000001,961.1100000000004,1275.7300000000005
2026-04-22,0.0,0.1,0.1,847.6200000000001,961.2100000000004,1275.8300000000006
2026-04-23,-9.14,-79.02,-88.16,838.48,882.1900000000004,1187.6700000000005
2026-04-24,-13.46,30.94,17.48,825.0200000000001,913.1300000000003,1205.1500000000005
2026-04-25,0.0,0.0,0.0,825.0200000000001,913.1300000000003,1205.1500000000005
2026-04-26,0.0,0.0,0.0,825.0200000000001,913.1300000000003,1205.1500000000005
2026-04-27,0.0,20.18,20.18,825.0200000000001,933.3100000000004,1225.3300000000006
2026-04-28,0.0,0.05,0.05,825.0200000000001,933.3600000000004,1225.3800000000006
2026-04-29,16.03,-17.26,-1.2300000000000004,841.0500000000001,916.1000000000004,1224.1500000000005
2026-04-30,16.92,0.0,16.92,857.97,916.1000000000004,1241.0700000000006
2026-05-01,0.0,-31.650000000000002,-31.650000000000002,857.97,884.4500000000005,1209.4200000000005
2026-05-02,0.0,0.0,0.0,857.97,884.4500000000005,1209.4200000000005
2026-05-03,0.0,0.0,0.0,857.97,884.4500000000005,1209.4200000000005
2026-05-04,20.25,8.32,28.57,878.22,892.7700000000004,1237.9900000000007
2026-05-05,0.0,-15.49,-15.49,878.22,877.2800000000004,1222.5000000000005
2026-05-06,0.0,27.8,27.8,878.22,905.0800000000004,1250.3000000000006
2026-05-07,0.05,-18.75,-18.7,878.2700000000001,886.3300000000004,1231.6000000000004
2026-05-08,-11.53,-20.05,-31.58,866.7400000000001,866.2800000000004,1200.0200000000004
2026-05-09,0.0,0.0,0.0,866.7400000000001,866.2800000000004,1200.0200000000004
2026-05-10,0.0,0.0,0.0,866.7400000000001,866.2800000000004,1200.0200000000004
2026-05-11,41.55,0.1,41.65,908.2900000000002,866.3800000000005,1241.6700000000005
2026-05-12,-10.58,37.07,26.490000000000002,897.7100000000002,903.4500000000005,1268.1600000000003
2026-05-13,-8.01,6.479999999999997,-1.530000000000003,889.7000000000002,909.9300000000005,1266.6300000000006
2026-05-14,-14.33,-4.460000000000001,-18.79,875.3700000000001,905.4700000000005,1247.8400000000006
2026-05-15,0.05,0.1,0.15000000000000002,875.4200000000002,905.5700000000005,1247.9900000000005
2026-05-16,0.0,0.0,0.0,875.4200000000002,905.5700000000005,1247.9900000000005
2026-05-17,0.0,0.0,0.0,875.4200000000002,905.5700000000005,1247.9900000000005
2026-05-18,-13.88,37.18,23.299999999999997,861.5400000000002,942.7500000000005,1271.2900000000004
2026-05-19,-11.0,32.769999999999996,21.769999999999996,850.5400000000002,975.5200000000004,1293.0600000000004
2026-05-20,28.07,-11.240000000000002,16.83,878.6100000000001,964.2800000000004,1309.8900000000003
2026-05-21,0.0,22.330000000000002,22.330000000000002,878.6100000000001,986.6100000000005,1332.2200000000005
2026-05-22,-9.66,-9.61,-19.27,868.9500000000002,977.0000000000005,1312.9500000000005
2026-05-23,0.0,0.0,0.0,868.9500000000002,977.0000000000005,1312.9500000000005
2026-05-24,0.0,0.0,0.0,868.9500000000002,977.0000000000005,1312.9500000000005
2026-05-25,0.0,0.05,0.05,868.9500000000002,977.0500000000004,1313.0000000000005
2026-05-26,0.0,-17.68,-17.68,868.9500000000002,959.3700000000005,1295.3200000000006
2026-05-27,-7.08,60.06,52.980000000000004,861.8700000000001,1019.4300000000005,1348.3000000000006
2026-05-28,36.83,25.71,62.54,898.7000000000002,1045.1400000000003,1410.8400000000006
2026-05-29,-8.83,54.66,45.83,889.8700000000001,1099.8000000000004,1456.6700000000005
2026-05-30,0.0,0.0,0.0,889.8700000000001,1099.8000000000004,1456.6700000000005
2026-05-31,0.0,0.0,0.0,889.8700000000001,1099.8000000000004,1456.6700000000005
2026-06-01,-7.61,29.05,21.44,882.2600000000002,1128.8500000000004,1478.1100000000006
2026-06-02,0.0,-31.310000000000002,-31.310000000000002,882.2600000000002,1097.5400000000004,1446.8000000000006
2026-06-03,0.05,28.14,28.19,882.3100000000002,1125.6800000000003,1474.9900000000007
2026-06-04,17.9,24.560000000000002,42.46,900.2100000000002,1150.2400000000005,1517.4500000000007
2026-06-05,0.05,5.890000000000001,5.94,900.2600000000002,1156.1300000000006,1523.3900000000008
2026-06-06,0.0,0.0,0.0,900.2600000000002,1156.1300000000006,1523.3900000000008
2026-06-07,0.0,0.0,0.0,900.2600000000002,1156.1300000000006,1523.3900000000008
2026-06-08,0.05,-10.930000000000003,-10.880000000000003,900.3100000000002,1145.2000000000005,1512.5100000000007
2026-06-09,16.450000000000003,0.0,16.450000000000003,916.7600000000002,1145.2000000000005,1528.960000000001
2026-06-10,-14.8,81.38,66.58,901.9600000000002,1226.5800000000004,1595.5400000000009
2026-06-11,0.0,-27.93,-27.93,901.9600000000002,1198.6500000000005,1567.6100000000008
2026-06-12,-11.44,0.05,-11.389999999999999,890.5200000000002,1198.7000000000005,1556.2200000000007
2026-06-13,0.0,0.0,0.0,890.5200000000002,1198.7000000000005,1556.2200000000007
2026-06-14,0.0,0.0,0.0,890.5200000000002,1198.7000000000005,1556.2200000000007
2026-06-15,-11.08,51.65,40.57,879.4400000000002,1250.3500000000004,1596.7900000000009
2026-06-16,13.81,0.0,13.81,893.2500000000002,1250.3500000000004,1610.6000000000008
2026-06-17,-11.27,-15.04,-26.31,881.9800000000002,1235.3100000000004,1584.2900000000009
2026-06-18,-10.69,33.53,22.840000000000003,871.2900000000002,1268.8400000000006,1607.1300000000008
2026-06-19,0.0,0.0,0.0,871.2900000000002,1268.8400000000006,1607.1300000000008
2026-06-20,0.0,0.0,0.0,871.2900000000002,1268.8400000000006,1607.1300000000008
2026-06-21,0.0,0.0,0.0,871.2900000000002,1268.8400000000006,1607.1300000000008
2026-06-22,0.0,-15.389999999999999,-15.389999999999999,871.2900000000002,1253.4500000000005,1591.7400000000007
2026-06-23,0.0,14.100000000000001,14.100000000000001,871.2900000000002,1267.5500000000006,1605.8400000000006
2026-06-24,0.05,35.169999999999995,35.21999999999999,871.3400000000001,1302.7200000000005,1641.0600000000006
2026-06-25,0.05,-30.45,-30.4,871.3900000000002,1272.2700000000004,1610.6600000000005
2026-06-26,-24.05,29.65,5.599999999999998,847.3400000000001,1301.9200000000005,1616.2600000000004
2026-06-27,0.0,0.0,0.0,847.3400000000001,1301.9200000000005,1616.2600000000004
2026-06-28,0.0,0.0,0.0,847.3400000000001,1301.9200000000005,1616.2600000000004
2026-06-29,0.05,28.12,28.17,847.3900000000002,1330.0400000000004,1644.4300000000005
2026-06-30,-15.94,34.370000000000005,18.430000000000007,831.4500000000003,1364.4100000000003,1662.8600000000006
2026-07-01,16.93,0.0,16.93,848.3800000000002,1364.4100000000003,1679.7900000000006
2026-07-02,-18.03,3.3900000000000006,-14.64,830.3500000000003,1367.8000000000004,1665.1500000000005
2026-07-03,0.0,0.05,0.05,830.3500000000003,1367.8500000000004,1665.2000000000005
2026-07-04,0.0,0.0,0.0,830.3500000000003,1367.8500000000004,1665.2000000000005
2026-07-05,0.0,0.0,0.0,830.3500000000003,1367.8500000000004,1665.2000000000005
2026-07-06,0.05,3.1499999999999986,3.1999999999999984,830.4000000000003,1371.0000000000005,1668.4000000000005
2026-07-07,-9.98,-25.86,-35.84,820.4200000000003,1345.1400000000003,1632.5600000000006
2026-07-08,24.1,44.77,68.87,844.5200000000002,1389.9100000000003,1701.4300000000007
2026-07-09,-9.14,0.0,-9.14,835.3800000000003,1389.9100000000003,1692.2900000000006
2026-07-10,-11.27,-25.99,-37.26,824.1100000000004,1363.9200000000003,1655.0300000000007
2026-07-11,0.0,0.0,0.0,824.1100000000004,1363.9200000000003,1655.0300000000007
2026-07-12,0.0,0.0,0.0,824.1100000000004,1363.9200000000003,1655.0300000000007
2026-07-13,0.0,53.97,53.97,824.1100000000004,1417.8900000000003,1709.0000000000007
2026-07-14,14.08,0.0,14.08,838.1900000000003,1417.8900000000003,1723.0800000000006
2026-07-15,-8.18,-14.969999999999999,-23.15,830.0100000000002,1402.9200000000003,1699.9300000000005
2026-07-16,-7.69,11.14,3.45,822.3200000000003,1414.0600000000004,1703.3800000000006
2026-07-17,-9.91,19.700000000000003,9.790000000000003,812.4100000000003,1433.7600000000002,1713.1700000000005
2026-07-18,0.0,0.0,0.0,812.4100000000003,1433.7600000000002,1713.1700000000005
2026-07-19,0.0,0.0,0.0,812.4100000000003,1433.7600000000002,1713.1700000000005
2026-07-20,-9.17,7.23,-1.9399999999999995,803.2400000000002,1440.9900000000002,1711.2300000000005
2026-07-21,0.0,-1.7200000000000006,-1.7200000000000006,803.2400000000002,1439.2700000000004,1709.5100000000004
2026-07-22,19.7,0.05,19.75,822.9400000000003,1439.3200000000002,1729.2600000000004
2026-07-23,-9.33,0.0,-9.33,813.6100000000002,1439.3200000000002,1719.9300000000005
2026-07-24,-10.67,2.99,-7.68,802.9400000000003,1442.3100000000004,1712.2500000000005
2026-07-25,0.0,0.0,0.0,802.9400000000003,1442.3100000000004,1712.2500000000005
2026-07-26,0.0,0.0,0.0,802.9400000000003,1442.3100000000004,1712.2500000000005
2026-07-27,0.0,0.0,0.0,802.9400000000003,1442.3100000000004,1712.2500000000005
2026-07-28,13.33,0.35999999999999943,13.69,816.2700000000002,1442.6700000000003,1725.9400000000005
2026-07-29,-7.85,-0.5299999999999994,-8.379999999999999,808.4200000000002,1442.1400000000003,1717.5600000000004
2026-07-30,0.05,28.41,28.46,808.4700000000003,1470.5500000000002,1746.0200000000004
2026-07-31,11.9,-21.79,-9.889999999999999,820.3700000000001,1448.7600000000002,1736.1300000000003
2026-08-01,0.0,0.0,0.0,820.3700000000001,1448.7600000000002,1736.1300000000003
2026-08-02,0.0,0.0,0.0,820.3700000000001,1448.7600000000002,1736.1300000000003
2026-08-03,-7.71,0.1,-7.61,812.6600000000002,1448.8600000000004,1728.5200000000004
2026-08-04,-7.18,11.31,4.130000000000001,805.4800000000002,1460.1700000000003,1732.6500000000005
2026-08-05,14.78,52.96,67.74,820.2600000000002,1513.1300000000003,1800.3900000000006
2026-08-06,-13.84,25.990000000000002,12.150000000000002,806.4200000000002,1539.1200000000003,1812.5400000000006
2026-08-07,0.0,57.05,57.05,806.4200000000002,1596.1700000000003,1869.5900000000006
2026-08-08,0.0,0.0,0.0,806.4200000000002,1596.1700000000003,1869.5900000000006
2026-08-09,0.0,0.0,0.0,806.4200000000002,1596.1700000000003,1869.5900000000006
2026-08-10,0.05,0.05,0.1,806.4700000000003,1596.2200000000003,1869.6900000000005
2026-08-11,0.0,30.93,30.93,806.4700000000003,1627.1500000000003,1900.6200000000006
2026-08-12,0.05,7.389999999999999,7.439999999999999,806.5200000000002,1634.5400000000004,1908.0600000000006
2026-08-13,0.0,0.0,0.0,806.5200000000002,1634.5400000000004,1908.0600000000006
2026-08-14,0.05,25.12,25.17,806.5700000000002,1659.6600000000003,1933.2300000000007
2026-08-15,0.0,0.0,0.0,806.5700000000002,1659.6600000000003,1933.2300000000007
2026-08-16,0.0,0.0,0.0,806.5700000000002,1659.6600000000003,1933.2300000000007
2026-08-17,0.05,0.1,0.15000000000000002,806.6200000000002,1659.7600000000002,1933.3800000000008
2026-08-18,21.82,-11.95,9.870000000000001,828.4400000000003,1647.8100000000002,1943.2500000000007
2026-08-19,16.01,-16.34,-0.3299999999999983,844.4500000000003,1631.4700000000003,1942.9200000000008
2026-08-20,0.05,0.0,0.05,844.5000000000002,1631.4700000000003,1942.9700000000007
2026-08-21,0.0,57.76,57.76,844.5000000000002,1689.2300000000002,2000.7300000000007
2026-08-22,0.0,0.0,0.0,844.5000000000002,1689.2300000000002,2000.7300000000007
2026-08-23,0.0,0.0,0.0,844.5000000000002,1689.2300000000002,2000.7300000000007
2026-08-24,-12.17,0.1,-12.07,832.3300000000002,1689.3300000000002,1988.6600000000008
2026-08-25,0.0,0.0,0.0,832.3300000000002,1689.3300000000002,1988.6600000000008
2026-08-26,-8.9,0.05,-8.85,823.4300000000003,1689.38,1979.8100000000009
2026-08-27,16.48,-15.9,0.5800000000000001,839.9100000000003,1673.48,1980.3900000000008
2026-08-28,-17.57,0.0,-17.57,822.3400000000003,1673.48,1962.8200000000008
2026-08-29,0.0,0.0,0.0,822.3400000000003,1673.48,1962.8200000000008
2026-08-30,0.0,0.0,0.0,822.3400000000003,1673.48,1962.8200000000008
2026-08-31,0.0,-33.43,-33.43,822.3400000000003,1640.05,1929.3900000000008
2026-09-01,25.15,54.239999999999995,79.38999999999999,847.4900000000002,1694.29,2008.7800000000007
2026-09-02,19.15,0.1,19.25,866.6400000000002,1694.3899999999999,2028.0300000000007
2026-09-03,14.97,-18.08,-3.1099999999999977,881.6100000000002,1676.31,2024.9200000000008
2026-09-04,0.05,0.0,0.05,881.6600000000003,1676.31,2024.9700000000007
2026-09-05,0.0,0.0,0.0,881.6600000000003,1676.31,2024.9700000000007
2026-09-06,0.0,0.0,0.0,881.6600000000003,1676.31,2024.9700000000007
2026-09-07,-9.87,0.1,-9.77,871.7900000000002,1676.4099999999999,2015.2000000000007
