2026-08-28 01:23:55.188 | INFO     | MainThread | core.database:__init__:159 - subscription database ready at C:\Users\Administrator\gold-3strategies\subscriptions.db
2026-08-28 01:23:55.460 | INFO     | MainThread | core.news_filter:start:92 - news filter cold-start: fetching calendar synchronously...
2026-08-28 01:23:55.915 | SUCCESS  | MainThread | core.news_filter:update_calendar:150 - calendar refreshed: 4 high-impact USD events loaded
2026-08-28 01:23:55.919 | SUCCESS  | MainThread | core.news_filter:start:96 - cold-start successful: calendar loaded
2026-08-28 01:23:55.921 | INFO     | MainThread | core.news_filter:start:111 - news filter background refresh started (interval: 1.0h)
2026-08-28 01:23:55.930 | INFO     | MainThread | __main__:run:678 - ========================================================================
2026-08-28 01:23:55.930 | INFO     | MainThread | __main__:run:679 - GOLD M5 BOT starting | risk 3.00% | lots 0.01-0.05 | SL/TP 1.5x/3.5xATR(14) | BE 1.8xATR+5pts | trail 99.0x/1.5xATR
2026-08-28 01:23:55.930 | INFO     | MainThread | __main__:run:680 - ========================================================================
2026-08-28 01:23:55.990 | SUCCESS  | MainThread | core.mt5_client:connect:232 - MT5 connected | login=111468044 server=MetaQuotes-Demo balance=699.13 USD | symbol=XAUUSD | algo_trading=True
2026-08-28 01:23:55.992 | WARNING  | MainThread | core.risk_manager:from_mt5:58 - broker tick_value 0.1000 implausible vs tick_size*contract_size 1.0000; using computed value (sizing guard)
2026-08-28 01:23:55.992 | INFO     | MainThread | __main__:_sync_daily:489 - daily guard init | realized today=$0.00 | day-start balance=$699.13 | cap -10%/$69.91
2026-08-28 01:23:55.992 | WARNING  | MainThread | __main__:_sync_daily:494 - daily guard init found 0 closed deals for a day >4h old; terminal history may not be synced yet
2026-08-28 01:23:55.992 | WARNING  | MainThread | __main__:run:691 - daily guard init attempt 1 returned no deals; retrying in 5s
2026-08-28 01:23:56.354 | SUCCESS  | news-filter-refresh | core.news_filter:update_calendar:150 - calendar refreshed: 4 high-impact USD events loaded
2026-08-28 01:23:57.662 | WARNING  | news-filter-refresh | core.news_filter:update_calendar:138 - calendar fetch failed: 429 Client Error: Too Many Requests for url: https://nfs.faireconomy.media/ff_calendar_thisweek.json | using cached events
2026-08-28 01:23:59.959 | WARNING  | news-filter-refresh | core.news_filter:update_calendar:138 - calendar fetch failed: 429 Client Error: Too Many Requests for url: https://nfs.faireconomy.media/ff_calendar_thisweek.json | using cached events
2026-08-28 01:24:00.993 | WARNING  | MainThread | __main__:run:691 - daily guard init attempt 2 returned no deals; retrying in 5s
2026-08-28 01:24:04.262 | WARNING  | news-filter-refresh | core.news_filter:update_calendar:138 - calendar fetch failed: 429 Client Error: Too Many Requests for url: https://nfs.faireconomy.media/ff_calendar_thisweek.json | using cached events
2026-08-28 01:24:05.994 | INFO     | MainThread | core.mt5_client:start_heartbeat:336 - heartbeat thread started (30s)
2026-08-28 01:24:07.157 | SUCCESS  | MainThread | core.telegram_bot:start:165 - telegram controller online as @GoldForgepro_bot
2026-08-28 01:24:07.161 | INFO     | MainThread | __main__:run:705 - entering main loop (1.0s cadence, 300s bars)
2026-08-28 01:24:12.573 | WARNING  | news-filter-refresh | core.news_filter:update_calendar:138 - calendar fetch failed: 429 Client Error: Too Many Requests for url: https://nfs.faireconomy.media/ff_calendar_thisweek.json | using cached events
2026-08-28 01:24:28.876 | WARNING  | news-filter-refresh | core.news_filter:update_calendar:138 - calendar fetch failed: 429 Client Error: Too Many Requests for url: https://nfs.faireconomy.media/ff_calendar_thisweek.json | using cached events
2026-08-28 01:25:01.181 | WARNING  | news-filter-refresh | core.news_filter:update_calendar:138 - calendar fetch failed: 429 Client Error: Too Many Requests for url: https://nfs.faireconomy.media/ff_calendar_thisweek.json | using cached events
2026-08-28 01:26:05.453 | WARNING  | MainThread | __main__:stop:742 - shutdown requested
2026-08-28 01:26:05.463 | INFO     | MainThread | __main__:shutdown:746 - shutting down…
2026-08-28 01:26:05.531 | WARNING  | MainThread | __main__:stop:742 - shutdown requested
2026-08-28 01:26:05.535 | WARNING  | news-filter-refresh | core.news_filter:update_calendar:138 - calendar fetch failed: 429 Client Error: Too Many Requests for url: https://nfs.faireconomy.media/ff_calendar_thisweek.json | using cached events
2026-08-28 01:26:07.739 | INFO     | telegram-loop | core.telegram_bot:_thread_main:197 - telegram event loop closed
2026-08-28 01:26:07.741 | INFO     | MainThread | core.telegram_bot:stop:176 - telegram controller stopped
2026-08-28 01:26:07.741 | INFO     | MainThread | core.mt5_client:shutdown:292 - MT5 client shut down
2026-08-28 01:26:07.752 | SUCCESS  | MainThread | __main__:shutdown:753 - clean shutdown complete
2026-08-28 01:27:41.856 | INFO     | MainThread | core.database:__init__:159 - subscription database ready at C:\Users\Administrator\gold-3strategies\subscriptions.db
2026-08-28 01:27:41.987 | INFO     | MainThread | core.news_filter:start:92 - news filter cold-start: fetching calendar synchronously...
2026-08-28 01:27:42.309 | WARNING  | MainThread | core.news_filter:update_calendar:138 - calendar fetch failed: 429 Client Error: Too Many Requests for url: https://nfs.faireconomy.media/ff_calendar_thisweek.json | using cached events
2026-08-28 01:27:42.311 | WARNING  | MainThread | core.news_filter:start:98 - cold-start failed to fetch: will retry in background
2026-08-28 01:27:42.313 | INFO     | MainThread | core.news_filter:start:111 - news filter background refresh started (interval: 1.0h)
2026-08-28 01:27:42.321 | INFO     | MainThread | __main__:run:678 - ========================================================================
2026-08-28 01:27:42.321 | INFO     | MainThread | __main__:run:679 - GOLD M5 BOT starting | risk 3.00% | lots 0.01-0.05 | SL/TP 1.5x/3.5xATR(14) | BE 1.8xATR+5pts | trail 99.0x/1.5xATR
2026-08-28 01:27:42.321 | INFO     | MainThread | __main__:run:680 - ========================================================================
2026-08-28 01:27:42.333 | SUCCESS  | MainThread | core.mt5_client:connect:232 - MT5 connected | login=111468044 server=MetaQuotes-Demo balance=699.13 USD | symbol=XAUUSD | algo_trading=True
2026-08-28 01:27:42.333 | WARNING  | MainThread | core.risk_manager:from_mt5:58 - broker tick_value 0.1000 implausible vs tick_size*contract_size 1.0000; using computed value (sizing guard)
2026-08-28 01:27:42.333 | INFO     | MainThread | __main__:_sync_daily:489 - daily guard init | realized today=$0.00 | day-start balance=$699.13 | cap -10%/$69.91
2026-08-28 01:27:42.333 | WARNING  | MainThread | __main__:_sync_daily:494 - daily guard init found 0 closed deals for a day >4h old; terminal history may not be synced yet
2026-08-28 01:27:42.333 | WARNING  | MainThread | __main__:run:691 - daily guard init attempt 1 returned no deals; retrying in 5s
2026-08-28 01:27:42.614 | WARNING  | news-filter-refresh | core.news_filter:update_calendar:138 - calendar fetch failed: 429 Client Error: Too Many Requests for url: https://nfs.faireconomy.media/ff_calendar_thisweek.json | using cached events
2026-08-28 01:27:44.905 | WARNING  | news-filter-refresh | core.news_filter:update_calendar:138 - calendar fetch failed: 429 Client Error: Too Many Requests for url: https://nfs.faireconomy.media/ff_calendar_thisweek.json | using cached events
2026-08-28 01:27:47.335 | WARNING  | MainThread | __main__:run:691 - daily guard init attempt 2 returned no deals; retrying in 5s
2026-08-28 01:27:49.209 | WARNING  | news-filter-refresh | core.news_filter:update_calendar:138 - calendar fetch failed: 429 Client Error: Too Many Requests for url: https://nfs.faireconomy.media/ff_calendar_thisweek.json | using cached events
2026-08-28 01:27:52.336 | INFO     | MainThread | core.mt5_client:start_heartbeat:336 - heartbeat thread started (30s)
2026-08-28 01:27:53.490 | SUCCESS  | MainThread | core.telegram_bot:start:165 - telegram controller online as @GoldForgepro_bot
2026-08-28 01:27:53.492 | INFO     | MainThread | __main__:run:705 - entering main loop (1.0s cadence, 300s bars)
2026-08-28 01:27:57.510 | WARNING  | news-filter-refresh | core.news_filter:update_calendar:138 - calendar fetch failed: 429 Client Error: Too Many Requests for url: https://nfs.faireconomy.media/ff_calendar_thisweek.json | using cached events
2026-08-28 01:28:13.829 | WARNING  | news-filter-refresh | core.news_filter:update_calendar:138 - calendar fetch failed: 429 Client Error: Too Many Requests for url: https://nfs.faireconomy.media/ff_calendar_thisweek.json | using cached events
2026-08-28 01:28:46.138 | WARNING  | news-filter-refresh | core.news_filter:update_calendar:138 - calendar fetch failed: 429 Client Error: Too Many Requests for url: https://nfs.faireconomy.media/ff_calendar_thisweek.json | using cached events
2026-08-28 01:28:49.012 | WARNING  | MainThread | __main__:stop:742 - shutdown requested
2026-08-28 01:28:49.012 | INFO     | MainThread | __main__:shutdown:746 - shutting down…
2026-08-28 01:28:51.329 | INFO     | telegram-loop | core.telegram_bot:_thread_main:197 - telegram event loop closed
2026-08-28 01:28:51.329 | INFO     | MainThread | core.telegram_bot:stop:176 - telegram controller stopped
2026-08-28 01:28:51.329 | INFO     | MainThread | core.mt5_client:shutdown:292 - MT5 client shut down
2026-08-28 01:28:51.339 | SUCCESS  | MainThread | __main__:shutdown:753 - clean shutdown complete
2026-08-28 01:32:41.712 | INFO     | MainThread | core.database:__init__:159 - subscription database ready at C:\Users\Administrator\gold-3strategies\subscriptions.db
2026-08-28 01:32:41.852 | INFO     | MainThread | core.news_filter:start:92 - news filter cold-start: fetching calendar synchronously...
2026-08-28 01:32:42.192 | WARNING  | MainThread | core.news_filter:update_calendar:138 - calendar fetch failed: 429 Client Error: Too Many Requests for url: https://nfs.faireconomy.media/ff_calendar_thisweek.json | using cached events
2026-08-28 01:32:42.194 | WARNING  | MainThread | core.news_filter:start:98 - cold-start failed to fetch: will retry in background
2026-08-28 01:32:42.196 | INFO     | MainThread | core.news_filter:start:111 - news filter background refresh started (interval: 1.0h)
2026-08-28 01:32:42.204 | INFO     | MainThread | __main__:run:678 - ========================================================================
2026-08-28 01:32:42.206 | INFO     | MainThread | __main__:run:679 - GOLD M5 BOT starting | risk 3.00% | lots 0.01-0.05 | SL/TP 1.5x/3.5xATR(14) | BE 1.8xATR+5pts | trail 99.0x/1.5xATR
2026-08-28 01:32:42.206 | INFO     | MainThread | __main__:run:680 - ========================================================================
2026-08-28 01:32:42.215 | SUCCESS  | MainThread | core.mt5_client:connect:232 - MT5 connected | login=111468044 server=MetaQuotes-Demo balance=699.13 USD | symbol=XAUUSD | algo_trading=True
2026-08-28 01:32:42.215 | WARNING  | MainThread | core.risk_manager:from_mt5:58 - broker tick_value 0.1000 implausible vs tick_size*contract_size 1.0000; using computed value (sizing guard)
2026-08-28 01:32:42.217 | INFO     | MainThread | __main__:_sync_daily:489 - daily guard init | realized today=$0.00 | day-start balance=$699.13 | cap -10%/$69.91
2026-08-28 01:32:42.217 | WARNING  | MainThread | __main__:_sync_daily:494 - daily guard init found 0 closed deals for a day >4h old; terminal history may not be synced yet
2026-08-28 01:32:42.217 | WARNING  | MainThread | __main__:run:691 - daily guard init attempt 1 returned no deals; retrying in 5s
2026-08-28 01:32:42.508 | WARNING  | news-filter-refresh | core.news_filter:update_calendar:138 - calendar fetch failed: 429 Client Error: Too Many Requests for url: https://nfs.faireconomy.media/ff_calendar_thisweek.json | using cached events
2026-08-28 01:32:44.824 | WARNING  | news-filter-refresh | core.news_filter:update_calendar:138 - calendar fetch failed: 429 Client Error: Too Many Requests for url: https://nfs.faireconomy.media/ff_calendar_thisweek.json | using cached events
2026-08-28 01:32:47.218 | WARNING  | MainThread | __main__:run:691 - daily guard init attempt 2 returned no deals; retrying in 5s
2026-08-28 01:32:49.120 | WARNING  | news-filter-refresh | core.news_filter:update_calendar:138 - calendar fetch failed: 429 Client Error: Too Many Requests for url: https://nfs.faireconomy.media/ff_calendar_thisweek.json | using cached events
2026-08-28 01:32:52.219 | INFO     | MainThread | core.mt5_client:start_heartbeat:336 - heartbeat thread started (30s)
2026-08-28 01:32:53.364 | SUCCESS  | MainThread | core.telegram_bot:start:165 - telegram controller online as @GoldForgepro_bot
2026-08-28 01:32:53.368 | INFO     | MainThread | __main__:run:705 - entering main loop (1.0s cadence, 300s bars)
2026-08-28 01:32:57.431 | WARNING  | news-filter-refresh | core.news_filter:update_calendar:138 - calendar fetch failed: 429 Client Error: Too Many Requests for url: https://nfs.faireconomy.media/ff_calendar_thisweek.json | using cached events
2026-08-28 01:33:04.485 | WARNING  | MainThread | __main__:stop:742 - shutdown requested
2026-08-28 01:33:04.485 | INFO     | MainThread | __main__:shutdown:746 - shutting down…
2026-08-28 01:33:06.751 | INFO     | telegram-loop | core.telegram_bot:_thread_main:197 - telegram event loop closed
2026-08-28 01:33:06.751 | INFO     | MainThread | core.telegram_bot:stop:176 - telegram controller stopped
2026-08-28 01:33:06.751 | INFO     | MainThread | core.mt5_client:shutdown:292 - MT5 client shut down
2026-08-28 01:33:06.761 | SUCCESS  | MainThread | __main__:shutdown:753 - clean shutdown complete
2026-08-28 01:35:03.091 | INFO     | MainThread | core.database:__init__:159 - subscription database ready at C:\Users\Administrator\gold-3strategies\subscriptions.db
2026-08-28 01:35:03.206 | INFO     | MainThread | core.news_filter:start:92 - news filter cold-start: fetching calendar synchronously...
2026-08-28 01:35:03.539 | SUCCESS  | MainThread | core.news_filter:update_calendar:150 - calendar refreshed: 4 high-impact USD events loaded
2026-08-28 01:35:03.541 | SUCCESS  | MainThread | core.news_filter:start:96 - cold-start successful: calendar loaded
2026-08-28 01:35:03.543 | INFO     | MainThread | core.news_filter:start:111 - news filter background refresh started (interval: 1.0h)
2026-08-28 01:35:03.551 | INFO     | MainThread | __main__:run:678 - ========================================================================
2026-08-28 01:35:03.551 | INFO     | MainThread | __main__:run:679 - GOLD M5 BOT starting | risk 1.00% | lots 0.01-0.05 | SL/TP 1.5x/3.5xATR(14) | BE 1.8xATR+5pts | trail 99.0x/1.5xATR
2026-08-28 01:35:03.551 | INFO     | MainThread | __main__:run:680 - ========================================================================
2026-08-28 01:35:03.563 | SUCCESS  | MainThread | core.mt5_client:connect:232 - MT5 connected | login=111468044 server=MetaQuotes-Demo balance=699.13 USD | symbol=XAUUSD | algo_trading=True
2026-08-28 01:35:03.563 | WARNING  | MainThread | core.risk_manager:from_mt5:58 - broker tick_value 0.1000 implausible vs tick_size*contract_size 1.0000; using computed value (sizing guard)
2026-08-28 01:35:03.563 | INFO     | MainThread | __main__:_sync_daily:489 - daily guard init | realized today=$0.00 | day-start balance=$699.13 | cap -10%/$69.91
2026-08-28 01:35:03.563 | WARNING  | MainThread | __main__:_sync_daily:494 - daily guard init found 0 closed deals for a day >4h old; terminal history may not be synced yet
2026-08-28 01:35:03.563 | WARNING  | MainThread | __main__:run:691 - daily guard init attempt 1 returned no deals; retrying in 5s
2026-08-28 01:35:03.873 | SUCCESS  | news-filter-refresh | core.news_filter:update_calendar:150 - calendar refreshed: 4 high-impact USD events loaded
2026-08-28 01:35:05.172 | WARNING  | news-filter-refresh | core.news_filter:update_calendar:138 - calendar fetch failed: 429 Client Error: Too Many Requests for url: https://nfs.faireconomy.media/ff_calendar_thisweek.json | using cached events
2026-08-28 01:35:07.475 | WARNING  | news-filter-refresh | core.news_filter:update_calendar:138 - calendar fetch failed: 429 Client Error: Too Many Requests for url: https://nfs.faireconomy.media/ff_calendar_thisweek.json | using cached events
2026-08-28 01:35:08.565 | WARNING  | MainThread | __main__:run:691 - daily guard init attempt 2 returned no deals; retrying in 5s
2026-08-28 01:35:11.772 | WARNING  | news-filter-refresh | core.news_filter:update_calendar:138 - calendar fetch failed: 429 Client Error: Too Many Requests for url: https://nfs.faireconomy.media/ff_calendar_thisweek.json | using cached events
2026-08-28 01:35:13.567 | INFO     | MainThread | core.mt5_client:start_heartbeat:336 - heartbeat thread started (30s)
2026-08-28 01:35:14.474 | ERROR    | telegram-loop | core.telegram_bot:_thread_main:185 - telegram thread crashed: The token `????-????-???` was rejected by the server.
Traceback (most recent call last):
  File "C:\Users\Administrator\AppData\Local\Programs\Python\Python311\Lib\site-packages\telegram\_bot.py", line 865, in initialize
    await self.get_me()
  File "C:\Users\Administrator\AppData\Local\Programs\Python\Python311\Lib\site-packages\telegram\ext\_extbot.py", line 2040, in get_me
    return await super().get_me(
  File "C:\Users\Administrator\AppData\Local\Programs\Python\Python311\Lib\site-packages\telegram\_bot.py", line 1005, in get_me
    result = await self._post(
  File "C:\Users\Administrator\AppData\Local\Programs\Python\Python311\Lib\site-packages\telegram\_bot.py", line 712, in _post
    return await self._do_post(
  File "C:\Users\Administrator\AppData\Local\Programs\Python\Python311\Lib\site-packages\telegram\ext\_extbot.py", line 378, in _do_post
    return await super()._do_post(
  File "C:\Users\Administrator\AppData\Local\Programs\Python\Python311\Lib\site-packages\telegram\_bot.py", line 741, in _do_post
    result = await request.post(
  File "C:\Users\Administrator\AppData\Local\Programs\Python\Python311\Lib\site-packages\telegram\request\_baserequest.py", line 198, in post
    result = await self._request_wrapper(
  File "C:\Users\Administrator\AppData\Local\Programs\Python\Python311\Lib\site-packages\telegram\request\_baserequest.py", line 375, in _request_wrapper
    raise exception
telegram.error.InvalidToken: Not Found

The above exception was the direct cause of the following exception:

Traceback (most recent call last):
  File "C:\Users\Administrator\AppData\Local\Programs\Python\Python311\Lib\threading.py", line 1002, in _bootstrap
    self._bootstrap_inner()
  File "C:\Users\Administrator\AppData\Local\Programs\Python\Python311\Lib\threading.py", line 1045, in _bootstrap_inner
    self.run()
  File "C:\Users\Administrator\AppData\Local\Programs\Python\Python311\Lib\threading.py", line 982, in run
    self._target(*self._args, **self._kwargs)
> File "C:\Users\Administrator\gold-3strategies\core\telegram_bot.py", line 183, in _thread_main
    loop.run_until_complete(self._async_main())
  File "C:\Users\Administrator\AppData\Local\Programs\Python\Python311\Lib\asyncio\base_events.py", line 654, in run_until_complete
    return future.result()
  File "C:\Users\Administrator\gold-3strategies\core\telegram_bot.py", line 228, in _async_main
    await app.initialize()
  File "C:\Users\Administrator\AppData\Local\Programs\Python\Python311\Lib\site-packages\telegram\ext\_application.py", line 489, in initialize
    await self.bot.initialize()
  File "C:\Users\Administrator\AppData\Local\Programs\Python\Python311\Lib\site-packages\telegram\ext\_extbot.py", line 324, in initialize
    await super().initialize()
  File "C:\Users\Administrator\AppData\Local\Programs\Python\Python311\Lib\site-packages\telegram\_bot.py", line 868, in initialize
    raise InvalidToken(f"The token `{self._token}` was rejected by the server.") from exc
telegram.error.InvalidToken: The token `????-????-???` was rejected by the server.
2026-08-28 01:35:14.664 | INFO     | telegram-loop | core.telegram_bot:_thread_main:197 - telegram event loop closed
2026-08-28 01:35:20.077 | WARNING  | news-filter-refresh | core.news_filter:update_calendar:138 - calendar fetch failed: 429 Client Error: Too Many Requests for url: https://nfs.faireconomy.media/ff_calendar_thisweek.json | using cached events
2026-08-28 01:35:36.381 | WARNING  | news-filter-refresh | core.news_filter:update_calendar:138 - calendar fetch failed: 429 Client Error: Too Many Requests for url: https://nfs.faireconomy.media/ff_calendar_thisweek.json | using cached events
2026-08-28 01:35:38.574 | ERROR    | MainThread | core.telegram_bot:start:167 - telegram controller failed to become ready in 25.0s
2026-08-28 01:35:38.574 | INFO     | MainThread | __main__:run:705 - entering main loop (1.0s cadence, 300s bars)
2026-08-28 01:36:08.691 | WARNING  | news-filter-refresh | core.news_filter:update_calendar:138 - calendar fetch failed: 429 Client Error: Too Many Requests for url: https://nfs.faireconomy.media/ff_calendar_thisweek.json | using cached events
2026-08-28 01:37:13.002 | WARNING  | news-filter-refresh | core.news_filter:update_calendar:138 - calendar fetch failed: 429 Client Error: Too Many Requests for url: https://nfs.faireconomy.media/ff_calendar_thisweek.json | using cached events
2026-08-28 01:39:21.318 | WARNING  | news-filter-refresh | core.news_filter:update_calendar:138 - calendar fetch failed: 429 Client Error: Too Many Requests for url: https://nfs.faireconomy.media/ff_calendar_thisweek.json | using cached events
2026-08-28 01:43:37.624 | WARNING  | news-filter-refresh | core.news_filter:update_calendar:138 - calendar fetch failed: 429 Client Error: Too Many Requests for url: https://nfs.faireconomy.media/ff_calendar_thisweek.json | using cached events
2026-08-28 01:52:09.963 | WARNING  | news-filter-refresh | core.news_filter:update_calendar:138 - calendar fetch failed: 429 Client Error: Too Many Requests for url: https://nfs.faireconomy.media/ff_calendar_thisweek.json | using cached events
2026-08-28 01:52:58.130 | WARNING  | MainThread | __main__:stop:742 - shutdown requested
2026-08-28 01:52:58.130 | INFO     | MainThread | __main__:shutdown:746 - shutting down…
2026-08-28 01:52:59.133 | INFO     | MainThread | core.telegram_bot:stop:176 - telegram controller stopped
2026-08-28 01:52:59.133 | INFO     | MainThread | core.mt5_client:shutdown:292 - MT5 client shut down
2026-08-28 01:52:59.149 | SUCCESS  | MainThread | __main__:shutdown:753 - clean shutdown complete
2026-08-28 01:57:41.466 | INFO     | MainThread | core.database:__init__:159 - subscription database ready at C:\Users\Administrator\gold-3strategies\subscriptions.db
2026-08-28 01:57:41.601 | INFO     | MainThread | core.news_filter:start:92 - news filter cold-start: fetching calendar synchronously...
2026-08-28 01:57:41.939 | WARNING  | MainThread | core.news_filter:update_calendar:138 - calendar fetch failed: 429 Client Error: Too Many Requests for url: https://nfs.faireconomy.media/ff_calendar_thisweek.json | using cached events
2026-08-28 01:57:41.941 | WARNING  | MainThread | core.news_filter:start:98 - cold-start failed to fetch: will retry in background
2026-08-28 01:57:41.941 | INFO     | MainThread | core.news_filter:start:111 - news filter background refresh started (interval: 1.0h)
2026-08-28 01:57:41.951 | INFO     | MainThread | __main__:run:678 - ========================================================================
2026-08-28 01:57:41.951 | INFO     | MainThread | __main__:run:679 - GOLD M5 BOT starting | risk 1.00% | lots 0.01-0.05 | SL/TP 1.5x/3.5xATR(14) | BE 1.8xATR+5pts | trail 99.0x/1.5xATR
2026-08-28 01:57:41.951 | INFO     | MainThread | __main__:run:680 - ========================================================================
2026-08-28 01:57:41.964 | SUCCESS  | MainThread | core.mt5_client:connect:232 - MT5 connected | login=111468044 server=MetaQuotes-Demo balance=699.13 USD | symbol=XAUUSD | algo_trading=True
2026-08-28 01:57:42.000 | WARNING  | MainThread | core.risk_manager:from_mt5:58 - broker tick_value 0.1000 implausible vs tick_size*contract_size 1.0000; using computed value (sizing guard)
2026-08-28 01:57:42.002 | INFO     | MainThread | __main__:_sync_daily:489 - daily guard init | realized today=$0.00 | day-start balance=$699.13 | cap -10%/$69.91
2026-08-28 01:57:42.002 | WARNING  | MainThread | __main__:_sync_daily:494 - daily guard init found 0 closed deals for a day >4h old; terminal history may not be synced yet
2026-08-28 01:57:42.002 | WARNING  | MainThread | __main__:run:691 - daily guard init attempt 1 returned no deals; retrying in 5s
2026-08-28 01:57:42.256 | WARNING  | news-filter-refresh | core.news_filter:update_calendar:138 - calendar fetch failed: 429 Client Error: Too Many Requests for url: https://nfs.faireconomy.media/ff_calendar_thisweek.json | using cached events
2026-08-28 01:57:44.556 | WARNING  | news-filter-refresh | core.news_filter:update_calendar:138 - calendar fetch failed: 429 Client Error: Too Many Requests for url: https://nfs.faireconomy.media/ff_calendar_thisweek.json | using cached events
2026-08-28 01:57:47.002 | WARNING  | MainThread | __main__:run:691 - daily guard init attempt 2 returned no deals; retrying in 5s
2026-08-28 01:57:48.861 | WARNING  | news-filter-refresh | core.news_filter:update_calendar:138 - calendar fetch failed: 429 Client Error: Too Many Requests for url: https://nfs.faireconomy.media/ff_calendar_thisweek.json | using cached events
2026-08-28 01:57:52.004 | INFO     | MainThread | core.mt5_client:start_heartbeat:336 - heartbeat thread started (30s)
2026-08-28 01:57:52.950 | ERROR    | telegram-loop | core.telegram_bot:_thread_main:185 - telegram thread crashed: The token `????-????-???` was rejected by the server.
Traceback (most recent call last):
  File "C:\Users\Administrator\AppData\Local\Programs\Python\Python311\Lib\site-packages\telegram\_bot.py", line 865, in initialize
    await self.get_me()
  File "C:\Users\Administrator\AppData\Local\Programs\Python\Python311\Lib\site-packages\telegram\ext\_extbot.py", line 2040, in get_me
    return await super().get_me(
  File "C:\Users\Administrator\AppData\Local\Programs\Python\Python311\Lib\site-packages\telegram\_bot.py", line 1005, in get_me
    result = await self._post(
  File "C:\Users\Administrator\AppData\Local\Programs\Python\Python311\Lib\site-packages\telegram\_bot.py", line 712, in _post
    return await self._do_post(
  File "C:\Users\Administrator\AppData\Local\Programs\Python\Python311\Lib\site-packages\telegram\ext\_extbot.py", line 378, in _do_post
    return await super()._do_post(
  File "C:\Users\Administrator\AppData\Local\Programs\Python\Python311\Lib\site-packages\telegram\_bot.py", line 741, in _do_post
    result = await request.post(
  File "C:\Users\Administrator\AppData\Local\Programs\Python\Python311\Lib\site-packages\telegram\request\_baserequest.py", line 198, in post
    result = await self._request_wrapper(
  File "C:\Users\Administrator\AppData\Local\Programs\Python\Python311\Lib\site-packages\telegram\request\_baserequest.py", line 375, in _request_wrapper
    raise exception
telegram.error.InvalidToken: Not Found

The above exception was the direct cause of the following exception:

Traceback (most recent call last):
  File "C:\Users\Administrator\AppData\Local\Programs\Python\Python311\Lib\threading.py", line 1002, in _bootstrap
    self._bootstrap_inner()
  File "C:\Users\Administrator\AppData\Local\Programs\Python\Python311\Lib\threading.py", line 1045, in _bootstrap_inner
    self.run()
  File "C:\Users\Administrator\AppData\Local\Programs\Python\Python311\Lib\threading.py", line 982, in run
    self._target(*self._args, **self._kwargs)
> File "C:\Users\Administrator\gold-3strategies\core\telegram_bot.py", line 183, in _thread_main
    loop.run_until_complete(self._async_main())
  File "C:\Users\Administrator\AppData\Local\Programs\Python\Python311\Lib\asyncio\base_events.py", line 654, in run_until_complete
    return future.result()
  File "C:\Users\Administrator\gold-3strategies\core\telegram_bot.py", line 228, in _async_main
    await app.initialize()
  File "C:\Users\Administrator\AppData\Local\Programs\Python\Python311\Lib\site-packages\telegram\ext\_application.py", line 489, in initialize
    await self.bot.initialize()
  File "C:\Users\Administrator\AppData\Local\Programs\Python\Python311\Lib\site-packages\telegram\ext\_extbot.py", line 324, in initialize
    await super().initialize()
  File "C:\Users\Administrator\AppData\Local\Programs\Python\Python311\Lib\site-packages\telegram\_bot.py", line 868, in initialize
    raise InvalidToken(f"The token `{self._token}` was rejected by the server.") from exc
telegram.error.InvalidToken: The token `????-????-???` was rejected by the server.
2026-08-28 01:57:53.007 | INFO     | telegram-loop | core.telegram_bot:_thread_main:197 - telegram event loop closed
2026-08-28 01:57:57.166 | WARNING  | news-filter-refresh | core.news_filter:update_calendar:138 - calendar fetch failed: 429 Client Error: Too Many Requests for url: https://nfs.faireconomy.media/ff_calendar_thisweek.json | using cached events
2026-08-28 01:58:13.457 | WARNING  | news-filter-refresh | core.news_filter:update_calendar:138 - calendar fetch failed: 429 Client Error: Too Many Requests for url: https://nfs.faireconomy.media/ff_calendar_thisweek.json | using cached events
2026-08-28 01:58:17.012 | ERROR    | MainThread | core.telegram_bot:start:167 - telegram controller failed to become ready in 25.0s
2026-08-28 01:58:17.012 | INFO     | MainThread | __main__:run:705 - entering main loop (1.0s cadence, 300s bars)
2026-08-28 01:58:45.770 | WARNING  | news-filter-refresh | core.news_filter:update_calendar:138 - calendar fetch failed: 429 Client Error: Too Many Requests for url: https://nfs.faireconomy.media/ff_calendar_thisweek.json | using cached events
2026-08-28 01:59:50.106 | SUCCESS  | news-filter-refresh | core.news_filter:update_calendar:150 - calendar refreshed: 4 high-impact USD events loaded
2026-08-28 01:59:51.405 | SUCCESS  | news-filter-refresh | core.news_filter:update_calendar:150 - calendar refreshed: 4 high-impact USD events loaded
2026-08-28 01:59:52.703 | WARNING  | news-filter-refresh | core.news_filter:update_calendar:138 - calendar fetch failed: 429 Client Error: Too Many Requests for url: https://nfs.faireconomy.media/ff_calendar_thisweek.json | using cached events
2026-08-28 01:59:55.025 | WARNING  | news-filter-refresh | core.news_filter:update_calendar:138 - calendar fetch failed: 429 Client Error: Too Many Requests for url: https://nfs.faireconomy.media/ff_calendar_thisweek.json | using cached events
2026-08-28 01:59:59.314 | WARNING  | news-filter-refresh | core.news_filter:update_calendar:138 - calendar fetch failed: 429 Client Error: Too Many Requests for url: https://nfs.faireconomy.media/ff_calendar_thisweek.json | using cached events
2026-08-28 02:00:07.628 | WARNING  | news-filter-refresh | core.news_filter:update_calendar:138 - calendar fetch failed: 429 Client Error: Too Many Requests for url: https://nfs.faireconomy.media/ff_calendar_thisweek.json | using cached events
2026-08-28 02:00:23.953 | WARNING  | news-filter-refresh | core.news_filter:update_calendar:138 - calendar fetch failed: 429 Client Error: Too Many Requests for url: https://nfs.faireconomy.media/ff_calendar_thisweek.json | using cached events
2026-08-28 02:00:56.249 | WARNING  | news-filter-refresh | core.news_filter:update_calendar:138 - calendar fetch failed: 429 Client Error: Too Many Requests for url: https://nfs.faireconomy.media/ff_calendar_thisweek.json | using cached events
2026-08-28 02:02:00.590 | WARNING  | news-filter-refresh | core.news_filter:update_calendar:138 - calendar fetch failed: 429 Client Error: Too Many Requests for url: https://nfs.faireconomy.media/ff_calendar_thisweek.json | using cached events
2026-08-28 02:04:08.897 | WARNING  | news-filter-refresh | core.news_filter:update_calendar:138 - calendar fetch failed: 429 Client Error: Too Many Requests for url: https://nfs.faireconomy.media/ff_calendar_thisweek.json | using cached events
2026-08-28 02:07:07.102 | WARNING  | MainThread | __main__:stop:742 - shutdown requested
2026-08-28 02:07:07.105 | INFO     | MainThread | __main__:shutdown:746 - shutting down…
2026-08-28 02:07:08.105 | INFO     | MainThread | core.telegram_bot:stop:176 - telegram controller stopped
2026-08-28 02:07:08.105 | INFO     | MainThread | core.mt5_client:shutdown:292 - MT5 client shut down
2026-08-28 02:07:08.115 | SUCCESS  | MainThread | __main__:shutdown:753 - clean shutdown complete
2026-08-28 02:07:42.067 | INFO     | MainThread | core.database:__init__:159 - subscription database ready at C:\Users\Administrator\gold-3strategies\subscriptions.db
2026-08-28 02:07:42.204 | INFO     | MainThread | core.news_filter:start:92 - news filter cold-start: fetching calendar synchronously...
2026-08-28 02:07:42.550 | SUCCESS  | MainThread | core.news_filter:update_calendar:150 - calendar refreshed: 4 high-impact USD events loaded
2026-08-28 02:07:42.552 | SUCCESS  | MainThread | core.news_filter:start:96 - cold-start successful: calendar loaded
2026-08-28 02:07:42.552 | INFO     | MainThread | core.news_filter:start:111 - news filter background refresh started (interval: 1.0h)
2026-08-28 02:07:42.769 | INFO     | MainThread | __main__:run:678 - ========================================================================
2026-08-28 02:07:42.769 | INFO     | MainThread | __main__:run:679 - GOLD M5 BOT starting | risk 1.00% | lots 0.01-0.05 | SL/TP 1.5x/3.5xATR(14) | BE 1.8xATR+5pts | trail 99.0x/1.5xATR
2026-08-28 02:07:42.769 | INFO     | MainThread | __main__:run:680 - ========================================================================
2026-08-28 02:07:42.782 | SUCCESS  | MainThread | core.mt5_client:connect:232 - MT5 connected | login=111468044 server=MetaQuotes-Demo balance=699.13 USD | symbol=XAUUSD | algo_trading=True
2026-08-28 02:07:42.782 | WARNING  | MainThread | core.risk_manager:from_mt5:58 - broker tick_value 0.1000 implausible vs tick_size*contract_size 1.0000; using computed value (sizing guard)
2026-08-28 02:07:42.782 | INFO     | MainThread | __main__:_sync_daily:489 - daily guard init | realized today=$0.00 | day-start balance=$699.13 | cap -10%/$69.91
2026-08-28 02:07:42.784 | WARNING  | MainThread | __main__:_sync_daily:494 - daily guard init found 0 closed deals for a day >4h old; terminal history may not be synced yet
2026-08-28 02:07:42.784 | WARNING  | MainThread | __main__:run:691 - daily guard init attempt 1 returned no deals; retrying in 5s
2026-08-28 02:07:42.869 | SUCCESS  | news-filter-refresh | core.news_filter:update_calendar:150 - calendar refreshed: 4 high-impact USD events loaded
2026-08-28 02:07:44.167 | WARNING  | news-filter-refresh | core.news_filter:update_calendar:138 - calendar fetch failed: 429 Client Error: Too Many Requests for url: https://nfs.faireconomy.media/ff_calendar_thisweek.json | using cached events
2026-08-28 02:07:46.472 | WARNING  | news-filter-refresh | core.news_filter:update_calendar:138 - calendar fetch failed: 429 Client Error: Too Many Requests for url: https://nfs.faireconomy.media/ff_calendar_thisweek.json | using cached events
2026-08-28 02:07:47.785 | WARNING  | MainThread | __main__:run:691 - daily guard init attempt 2 returned no deals; retrying in 5s
2026-08-28 02:07:50.769 | WARNING  | news-filter-refresh | core.news_filter:update_calendar:138 - calendar fetch failed: 429 Client Error: Too Many Requests for url: https://nfs.faireconomy.media/ff_calendar_thisweek.json | using cached events
2026-08-28 02:07:52.786 | INFO     | MainThread | core.mt5_client:start_heartbeat:336 - heartbeat thread started (30s)
2026-08-28 02:07:53.713 | ERROR    | telegram-loop | core.telegram_bot:_thread_main:185 - telegram thread crashed: The token `????-????-???` was rejected by the server.
Traceback (most recent call last):
  File "C:\Users\Administrator\AppData\Local\Programs\Python\Python311\Lib\site-packages\telegram\_bot.py", line 865, in initialize
    await self.get_me()
  File "C:\Users\Administrator\AppData\Local\Programs\Python\Python311\Lib\site-packages\telegram\ext\_extbot.py", line 2040, in get_me
    return await super().get_me(
  File "C:\Users\Administrator\AppData\Local\Programs\Python\Python311\Lib\site-packages\telegram\_bot.py", line 1005, in get_me
    result = await self._post(
  File "C:\Users\Administrator\AppData\Local\Programs\Python\Python311\Lib\site-packages\telegram\_bot.py", line 712, in _post
    return await self._do_post(
  File "C:\Users\Administrator\AppData\Local\Programs\Python\Python311\Lib\site-packages\telegram\ext\_extbot.py", line 378, in _do_post
    return await super()._do_post(
  File "C:\Users\Administrator\AppData\Local\Programs\Python\Python311\Lib\site-packages\telegram\_bot.py", line 741, in _do_post
    result = await request.post(
  File "C:\Users\Administrator\AppData\Local\Programs\Python\Python311\Lib\site-packages\telegram\request\_baserequest.py", line 198, in post
    result = await self._request_wrapper(
  File "C:\Users\Administrator\AppData\Local\Programs\Python\Python311\Lib\site-packages\telegram\request\_baserequest.py", line 375, in _request_wrapper
    raise exception
telegram.error.InvalidToken: Not Found

The above exception was the direct cause of the following exception:

Traceback (most recent call last):
  File "C:\Users\Administrator\AppData\Local\Programs\Python\Python311\Lib\threading.py", line 1002, in _bootstrap
    self._bootstrap_inner()
  File "C:\Users\Administrator\AppData\Local\Programs\Python\Python311\Lib\threading.py", line 1045, in _bootstrap_inner
    self.run()
  File "C:\Users\Administrator\AppData\Local\Programs\Python\Python311\Lib\threading.py", line 982, in run
    self._target(*self._args, **self._kwargs)
> File "C:\Users\Administrator\gold-3strategies\core\telegram_bot.py", line 183, in _thread_main
    loop.run_until_complete(self._async_main())
  File "C:\Users\Administrator\AppData\Local\Programs\Python\Python311\Lib\asyncio\base_events.py", line 654, in run_until_complete
    return future.result()
  File "C:\Users\Administrator\gold-3strategies\core\telegram_bot.py", line 228, in _async_main
    await app.initialize()
  File "C:\Users\Administrator\AppData\Local\Programs\Python\Python311\Lib\site-packages\telegram\ext\_application.py", line 489, in initialize
    await self.bot.initialize()
  File "C:\Users\Administrator\AppData\Local\Programs\Python\Python311\Lib\site-packages\telegram\ext\_extbot.py", line 324, in initialize
    await super().initialize()
  File "C:\Users\Administrator\AppData\Local\Programs\Python\Python311\Lib\site-packages\telegram\_bot.py", line 868, in initialize
    raise InvalidToken(f"The token `{self._token}` was rejected by the server.") from exc
telegram.error.InvalidToken: The token `????-????-???` was rejected by the server.
2026-08-28 02:07:53.766 | INFO     | telegram-loop | core.telegram_bot:_thread_main:197 - telegram event loop closed
2026-08-28 02:07:59.064 | WARNING  | news-filter-refresh | core.news_filter:update_calendar:138 - calendar fetch failed: 429 Client Error: Too Many Requests for url: https://nfs.faireconomy.media/ff_calendar_thisweek.json | using cached events
2026-08-28 02:08:15.373 | WARNING  | news-filter-refresh | core.news_filter:update_calendar:138 - calendar fetch failed: 429 Client Error: Too Many Requests for url: https://nfs.faireconomy.media/ff_calendar_thisweek.json | using cached events
2026-08-28 02:08:17.792 | WARNING  | MainThread | __main__:stop:742 - shutdown requested
2026-08-28 02:08:17.792 | ERROR    | MainThread | core.telegram_bot:start:167 - telegram controller failed to become ready in 25.0s
2026-08-28 02:08:17.792 | INFO     | MainThread | __main__:run:705 - entering main loop (1.0s cadence, 300s bars)
2026-08-28 02:08:17.792 | INFO     | MainThread | __main__:shutdown:746 - shutting down…
2026-08-28 02:08:18.794 | INFO     | MainThread | core.telegram_bot:stop:176 - telegram controller stopped
2026-08-28 02:08:18.794 | INFO     | MainThread | core.mt5_client:shutdown:292 - MT5 client shut down
2026-08-28 02:08:18.804 | SUCCESS  | MainThread | __main__:shutdown:753 - clean shutdown complete
2026-08-28 02:10:37.343 | INFO     | MainThread | core.database:__init__:159 - subscription database ready at C:\Users\Administrator\gold-3strategies\subscriptions.db
2026-08-28 02:10:37.473 | INFO     | MainThread | core.news_filter:start:92 - news filter cold-start: fetching calendar synchronously...
2026-08-28 02:10:37.827 | WARNING  | MainThread | core.news_filter:update_calendar:138 - calendar fetch failed: 429 Client Error: Too Many Requests for url: https://nfs.faireconomy.media/ff_calendar_thisweek.json | using cached events
2026-08-28 02:10:37.829 | WARNING  | MainThread | core.news_filter:start:98 - cold-start failed to fetch: will retry in background
2026-08-28 02:10:37.831 | INFO     | MainThread | core.news_filter:start:111 - news filter background refresh started (interval: 1.0h)
2026-08-28 02:10:37.841 | INFO     | MainThread | __main__:run:678 - ========================================================================
2026-08-28 02:10:37.841 | INFO     | MainThread | __main__:run:679 - GOLD M5 BOT starting | risk 1.00% | lots 0.01-0.05 | SL/TP 1.5x/3.5xATR(14) | BE 1.8xATR+5pts | trail 99.0x/1.5xATR
2026-08-28 02:10:37.841 | INFO     | MainThread | __main__:run:680 - ========================================================================
2026-08-28 02:10:37.865 | SUCCESS  | MainThread | core.mt5_client:connect:232 - MT5 connected | login=111468044 server=MetaQuotes-Demo balance=699.13 USD | symbol=XAUUSD | algo_trading=True
2026-08-28 02:10:37.867 | WARNING  | MainThread | core.risk_manager:from_mt5:58 - broker tick_value 0.1000 implausible vs tick_size*contract_size 1.0000; using computed value (sizing guard)
2026-08-28 02:10:37.867 | INFO     | MainThread | __main__:_sync_daily:489 - daily guard init | realized today=$0.00 | day-start balance=$699.13 | cap -10%/$69.91
2026-08-28 02:10:37.867 | WARNING  | MainThread | __main__:_sync_daily:494 - daily guard init found 0 closed deals for a day >4h old; terminal history may not be synced yet
2026-08-28 02:10:37.867 | WARNING  | MainThread | __main__:run:691 - daily guard init attempt 1 returned no deals; retrying in 5s
2026-08-28 02:10:38.169 | WARNING  | news-filter-refresh | core.news_filter:update_calendar:138 - calendar fetch failed: 429 Client Error: Too Many Requests for url: https://nfs.faireconomy.media/ff_calendar_thisweek.json | using cached events
2026-08-28 02:10:40.458 | WARNING  | news-filter-refresh | core.news_filter:update_calendar:138 - calendar fetch failed: 429 Client Error: Too Many Requests for url: https://nfs.faireconomy.media/ff_calendar_thisweek.json | using cached events
2026-08-28 02:12:41.428 | INFO     | MainThread | core.database:__init__:159 - subscription database ready at C:\Users\Administrator\gold-3strategies\subscriptions.db
2026-08-28 02:12:41.547 | INFO     | MainThread | core.news_filter:start:92 - news filter cold-start: fetching calendar synchronously...
2026-08-28 02:12:41.846 | WARNING  | MainThread | core.news_filter:update_calendar:138 - calendar fetch failed: 429 Client Error: Too Many Requests for url: https://nfs.faireconomy.media/ff_calendar_thisweek.json | using cached events
2026-08-28 02:12:41.848 | WARNING  | MainThread | core.news_filter:start:98 - cold-start failed to fetch: will retry in background
2026-08-28 02:12:41.850 | INFO     | MainThread | core.news_filter:start:111 - news filter background refresh started (interval: 1.0h)
2026-08-28 02:12:41.860 | INFO     | MainThread | __main__:run:678 - ========================================================================
2026-08-28 02:12:41.860 | INFO     | MainThread | __main__:run:679 - GOLD M5 BOT starting | risk 1.00% | lots 0.01-0.05 | SL/TP 1.5x/3.5xATR(14) | BE 1.8xATR+5pts | trail 99.0x/1.5xATR
2026-08-28 02:12:41.860 | INFO     | MainThread | __main__:run:680 - ========================================================================
2026-08-28 02:12:41.907 | SUCCESS  | MainThread | core.mt5_client:connect:232 - MT5 connected | login=111468044 server=MetaQuotes-Demo balance=699.13 USD | symbol=XAUUSD | algo_trading=True
2026-08-28 02:12:41.907 | WARNING  | MainThread | core.risk_manager:from_mt5:58 - broker tick_value 0.1000 implausible vs tick_size*contract_size 1.0000; using computed value (sizing guard)
2026-08-28 02:12:41.907 | INFO     | MainThread | __main__:_sync_daily:489 - daily guard init | realized today=$0.00 | day-start balance=$699.13 | cap -10%/$69.91
2026-08-28 02:12:41.907 | WARNING  | MainThread | __main__:_sync_daily:494 - daily guard init found 0 closed deals for a day >4h old; terminal history may not be synced yet
2026-08-28 02:12:41.907 | WARNING  | MainThread | __main__:run:691 - daily guard init attempt 1 returned no deals; retrying in 5s
2026-08-28 02:12:42.160 | WARNING  | news-filter-refresh | core.news_filter:update_calendar:138 - calendar fetch failed: 429 Client Error: Too Many Requests for url: https://nfs.faireconomy.media/ff_calendar_thisweek.json | using cached events
2026-08-28 02:12:44.473 | SUCCESS  | news-filter-refresh | core.news_filter:update_calendar:150 - calendar refreshed: 4 high-impact USD events loaded
2026-08-28 02:12:45.772 | SUCCESS  | news-filter-refresh | core.news_filter:update_calendar:150 - calendar refreshed: 4 high-impact USD events loaded
2026-08-28 02:12:46.918 | WARNING  | MainThread | __main__:run:691 - daily guard init attempt 2 returned no deals; retrying in 5s
2026-08-28 02:12:47.068 | WARNING  | news-filter-refresh | core.news_filter:update_calendar:138 - calendar fetch failed: 429 Client Error: Too Many Requests for url: https://nfs.faireconomy.media/ff_calendar_thisweek.json | using cached events
2026-08-28 02:12:49.389 | WARNING  | news-filter-refresh | core.news_filter:update_calendar:138 - calendar fetch failed: 429 Client Error: Too Many Requests for url: https://nfs.faireconomy.media/ff_calendar_thisweek.json | using cached events
2026-08-28 02:12:51.919 | INFO     | MainThread | core.mt5_client:start_heartbeat:336 - heartbeat thread started (30s)
2026-08-28 02:12:52.822 | ERROR    | telegram-loop | core.telegram_bot:_thread_main:185 - telegram thread crashed: The token `????-????-???` was rejected by the server.
Traceback (most recent call last):
  File "C:\Users\Administrator\AppData\Local\Programs\Python\Python311\Lib\site-packages\telegram\_bot.py", line 865, in initialize
    await self.get_me()
  File "C:\Users\Administrator\AppData\Local\Programs\Python\Python311\Lib\site-packages\telegram\ext\_extbot.py", line 2040, in get_me
    return await super().get_me(
  File "C:\Users\Administrator\AppData\Local\Programs\Python\Python311\Lib\site-packages\telegram\_bot.py", line 1005, in get_me
    result = await self._post(
  File "C:\Users\Administrator\AppData\Local\Programs\Python\Python311\Lib\site-packages\telegram\_bot.py", line 712, in _post
    return await self._do_post(
  File "C:\Users\Administrator\AppData\Local\Programs\Python\Python311\Lib\site-packages\telegram\ext\_extbot.py", line 378, in _do_post
    return await super()._do_post(
  File "C:\Users\Administrator\AppData\Local\Programs\Python\Python311\Lib\site-packages\telegram\_bot.py", line 741, in _do_post
    result = await request.post(
  File "C:\Users\Administrator\AppData\Local\Programs\Python\Python311\Lib\site-packages\telegram\request\_baserequest.py", line 198, in post
    result = await self._request_wrapper(
  File "C:\Users\Administrator\AppData\Local\Programs\Python\Python311\Lib\site-packages\telegram\request\_baserequest.py", line 375, in _request_wrapper
    raise exception
telegram.error.InvalidToken: Not Found

The above exception was the direct cause of the following exception:

Traceback (most recent call last):
  File "C:\Users\Administrator\AppData\Local\Programs\Python\Python311\Lib\threading.py", line 1002, in _bootstrap
    self._bootstrap_inner()
  File "C:\Users\Administrator\AppData\Local\Programs\Python\Python311\Lib\threading.py", line 1045, in _bootstrap_inner
    self.run()
  File "C:\Users\Administrator\AppData\Local\Programs\Python\Python311\Lib\threading.py", line 982, in run
    self._target(*self._args, **self._kwargs)
> File "C:\Users\Administrator\gold-3strategies\core\telegram_bot.py", line 183, in _thread_main
    loop.run_until_complete(self._async_main())
  File "C:\Users\Administrator\AppData\Local\Programs\Python\Python311\Lib\asyncio\base_events.py", line 654, in run_until_complete
    return future.result()
  File "C:\Users\Administrator\gold-3strategies\core\telegram_bot.py", line 228, in _async_main
    await app.initialize()
  File "C:\Users\Administrator\AppData\Local\Programs\Python\Python311\Lib\site-packages\telegram\ext\_application.py", line 489, in initialize
    await self.bot.initialize()
  File "C:\Users\Administrator\AppData\Local\Programs\Python\Python311\Lib\site-packages\telegram\ext\_extbot.py", line 324, in initialize
    await super().initialize()
  File "C:\Users\Administrator\AppData\Local\Programs\Python\Python311\Lib\site-packages\telegram\_bot.py", line 868, in initialize
    raise InvalidToken(f"The token `{self._token}` was rejected by the server.") from exc
telegram.error.InvalidToken: The token `????-????-???` was rejected by the server.
2026-08-28 02:12:52.835 | INFO     | telegram-loop | core.telegram_bot:_thread_main:197 - telegram event loop closed
2026-08-28 02:12:53.683 | WARNING  | news-filter-refresh | core.news_filter:update_calendar:138 - calendar fetch failed: 429 Client Error: Too Many Requests for url: https://nfs.faireconomy.media/ff_calendar_thisweek.json | using cached events
2026-08-28 02:13:01.986 | WARNING  | news-filter-refresh | core.news_filter:update_calendar:138 - calendar fetch failed: 429 Client Error: Too Many Requests for url: https://nfs.faireconomy.media/ff_calendar_thisweek.json | using cached events
2026-08-28 02:13:16.929 | ERROR    | MainThread | core.telegram_bot:start:167 - telegram controller failed to become ready in 25.0s
2026-08-28 02:13:16.929 | INFO     | MainThread | __main__:run:705 - entering main loop (1.0s cadence, 300s bars)
2026-08-28 02:13:18.284 | WARNING  | news-filter-refresh | core.news_filter:update_calendar:138 - calendar fetch failed: 429 Client Error: Too Many Requests for url: https://nfs.faireconomy.media/ff_calendar_thisweek.json | using cached events
2026-08-28 02:13:50.581 | WARNING  | news-filter-refresh | core.news_filter:update_calendar:138 - calendar fetch failed: 429 Client Error: Too Many Requests for url: https://nfs.faireconomy.media/ff_calendar_thisweek.json | using cached events
2026-08-28 02:14:54.867 | WARNING  | news-filter-refresh | core.news_filter:update_calendar:138 - calendar fetch failed: 429 Client Error: Too Many Requests for url: https://nfs.faireconomy.media/ff_calendar_thisweek.json | using cached events
2026-08-28 02:17:03.173 | WARNING  | news-filter-refresh | core.news_filter:update_calendar:138 - calendar fetch failed: 429 Client Error: Too Many Requests for url: https://nfs.faireconomy.media/ff_calendar_thisweek.json | using cached events
2026-08-28 02:20:09.801 | WARNING  | MainThread | __main__:stop:742 - shutdown requested
2026-08-28 02:20:09.801 | INFO     | MainThread | __main__:shutdown:746 - shutting down…
2026-08-28 02:20:10.803 | INFO     | MainThread | core.telegram_bot:stop:176 - telegram controller stopped
2026-08-28 02:20:10.803 | INFO     | MainThread | core.mt5_client:shutdown:292 - MT5 client shut down
2026-08-28 02:20:10.814 | SUCCESS  | MainThread | __main__:shutdown:753 - clean shutdown complete
2026-08-28 02:21:19.218 | INFO     | MainThread | core.database:__init__:159 - subscription database ready at C:\Users\Administrator\gold-3strategies\subscriptions.db
2026-08-28 02:21:19.342 | INFO     | MainThread | core.news_filter:start:92 - news filter cold-start: fetching calendar synchronously...
2026-08-28 02:21:19.644 | WARNING  | MainThread | core.news_filter:update_calendar:138 - calendar fetch failed: 429 Client Error: Too Many Requests for url: https://nfs.faireconomy.media/ff_calendar_thisweek.json | using cached events
2026-08-28 02:21:19.646 | WARNING  | MainThread | core.news_filter:start:98 - cold-start failed to fetch: will retry in background
2026-08-28 02:21:19.648 | INFO     | MainThread | core.news_filter:start:111 - news filter background refresh started (interval: 1.0h)
2026-08-28 02:21:19.658 | INFO     | MainThread | __main__:run:678 - ========================================================================
2026-08-28 02:21:19.658 | INFO     | MainThread | __main__:run:679 - GOLD M5 BOT starting | risk 1.00% | lots 0.01-0.05 | SL/TP 1.5x/3.5xATR(14) | BE 1.8xATR+5pts | trail 99.0x/1.5xATR
2026-08-28 02:21:19.658 | INFO     | MainThread | __main__:run:680 - ========================================================================
2026-08-28 02:21:19.668 | SUCCESS  | MainThread | core.mt5_client:connect:232 - MT5 connected | login=111468044 server=MetaQuotes-Demo balance=699.13 USD | symbol=XAUUSD | algo_trading=True
2026-08-28 02:21:19.668 | WARNING  | MainThread | core.risk_manager:from_mt5:58 - broker tick_value 0.1000 implausible vs tick_size*contract_size 1.0000; using computed value (sizing guard)
2026-08-28 02:21:19.668 | INFO     | MainThread | __main__:_sync_daily:489 - daily guard init | realized today=$0.00 | day-start balance=$699.13 | cap -10%/$69.91
2026-08-28 02:21:19.670 | WARNING  | MainThread | __main__:_sync_daily:494 - daily guard init found 0 closed deals for a day >4h old; terminal history may not be synced yet
2026-08-28 02:21:19.670 | WARNING  | MainThread | __main__:run:691 - daily guard init attempt 1 returned no deals; retrying in 5s
2026-08-28 02:21:19.970 | WARNING  | news-filter-refresh | core.news_filter:update_calendar:138 - calendar fetch failed: 429 Client Error: Too Many Requests for url: https://nfs.faireconomy.media/ff_calendar_thisweek.json | using cached events
2026-08-28 02:21:22.288 | WARNING  | news-filter-refresh | core.news_filter:update_calendar:138 - calendar fetch failed: 429 Client Error: Too Many Requests for url: https://nfs.faireconomy.media/ff_calendar_thisweek.json | using cached events
2026-08-28 02:21:24.671 | WARNING  | MainThread | __main__:run:691 - daily guard init attempt 2 returned no deals; retrying in 5s
2026-08-28 02:21:26.593 | WARNING  | news-filter-refresh | core.news_filter:update_calendar:138 - calendar fetch failed: 429 Client Error: Too Many Requests for url: https://nfs.faireconomy.media/ff_calendar_thisweek.json | using cached events
2026-08-28 02:21:29.672 | INFO     | MainThread | core.mt5_client:start_heartbeat:336 - heartbeat thread started (30s)
2026-08-28 02:21:30.618 | ERROR    | telegram-loop | core.telegram_bot:_thread_main:185 - telegram thread crashed: The token `????-????-???` was rejected by the server.
Traceback (most recent call last):
  File "C:\Users\Administrator\AppData\Local\Programs\Python\Python311\Lib\site-packages\telegram\_bot.py", line 865, in initialize
    await self.get_me()
  File "C:\Users\Administrator\AppData\Local\Programs\Python\Python311\Lib\site-packages\telegram\ext\_extbot.py", line 2040, in get_me
    return await super().get_me(
  File "C:\Users\Administrator\AppData\Local\Programs\Python\Python311\Lib\site-packages\telegram\_bot.py", line 1005, in get_me
    result = await self._post(
  File "C:\Users\Administrator\AppData\Local\Programs\Python\Python311\Lib\site-packages\telegram\_bot.py", line 712, in _post
    return await self._do_post(
  File "C:\Users\Administrator\AppData\Local\Programs\Python\Python311\Lib\site-packages\telegram\ext\_extbot.py", line 378, in _do_post
    return await super()._do_post(
  File "C:\Users\Administrator\AppData\Local\Programs\Python\Python311\Lib\site-packages\telegram\_bot.py", line 741, in _do_post
    result = await request.post(
  File "C:\Users\Administrator\AppData\Local\Programs\Python\Python311\Lib\site-packages\telegram\request\_baserequest.py", line 198, in post
    result = await self._request_wrapper(
  File "C:\Users\Administrator\AppData\Local\Programs\Python\Python311\Lib\site-packages\telegram\request\_baserequest.py", line 375, in _request_wrapper
    raise exception
telegram.error.InvalidToken: Not Found

The above exception was the direct cause of the following exception:

Traceback (most recent call last):
  File "C:\Users\Administrator\AppData\Local\Programs\Python\Python311\Lib\threading.py", line 1002, in _bootstrap
    self._bootstrap_inner()
  File "C:\Users\Administrator\AppData\Local\Programs\Python\Python311\Lib\threading.py", line 1045, in _bootstrap_inner
    self.run()
  File "C:\Users\Administrator\AppData\Local\Programs\Python\Python311\Lib\threading.py", line 982, in run
    self._target(*self._args, **self._kwargs)
> File "C:\Users\Administrator\gold-3strategies\core\telegram_bot.py", line 183, in _thread_main
    loop.run_until_complete(self._async_main())
  File "C:\Users\Administrator\AppData\Local\Programs\Python\Python311\Lib\asyncio\base_events.py", line 654, in run_until_complete
    return future.result()
  File "C:\Users\Administrator\gold-3strategies\core\telegram_bot.py", line 228, in _async_main
    await app.initialize()
  File "C:\Users\Administrator\AppData\Local\Programs\Python\Python311\Lib\site-packages\telegram\ext\_application.py", line 489, in initialize
    await self.bot.initialize()
  File "C:\Users\Administrator\AppData\Local\Programs\Python\Python311\Lib\site-packages\telegram\ext\_extbot.py", line 324, in initialize
    await super().initialize()
  File "C:\Users\Administrator\AppData\Local\Programs\Python\Python311\Lib\site-packages\telegram\_bot.py", line 868, in initialize
    raise InvalidToken(f"The token `{self._token}` was rejected by the server.") from exc
telegram.error.InvalidToken: The token `????-????-???` was rejected by the server.
2026-08-28 02:21:30.675 | INFO     | telegram-loop | core.telegram_bot:_thread_main:197 - telegram event loop closed
2026-08-28 02:21:34.891 | WARNING  | news-filter-refresh | core.news_filter:update_calendar:138 - calendar fetch failed: 429 Client Error: Too Many Requests for url: https://nfs.faireconomy.media/ff_calendar_thisweek.json | using cached events
2026-08-28 02:21:51.216 | WARNING  | news-filter-refresh | core.news_filter:update_calendar:138 - calendar fetch failed: 429 Client Error: Too Many Requests for url: https://nfs.faireconomy.media/ff_calendar_thisweek.json | using cached events
2026-08-28 02:21:54.688 | ERROR    | MainThread | core.telegram_bot:start:167 - telegram controller failed to become ready in 25.0s
2026-08-28 02:21:54.688 | INFO     | MainThread | __main__:run:705 - entering main loop (1.0s cadence, 300s bars)
2026-08-28 02:22:23.520 | WARNING  | news-filter-refresh | core.news_filter:update_calendar:138 - calendar fetch failed: 429 Client Error: Too Many Requests for url: https://nfs.faireconomy.media/ff_calendar_thisweek.json | using cached events
2026-08-28 02:23:27.818 | WARNING  | news-filter-refresh | core.news_filter:update_calendar:138 - calendar fetch failed: 429 Client Error: Too Many Requests for url: https://nfs.faireconomy.media/ff_calendar_thisweek.json | using cached events
2026-08-28 02:27:43.255 | INFO     | MainThread | core.database:__init__:159 - subscription database ready at C:\Users\Administrator\gold-3strategies\subscriptions.db
2026-08-28 02:27:43.390 | INFO     | MainThread | core.news_filter:start:92 - news filter cold-start: fetching calendar synchronously...
2026-08-28 02:27:43.725 | WARNING  | MainThread | core.news_filter:update_calendar:138 - calendar fetch failed: 429 Client Error: Too Many Requests for url: https://nfs.faireconomy.media/ff_calendar_thisweek.json | using cached events
2026-08-28 02:27:43.727 | WARNING  | MainThread | core.news_filter:start:98 - cold-start failed to fetch: will retry in background
2026-08-28 02:27:43.729 | INFO     | MainThread | core.news_filter:start:111 - news filter background refresh started (interval: 1.0h)
2026-08-28 02:27:43.739 | INFO     | MainThread | __main__:run:678 - ========================================================================
2026-08-28 02:27:43.739 | INFO     | MainThread | __main__:run:679 - GOLD M5 BOT starting | risk 1.00% | lots 0.01-0.05 | SL/TP 1.5x/3.5xATR(14) | BE 1.8xATR+5pts | trail 99.0x/1.5xATR
2026-08-28 02:27:43.739 | INFO     | MainThread | __main__:run:680 - ========================================================================
2026-08-28 02:27:43.751 | SUCCESS  | MainThread | core.mt5_client:connect:232 - MT5 connected | login=111468044 server=MetaQuotes-Demo balance=699.13 USD | symbol=XAUUSD | algo_trading=True
2026-08-28 02:27:43.751 | WARNING  | MainThread | core.risk_manager:from_mt5:58 - broker tick_value 0.1000 implausible vs tick_size*contract_size 1.0000; using computed value (sizing guard)
2026-08-28 02:27:43.753 | INFO     | MainThread | __main__:_sync_daily:489 - daily guard init | realized today=$0.00 | day-start balance=$699.13 | cap -10%/$69.91
2026-08-28 02:27:43.753 | WARNING  | MainThread | __main__:_sync_daily:494 - daily guard init found 0 closed deals for a day >4h old; terminal history may not be synced yet
2026-08-28 02:27:43.753 | WARNING  | MainThread | __main__:run:691 - daily guard init attempt 1 returned no deals; retrying in 5s
2026-08-28 02:27:44.052 | WARNING  | news-filter-refresh | core.news_filter:update_calendar:138 - calendar fetch failed: 429 Client Error: Too Many Requests for url: https://nfs.faireconomy.media/ff_calendar_thisweek.json | using cached events
2026-08-28 02:27:46.467 | WARNING  | news-filter-refresh | core.news_filter:update_calendar:138 - calendar fetch failed: 429 Client Error: Too Many Requests for url: https://nfs.faireconomy.media/ff_calendar_thisweek.json | using cached events
2026-08-28 02:27:48.802 | WARNING  | MainThread | __main__:run:691 - daily guard init attempt 2 returned no deals; retrying in 5s
2026-08-28 02:27:50.776 | WARNING  | news-filter-refresh | core.news_filter:update_calendar:138 - calendar fetch failed: 429 Client Error: Too Many Requests for url: https://nfs.faireconomy.media/ff_calendar_thisweek.json | using cached events
2026-08-28 02:27:53.804 | INFO     | MainThread | core.mt5_client:start_heartbeat:336 - heartbeat thread started (30s)
2026-08-28 02:27:54.768 | ERROR    | telegram-loop | core.telegram_bot:_thread_main:185 - telegram thread crashed: The token `????-????-???` was rejected by the server.
Traceback (most recent call last):
  File "C:\Users\Administrator\AppData\Local\Programs\Python\Python311\Lib\site-packages\telegram\_bot.py", line 865, in initialize
    await self.get_me()
  File "C:\Users\Administrator\AppData\Local\Programs\Python\Python311\Lib\site-packages\telegram\ext\_extbot.py", line 2040, in get_me
    return await super().get_me(
  File "C:\Users\Administrator\AppData\Local\Programs\Python\Python311\Lib\site-packages\telegram\_bot.py", line 1005, in get_me
    result = await self._post(
  File "C:\Users\Administrator\AppData\Local\Programs\Python\Python311\Lib\site-packages\telegram\_bot.py", line 712, in _post
    return await self._do_post(
  File "C:\Users\Administrator\AppData\Local\Programs\Python\Python311\Lib\site-packages\telegram\ext\_extbot.py", line 378, in _do_post
    return await super()._do_post(
  File "C:\Users\Administrator\AppData\Local\Programs\Python\Python311\Lib\site-packages\telegram\_bot.py", line 741, in _do_post
    result = await request.post(
  File "C:\Users\Administrator\AppData\Local\Programs\Python\Python311\Lib\site-packages\telegram\request\_baserequest.py", line 198, in post
    result = await self._request_wrapper(
  File "C:\Users\Administrator\AppData\Local\Programs\Python\Python311\Lib\site-packages\telegram\request\_baserequest.py", line 375, in _request_wrapper
    raise exception
telegram.error.InvalidToken: Not Found

The above exception was the direct cause of the following exception:

Traceback (most recent call last):
  File "C:\Users\Administrator\AppData\Local\Programs\Python\Python311\Lib\threading.py", line 1002, in _bootstrap
    self._bootstrap_inner()
  File "C:\Users\Administrator\AppData\Local\Programs\Python\Python311\Lib\threading.py", line 1045, in _bootstrap_inner
    self.run()
  File "C:\Users\Administrator\AppData\Local\Programs\Python\Python311\Lib\threading.py", line 982, in run
    self._target(*self._args, **self._kwargs)
> File "C:\Users\Administrator\gold-3strategies\core\telegram_bot.py", line 183, in _thread_main
    loop.run_until_complete(self._async_main())
  File "C:\Users\Administrator\AppData\Local\Programs\Python\Python311\Lib\asyncio\base_events.py", line 654, in run_until_complete
    return future.result()
  File "C:\Users\Administrator\gold-3strategies\core\telegram_bot.py", line 228, in _async_main
    await app.initialize()
  File "C:\Users\Administrator\AppData\Local\Programs\Python\Python311\Lib\site-packages\telegram\ext\_application.py", line 489, in initialize
    await self.bot.initialize()
  File "C:\Users\Administrator\AppData\Local\Programs\Python\Python311\Lib\site-packages\telegram\ext\_extbot.py", line 324, in initialize
    await super().initialize()
  File "C:\Users\Administrator\AppData\Local\Programs\Python\Python311\Lib\site-packages\telegram\_bot.py", line 868, in initialize
    raise InvalidToken(f"The token `{self._token}` was rejected by the server.") from exc
telegram.error.InvalidToken: The token `????-????-???` was rejected by the server.
2026-08-28 02:27:54.823 | INFO     | telegram-loop | core.telegram_bot:_thread_main:197 - telegram event loop closed
2026-08-28 02:27:59.075 | WARNING  | news-filter-refresh | core.news_filter:update_calendar:138 - calendar fetch failed: 429 Client Error: Too Many Requests for url: https://nfs.faireconomy.media/ff_calendar_thisweek.json | using cached events
2026-08-28 02:28:15.377 | WARNING  | news-filter-refresh | core.news_filter:update_calendar:138 - calendar fetch failed: 429 Client Error: Too Many Requests for url: https://nfs.faireconomy.media/ff_calendar_thisweek.json | using cached events
2026-08-28 02:28:18.818 | ERROR    | MainThread | core.telegram_bot:start:167 - telegram controller failed to become ready in 25.0s
2026-08-28 02:28:18.818 | INFO     | MainThread | __main__:run:705 - entering main loop (1.0s cadence, 300s bars)
2026-08-28 02:32:41.871 | INFO     | MainThread | core.database:__init__:159 - subscription database ready at C:\Users\Administrator\gold-3strategies\subscriptions.db
2026-08-28 02:32:41.986 | INFO     | MainThread | core.news_filter:start:92 - news filter cold-start: fetching calendar synchronously...
2026-08-28 02:32:42.316 | SUCCESS  | MainThread | core.news_filter:update_calendar:150 - calendar refreshed: 4 high-impact USD events loaded
2026-08-28 02:32:42.320 | SUCCESS  | MainThread | core.news_filter:start:96 - cold-start successful: calendar loaded
2026-08-28 02:32:42.320 | INFO     | MainThread | core.news_filter:start:111 - news filter background refresh started (interval: 1.0h)
2026-08-28 02:32:42.330 | INFO     | MainThread | __main__:run:678 - ========================================================================
2026-08-28 02:32:42.330 | INFO     | MainThread | __main__:run:679 - GOLD M5 BOT starting | risk 1.00% | lots 0.01-0.05 | SL/TP 1.5x/3.5xATR(14) | BE 1.8xATR+5pts | trail 99.0x/1.5xATR
2026-08-28 02:32:42.330 | INFO     | MainThread | __main__:run:680 - ========================================================================
2026-08-28 02:32:42.375 | SUCCESS  | MainThread | core.mt5_client:connect:232 - MT5 connected | login=111468044 server=MetaQuotes-Demo balance=699.13 USD | symbol=XAUUSD | algo_trading=True
2026-08-28 02:32:42.375 | WARNING  | MainThread | core.risk_manager:from_mt5:58 - broker tick_value 0.1000 implausible vs tick_size*contract_size 1.0000; using computed value (sizing guard)
2026-08-28 02:32:42.377 | INFO     | MainThread | __main__:_sync_daily:489 - daily guard init | realized today=$0.00 | day-start balance=$699.13 | cap -10%/$69.91
2026-08-28 02:32:42.377 | WARNING  | MainThread | __main__:_sync_daily:494 - daily guard init found 0 closed deals for a day >4h old; terminal history may not be synced yet
2026-08-28 02:32:42.377 | WARNING  | MainThread | __main__:run:691 - daily guard init attempt 1 returned no deals; retrying in 5s
2026-08-28 02:32:42.652 | SUCCESS  | news-filter-refresh | core.news_filter:update_calendar:150 - calendar refreshed: 4 high-impact USD events loaded
2026-08-28 02:32:44.091 | WARNING  | news-filter-refresh | core.news_filter:update_calendar:138 - calendar fetch failed: 429 Client Error: Too Many Requests for url: https://nfs.faireconomy.media/ff_calendar_thisweek.json | using cached events
2026-08-28 02:37:41.651 | INFO     | MainThread | core.database:__init__:159 - subscription database ready at C:\Users\Administrator\gold-3strategies\subscriptions.db
2026-08-28 02:37:41.767 | INFO     | MainThread | core.news_filter:start:92 - news filter cold-start: fetching calendar synchronously...
2026-08-28 02:37:42.116 | WARNING  | MainThread | core.news_filter:update_calendar:138 - calendar fetch failed: 429 Client Error: Too Many Requests for url: https://nfs.faireconomy.media/ff_calendar_thisweek.json | using cached events
2026-08-28 02:37:42.118 | WARNING  | MainThread | core.news_filter:start:98 - cold-start failed to fetch: will retry in background
2026-08-28 02:37:42.120 | INFO     | MainThread | core.news_filter:start:111 - news filter background refresh started (interval: 1.0h)
2026-08-28 02:37:42.129 | INFO     | MainThread | __main__:run:678 - ========================================================================
2026-08-28 02:37:42.129 | INFO     | MainThread | __main__:run:679 - GOLD M5 BOT starting | risk 1.00% | lots 0.01-0.05 | SL/TP 1.5x/3.5xATR(14) | BE 1.8xATR+5pts | trail 99.0x/1.5xATR
2026-08-28 02:37:42.129 | INFO     | MainThread | __main__:run:680 - ========================================================================
2026-08-28 02:37:42.141 | SUCCESS  | MainThread | core.mt5_client:connect:232 - MT5 connected | login=111468044 server=MetaQuotes-Demo balance=699.13 USD | symbol=XAUUSD | algo_trading=True
2026-08-28 02:37:42.141 | WARNING  | MainThread | core.risk_manager:from_mt5:58 - broker tick_value 0.1000 implausible vs tick_size*contract_size 1.0000; using computed value (sizing guard)
2026-08-28 02:37:42.143 | INFO     | MainThread | __main__:_sync_daily:489 - daily guard init | realized today=$0.00 | day-start balance=$699.13 | cap -10%/$69.91
2026-08-28 02:37:42.143 | WARNING  | MainThread | __main__:_sync_daily:494 - daily guard init found 0 closed deals for a day >4h old; terminal history may not be synced yet
2026-08-28 02:37:42.143 | WARNING  | MainThread | __main__:run:691 - daily guard init attempt 1 returned no deals; retrying in 5s
2026-08-28 02:37:42.459 | WARNING  | news-filter-refresh | core.news_filter:update_calendar:138 - calendar fetch failed: 429 Client Error: Too Many Requests for url: https://nfs.faireconomy.media/ff_calendar_thisweek.json | using cached events
2026-08-28 02:37:44.766 | SUCCESS  | news-filter-refresh | core.news_filter:update_calendar:150 - calendar refreshed: 4 high-impact USD events loaded
2026-08-28 02:37:46.063 | SUCCESS  | news-filter-refresh | core.news_filter:update_calendar:150 - calendar refreshed: 4 high-impact USD events loaded
2026-08-28 02:37:47.144 | WARNING  | MainThread | __main__:run:691 - daily guard init attempt 2 returned no deals; retrying in 5s
2026-08-28 02:37:47.362 | WARNING  | news-filter-refresh | core.news_filter:update_calendar:138 - calendar fetch failed: 429 Client Error: Too Many Requests for url: https://nfs.faireconomy.media/ff_calendar_thisweek.json | using cached events
2026-08-28 02:37:49.663 | WARNING  | news-filter-refresh | core.news_filter:update_calendar:138 - calendar fetch failed: 429 Client Error: Too Many Requests for url: https://nfs.faireconomy.media/ff_calendar_thisweek.json | using cached events
2026-08-28 02:37:52.145 | INFO     | MainThread | core.mt5_client:start_heartbeat:336 - heartbeat thread started (30s)
2026-08-28 02:37:53.068 | ERROR    | telegram-loop | core.telegram_bot:_thread_main:185 - telegram thread crashed: The token `????-????-???` was rejected by the server.
Traceback (most recent call last):
  File "C:\Users\Administrator\AppData\Local\Programs\Python\Python311\Lib\site-packages\telegram\_bot.py", line 865, in initialize
    await self.get_me()
  File "C:\Users\Administrator\AppData\Local\Programs\Python\Python311\Lib\site-packages\telegram\ext\_extbot.py", line 2040, in get_me
    return await super().get_me(
  File "C:\Users\Administrator\AppData\Local\Programs\Python\Python311\Lib\site-packages\telegram\_bot.py", line 1005, in get_me
    result = await self._post(
  File "C:\Users\Administrator\AppData\Local\Programs\Python\Python311\Lib\site-packages\telegram\_bot.py", line 712, in _post
    return await self._do_post(
  File "C:\Users\Administrator\AppData\Local\Programs\Python\Python311\Lib\site-packages\telegram\ext\_extbot.py", line 378, in _do_post
    return await super()._do_post(
  File "C:\Users\Administrator\AppData\Local\Programs\Python\Python311\Lib\site-packages\telegram\_bot.py", line 741, in _do_post
    result = await request.post(
  File "C:\Users\Administrator\AppData\Local\Programs\Python\Python311\Lib\site-packages\telegram\request\_baserequest.py", line 198, in post
    result = await self._request_wrapper(
  File "C:\Users\Administrator\AppData\Local\Programs\Python\Python311\Lib\site-packages\telegram\request\_baserequest.py", line 375, in _request_wrapper
    raise exception
telegram.error.InvalidToken: Not Found

The above exception was the direct cause of the following exception:

Traceback (most recent call last):
  File "C:\Users\Administrator\AppData\Local\Programs\Python\Python311\Lib\threading.py", line 1002, in _bootstrap
    self._bootstrap_inner()
  File "C:\Users\Administrator\AppData\Local\Programs\Python\Python311\Lib\threading.py", line 1045, in _bootstrap_inner
    self.run()
  File "C:\Users\Administrator\AppData\Local\Programs\Python\Python311\Lib\threading.py", line 982, in run
    self._target(*self._args, **self._kwargs)
> File "C:\Users\Administrator\gold-3strategies\core\telegram_bot.py", line 183, in _thread_main
    loop.run_until_complete(self._async_main())
  File "C:\Users\Administrator\AppData\Local\Programs\Python\Python311\Lib\asyncio\base_events.py", line 654, in run_until_complete
    return future.result()
  File "C:\Users\Administrator\gold-3strategies\core\telegram_bot.py", line 228, in _async_main
    await app.initialize()
  File "C:\Users\Administrator\AppData\Local\Programs\Python\Python311\Lib\site-packages\telegram\ext\_application.py", line 489, in initialize
    await self.bot.initialize()
  File "C:\Users\Administrator\AppData\Local\Programs\Python\Python311\Lib\site-packages\telegram\ext\_extbot.py", line 324, in initialize
    await super().initialize()
  File "C:\Users\Administrator\AppData\Local\Programs\Python\Python311\Lib\site-packages\telegram\_bot.py", line 868, in initialize
    raise InvalidToken(f"The token `{self._token}` was rejected by the server.") from exc
telegram.error.InvalidToken: The token `????-????-???` was rejected by the server.
2026-08-28 02:37:53.080 | INFO     | telegram-loop | core.telegram_bot:_thread_main:197 - telegram event loop closed
2026-08-28 02:37:53.961 | WARNING  | news-filter-refresh | core.news_filter:update_calendar:138 - calendar fetch failed: 429 Client Error: Too Many Requests for url: https://nfs.faireconomy.media/ff_calendar_thisweek.json | using cached events
2026-08-28 02:38:02.265 | WARNING  | news-filter-refresh | core.news_filter:update_calendar:138 - calendar fetch failed: 429 Client Error: Too Many Requests for url: https://nfs.faireconomy.media/ff_calendar_thisweek.json | using cached events
2026-08-28 02:42:41.539 | INFO     | MainThread | core.database:__init__:159 - subscription database ready at C:\Users\Administrator\gold-3strategies\subscriptions.db
2026-08-28 02:42:41.651 | INFO     | MainThread | core.news_filter:start:92 - news filter cold-start: fetching calendar synchronously...
2026-08-28 02:42:41.980 | WARNING  | MainThread | core.news_filter:update_calendar:138 - calendar fetch failed: 429 Client Error: Too Many Requests for url: https://nfs.faireconomy.media/ff_calendar_thisweek.json | using cached events
2026-08-28 02:42:41.982 | WARNING  | MainThread | core.news_filter:start:98 - cold-start failed to fetch: will retry in background
2026-08-28 02:42:41.982 | INFO     | MainThread | core.news_filter:start:111 - news filter background refresh started (interval: 1.0h)
2026-08-28 02:42:41.992 | INFO     | MainThread | __main__:run:678 - ========================================================================
2026-08-28 02:42:41.992 | INFO     | MainThread | __main__:run:679 - GOLD M5 BOT starting | risk 1.00% | lots 0.01-0.05 | SL/TP 1.5x/3.5xATR(14) | BE 1.8xATR+5pts | trail 99.0x/1.5xATR
2026-08-28 02:42:41.992 | INFO     | MainThread | __main__:run:680 - ========================================================================
2026-08-28 02:42:42.004 | SUCCESS  | MainThread | core.mt5_client:connect:232 - MT5 connected | login=111468044 server=MetaQuotes-Demo balance=699.13 USD | symbol=XAUUSD | algo_trading=True
2026-08-28 02:42:42.004 | WARNING  | MainThread | core.risk_manager:from_mt5:58 - broker tick_value 0.1000 implausible vs tick_size*contract_size 1.0000; using computed value (sizing guard)
2026-08-28 02:42:42.004 | INFO     | MainThread | __main__:_sync_daily:489 - daily guard init | realized today=$0.00 | day-start balance=$699.13 | cap -10%/$69.91
2026-08-28 02:42:42.004 | WARNING  | MainThread | __main__:_sync_daily:494 - daily guard init found 0 closed deals for a day >4h old; terminal history may not be synced yet
2026-08-28 02:42:42.004 | WARNING  | MainThread | __main__:run:691 - daily guard init attempt 1 returned no deals; retrying in 5s
2026-08-28 02:42:42.290 | WARNING  | news-filter-refresh | core.news_filter:update_calendar:138 - calendar fetch failed: 429 Client Error: Too Many Requests for url: https://nfs.faireconomy.media/ff_calendar_thisweek.json | using cached events
2026-08-28 02:42:44.594 | WARNING  | news-filter-refresh | core.news_filter:update_calendar:138 - calendar fetch failed: 429 Client Error: Too Many Requests for url: https://nfs.faireconomy.media/ff_calendar_thisweek.json | using cached events
2026-08-28 02:42:47.006 | WARNING  | MainThread | __main__:run:691 - daily guard init attempt 2 returned no deals; retrying in 5s
2026-08-28 02:42:48.909 | SUCCESS  | news-filter-refresh | core.news_filter:update_calendar:150 - calendar refreshed: 4 high-impact USD events loaded
2026-08-28 02:42:50.232 | SUCCESS  | news-filter-refresh | core.news_filter:update_calendar:150 - calendar refreshed: 4 high-impact USD events loaded
2026-08-28 02:42:51.522 | WARNING  | news-filter-refresh | core.news_filter:update_calendar:138 - calendar fetch failed: 429 Client Error: Too Many Requests for url: https://nfs.faireconomy.media/ff_calendar_thisweek.json | using cached events
2026-08-28 02:42:52.007 | INFO     | MainThread | core.mt5_client:start_heartbeat:336 - heartbeat thread started (30s)
2026-08-28 02:42:52.965 | ERROR    | telegram-loop | core.telegram_bot:_thread_main:185 - telegram thread crashed: The token `????-????-???` was rejected by the server.
Traceback (most recent call last):
  File "C:\Users\Administrator\AppData\Local\Programs\Python\Python311\Lib\site-packages\telegram\_bot.py", line 865, in initialize
    await self.get_me()
  File "C:\Users\Administrator\AppData\Local\Programs\Python\Python311\Lib\site-packages\telegram\ext\_extbot.py", line 2040, in get_me
    return await super().get_me(
  File "C:\Users\Administrator\AppData\Local\Programs\Python\Python311\Lib\site-packages\telegram\_bot.py", line 1005, in get_me
    result = await self._post(
  File "C:\Users\Administrator\AppData\Local\Programs\Python\Python311\Lib\site-packages\telegram\_bot.py", line 712, in _post
    return await self._do_post(
  File "C:\Users\Administrator\AppData\Local\Programs\Python\Python311\Lib\site-packages\telegram\ext\_extbot.py", line 378, in _do_post
    return await super()._do_post(
  File "C:\Users\Administrator\AppData\Local\Programs\Python\Python311\Lib\site-packages\telegram\_bot.py", line 741, in _do_post
    result = await request.post(
  File "C:\Users\Administrator\AppData\Local\Programs\Python\Python311\Lib\site-packages\telegram\request\_baserequest.py", line 198, in post
    result = await self._request_wrapper(
  File "C:\Users\Administrator\AppData\Local\Programs\Python\Python311\Lib\site-packages\telegram\request\_baserequest.py", line 375, in _request_wrapper
    raise exception
telegram.error.InvalidToken: Not Found

The above exception was the direct cause of the following exception:

Traceback (most recent call last):
  File "C:\Users\Administrator\AppData\Local\Programs\Python\Python311\Lib\threading.py", line 1002, in _bootstrap
    self._bootstrap_inner()
  File "C:\Users\Administrator\AppData\Local\Programs\Python\Python311\Lib\threading.py", line 1045, in _bootstrap_inner
    self.run()
  File "C:\Users\Administrator\AppData\Local\Programs\Python\Python311\Lib\threading.py", line 982, in run
    self._target(*self._args, **self._kwargs)
> File "C:\Users\Administrator\gold-3strategies\core\telegram_bot.py", line 183, in _thread_main
    loop.run_until_complete(self._async_main())
  File "C:\Users\Administrator\AppData\Local\Programs\Python\Python311\Lib\asyncio\base_events.py", line 654, in run_until_complete
    return future.result()
  File "C:\Users\Administrator\gold-3strategies\core\telegram_bot.py", line 228, in _async_main
    await app.initialize()
  File "C:\Users\Administrator\AppData\Local\Programs\Python\Python311\Lib\site-packages\telegram\ext\_application.py", line 489, in initialize
    await self.bot.initialize()
  File "C:\Users\Administrator\AppData\Local\Programs\Python\Python311\Lib\site-packages\telegram\ext\_extbot.py", line 324, in initialize
    await super().initialize()
  File "C:\Users\Administrator\AppData\Local\Programs\Python\Python311\Lib\site-packages\telegram\_bot.py", line 868, in initialize
    raise InvalidToken(f"The token `{self._token}` was rejected by the server.") from exc
telegram.error.InvalidToken: The token `????-????-???` was rejected by the server.
2026-08-28 02:42:53.014 | INFO     | telegram-loop | core.telegram_bot:_thread_main:197 - telegram event loop closed
2026-08-28 02:42:53.830 | WARNING  | news-filter-refresh | core.news_filter:update_calendar:138 - calendar fetch failed: 429 Client Error: Too Many Requests for url: https://nfs.faireconomy.media/ff_calendar_thisweek.json | using cached events
2026-08-28 02:42:58.129 | WARNING  | news-filter-refresh | core.news_filter:update_calendar:138 - calendar fetch failed: 429 Client Error: Too Many Requests for url: https://nfs.faireconomy.media/ff_calendar_thisweek.json | using cached events
2026-08-28 02:43:06.450 | WARNING  | news-filter-refresh | core.news_filter:update_calendar:138 - calendar fetch failed: 429 Client Error: Too Many Requests for url: https://nfs.faireconomy.media/ff_calendar_thisweek.json | using cached events
2026-08-28 02:43:17.020 | ERROR    | MainThread | core.telegram_bot:start:167 - telegram controller failed to become ready in 25.0s
2026-08-28 02:43:17.020 | INFO     | MainThread | __main__:run:705 - entering main loop (1.0s cadence, 300s bars)
2026-08-28 02:43:22.757 | WARNING  | news-filter-refresh | core.news_filter:update_calendar:138 - calendar fetch failed: 429 Client Error: Too Many Requests for url: https://nfs.faireconomy.media/ff_calendar_thisweek.json | using cached events
2026-08-28 02:43:55.055 | WARNING  | news-filter-refresh | core.news_filter:update_calendar:138 - calendar fetch failed: 429 Client Error: Too Many Requests for url: https://nfs.faireconomy.media/ff_calendar_thisweek.json | using cached events
2026-08-28 02:44:59.374 | WARNING  | news-filter-refresh | core.news_filter:update_calendar:138 - calendar fetch failed: 429 Client Error: Too Many Requests for url: https://nfs.faireconomy.media/ff_calendar_thisweek.json | using cached events
2026-08-28 02:47:07.687 | WARNING  | news-filter-refresh | core.news_filter:update_calendar:138 - calendar fetch failed: 429 Client Error: Too Many Requests for url: https://nfs.faireconomy.media/ff_calendar_thisweek.json | using cached events
2026-08-28 02:51:24.014 | WARNING  | news-filter-refresh | core.news_filter:update_calendar:138 - calendar fetch failed: 429 Client Error: Too Many Requests for url: https://nfs.faireconomy.media/ff_calendar_thisweek.json | using cached events
2026-08-28 02:59:56.338 | WARNING  | news-filter-refresh | core.news_filter:update_calendar:138 - calendar fetch failed: 429 Client Error: Too Many Requests for url: https://nfs.faireconomy.media/ff_calendar_thisweek.json | using cached events
2026-08-28 03:17:00.660 | WARNING  | news-filter-refresh | core.news_filter:update_calendar:138 - calendar fetch failed: 429 Client Error: Too Many Requests for url: https://nfs.faireconomy.media/ff_calendar_thisweek.json | using cached events
2026-08-28 03:32:40.737 | INFO     | MainThread | core.database:__init__:159 - subscription database ready at C:\Users\Administrator\gold-3strategies\subscriptions.db
2026-08-28 03:32:40.851 | INFO     | MainThread | core.news_filter:start:92 - news filter cold-start: fetching calendar synchronously...
2026-08-28 03:32:41.143 | WARNING  | MainThread | core.news_filter:update_calendar:138 - calendar fetch failed: 429 Client Error: Too Many Requests for url: https://nfs.faireconomy.media/ff_calendar_thisweek.json | using cached events
2026-08-28 03:32:41.145 | WARNING  | MainThread | core.news_filter:start:98 - cold-start failed to fetch: will retry in background
2026-08-28 03:32:41.145 | INFO     | MainThread | core.news_filter:start:111 - news filter background refresh started (interval: 1.0h)
2026-08-28 03:32:41.155 | INFO     | MainThread | __main__:run:678 - ========================================================================
2026-08-28 03:32:41.155 | INFO     | MainThread | __main__:run:679 - GOLD M5 BOT starting | risk 1.00% | lots 0.01-0.05 | SL/TP 1.5x/3.5xATR(14) | BE 1.8xATR+5pts | trail 99.0x/1.5xATR
2026-08-28 03:32:41.155 | INFO     | MainThread | __main__:run:680 - ========================================================================
2026-08-28 03:32:41.204 | SUCCESS  | MainThread | core.mt5_client:connect:232 - MT5 connected | login=111468044 server=MetaQuotes-Demo balance=699.13 USD | symbol=XAUUSD | algo_trading=True
2026-08-28 03:32:41.204 | WARNING  | MainThread | core.risk_manager:from_mt5:58 - broker tick_value 0.1000 implausible vs tick_size*contract_size 1.0000; using computed value (sizing guard)
2026-08-28 03:32:41.204 | INFO     | MainThread | __main__:_sync_daily:489 - daily guard init | realized today=$0.00 | day-start balance=$699.13 | cap -10%/$69.91
2026-08-28 03:32:41.204 | WARNING  | MainThread | __main__:_sync_daily:494 - daily guard init found 0 closed deals for a day >4h old; terminal history may not be synced yet
2026-08-28 03:32:41.206 | WARNING  | MainThread | __main__:run:691 - daily guard init attempt 1 returned no deals; retrying in 5s
2026-08-28 03:32:41.464 | WARNING  | news-filter-refresh | core.news_filter:update_calendar:138 - calendar fetch failed: 429 Client Error: Too Many Requests for url: https://nfs.faireconomy.media/ff_calendar_thisweek.json | using cached events
2026-08-28 03:32:43.777 | WARNING  | news-filter-refresh | core.news_filter:update_calendar:138 - calendar fetch failed: 429 Client Error: Too Many Requests for url: https://nfs.faireconomy.media/ff_calendar_thisweek.json | using cached events
2026-08-28 03:32:46.207 | WARNING  | MainThread | __main__:run:691 - daily guard init attempt 2 returned no deals; retrying in 5s
2026-08-28 03:32:48.093 | WARNING  | news-filter-refresh | core.news_filter:update_calendar:138 - calendar fetch failed: 429 Client Error: Too Many Requests for url: https://nfs.faireconomy.media/ff_calendar_thisweek.json | using cached events
2026-08-28 03:32:51.208 | INFO     | MainThread | core.mt5_client:start_heartbeat:336 - heartbeat thread started (30s)
2026-08-28 03:32:52.396 | SUCCESS  | MainThread | core.telegram_bot:start:165 - telegram controller online as @GoldForgepro_bot
2026-08-28 03:32:52.398 | INFO     | MainThread | __main__:run:705 - entering main loop (1.0s cadence, 300s bars)
2026-08-28 03:32:56.395 | WARNING  | news-filter-refresh | core.news_filter:update_calendar:138 - calendar fetch failed: 429 Client Error: Too Many Requests for url: https://nfs.faireconomy.media/ff_calendar_thisweek.json | using cached events
2026-08-28 03:33:12.698 | WARNING  | news-filter-refresh | core.news_filter:update_calendar:138 - calendar fetch failed: 429 Client Error: Too Many Requests for url: https://nfs.faireconomy.media/ff_calendar_thisweek.json | using cached events
2026-08-28 03:33:45.066 | WARNING  | news-filter-refresh | core.news_filter:update_calendar:138 - calendar fetch failed: 429 Client Error: Too Many Requests for url: https://nfs.faireconomy.media/ff_calendar_thisweek.json | using cached events
2026-08-28 03:34:49.395 | WARNING  | news-filter-refresh | core.news_filter:update_calendar:138 - calendar fetch failed: 429 Client Error: Too Many Requests for url: https://nfs.faireconomy.media/ff_calendar_thisweek.json | using cached events
2026-08-28 03:36:57.762 | SUCCESS  | news-filter-refresh | core.news_filter:update_calendar:150 - calendar refreshed: 4 high-impact USD events loaded
2026-08-28 03:36:59.267 | WARNING  | news-filter-refresh | core.news_filter:update_calendar:138 - calendar fetch failed: 429 Client Error: Too Many Requests for url: https://nfs.faireconomy.media/ff_calendar_thisweek.json | using cached events
2026-08-28 03:37:01.687 | WARNING  | news-filter-refresh | core.news_filter:update_calendar:138 - calendar fetch failed: 429 Client Error: Too Many Requests for url: https://nfs.faireconomy.media/ff_calendar_thisweek.json | using cached events
2026-08-28 03:37:06.005 | WARNING  | news-filter-refresh | core.news_filter:update_calendar:138 - calendar fetch failed: 429 Client Error: Too Many Requests for url: https://nfs.faireconomy.media/ff_calendar_thisweek.json | using cached events
2026-08-28 03:37:14.363 | WARNING  | news-filter-refresh | core.news_filter:update_calendar:138 - calendar fetch failed: 429 Client Error: Too Many Requests for url: https://nfs.faireconomy.media/ff_calendar_thisweek.json | using cached events
2026-08-28 03:37:30.762 | WARNING  | news-filter-refresh | core.news_filter:update_calendar:138 - calendar fetch failed: 429 Client Error: Too Many Requests for url: https://nfs.faireconomy.media/ff_calendar_thisweek.json | using cached events
2026-08-28 03:38:03.096 | WARNING  | news-filter-refresh | core.news_filter:update_calendar:138 - calendar fetch failed: 429 Client Error: Too Many Requests for url: https://nfs.faireconomy.media/ff_calendar_thisweek.json | using cached events
2026-08-28 03:39:07.425 | WARNING  | news-filter-refresh | core.news_filter:update_calendar:138 - calendar fetch failed: 429 Client Error: Too Many Requests for url: https://nfs.faireconomy.media/ff_calendar_thisweek.json | using cached events
2026-08-28 03:41:15.860 | WARNING  | news-filter-refresh | core.news_filter:update_calendar:138 - calendar fetch failed: 429 Client Error: Too Many Requests for url: https://nfs.faireconomy.media/ff_calendar_thisweek.json | using cached events
2026-08-28 03:45:32.182 | SUCCESS  | news-filter-refresh | core.news_filter:update_calendar:150 - calendar refreshed: 4 high-impact USD events loaded
2026-08-28 03:45:33.552 | SUCCESS  | news-filter-refresh | core.news_filter:update_calendar:150 - calendar refreshed: 4 high-impact USD events loaded
2026-08-28 03:45:35.025 | WARNING  | news-filter-refresh | core.news_filter:update_calendar:138 - calendar fetch failed: 429 Client Error: Too Many Requests for url: https://nfs.faireconomy.media/ff_calendar_thisweek.json | using cached events
2026-08-28 03:45:37.427 | WARNING  | news-filter-refresh | core.news_filter:update_calendar:138 - calendar fetch failed: 429 Client Error: Too Many Requests for url: https://nfs.faireconomy.media/ff_calendar_thisweek.json | using cached events
2026-08-28 03:45:41.820 | WARNING  | news-filter-refresh | core.news_filter:update_calendar:138 - calendar fetch failed: 429 Client Error: Too Many Requests for url: https://nfs.faireconomy.media/ff_calendar_thisweek.json | using cached events
2026-08-28 03:45:50.166 | WARNING  | news-filter-refresh | core.news_filter:update_calendar:138 - calendar fetch failed: 429 Client Error: Too Many Requests for url: https://nfs.faireconomy.media/ff_calendar_thisweek.json | using cached events
2026-08-28 03:46:06.492 | WARNING  | news-filter-refresh | core.news_filter:update_calendar:138 - calendar fetch failed: 429 Client Error: Too Many Requests for url: https://nfs.faireconomy.media/ff_calendar_thisweek.json | using cached events
2026-08-28 03:46:38.896 | WARNING  | news-filter-refresh | core.news_filter:update_calendar:138 - calendar fetch failed: 429 Client Error: Too Many Requests for url: https://nfs.faireconomy.media/ff_calendar_thisweek.json | using cached events
2026-08-28 03:47:43.271 | WARNING  | news-filter-refresh | core.news_filter:update_calendar:138 - calendar fetch failed: 429 Client Error: Too Many Requests for url: https://nfs.faireconomy.media/ff_calendar_thisweek.json | using cached events
2026-08-28 03:49:51.765 | WARNING  | news-filter-refresh | core.news_filter:update_calendar:138 - calendar fetch failed: 429 Client Error: Too Many Requests for url: https://nfs.faireconomy.media/ff_calendar_thisweek.json | using cached events
2026-08-28 03:54:08.382 | SUCCESS  | news-filter-refresh | core.news_filter:update_calendar:150 - calendar refreshed: 4 high-impact USD events loaded
2026-08-28 03:54:09.719 | SUCCESS  | news-filter-refresh | core.news_filter:update_calendar:150 - calendar refreshed: 4 high-impact USD events loaded
2026-08-28 03:54:11.466 | WARNING  | news-filter-refresh | core.news_filter:update_calendar:138 - calendar fetch failed: 429 Client Error: Too Many Requests for url: https://nfs.faireconomy.media/ff_calendar_thisweek.json | using cached events
2026-08-28 03:54:13.895 | WARNING  | news-filter-refresh | core.news_filter:update_calendar:138 - calendar fetch failed: 429 Client Error: Too Many Requests for url: https://nfs.faireconomy.media/ff_calendar_thisweek.json | using cached events
2026-08-28 03:54:18.238 | WARNING  | news-filter-refresh | core.news_filter:update_calendar:138 - calendar fetch failed: 429 Client Error: Too Many Requests for url: https://nfs.faireconomy.media/ff_calendar_thisweek.json | using cached events
2026-08-28 03:54:26.565 | WARNING  | news-filter-refresh | core.news_filter:update_calendar:138 - calendar fetch failed: 429 Client Error: Too Many Requests for url: https://nfs.faireconomy.media/ff_calendar_thisweek.json | using cached events
2026-08-28 03:54:42.968 | WARNING  | news-filter-refresh | core.news_filter:update_calendar:138 - calendar fetch failed: 429 Client Error: Too Many Requests for url: https://nfs.faireconomy.media/ff_calendar_thisweek.json | using cached events
2026-08-28 03:55:15.359 | WARNING  | news-filter-refresh | core.news_filter:update_calendar:138 - calendar fetch failed: 429 Client Error: Too Many Requests for url: https://nfs.faireconomy.media/ff_calendar_thisweek.json | using cached events
2026-08-28 03:56:19.729 | WARNING  | news-filter-refresh | core.news_filter:update_calendar:138 - calendar fetch failed: 429 Client Error: Too Many Requests for url: https://nfs.faireconomy.media/ff_calendar_thisweek.json | using cached events
2026-08-28 03:58:28.064 | WARNING  | news-filter-refresh | core.news_filter:update_calendar:138 - calendar fetch failed: 429 Client Error: Too Many Requests for url: https://nfs.faireconomy.media/ff_calendar_thisweek.json | using cached events
2026-08-28 04:02:44.573 | SUCCESS  | news-filter-refresh | core.news_filter:update_calendar:150 - calendar refreshed: 4 high-impact USD events loaded
2026-08-28 04:02:45.874 | SUCCESS  | news-filter-refresh | core.news_filter:update_calendar:150 - calendar refreshed: 4 high-impact USD events loaded
2026-08-28 04:02:47.304 | WARNING  | news-filter-refresh | core.news_filter:update_calendar:138 - calendar fetch failed: 429 Client Error: Too Many Requests for url: https://nfs.faireconomy.media/ff_calendar_thisweek.json | using cached events
2026-08-28 04:02:49.631 | WARNING  | news-filter-refresh | core.news_filter:update_calendar:138 - calendar fetch failed: 429 Client Error: Too Many Requests for url: https://nfs.faireconomy.media/ff_calendar_thisweek.json | using cached events
2026-08-28 04:02:54.039 | WARNING  | news-filter-refresh | core.news_filter:update_calendar:138 - calendar fetch failed: 429 Client Error: Too Many Requests for url: https://nfs.faireconomy.media/ff_calendar_thisweek.json | using cached events
2026-08-28 04:03:02.648 | WARNING  | news-filter-refresh | core.news_filter:update_calendar:138 - calendar fetch failed: 429 Client Error: Too Many Requests for url: https://nfs.faireconomy.media/ff_calendar_thisweek.json | using cached events
2026-08-28 04:03:19.101 | WARNING  | news-filter-refresh | core.news_filter:update_calendar:138 - calendar fetch failed: 429 Client Error: Too Many Requests for url: https://nfs.faireconomy.media/ff_calendar_thisweek.json | using cached events
2026-08-28 04:03:51.694 | WARNING  | news-filter-refresh | core.news_filter:update_calendar:138 - calendar fetch failed: 429 Client Error: Too Many Requests for url: https://nfs.faireconomy.media/ff_calendar_thisweek.json | using cached events
2026-08-28 04:04:56.163 | WARNING  | news-filter-refresh | core.news_filter:update_calendar:138 - calendar fetch failed: 429 Client Error: Too Many Requests for url: https://nfs.faireconomy.media/ff_calendar_thisweek.json | using cached events
2026-08-28 04:07:04.594 | WARNING  | news-filter-refresh | core.news_filter:update_calendar:138 - calendar fetch failed: 429 Client Error: Too Many Requests for url: https://nfs.faireconomy.media/ff_calendar_thisweek.json | using cached events
2026-08-28 04:11:21.225 | SUCCESS  | news-filter-refresh | core.news_filter:update_calendar:150 - calendar refreshed: 4 high-impact USD events loaded
2026-08-28 04:11:22.644 | SUCCESS  | news-filter-refresh | core.news_filter:update_calendar:150 - calendar refreshed: 4 high-impact USD events loaded
2026-08-28 04:11:24.136 | WARNING  | news-filter-refresh | core.news_filter:update_calendar:138 - calendar fetch failed: 429 Client Error: Too Many Requests for url: https://nfs.faireconomy.media/ff_calendar_thisweek.json | using cached events
2026-08-28 04:11:26.626 | WARNING  | news-filter-refresh | core.news_filter:update_calendar:138 - calendar fetch failed: 429 Client Error: Too Many Requests for url: https://nfs.faireconomy.media/ff_calendar_thisweek.json | using cached events
2026-08-28 04:11:30.950 | WARNING  | news-filter-refresh | core.news_filter:update_calendar:138 - calendar fetch failed: 429 Client Error: Too Many Requests for url: https://nfs.faireconomy.media/ff_calendar_thisweek.json | using cached events
2026-08-28 04:11:39.327 | WARNING  | news-filter-refresh | core.news_filter:update_calendar:138 - calendar fetch failed: 429 Client Error: Too Many Requests for url: https://nfs.faireconomy.media/ff_calendar_thisweek.json | using cached events
2026-08-28 04:11:55.762 | WARNING  | news-filter-refresh | core.news_filter:update_calendar:138 - calendar fetch failed: 429 Client Error: Too Many Requests for url: https://nfs.faireconomy.media/ff_calendar_thisweek.json | using cached events
2026-08-28 04:12:28.647 | WARNING  | news-filter-refresh | core.news_filter:update_calendar:138 - calendar fetch failed: 429 Client Error: Too Many Requests for url: https://nfs.faireconomy.media/ff_calendar_thisweek.json | using cached events
2026-08-28 04:13:33.093 | WARNING  | news-filter-refresh | core.news_filter:update_calendar:138 - calendar fetch failed: 429 Client Error: Too Many Requests for url: https://nfs.faireconomy.media/ff_calendar_thisweek.json | using cached events
2026-08-28 04:15:41.466 | WARNING  | news-filter-refresh | core.news_filter:update_calendar:138 - calendar fetch failed: 429 Client Error: Too Many Requests for url: https://nfs.faireconomy.media/ff_calendar_thisweek.json | using cached events
2026-08-28 04:19:57.995 | SUCCESS  | news-filter-refresh | core.news_filter:update_calendar:150 - calendar refreshed: 4 high-impact USD events loaded
2026-08-28 04:19:59.553 | SUCCESS  | news-filter-refresh | core.news_filter:update_calendar:150 - calendar refreshed: 4 high-impact USD events loaded
2026-08-28 04:20:01.016 | SUCCESS  | news-filter-refresh | core.news_filter:update_calendar:150 - calendar refreshed: 4 high-impact USD events loaded
2026-08-28 04:20:02.573 | WARNING  | news-filter-refresh | core.news_filter:update_calendar:138 - calendar fetch failed: 429 Client Error: Too Many Requests for url: https://nfs.faireconomy.media/ff_calendar_thisweek.json | using cached events
2026-08-28 04:20:05.041 | WARNING  | news-filter-refresh | core.news_filter:update_calendar:138 - calendar fetch failed: 429 Client Error: Too Many Requests for url: https://nfs.faireconomy.media/ff_calendar_thisweek.json | using cached events
2026-08-28 04:20:09.434 | WARNING  | news-filter-refresh | core.news_filter:update_calendar:138 - calendar fetch failed: 429 Client Error: Too Many Requests for url: https://nfs.faireconomy.media/ff_calendar_thisweek.json | using cached events
2026-08-28 04:20:18.021 | WARNING  | news-filter-refresh | core.news_filter:update_calendar:138 - calendar fetch failed: 429 Client Error: Too Many Requests for url: https://nfs.faireconomy.media/ff_calendar_thisweek.json | using cached events
2026-08-28 04:20:34.546 | WARNING  | news-filter-refresh | core.news_filter:update_calendar:138 - calendar fetch failed: 429 Client Error: Too Many Requests for url: https://nfs.faireconomy.media/ff_calendar_thisweek.json | using cached events
2026-08-28 04:21:07.162 | WARNING  | news-filter-refresh | core.news_filter:update_calendar:138 - calendar fetch failed: 429 Client Error: Too Many Requests for url: https://nfs.faireconomy.media/ff_calendar_thisweek.json | using cached events
2026-08-28 04:22:11.596 | WARNING  | news-filter-refresh | core.news_filter:update_calendar:138 - calendar fetch failed: 429 Client Error: Too Many Requests for url: https://nfs.faireconomy.media/ff_calendar_thisweek.json | using cached events
2026-08-28 04:24:20.003 | WARNING  | news-filter-refresh | core.news_filter:update_calendar:138 - calendar fetch failed: 429 Client Error: Too Many Requests for url: https://nfs.faireconomy.media/ff_calendar_thisweek.json | using cached events
2026-08-28 04:28:36.350 | SUCCESS  | news-filter-refresh | core.news_filter:update_calendar:150 - calendar refreshed: 4 high-impact USD events loaded
2026-08-28 04:28:37.693 | SUCCESS  | news-filter-refresh | core.news_filter:update_calendar:150 - calendar refreshed: 4 high-impact USD events loaded
2026-08-28 04:28:39.115 | WARNING  | news-filter-refresh | core.news_filter:update_calendar:138 - calendar fetch failed: 429 Client Error: Too Many Requests for url: https://nfs.faireconomy.media/ff_calendar_thisweek.json | using cached events
2026-08-28 04:28:41.732 | WARNING  | news-filter-refresh | core.news_filter:update_calendar:138 - calendar fetch failed: 429 Client Error: Too Many Requests for url: https://nfs.faireconomy.media/ff_calendar_thisweek.json | using cached events
2026-08-28 04:28:46.037 | WARNING  | news-filter-refresh | core.news_filter:update_calendar:138 - calendar fetch failed: 429 Client Error: Too Many Requests for url: https://nfs.faireconomy.media/ff_calendar_thisweek.json | using cached events
2026-08-28 04:28:54.577 | WARNING  | news-filter-refresh | core.news_filter:update_calendar:138 - calendar fetch failed: 429 Client Error: Too Many Requests for url: https://nfs.faireconomy.media/ff_calendar_thisweek.json | using cached events
2026-08-28 04:29:10.898 | WARNING  | news-filter-refresh | core.news_filter:update_calendar:138 - calendar fetch failed: 429 Client Error: Too Many Requests for url: https://nfs.faireconomy.media/ff_calendar_thisweek.json | using cached events
2026-08-28 04:29:43.691 | WARNING  | news-filter-refresh | core.news_filter:update_calendar:138 - calendar fetch failed: 429 Client Error: Too Many Requests for url: https://nfs.faireconomy.media/ff_calendar_thisweek.json | using cached events
2026-08-28 04:30:48.118 | WARNING  | news-filter-refresh | core.news_filter:update_calendar:138 - calendar fetch failed: 429 Client Error: Too Many Requests for url: https://nfs.faireconomy.media/ff_calendar_thisweek.json | using cached events
2026-08-28 04:32:56.505 | WARNING  | news-filter-refresh | core.news_filter:update_calendar:138 - calendar fetch failed: 429 Client Error: Too Many Requests for url: https://nfs.faireconomy.media/ff_calendar_thisweek.json | using cached events
2026-08-28 04:37:13.025 | SUCCESS  | news-filter-refresh | core.news_filter:update_calendar:150 - calendar refreshed: 4 high-impact USD events loaded
2026-08-28 04:37:14.365 | SUCCESS  | news-filter-refresh | core.news_filter:update_calendar:150 - calendar refreshed: 4 high-impact USD events loaded
2026-08-28 04:37:15.864 | WARNING  | news-filter-refresh | core.news_filter:update_calendar:138 - calendar fetch failed: 429 Client Error: Too Many Requests for url: https://nfs.faireconomy.media/ff_calendar_thisweek.json | using cached events
2026-08-28 04:37:18.348 | WARNING  | news-filter-refresh | core.news_filter:update_calendar:138 - calendar fetch failed: 429 Client Error: Too Many Requests for url: https://nfs.faireconomy.media/ff_calendar_thisweek.json | using cached events
2026-08-28 04:37:22.904 | WARNING  | news-filter-refresh | core.news_filter:update_calendar:138 - calendar fetch failed: 429 Client Error: Too Many Requests for url: https://nfs.faireconomy.media/ff_calendar_thisweek.json | using cached events
2026-08-28 04:37:31.674 | WARNING  | news-filter-refresh | core.news_filter:update_calendar:138 - calendar fetch failed: 429 Client Error: Too Many Requests for url: https://nfs.faireconomy.media/ff_calendar_thisweek.json | using cached events
2026-08-28 04:37:48.042 | WARNING  | news-filter-refresh | core.news_filter:update_calendar:138 - calendar fetch failed: 429 Client Error: Too Many Requests for url: https://nfs.faireconomy.media/ff_calendar_thisweek.json | using cached events
2026-08-28 04:38:20.415 | WARNING  | news-filter-refresh | core.news_filter:update_calendar:138 - calendar fetch failed: 429 Client Error: Too Many Requests for url: https://nfs.faireconomy.media/ff_calendar_thisweek.json | using cached events
2026-08-28 04:39:24.773 | WARNING  | news-filter-refresh | core.news_filter:update_calendar:138 - calendar fetch failed: 429 Client Error: Too Many Requests for url: https://nfs.faireconomy.media/ff_calendar_thisweek.json | using cached events
2026-08-28 04:41:33.167 | WARNING  | news-filter-refresh | core.news_filter:update_calendar:138 - calendar fetch failed: 429 Client Error: Too Many Requests for url: https://nfs.faireconomy.media/ff_calendar_thisweek.json | using cached events
2026-08-28 04:45:49.566 | SUCCESS  | news-filter-refresh | core.news_filter:update_calendar:150 - calendar refreshed: 4 high-impact USD events loaded
2026-08-28 04:45:50.905 | SUCCESS  | news-filter-refresh | core.news_filter:update_calendar:150 - calendar refreshed: 4 high-impact USD events loaded
2026-08-28 04:45:52.385 | WARNING  | news-filter-refresh | core.news_filter:update_calendar:138 - calendar fetch failed: 429 Client Error: Too Many Requests for url: https://nfs.faireconomy.media/ff_calendar_thisweek.json | using cached events
2026-08-28 04:45:54.748 | WARNING  | news-filter-refresh | core.news_filter:update_calendar:138 - calendar fetch failed: 429 Client Error: Too Many Requests for url: https://nfs.faireconomy.media/ff_calendar_thisweek.json | using cached events
2026-08-28 04:45:59.151 | WARNING  | news-filter-refresh | core.news_filter:update_calendar:138 - calendar fetch failed: 429 Client Error: Too Many Requests for url: https://nfs.faireconomy.media/ff_calendar_thisweek.json | using cached events
2026-08-28 04:46:07.600 | WARNING  | news-filter-refresh | core.news_filter:update_calendar:138 - calendar fetch failed: 429 Client Error: Too Many Requests for url: https://nfs.faireconomy.media/ff_calendar_thisweek.json | using cached events
2026-08-28 04:46:23.944 | WARNING  | news-filter-refresh | core.news_filter:update_calendar:138 - calendar fetch failed: 429 Client Error: Too Many Requests for url: https://nfs.faireconomy.media/ff_calendar_thisweek.json | using cached events
2026-08-28 04:46:56.456 | WARNING  | news-filter-refresh | core.news_filter:update_calendar:138 - calendar fetch failed: 429 Client Error: Too Many Requests for url: https://nfs.faireconomy.media/ff_calendar_thisweek.json | using cached events
2026-08-28 04:48:00.998 | WARNING  | news-filter-refresh | core.news_filter:update_calendar:138 - calendar fetch failed: 429 Client Error: Too Many Requests for url: https://nfs.faireconomy.media/ff_calendar_thisweek.json | using cached events
2026-08-28 04:50:09.390 | WARNING  | news-filter-refresh | core.news_filter:update_calendar:138 - calendar fetch failed: 429 Client Error: Too Many Requests for url: https://nfs.faireconomy.media/ff_calendar_thisweek.json | using cached events
2026-08-28 04:54:25.794 | SUCCESS  | news-filter-refresh | core.news_filter:update_calendar:150 - calendar refreshed: 4 high-impact USD events loaded
2026-08-28 04:54:27.318 | SUCCESS  | news-filter-refresh | core.news_filter:update_calendar:150 - calendar refreshed: 4 high-impact USD events loaded
2026-08-28 04:54:28.790 | WARNING  | news-filter-refresh | core.news_filter:update_calendar:138 - calendar fetch failed: 429 Client Error: Too Many Requests for url: https://nfs.faireconomy.media/ff_calendar_thisweek.json | using cached events
2026-08-28 04:54:31.164 | WARNING  | news-filter-refresh | core.news_filter:update_calendar:138 - calendar fetch failed: 429 Client Error: Too Many Requests for url: https://nfs.faireconomy.media/ff_calendar_thisweek.json | using cached events
2026-08-28 04:54:36.135 | WARNING  | news-filter-refresh | core.news_filter:update_calendar:138 - calendar fetch failed: 429 Client Error: Too Many Requests for url: https://nfs.faireconomy.media/ff_calendar_thisweek.json | using cached events
2026-08-28 04:54:44.692 | WARNING  | news-filter-refresh | core.news_filter:update_calendar:138 - calendar fetch failed: 429 Client Error: Too Many Requests for url: https://nfs.faireconomy.media/ff_calendar_thisweek.json | using cached events
2026-08-28 04:55:01.468 | WARNING  | news-filter-refresh | core.news_filter:update_calendar:138 - calendar fetch failed: 429 Client Error: Too Many Requests for url: https://nfs.faireconomy.media/ff_calendar_thisweek.json | using cached events
2026-08-28 04:55:34.104 | WARNING  | news-filter-refresh | core.news_filter:update_calendar:138 - calendar fetch failed: 429 Client Error: Too Many Requests for url: https://nfs.faireconomy.media/ff_calendar_thisweek.json | using cached events
2026-08-28 04:56:38.502 | WARNING  | news-filter-refresh | core.news_filter:update_calendar:138 - calendar fetch failed: 429 Client Error: Too Many Requests for url: https://nfs.faireconomy.media/ff_calendar_thisweek.json | using cached events
2026-08-28 04:58:47.181 | WARNING  | news-filter-refresh | core.news_filter:update_calendar:138 - calendar fetch failed: 429 Client Error: Too Many Requests for url: https://nfs.faireconomy.media/ff_calendar_thisweek.json | using cached events
2026-08-28 05:03:03.592 | SUCCESS  | news-filter-refresh | core.news_filter:update_calendar:150 - calendar refreshed: 4 high-impact USD events loaded
2026-08-28 05:03:04.974 | SUCCESS  | news-filter-refresh | core.news_filter:update_calendar:150 - calendar refreshed: 4 high-impact USD events loaded
2026-08-28 05:03:06.387 | WARNING  | news-filter-refresh | core.news_filter:update_calendar:138 - calendar fetch failed: 429 Client Error: Too Many Requests for url: https://nfs.faireconomy.media/ff_calendar_thisweek.json | using cached events
2026-08-28 05:03:09.006 | WARNING  | news-filter-refresh | core.news_filter:update_calendar:138 - calendar fetch failed: 429 Client Error: Too Many Requests for url: https://nfs.faireconomy.media/ff_calendar_thisweek.json | using cached events
2026-08-28 05:03:13.332 | WARNING  | news-filter-refresh | core.news_filter:update_calendar:138 - calendar fetch failed: 429 Client Error: Too Many Requests for url: https://nfs.faireconomy.media/ff_calendar_thisweek.json | using cached events
2026-08-28 05:03:21.745 | WARNING  | news-filter-refresh | core.news_filter:update_calendar:138 - calendar fetch failed: 429 Client Error: Too Many Requests for url: https://nfs.faireconomy.media/ff_calendar_thisweek.json | using cached events
2026-08-28 05:03:38.246 | WARNING  | news-filter-refresh | core.news_filter:update_calendar:138 - calendar fetch failed: 429 Client Error: Too Many Requests for url: https://nfs.faireconomy.media/ff_calendar_thisweek.json | using cached events
2026-08-28 05:04:10.722 | WARNING  | news-filter-refresh | core.news_filter:update_calendar:138 - calendar fetch failed: 429 Client Error: Too Many Requests for url: https://nfs.faireconomy.media/ff_calendar_thisweek.json | using cached events
2026-08-28 05:05:15.326 | WARNING  | news-filter-refresh | core.news_filter:update_calendar:138 - calendar fetch failed: 429 Client Error: Too Many Requests for url: https://nfs.faireconomy.media/ff_calendar_thisweek.json | using cached events
2026-08-28 05:07:23.722 | WARNING  | news-filter-refresh | core.news_filter:update_calendar:138 - calendar fetch failed: 429 Client Error: Too Many Requests for url: https://nfs.faireconomy.media/ff_calendar_thisweek.json | using cached events
2026-08-28 05:11:40.077 | SUCCESS  | news-filter-refresh | core.news_filter:update_calendar:150 - calendar refreshed: 4 high-impact USD events loaded
2026-08-28 05:11:41.725 | SUCCESS  | news-filter-refresh | core.news_filter:update_calendar:150 - calendar refreshed: 4 high-impact USD events loaded
2026-08-28 05:11:43.127 | WARNING  | news-filter-refresh | core.news_filter:update_calendar:138 - calendar fetch failed: 429 Client Error: Too Many Requests for url: https://nfs.faireconomy.media/ff_calendar_thisweek.json | using cached events
2026-08-28 05:11:45.664 | WARNING  | news-filter-refresh | core.news_filter:update_calendar:138 - calendar fetch failed: 429 Client Error: Too Many Requests for url: https://nfs.faireconomy.media/ff_calendar_thisweek.json | using cached events
2026-08-28 05:11:50.020 | WARNING  | news-filter-refresh | core.news_filter:update_calendar:138 - calendar fetch failed: 429 Client Error: Too Many Requests for url: https://nfs.faireconomy.media/ff_calendar_thisweek.json | using cached events
2026-08-28 05:11:58.517 | WARNING  | news-filter-refresh | core.news_filter:update_calendar:138 - calendar fetch failed: 429 Client Error: Too Many Requests for url: https://nfs.faireconomy.media/ff_calendar_thisweek.json | using cached events
2026-08-28 05:12:15.073 | WARNING  | news-filter-refresh | core.news_filter:update_calendar:138 - calendar fetch failed: 429 Client Error: Too Many Requests for url: https://nfs.faireconomy.media/ff_calendar_thisweek.json | using cached events
2026-08-28 05:12:47.550 | WARNING  | news-filter-refresh | core.news_filter:update_calendar:138 - calendar fetch failed: 429 Client Error: Too Many Requests for url: https://nfs.faireconomy.media/ff_calendar_thisweek.json | using cached events
2026-08-28 05:13:52.114 | WARNING  | news-filter-refresh | core.news_filter:update_calendar:138 - calendar fetch failed: 429 Client Error: Too Many Requests for url: https://nfs.faireconomy.media/ff_calendar_thisweek.json | using cached events
2026-08-28 05:16:00.506 | WARNING  | news-filter-refresh | core.news_filter:update_calendar:138 - calendar fetch failed: 429 Client Error: Too Many Requests for url: https://nfs.faireconomy.media/ff_calendar_thisweek.json | using cached events
2026-08-28 05:20:16.909 | SUCCESS  | news-filter-refresh | core.news_filter:update_calendar:150 - calendar refreshed: 4 high-impact USD events loaded
2026-08-28 05:20:18.384 | SUCCESS  | news-filter-refresh | core.news_filter:update_calendar:150 - calendar refreshed: 4 high-impact USD events loaded
2026-08-28 05:20:19.839 | WARNING  | news-filter-refresh | core.news_filter:update_calendar:138 - calendar fetch failed: 429 Client Error: Too Many Requests for url: https://nfs.faireconomy.media/ff_calendar_thisweek.json | using cached events
2026-08-28 05:20:22.203 | WARNING  | news-filter-refresh | core.news_filter:update_calendar:138 - calendar fetch failed: 429 Client Error: Too Many Requests for url: https://nfs.faireconomy.media/ff_calendar_thisweek.json | using cached events
2026-08-28 05:20:26.610 | WARNING  | news-filter-refresh | core.news_filter:update_calendar:138 - calendar fetch failed: 429 Client Error: Too Many Requests for url: https://nfs.faireconomy.media/ff_calendar_thisweek.json | using cached events
2026-08-28 05:20:34.977 | WARNING  | news-filter-refresh | core.news_filter:update_calendar:138 - calendar fetch failed: 429 Client Error: Too Many Requests for url: https://nfs.faireconomy.media/ff_calendar_thisweek.json | using cached events
2026-08-28 05:20:51.392 | WARNING  | news-filter-refresh | core.news_filter:update_calendar:138 - calendar fetch failed: 429 Client Error: Too Many Requests for url: https://nfs.faireconomy.media/ff_calendar_thisweek.json | using cached events
2026-08-28 05:21:23.845 | WARNING  | news-filter-refresh | core.news_filter:update_calendar:138 - calendar fetch failed: 429 Client Error: Too Many Requests for url: https://nfs.faireconomy.media/ff_calendar_thisweek.json | using cached events
2026-08-28 05:22:28.150 | WARNING  | news-filter-refresh | core.news_filter:update_calendar:138 - calendar fetch failed: 429 Client Error: Too Many Requests for url: https://nfs.faireconomy.media/ff_calendar_thisweek.json | using cached events
2026-08-28 05:24:36.948 | WARNING  | news-filter-refresh | core.news_filter:update_calendar:138 - calendar fetch failed: 429 Client Error: Too Many Requests for url: https://nfs.faireconomy.media/ff_calendar_thisweek.json | using cached events
2026-08-28 05:28:53.399 | SUCCESS  | news-filter-refresh | core.news_filter:update_calendar:150 - calendar refreshed: 4 high-impact USD events loaded
2026-08-28 05:28:54.769 | SUCCESS  | news-filter-refresh | core.news_filter:update_calendar:150 - calendar refreshed: 4 high-impact USD events loaded
2026-08-28 05:28:56.189 | WARNING  | news-filter-refresh | core.news_filter:update_calendar:138 - calendar fetch failed: 429 Client Error: Too Many Requests for url: https://nfs.faireconomy.media/ff_calendar_thisweek.json | using cached events
2026-08-28 05:28:58.700 | WARNING  | news-filter-refresh | core.news_filter:update_calendar:138 - calendar fetch failed: 429 Client Error: Too Many Requests for url: https://nfs.faireconomy.media/ff_calendar_thisweek.json | using cached events
2026-08-28 05:29:03.002 | WARNING  | news-filter-refresh | core.news_filter:update_calendar:138 - calendar fetch failed: 429 Client Error: Too Many Requests for url: https://nfs.faireconomy.media/ff_calendar_thisweek.json | using cached events
2026-08-28 05:29:11.508 | WARNING  | news-filter-refresh | core.news_filter:update_calendar:138 - calendar fetch failed: 429 Client Error: Too Many Requests for url: https://nfs.faireconomy.media/ff_calendar_thisweek.json | using cached events
2026-08-28 05:29:28.247 | WARNING  | news-filter-refresh | core.news_filter:update_calendar:138 - calendar fetch failed: 429 Client Error: Too Many Requests for url: https://nfs.faireconomy.media/ff_calendar_thisweek.json | using cached events
2026-08-28 05:30:00.685 | WARNING  | news-filter-refresh | core.news_filter:update_calendar:138 - calendar fetch failed: 429 Client Error: Too Many Requests for url: https://nfs.faireconomy.media/ff_calendar_thisweek.json | using cached events
2026-08-28 05:31:05.096 | WARNING  | news-filter-refresh | core.news_filter:update_calendar:138 - calendar fetch failed: 429 Client Error: Too Many Requests for url: https://nfs.faireconomy.media/ff_calendar_thisweek.json | using cached events
2026-08-28 05:33:13.772 | WARNING  | news-filter-refresh | core.news_filter:update_calendar:138 - calendar fetch failed: 429 Client Error: Too Many Requests for url: https://nfs.faireconomy.media/ff_calendar_thisweek.json | using cached events
2026-08-28 05:37:30.173 | SUCCESS  | news-filter-refresh | core.news_filter:update_calendar:150 - calendar refreshed: 4 high-impact USD events loaded
2026-08-28 05:37:31.873 | SUCCESS  | news-filter-refresh | core.news_filter:update_calendar:150 - calendar refreshed: 4 high-impact USD events loaded
2026-08-28 05:37:33.346 | WARNING  | news-filter-refresh | core.news_filter:update_calendar:138 - calendar fetch failed: 429 Client Error: Too Many Requests for url: https://nfs.faireconomy.media/ff_calendar_thisweek.json | using cached events
2026-08-28 05:37:35.832 | WARNING  | news-filter-refresh | core.news_filter:update_calendar:138 - calendar fetch failed: 429 Client Error: Too Many Requests for url: https://nfs.faireconomy.media/ff_calendar_thisweek.json | using cached events
2026-08-28 05:37:40.161 | WARNING  | news-filter-refresh | core.news_filter:update_calendar:138 - calendar fetch failed: 429 Client Error: Too Many Requests for url: https://nfs.faireconomy.media/ff_calendar_thisweek.json | using cached events
2026-08-28 05:37:48.529 | WARNING  | news-filter-refresh | core.news_filter:update_calendar:138 - calendar fetch failed: 429 Client Error: Too Many Requests for url: https://nfs.faireconomy.media/ff_calendar_thisweek.json | using cached events
2026-08-28 05:38:05.004 | WARNING  | news-filter-refresh | core.news_filter:update_calendar:138 - calendar fetch failed: 429 Client Error: Too Many Requests for url: https://nfs.faireconomy.media/ff_calendar_thisweek.json | using cached events
2026-08-28 05:38:37.316 | WARNING  | news-filter-refresh | core.news_filter:update_calendar:138 - calendar fetch failed: 429 Client Error: Too Many Requests for url: https://nfs.faireconomy.media/ff_calendar_thisweek.json | using cached events
2026-08-28 05:39:41.658 | WARNING  | news-filter-refresh | core.news_filter:update_calendar:138 - calendar fetch failed: 429 Client Error: Too Many Requests for url: https://nfs.faireconomy.media/ff_calendar_thisweek.json | using cached events
2026-08-28 05:41:50.835 | WARNING  | news-filter-refresh | core.news_filter:update_calendar:138 - calendar fetch failed: 429 Client Error: Too Many Requests for url: https://nfs.faireconomy.media/ff_calendar_thisweek.json | using cached events
2026-08-28 05:46:07.367 | SUCCESS  | news-filter-refresh | core.news_filter:update_calendar:150 - calendar refreshed: 4 high-impact USD events loaded
2026-08-28 05:46:09.056 | SUCCESS  | news-filter-refresh | core.news_filter:update_calendar:150 - calendar refreshed: 4 high-impact USD events loaded
2026-08-28 05:46:10.412 | WARNING  | news-filter-refresh | core.news_filter:update_calendar:138 - calendar fetch failed: 429 Client Error: Too Many Requests for url: https://nfs.faireconomy.media/ff_calendar_thisweek.json | using cached events
2026-08-28 05:46:13.207 | WARNING  | news-filter-refresh | core.news_filter:update_calendar:138 - calendar fetch failed: 429 Client Error: Too Many Requests for url: https://nfs.faireconomy.media/ff_calendar_thisweek.json | using cached events
2026-08-28 05:46:17.842 | WARNING  | news-filter-refresh | core.news_filter:update_calendar:138 - calendar fetch failed: 429 Client Error: Too Many Requests for url: https://nfs.faireconomy.media/ff_calendar_thisweek.json | using cached events
2026-08-28 05:46:26.733 | WARNING  | news-filter-refresh | core.news_filter:update_calendar:138 - calendar fetch failed: 429 Client Error: Too Many Requests for url: https://nfs.faireconomy.media/ff_calendar_thisweek.json | using cached events
2026-08-28 05:46:43.408 | WARNING  | news-filter-refresh | core.news_filter:update_calendar:138 - calendar fetch failed: 429 Client Error: Too Many Requests for url: https://nfs.faireconomy.media/ff_calendar_thisweek.json | using cached events
2026-08-28 05:47:16.083 | WARNING  | news-filter-refresh | core.news_filter:update_calendar:138 - calendar fetch failed: 429 Client Error: Too Many Requests for url: https://nfs.faireconomy.media/ff_calendar_thisweek.json | using cached events
2026-08-28 05:48:20.725 | WARNING  | news-filter-refresh | core.news_filter:update_calendar:138 - calendar fetch failed: 429 Client Error: Too Many Requests for url: https://nfs.faireconomy.media/ff_calendar_thisweek.json | using cached events
2026-08-28 05:50:29.269 | WARNING  | news-filter-refresh | core.news_filter:update_calendar:138 - calendar fetch failed: 429 Client Error: Too Many Requests for url: https://nfs.faireconomy.media/ff_calendar_thisweek.json | using cached events
2026-08-28 05:54:45.720 | SUCCESS  | news-filter-refresh | core.news_filter:update_calendar:150 - calendar refreshed: 4 high-impact USD events loaded
2026-08-28 05:54:47.110 | SUCCESS  | news-filter-refresh | core.news_filter:update_calendar:150 - calendar refreshed: 4 high-impact USD events loaded
2026-08-28 05:54:48.495 | WARNING  | news-filter-refresh | core.news_filter:update_calendar:138 - calendar fetch failed: 429 Client Error: Too Many Requests for url: https://nfs.faireconomy.media/ff_calendar_thisweek.json | using cached events
2026-08-28 05:54:50.958 | WARNING  | news-filter-refresh | core.news_filter:update_calendar:138 - calendar fetch failed: 429 Client Error: Too Many Requests for url: https://nfs.faireconomy.media/ff_calendar_thisweek.json | using cached events
2026-08-28 05:54:55.325 | WARNING  | news-filter-refresh | core.news_filter:update_calendar:138 - calendar fetch failed: 429 Client Error: Too Many Requests for url: https://nfs.faireconomy.media/ff_calendar_thisweek.json | using cached events
2026-08-28 05:55:04.022 | WARNING  | news-filter-refresh | core.news_filter:update_calendar:138 - calendar fetch failed: 429 Client Error: Too Many Requests for url: https://nfs.faireconomy.media/ff_calendar_thisweek.json | using cached events
2026-08-28 05:55:20.646 | WARNING  | news-filter-refresh | core.news_filter:update_calendar:138 - calendar fetch failed: 429 Client Error: Too Many Requests for url: https://nfs.faireconomy.media/ff_calendar_thisweek.json | using cached events
2026-08-28 05:55:53.110 | WARNING  | news-filter-refresh | core.news_filter:update_calendar:138 - calendar fetch failed: 429 Client Error: Too Many Requests for url: https://nfs.faireconomy.media/ff_calendar_thisweek.json | using cached events
2026-08-28 05:56:58.044 | WARNING  | news-filter-refresh | core.news_filter:update_calendar:138 - calendar fetch failed: 429 Client Error: Too Many Requests for url: https://nfs.faireconomy.media/ff_calendar_thisweek.json | using cached events
2026-08-28 05:59:06.803 | WARNING  | news-filter-refresh | core.news_filter:update_calendar:138 - calendar fetch failed: 429 Client Error: Too Many Requests for url: https://nfs.faireconomy.media/ff_calendar_thisweek.json | using cached events
2026-08-28 06:03:23.473 | SUCCESS  | news-filter-refresh | core.news_filter:update_calendar:150 - calendar refreshed: 4 high-impact USD events loaded
2026-08-28 06:03:25.192 | SUCCESS  | news-filter-refresh | core.news_filter:update_calendar:150 - calendar refreshed: 4 high-impact USD events loaded
2026-08-28 06:03:26.755 | WARNING  | news-filter-refresh | core.news_filter:update_calendar:138 - calendar fetch failed: 429 Client Error: Too Many Requests for url: https://nfs.faireconomy.media/ff_calendar_thisweek.json | using cached events
2026-08-28 06:03:29.740 | WARNING  | news-filter-refresh | core.news_filter:update_calendar:138 - calendar fetch failed: 429 Client Error: Too Many Requests for url: https://nfs.faireconomy.media/ff_calendar_thisweek.json | using cached events
2026-08-28 06:03:34.242 | WARNING  | news-filter-refresh | core.news_filter:update_calendar:138 - calendar fetch failed: 429 Client Error: Too Many Requests for url: https://nfs.faireconomy.media/ff_calendar_thisweek.json | using cached events
2026-08-28 06:03:42.824 | WARNING  | news-filter-refresh | core.news_filter:update_calendar:138 - calendar fetch failed: 429 Client Error: Too Many Requests for url: https://nfs.faireconomy.media/ff_calendar_thisweek.json | using cached events
2026-08-28 06:03:59.519 | WARNING  | news-filter-refresh | core.news_filter:update_calendar:138 - calendar fetch failed: 429 Client Error: Too Many Requests for url: https://nfs.faireconomy.media/ff_calendar_thisweek.json | using cached events
2026-08-28 06:04:31.993 | WARNING  | news-filter-refresh | core.news_filter:update_calendar:138 - calendar fetch failed: 429 Client Error: Too Many Requests for url: https://nfs.faireconomy.media/ff_calendar_thisweek.json | using cached events
2026-08-28 06:05:36.621 | WARNING  | news-filter-refresh | core.news_filter:update_calendar:138 - calendar fetch failed: 429 Client Error: Too Many Requests for url: https://nfs.faireconomy.media/ff_calendar_thisweek.json | using cached events
2026-08-28 06:07:45.622 | WARNING  | news-filter-refresh | core.news_filter:update_calendar:138 - calendar fetch failed: 429 Client Error: Too Many Requests for url: https://nfs.faireconomy.media/ff_calendar_thisweek.json | using cached events
2026-08-28 06:12:02.239 | SUCCESS  | news-filter-refresh | core.news_filter:update_calendar:150 - calendar refreshed: 4 high-impact USD events loaded
2026-08-28 06:12:04.041 | SUCCESS  | news-filter-refresh | core.news_filter:update_calendar:150 - calendar refreshed: 4 high-impact USD events loaded
2026-08-28 06:12:05.668 | WARNING  | news-filter-refresh | core.news_filter:update_calendar:138 - calendar fetch failed: 429 Client Error: Too Many Requests for url: https://nfs.faireconomy.media/ff_calendar_thisweek.json | using cached events
2026-08-28 06:12:08.205 | WARNING  | news-filter-refresh | core.news_filter:update_calendar:138 - calendar fetch failed: 429 Client Error: Too Many Requests for url: https://nfs.faireconomy.media/ff_calendar_thisweek.json | using cached events
2026-08-28 06:12:12.774 | WARNING  | news-filter-refresh | core.news_filter:update_calendar:138 - calendar fetch failed: 429 Client Error: Too Many Requests for url: https://nfs.faireconomy.media/ff_calendar_thisweek.json | using cached events
2026-08-28 06:12:21.341 | WARNING  | news-filter-refresh | core.news_filter:update_calendar:138 - calendar fetch failed: 429 Client Error: Too Many Requests for url: https://nfs.faireconomy.media/ff_calendar_thisweek.json | using cached events
2026-08-28 06:12:38.165 | WARNING  | news-filter-refresh | core.news_filter:update_calendar:138 - calendar fetch failed: 429 Client Error: Too Many Requests for url: https://nfs.faireconomy.media/ff_calendar_thisweek.json | using cached events
2026-08-28 06:13:10.806 | WARNING  | news-filter-refresh | core.news_filter:update_calendar:138 - calendar fetch failed: 429 Client Error: Too Many Requests for url: https://nfs.faireconomy.media/ff_calendar_thisweek.json | using cached events
2026-08-28 06:14:15.810 | WARNING  | news-filter-refresh | core.news_filter:update_calendar:138 - calendar fetch failed: 429 Client Error: Too Many Requests for url: https://nfs.faireconomy.media/ff_calendar_thisweek.json | using cached events
2026-08-28 06:16:24.377 | WARNING  | news-filter-refresh | core.news_filter:update_calendar:138 - calendar fetch failed: 429 Client Error: Too Many Requests for url: https://nfs.faireconomy.media/ff_calendar_thisweek.json | using cached events
2026-08-28 06:20:40.757 | SUCCESS  | news-filter-refresh | core.news_filter:update_calendar:150 - calendar refreshed: 4 high-impact USD events loaded
2026-08-28 06:20:42.347 | SUCCESS  | news-filter-refresh | core.news_filter:update_calendar:150 - calendar refreshed: 4 high-impact USD events loaded
2026-08-28 06:20:43.765 | WARNING  | news-filter-refresh | core.news_filter:update_calendar:138 - calendar fetch failed: 429 Client Error: Too Many Requests for url: https://nfs.faireconomy.media/ff_calendar_thisweek.json | using cached events
2026-08-28 06:20:46.477 | WARNING  | news-filter-refresh | core.news_filter:update_calendar:138 - calendar fetch failed: 429 Client Error: Too Many Requests for url: https://nfs.faireconomy.media/ff_calendar_thisweek.json | using cached events
2026-08-28 06:20:51.003 | WARNING  | news-filter-refresh | core.news_filter:update_calendar:138 - calendar fetch failed: 429 Client Error: Too Many Requests for url: https://nfs.faireconomy.media/ff_calendar_thisweek.json | using cached events
2026-08-28 06:20:59.908 | WARNING  | news-filter-refresh | core.news_filter:update_calendar:138 - calendar fetch failed: 429 Client Error: Too Many Requests for url: https://nfs.faireconomy.media/ff_calendar_thisweek.json | using cached events
2026-08-28 06:21:16.404 | WARNING  | news-filter-refresh | core.news_filter:update_calendar:138 - calendar fetch failed: 429 Client Error: Too Many Requests for url: https://nfs.faireconomy.media/ff_calendar_thisweek.json | using cached events
2026-08-28 06:21:48.973 | WARNING  | news-filter-refresh | core.news_filter:update_calendar:138 - calendar fetch failed: 429 Client Error: Too Many Requests for url: https://nfs.faireconomy.media/ff_calendar_thisweek.json | using cached events
2026-08-28 06:22:53.626 | WARNING  | news-filter-refresh | core.news_filter:update_calendar:138 - calendar fetch failed: 429 Client Error: Too Many Requests for url: https://nfs.faireconomy.media/ff_calendar_thisweek.json | using cached events
2026-08-28 06:25:02.051 | WARNING  | news-filter-refresh | core.news_filter:update_calendar:138 - calendar fetch failed: 429 Client Error: Too Many Requests for url: https://nfs.faireconomy.media/ff_calendar_thisweek.json | using cached events
2026-08-28 06:29:18.403 | SUCCESS  | news-filter-refresh | core.news_filter:update_calendar:150 - calendar refreshed: 4 high-impact USD events loaded
2026-08-28 06:29:19.943 | SUCCESS  | news-filter-refresh | core.news_filter:update_calendar:150 - calendar refreshed: 4 high-impact USD events loaded
2026-08-28 06:29:21.984 | WARNING  | news-filter-refresh | core.news_filter:update_calendar:138 - calendar fetch failed: 429 Client Error: Too Many Requests for url: https://nfs.faireconomy.media/ff_calendar_thisweek.json | using cached events
2026-08-28 06:29:24.429 | WARNING  | news-filter-refresh | core.news_filter:update_calendar:138 - calendar fetch failed: 429 Client Error: Too Many Requests for url: https://nfs.faireconomy.media/ff_calendar_thisweek.json | using cached events
2026-08-28 06:29:29.349 | WARNING  | news-filter-refresh | core.news_filter:update_calendar:138 - calendar fetch failed: 429 Client Error: Too Many Requests for url: https://nfs.faireconomy.media/ff_calendar_thisweek.json | using cached events
2026-08-28 06:29:37.816 | WARNING  | news-filter-refresh | core.news_filter:update_calendar:138 - calendar fetch failed: 429 Client Error: Too Many Requests for url: https://nfs.faireconomy.media/ff_calendar_thisweek.json | using cached events
2026-08-28 06:29:54.599 | WARNING  | news-filter-refresh | core.news_filter:update_calendar:138 - calendar fetch failed: 429 Client Error: Too Many Requests for url: https://nfs.faireconomy.media/ff_calendar_thisweek.json | using cached events
2026-08-28 06:30:27.571 | WARNING  | news-filter-refresh | core.news_filter:update_calendar:138 - calendar fetch failed: 429 Client Error: Too Many Requests for url: https://nfs.faireconomy.media/ff_calendar_thisweek.json | using cached events
2026-08-28 06:31:32.287 | WARNING  | news-filter-refresh | core.news_filter:update_calendar:138 - calendar fetch failed: 429 Client Error: Too Many Requests for url: https://nfs.faireconomy.media/ff_calendar_thisweek.json | using cached events
2026-08-28 06:33:40.908 | WARNING  | news-filter-refresh | core.news_filter:update_calendar:138 - calendar fetch failed: 429 Client Error: Too Many Requests for url: https://nfs.faireconomy.media/ff_calendar_thisweek.json | using cached events
2026-08-28 06:37:57.697 | SUCCESS  | news-filter-refresh | core.news_filter:update_calendar:150 - calendar refreshed: 4 high-impact USD events loaded
2026-08-28 06:37:59.393 | SUCCESS  | news-filter-refresh | core.news_filter:update_calendar:150 - calendar refreshed: 4 high-impact USD events loaded
2026-08-28 06:38:01.027 | WARNING  | news-filter-refresh | core.news_filter:update_calendar:138 - calendar fetch failed: 429 Client Error: Too Many Requests for url: https://nfs.faireconomy.media/ff_calendar_thisweek.json | using cached events
2026-08-28 06:38:03.408 | WARNING  | news-filter-refresh | core.news_filter:update_calendar:138 - calendar fetch failed: 429 Client Error: Too Many Requests for url: https://nfs.faireconomy.media/ff_calendar_thisweek.json | using cached events
2026-08-28 06:38:07.952 | WARNING  | news-filter-refresh | core.news_filter:update_calendar:138 - calendar fetch failed: 429 Client Error: Too Many Requests for url: https://nfs.faireconomy.media/ff_calendar_thisweek.json | using cached events
2026-08-28 06:38:16.839 | WARNING  | news-filter-refresh | core.news_filter:update_calendar:138 - calendar fetch failed: 429 Client Error: Too Many Requests for url: https://nfs.faireconomy.media/ff_calendar_thisweek.json | using cached events
2026-08-28 06:38:33.384 | WARNING  | news-filter-refresh | core.news_filter:update_calendar:138 - calendar fetch failed: 429 Client Error: Too Many Requests for url: https://nfs.faireconomy.media/ff_calendar_thisweek.json | using cached events
2026-08-28 06:39:06.009 | WARNING  | news-filter-refresh | core.news_filter:update_calendar:138 - calendar fetch failed: 429 Client Error: Too Many Requests for url: https://nfs.faireconomy.media/ff_calendar_thisweek.json | using cached events
2026-08-28 06:40:10.423 | WARNING  | news-filter-refresh | core.news_filter:update_calendar:138 - calendar fetch failed: 429 Client Error: Too Many Requests for url: https://nfs.faireconomy.media/ff_calendar_thisweek.json | using cached events
2026-08-28 06:42:19.030 | WARNING  | news-filter-refresh | core.news_filter:update_calendar:138 - calendar fetch failed: 429 Client Error: Too Many Requests for url: https://nfs.faireconomy.media/ff_calendar_thisweek.json | using cached events
2026-08-28 06:47:44.681 | INFO     | MainThread | core.database:__init__:159 - subscription database ready at C:\Users\Administrator\gold-3strategies\subscriptions.db
2026-08-28 06:47:45.093 | INFO     | MainThread | core.news_filter:start:89 - news filter disabled in config
2026-08-28 06:47:45.121 | INFO     | MainThread | __main__:run:678 - ========================================================================
2026-08-28 06:47:45.121 | INFO     | MainThread | __main__:run:679 - GOLD M5 BOT starting | risk 1.00% | lots 0.01-0.05 | SL/TP 1.5x/3.5xATR(14) | BE 1.8xATR+5pts | trail 99.0x/1.5xATR
2026-08-28 06:47:45.121 | INFO     | MainThread | __main__:run:680 - ========================================================================
2026-08-28 06:47:45.157 | SUCCESS  | MainThread | core.mt5_client:connect:232 - MT5 connected | login=111468044 server=MetaQuotes-Demo balance=699.13 USD | symbol=XAUUSD | algo_trading=True
2026-08-28 06:47:45.170 | WARNING  | MainThread | core.risk_manager:from_mt5:58 - broker tick_value 0.1000 implausible vs tick_size*contract_size 1.0000; using computed value (sizing guard)
2026-08-28 06:47:45.172 | INFO     | MainThread | __main__:_sync_daily:489 - daily guard init | realized today=$0.00 | day-start balance=$699.13 | cap -10%/$69.91
2026-08-28 06:47:45.172 | WARNING  | MainThread | __main__:_sync_daily:494 - daily guard init found 0 closed deals for a day >4h old; terminal history may not be synced yet
2026-08-28 06:47:45.172 | WARNING  | MainThread | __main__:run:691 - daily guard init attempt 1 returned no deals; retrying in 5s
2026-08-28 06:47:50.174 | WARNING  | MainThread | __main__:run:691 - daily guard init attempt 2 returned no deals; retrying in 5s
2026-08-28 06:47:55.175 | INFO     | MainThread | core.mt5_client:start_heartbeat:336 - heartbeat thread started (30s)
2026-08-28 06:47:57.778 | SUCCESS  | MainThread | core.telegram_bot:start:165 - telegram controller online as @GoldForgepro_bot
2026-08-28 06:47:57.792 | INFO     | MainThread | __main__:run:705 - entering main loop (1.0s cadence, 300s bars)
2026-08-28 11:15:43.432 | WARNING  | MainThread | core.mt5_client:reconnect:298 - reconnect attempt #1 starting
2026-08-28 11:15:58.478 | SUCCESS  | MainThread | core.mt5_client:connect:232 - MT5 connected | login=111468044 server=MetaQuotes-Demo balance=675.32 USD | symbol=XAUUSD | algo_trading=True
2026-08-28 11:15:58.486 | SUCCESS  | MainThread | core.mt5_client:reconnect:313 - reconnected after 1 attempt(s)
2026-08-28 12:47:47.650 | INFO     | MainThread | core.database:__init__:159 - subscription database ready at C:\Users\Administrator\gold-3strategies\subscriptions.db
2026-08-28 12:47:47.917 | INFO     | MainThread | core.news_filter:start:89 - news filter disabled in config
2026-08-28 12:47:47.923 | INFO     | MainThread | __main__:run:678 - ========================================================================
2026-08-28 12:47:47.925 | INFO     | MainThread | __main__:run:679 - GOLD M5 BOT starting | risk 1.00% | lots 0.01-0.05 | SL/TP 1.5x/3.5xATR(14) | BE 1.8xATR+5pts | trail 99.0x/1.5xATR
2026-08-28 12:47:47.925 | INFO     | MainThread | __main__:run:680 - ========================================================================
2026-08-28 12:48:08.036 | SUCCESS  | MainThread | core.mt5_client:connect:232 - MT5 connected | login=111468044 server=MetaQuotes-Demo balance=675.32 USD | symbol=XAUUSD | algo_trading=True
2026-08-28 12:48:08.064 | WARNING  | MainThread | core.risk_manager:from_mt5:58 - broker tick_value 0.1000 implausible vs tick_size*contract_size 1.0000; using computed value (sizing guard)
2026-08-28 12:48:08.066 | INFO     | MainThread | __main__:_sync_daily:489 - daily guard init | realized today=$0.00 | day-start balance=$675.32 | cap -10%/$67.53
2026-08-28 12:48:08.066 | WARNING  | MainThread | __main__:_sync_daily:494 - daily guard init found 0 closed deals for a day >4h old; terminal history may not be synced yet
2026-08-28 12:48:08.066 | WARNING  | MainThread | __main__:run:691 - daily guard init attempt 1 returned no deals; retrying in 5s
2026-08-28 12:48:13.070 | WARNING  | MainThread | __main__:run:691 - daily guard init attempt 2 returned no deals; retrying in 5s
2026-08-28 12:48:18.077 | INFO     | MainThread | core.mt5_client:start_heartbeat:336 - heartbeat thread started (30s)
2026-08-28 12:48:19.421 | SUCCESS  | MainThread | core.telegram_bot:start:165 - telegram controller online as @GoldForgepro_bot
2026-08-28 12:48:19.426 | INFO     | MainThread | __main__:run:705 - entering main loop (1.0s cadence, 300s bars)
2026-08-29 04:36:56.471 | WARNING  | MainThread | __main__:stop:742 - shutdown requested
2026-08-29 04:36:56.519 | INFO     | MainThread | __main__:shutdown:746 - shutting down…
2026-08-29 04:37:01.856 | INFO     | telegram-loop | core.telegram_bot:_thread_main:197 - telegram event loop closed
2026-08-29 04:37:01.858 | INFO     | MainThread | core.telegram_bot:stop:176 - telegram controller stopped
2026-08-29 04:37:01.858 | INFO     | MainThread | core.mt5_client:shutdown:292 - MT5 client shut down
2026-08-29 04:37:01.902 | SUCCESS  | MainThread | __main__:shutdown:753 - clean shutdown complete
