2026-08-28 01:24:33.616 | INFO     | MainThread | core.database:__init__:159 - subscription database ready at C:\Users\Administrator\gold-3strategies\subscriptions_ichimoku.db
2026-08-28 01:24:33.794 | INFO     | MainThread | core.news_filter:start:92 - news filter cold-start: fetching calendar synchronously...
2026-08-28 01:24:34.144 | WARNING  | MainThread | core.news_filter:update_calendar:138 - calendar fetch failed: 429 Client Error: Too Many Requests for url: https://nfs.faireconomy.media/ff_calendar_thisweek.json | using cached events
2026-08-28 01:24:34.158 | WARNING  | MainThread | core.news_filter:start:98 - cold-start failed to fetch: will retry in background
2026-08-28 01:24:34.166 | INFO     | MainThread | core.news_filter:start:111 - news filter background refresh started (interval: 1.0h)
2026-08-28 01:24:34.182 | INFO     | MainThread | __main__:run:678 - ========================================================================
2026-08-28 01:24:34.182 | INFO     | MainThread | __main__:run:679 - GOLD M5 BOT starting | risk 1.00% | lots 0.01-0.1 | SL/TP 1.6x/3.0xATR(14) | BE 1.0xATR+5pts | trail 1.3x/0.8xATR
2026-08-28 01:24:34.182 | INFO     | MainThread | __main__:run:680 - ========================================================================
2026-08-28 01:24:34.204 | SUCCESS  | MainThread | core.mt5_client:connect:232 - MT5 connected | login=111468044 server=MetaQuotes-Demo balance=699.13 USD | symbol=XAUUSD | algo_trading=True
2026-08-28 01:24:34.288 | WARNING  | MainThread | core.risk_manager:from_mt5:58 - broker tick_value 0.1000 implausible vs tick_size*contract_size 1.0000; using computed value (sizing guard)
2026-08-28 01:24:34.292 | INFO     | MainThread | __main__:_sync_daily:489 - daily guard init | realized today=$0.00 | day-start balance=$699.13 | cap -10%/$69.91
2026-08-28 01:24:34.292 | WARNING  | MainThread | __main__:_sync_daily:494 - daily guard init found 0 closed deals for a day >4h old; terminal history may not be synced yet
2026-08-28 01:24:34.292 | WARNING  | MainThread | __main__:run:691 - daily guard init attempt 1 returned no deals; retrying in 5s
2026-08-28 01:24:34.573 | WARNING  | news-filter-refresh | core.news_filter:update_calendar:138 - calendar fetch failed: 429 Client Error: Too Many Requests for url: https://nfs.faireconomy.media/ff_calendar_thisweek.json | using cached events
2026-08-28 01:24:36.879 | WARNING  | news-filter-refresh | core.news_filter:update_calendar:138 - calendar fetch failed: 429 Client Error: Too Many Requests for url: https://nfs.faireconomy.media/ff_calendar_thisweek.json | using cached events
2026-08-28 01:24:39.295 | WARNING  | MainThread | __main__:run:691 - daily guard init attempt 2 returned no deals; retrying in 5s
2026-08-28 01:24:41.219 | WARNING  | news-filter-refresh | core.news_filter:update_calendar:138 - calendar fetch failed: 429 Client Error: Too Many Requests for url: https://nfs.faireconomy.media/ff_calendar_thisweek.json | using cached events
2026-08-28 01:24:44.301 | INFO     | MainThread | core.mt5_client:start_heartbeat:336 - heartbeat thread started (30s)
2026-08-28 01:24:45.544 | SUCCESS  | MainThread | core.telegram_bot:start:165 - telegram controller online as @MatrixGolden_bot
2026-08-28 01:24:45.556 | INFO     | MainThread | __main__:run:705 - entering main loop (1.0s cadence, 300s bars)
2026-08-28 01:24:49.579 | WARNING  | news-filter-refresh | core.news_filter:update_calendar:138 - calendar fetch failed: 429 Client Error: Too Many Requests for url: https://nfs.faireconomy.media/ff_calendar_thisweek.json | using cached events
2026-08-28 01:25:05.913 | WARNING  | news-filter-refresh | core.news_filter:update_calendar:138 - calendar fetch failed: 429 Client Error: Too Many Requests for url: https://nfs.faireconomy.media/ff_calendar_thisweek.json | using cached events
2026-08-28 01:25:38.275 | WARNING  | news-filter-refresh | core.news_filter:update_calendar:138 - calendar fetch failed: 429 Client Error: Too Many Requests for url: https://nfs.faireconomy.media/ff_calendar_thisweek.json | using cached events
2026-08-28 01:25:56.210 | WARNING  | MainThread | __main__:stop:742 - shutdown requested
2026-08-28 01:25:56.238 | WARNING  | MainThread | __main__:stop:742 - shutdown requested
2026-08-28 01:25:56.238 | INFO     | MainThread | __main__:shutdown:746 - shutting down…
2026-08-28 01:25:58.505 | INFO     | telegram-loop | core.telegram_bot:_thread_main:197 - telegram event loop closed
2026-08-28 01:25:58.513 | INFO     | MainThread | core.telegram_bot:stop:176 - telegram controller stopped
2026-08-28 01:25:58.513 | INFO     | MainThread | core.mt5_client:shutdown:292 - MT5 client shut down
2026-08-28 01:25:58.524 | SUCCESS  | MainThread | __main__:shutdown:753 - clean shutdown complete
2026-08-28 01:29:32.949 | INFO     | MainThread | core.database:__init__:159 - subscription database ready at C:\Users\Administrator\gold-3strategies\subscriptions_ichimoku.db
2026-08-28 01:29:33.078 | INFO     | MainThread | core.news_filter:start:92 - news filter cold-start: fetching calendar synchronously...
2026-08-28 01:29:33.420 | SUCCESS  | MainThread | core.news_filter:update_calendar:150 - calendar refreshed: 4 high-impact USD events loaded
2026-08-28 01:29:33.431 | SUCCESS  | MainThread | core.news_filter:start:96 - cold-start successful: calendar loaded
2026-08-28 01:29:33.434 | INFO     | MainThread | core.news_filter:start:111 - news filter background refresh started (interval: 1.0h)
2026-08-28 01:29:33.462 | INFO     | MainThread | __main__:run:678 - ========================================================================
2026-08-28 01:29:33.462 | INFO     | MainThread | __main__:run:679 - GOLD M5 BOT starting | risk 1.00% | lots 0.01-0.1 | SL/TP 1.6x/3.0xATR(14) | BE 1.0xATR+5pts | trail 1.3x/0.8xATR
2026-08-28 01:29:33.462 | INFO     | MainThread | __main__:run:680 - ========================================================================
2026-08-28 01:29:33.541 | SUCCESS  | MainThread | core.mt5_client:connect:232 - MT5 connected | login=111468044 server=MetaQuotes-Demo balance=699.13 USD | symbol=XAUUSD | algo_trading=True
2026-08-28 01:29:33.583 | WARNING  | MainThread | core.risk_manager:from_mt5:58 - broker tick_value 0.1000 implausible vs tick_size*contract_size 1.0000; using computed value (sizing guard)
2026-08-28 01:29:33.585 | INFO     | MainThread | __main__:_sync_daily:489 - daily guard init | realized today=$0.00 | day-start balance=$699.13 | cap -10%/$69.91
2026-08-28 01:29:33.585 | WARNING  | MainThread | __main__:_sync_daily:494 - daily guard init found 0 closed deals for a day >4h old; terminal history may not be synced yet
2026-08-28 01:29:33.585 | WARNING  | MainThread | __main__:run:691 - daily guard init attempt 1 returned no deals; retrying in 5s
2026-08-28 01:29:33.869 | SUCCESS  | news-filter-refresh | core.news_filter:update_calendar:150 - calendar refreshed: 4 high-impact USD events loaded
2026-08-28 01:29:35.164 | WARNING  | news-filter-refresh | core.news_filter:update_calendar:138 - calendar fetch failed: 429 Client Error: Too Many Requests for url: https://nfs.faireconomy.media/ff_calendar_thisweek.json | using cached events
2026-08-28 01:29:37.481 | WARNING  | news-filter-refresh | core.news_filter:update_calendar:138 - calendar fetch failed: 429 Client Error: Too Many Requests for url: https://nfs.faireconomy.media/ff_calendar_thisweek.json | using cached events
2026-08-28 01:29:38.587 | WARNING  | MainThread | __main__:run:691 - daily guard init attempt 2 returned no deals; retrying in 5s
2026-08-28 01:29:41.789 | WARNING  | news-filter-refresh | core.news_filter:update_calendar:138 - calendar fetch failed: 429 Client Error: Too Many Requests for url: https://nfs.faireconomy.media/ff_calendar_thisweek.json | using cached events
2026-08-28 01:29:43.592 | INFO     | MainThread | core.mt5_client:start_heartbeat:336 - heartbeat thread started (30s)
2026-08-28 01:29:44.742 | SUCCESS  | MainThread | core.telegram_bot:start:165 - telegram controller online as @MatrixGolden_bot
2026-08-28 01:29:44.761 | INFO     | MainThread | __main__:run:705 - entering main loop (1.0s cadence, 300s bars)
2026-08-28 01:29:50.110 | WARNING  | news-filter-refresh | core.news_filter:update_calendar:138 - calendar fetch failed: 429 Client Error: Too Many Requests for url: https://nfs.faireconomy.media/ff_calendar_thisweek.json | using cached events
2026-08-28 01:30:06.413 | WARNING  | news-filter-refresh | core.news_filter:update_calendar:138 - calendar fetch failed: 429 Client Error: Too Many Requests for url: https://nfs.faireconomy.media/ff_calendar_thisweek.json | using cached events
2026-08-28 01:30:38.712 | WARNING  | news-filter-refresh | core.news_filter:update_calendar:138 - calendar fetch failed: 429 Client Error: Too Many Requests for url: https://nfs.faireconomy.media/ff_calendar_thisweek.json | using cached events
2026-08-28 01:31:43.033 | WARNING  | news-filter-refresh | core.news_filter:update_calendar:138 - calendar fetch failed: 429 Client Error: Too Many Requests for url: https://nfs.faireconomy.media/ff_calendar_thisweek.json | using cached events
2026-08-28 01:33:51.363 | WARNING  | news-filter-refresh | core.news_filter:update_calendar:138 - calendar fetch failed: 429 Client Error: Too Many Requests for url: https://nfs.faireconomy.media/ff_calendar_thisweek.json | using cached events
2026-08-28 01:34:42.687 | WARNING  | MainThread | __main__:stop:742 - shutdown requested
2026-08-28 01:34:42.693 | INFO     | MainThread | __main__:shutdown:746 - shutting down…
2026-08-28 01:34:44.983 | INFO     | telegram-loop | core.telegram_bot:_thread_main:197 - telegram event loop closed
2026-08-28 01:34:44.991 | INFO     | MainThread | core.telegram_bot:stop:176 - telegram controller stopped
2026-08-28 01:34:44.991 | INFO     | MainThread | core.mt5_client:shutdown:292 - MT5 client shut down
2026-08-28 01:34:45.001 | SUCCESS  | MainThread | __main__:shutdown:753 - clean shutdown complete
2026-08-28 01:39:33.106 | INFO     | MainThread | core.database:__init__:159 - subscription database ready at C:\Users\Administrator\gold-3strategies\subscriptions_ichimoku.db
2026-08-28 01:39:33.263 | INFO     | MainThread | core.news_filter:start:92 - news filter cold-start: fetching calendar synchronously...
2026-08-28 01:39:33.583 | WARNING  | MainThread | core.news_filter:update_calendar:138 - calendar fetch failed: 429 Client Error: Too Many Requests for url: https://nfs.faireconomy.media/ff_calendar_thisweek.json | using cached events
2026-08-28 01:39:33.589 | WARNING  | MainThread | core.news_filter:start:98 - cold-start failed to fetch: will retry in background
2026-08-28 01:39:33.591 | INFO     | MainThread | core.news_filter:start:111 - news filter background refresh started (interval: 1.0h)
2026-08-28 01:39:33.601 | INFO     | MainThread | __main__:run:678 - ========================================================================
2026-08-28 01:39:33.601 | INFO     | MainThread | __main__:run:679 - GOLD M5 BOT starting | risk 1.00% | lots 0.01-0.1 | SL/TP 1.6x/3.0xATR(14) | BE 1.0xATR+5pts | trail 1.3x/0.8xATR
2026-08-28 01:39:33.609 | INFO     | MainThread | __main__:run:680 - ========================================================================
2026-08-28 01:39:33.707 | SUCCESS  | MainThread | core.mt5_client:connect:232 - MT5 connected | login=111468044 server=MetaQuotes-Demo balance=699.13 USD | symbol=XAUUSD | algo_trading=True
2026-08-28 01:39:33.713 | WARNING  | MainThread | core.risk_manager:from_mt5:58 - broker tick_value 0.1000 implausible vs tick_size*contract_size 1.0000; using computed value (sizing guard)
2026-08-28 01:39:33.713 | INFO     | MainThread | __main__:_sync_daily:489 - daily guard init | realized today=$0.00 | day-start balance=$699.13 | cap -10%/$69.91
2026-08-28 01:39:33.713 | WARNING  | MainThread | __main__:_sync_daily:494 - daily guard init found 0 closed deals for a day >4h old; terminal history may not be synced yet
2026-08-28 01:39:33.713 | WARNING  | MainThread | __main__:run:691 - daily guard init attempt 1 returned no deals; retrying in 5s
2026-08-28 01:39:33.996 | WARNING  | news-filter-refresh | core.news_filter:update_calendar:138 - calendar fetch failed: 429 Client Error: Too Many Requests for url: https://nfs.faireconomy.media/ff_calendar_thisweek.json | using cached events
2026-08-28 01:39:36.306 | WARNING  | news-filter-refresh | core.news_filter:update_calendar:138 - calendar fetch failed: 429 Client Error: Too Many Requests for url: https://nfs.faireconomy.media/ff_calendar_thisweek.json | using cached events
2026-08-28 01:39:38.715 | WARNING  | MainThread | __main__:run:691 - daily guard init attempt 2 returned no deals; retrying in 5s
2026-08-28 01:39:40.613 | WARNING  | news-filter-refresh | core.news_filter:update_calendar:138 - calendar fetch failed: 429 Client Error: Too Many Requests for url: https://nfs.faireconomy.media/ff_calendar_thisweek.json | using cached events
2026-08-28 01:39:43.720 | INFO     | MainThread | core.mt5_client:start_heartbeat:336 - heartbeat thread started (30s)
2026-08-28 01:39:44.712 | ERROR    | telegram-loop | core.telegram_bot:_thread_main:185 - telegram thread crashed: The token `????-????-???` was rejected by the server.
Traceback (most recent call last):
  File "C:\Users\Administrator\AppData\Local\Programs\Python\Python311\Lib\site-packages\telegram\_bot.py", line 865, in initialize
    await self.get_me()
  File "C:\Users\Administrator\AppData\Local\Programs\Python\Python311\Lib\site-packages\telegram\ext\_extbot.py", line 2040, in get_me
    return await super().get_me(
  File "C:\Users\Administrator\AppData\Local\Programs\Python\Python311\Lib\site-packages\telegram\_bot.py", line 1005, in get_me
    result = await self._post(
  File "C:\Users\Administrator\AppData\Local\Programs\Python\Python311\Lib\site-packages\telegram\_bot.py", line 712, in _post
    return await self._do_post(
  File "C:\Users\Administrator\AppData\Local\Programs\Python\Python311\Lib\site-packages\telegram\ext\_extbot.py", line 378, in _do_post
    return await super()._do_post(
  File "C:\Users\Administrator\AppData\Local\Programs\Python\Python311\Lib\site-packages\telegram\_bot.py", line 741, in _do_post
    result = await request.post(
  File "C:\Users\Administrator\AppData\Local\Programs\Python\Python311\Lib\site-packages\telegram\request\_baserequest.py", line 198, in post
    result = await self._request_wrapper(
  File "C:\Users\Administrator\AppData\Local\Programs\Python\Python311\Lib\site-packages\telegram\request\_baserequest.py", line 375, in _request_wrapper
    raise exception
telegram.error.InvalidToken: Not Found

The above exception was the direct cause of the following exception:

Traceback (most recent call last):
  File "C:\Users\Administrator\AppData\Local\Programs\Python\Python311\Lib\threading.py", line 1002, in _bootstrap
    self._bootstrap_inner()
  File "C:\Users\Administrator\AppData\Local\Programs\Python\Python311\Lib\threading.py", line 1045, in _bootstrap_inner
    self.run()
  File "C:\Users\Administrator\AppData\Local\Programs\Python\Python311\Lib\threading.py", line 982, in run
    self._target(*self._args, **self._kwargs)
> File "C:\Users\Administrator\gold-3strategies\core\telegram_bot.py", line 183, in _thread_main
    loop.run_until_complete(self._async_main())
  File "C:\Users\Administrator\AppData\Local\Programs\Python\Python311\Lib\asyncio\base_events.py", line 654, in run_until_complete
    return future.result()
  File "C:\Users\Administrator\gold-3strategies\core\telegram_bot.py", line 228, in _async_main
    await app.initialize()
  File "C:\Users\Administrator\AppData\Local\Programs\Python\Python311\Lib\site-packages\telegram\ext\_application.py", line 489, in initialize
    await self.bot.initialize()
  File "C:\Users\Administrator\AppData\Local\Programs\Python\Python311\Lib\site-packages\telegram\ext\_extbot.py", line 324, in initialize
    await super().initialize()
  File "C:\Users\Administrator\AppData\Local\Programs\Python\Python311\Lib\site-packages\telegram\_bot.py", line 868, in initialize
    raise InvalidToken(f"The token `{self._token}` was rejected by the server.") from exc
telegram.error.InvalidToken: The token `????-????-???` was rejected by the server.
2026-08-28 01:39:44.771 | INFO     | telegram-loop | core.telegram_bot:_thread_main:197 - telegram event loop closed
2026-08-28 01:39:48.919 | WARNING  | news-filter-refresh | core.news_filter:update_calendar:138 - calendar fetch failed: 429 Client Error: Too Many Requests for url: https://nfs.faireconomy.media/ff_calendar_thisweek.json | using cached events
2026-08-28 01:40:05.258 | SUCCESS  | news-filter-refresh | core.news_filter:update_calendar:150 - calendar refreshed: 4 high-impact USD events loaded
2026-08-28 01:40:06.570 | WARNING  | news-filter-refresh | core.news_filter:update_calendar:138 - calendar fetch failed: 429 Client Error: Too Many Requests for url: https://nfs.faireconomy.media/ff_calendar_thisweek.json | using cached events
2026-08-28 01:40:08.754 | ERROR    | MainThread | core.telegram_bot:start:167 - telegram controller failed to become ready in 25.0s
2026-08-28 01:40:08.808 | INFO     | MainThread | __main__:run:705 - entering main loop (1.0s cadence, 300s bars)
2026-08-28 01:40:09.015 | WARNING  | news-filter-refresh | core.news_filter:update_calendar:138 - calendar fetch failed: 429 Client Error: Too Many Requests for url: https://nfs.faireconomy.media/ff_calendar_thisweek.json | using cached events
2026-08-28 01:40:13.330 | WARNING  | news-filter-refresh | core.news_filter:update_calendar:138 - calendar fetch failed: 429 Client Error: Too Many Requests for url: https://nfs.faireconomy.media/ff_calendar_thisweek.json | using cached events
2026-08-28 01:40:21.650 | WARNING  | news-filter-refresh | core.news_filter:update_calendar:138 - calendar fetch failed: 429 Client Error: Too Many Requests for url: https://nfs.faireconomy.media/ff_calendar_thisweek.json | using cached events
2026-08-28 01:40:37.959 | WARNING  | news-filter-refresh | core.news_filter:update_calendar:138 - calendar fetch failed: 429 Client Error: Too Many Requests for url: https://nfs.faireconomy.media/ff_calendar_thisweek.json | using cached events
2026-08-28 01:41:10.269 | WARNING  | news-filter-refresh | core.news_filter:update_calendar:138 - calendar fetch failed: 429 Client Error: Too Many Requests for url: https://nfs.faireconomy.media/ff_calendar_thisweek.json | using cached events
2026-08-28 01:42:14.585 | WARNING  | news-filter-refresh | core.news_filter:update_calendar:138 - calendar fetch failed: 429 Client Error: Too Many Requests for url: https://nfs.faireconomy.media/ff_calendar_thisweek.json | using cached events
2026-08-28 01:44:22.907 | WARNING  | news-filter-refresh | core.news_filter:update_calendar:138 - calendar fetch failed: 429 Client Error: Too Many Requests for url: https://nfs.faireconomy.media/ff_calendar_thisweek.json | using cached events
2026-08-28 01:48:39.232 | SUCCESS  | news-filter-refresh | core.news_filter:update_calendar:150 - calendar refreshed: 4 high-impact USD events loaded
2026-08-28 01:48:40.551 | SUCCESS  | news-filter-refresh | core.news_filter:update_calendar:150 - calendar refreshed: 4 high-impact USD events loaded
2026-08-28 01:48:41.855 | WARNING  | news-filter-refresh | core.news_filter:update_calendar:138 - calendar fetch failed: 429 Client Error: Too Many Requests for url: https://nfs.faireconomy.media/ff_calendar_thisweek.json | using cached events
2026-08-28 01:48:44.181 | WARNING  | news-filter-refresh | core.news_filter:update_calendar:138 - calendar fetch failed: 429 Client Error: Too Many Requests for url: https://nfs.faireconomy.media/ff_calendar_thisweek.json | using cached events
2026-08-28 01:48:48.498 | WARNING  | news-filter-refresh | core.news_filter:update_calendar:138 - calendar fetch failed: 429 Client Error: Too Many Requests for url: https://nfs.faireconomy.media/ff_calendar_thisweek.json | using cached events
2026-08-28 01:48:56.816 | WARNING  | news-filter-refresh | core.news_filter:update_calendar:138 - calendar fetch failed: 429 Client Error: Too Many Requests for url: https://nfs.faireconomy.media/ff_calendar_thisweek.json | using cached events
2026-08-28 01:49:13.132 | WARNING  | news-filter-refresh | core.news_filter:update_calendar:138 - calendar fetch failed: 429 Client Error: Too Many Requests for url: https://nfs.faireconomy.media/ff_calendar_thisweek.json | using cached events
2026-08-28 01:49:45.442 | WARNING  | news-filter-refresh | core.news_filter:update_calendar:138 - calendar fetch failed: 429 Client Error: Too Many Requests for url: https://nfs.faireconomy.media/ff_calendar_thisweek.json | using cached events
2026-08-28 01:50:49.791 | WARNING  | news-filter-refresh | core.news_filter:update_calendar:138 - calendar fetch failed: 429 Client Error: Too Many Requests for url: https://nfs.faireconomy.media/ff_calendar_thisweek.json | using cached events
2026-08-28 01:52:39.653 | WARNING  | MainThread | __main__:stop:742 - shutdown requested
2026-08-28 01:52:39.653 | INFO     | MainThread | __main__:shutdown:746 - shutting down…
2026-08-28 01:52:40.657 | INFO     | MainThread | core.telegram_bot:stop:176 - telegram controller stopped
2026-08-28 01:52:40.663 | INFO     | MainThread | core.mt5_client:shutdown:292 - MT5 client shut down
2026-08-28 01:52:40.675 | SUCCESS  | MainThread | __main__:shutdown:753 - clean shutdown complete
2026-08-28 01:54:33.637 | INFO     | MainThread | core.database:__init__:159 - subscription database ready at C:\Users\Administrator\gold-3strategies\subscriptions_ichimoku.db
2026-08-28 01:54:33.785 | INFO     | MainThread | core.news_filter:start:92 - news filter cold-start: fetching calendar synchronously...
2026-08-28 01:54:34.152 | SUCCESS  | MainThread | core.news_filter:update_calendar:150 - calendar refreshed: 4 high-impact USD events loaded
2026-08-28 01:54:34.158 | SUCCESS  | MainThread | core.news_filter:start:96 - cold-start successful: calendar loaded
2026-08-28 01:54:34.160 | INFO     | MainThread | core.news_filter:start:111 - news filter background refresh started (interval: 1.0h)
2026-08-28 01:54:34.169 | INFO     | MainThread | __main__:run:678 - ========================================================================
2026-08-28 01:54:34.169 | INFO     | MainThread | __main__:run:679 - GOLD M5 BOT starting | risk 1.00% | lots 0.01-0.1 | SL/TP 1.6x/3.0xATR(14) | BE 1.0xATR+5pts | trail 1.3x/0.8xATR
2026-08-28 01:54:34.169 | INFO     | MainThread | __main__:run:680 - ========================================================================
2026-08-28 01:54:34.185 | SUCCESS  | MainThread | core.mt5_client:connect:232 - MT5 connected | login=111468044 server=MetaQuotes-Demo balance=699.13 USD | symbol=XAUUSD | algo_trading=True
2026-08-28 01:54:34.265 | WARNING  | MainThread | core.risk_manager:from_mt5:58 - broker tick_value 0.1000 implausible vs tick_size*contract_size 1.0000; using computed value (sizing guard)
2026-08-28 01:54:34.265 | INFO     | MainThread | __main__:_sync_daily:489 - daily guard init | realized today=$0.00 | day-start balance=$699.13 | cap -10%/$69.91
2026-08-28 01:54:34.265 | WARNING  | MainThread | __main__:_sync_daily:494 - daily guard init found 0 closed deals for a day >4h old; terminal history may not be synced yet
2026-08-28 01:54:34.265 | WARNING  | MainThread | __main__:run:691 - daily guard init attempt 1 returned no deals; retrying in 5s
2026-08-28 01:54:34.518 | SUCCESS  | news-filter-refresh | core.news_filter:update_calendar:150 - calendar refreshed: 4 high-impact USD events loaded
2026-08-28 01:54:35.824 | WARNING  | news-filter-refresh | core.news_filter:update_calendar:138 - calendar fetch failed: 429 Client Error: Too Many Requests for url: https://nfs.faireconomy.media/ff_calendar_thisweek.json | using cached events
2026-08-28 01:54:38.140 | WARNING  | news-filter-refresh | core.news_filter:update_calendar:138 - calendar fetch failed: 429 Client Error: Too Many Requests for url: https://nfs.faireconomy.media/ff_calendar_thisweek.json | using cached events
2026-08-28 01:54:39.267 | WARNING  | MainThread | __main__:run:691 - daily guard init attempt 2 returned no deals; retrying in 5s
2026-08-28 01:54:42.453 | WARNING  | news-filter-refresh | core.news_filter:update_calendar:138 - calendar fetch failed: 429 Client Error: Too Many Requests for url: https://nfs.faireconomy.media/ff_calendar_thisweek.json | using cached events
2026-08-28 01:54:44.274 | INFO     | MainThread | core.mt5_client:start_heartbeat:336 - heartbeat thread started (30s)
2026-08-28 01:54:45.229 | ERROR    | telegram-loop | core.telegram_bot:_thread_main:185 - telegram thread crashed: The token `????-????-???` was rejected by the server.
Traceback (most recent call last):
  File "C:\Users\Administrator\AppData\Local\Programs\Python\Python311\Lib\site-packages\telegram\_bot.py", line 865, in initialize
    await self.get_me()
  File "C:\Users\Administrator\AppData\Local\Programs\Python\Python311\Lib\site-packages\telegram\ext\_extbot.py", line 2040, in get_me
    return await super().get_me(
  File "C:\Users\Administrator\AppData\Local\Programs\Python\Python311\Lib\site-packages\telegram\_bot.py", line 1005, in get_me
    result = await self._post(
  File "C:\Users\Administrator\AppData\Local\Programs\Python\Python311\Lib\site-packages\telegram\_bot.py", line 712, in _post
    return await self._do_post(
  File "C:\Users\Administrator\AppData\Local\Programs\Python\Python311\Lib\site-packages\telegram\ext\_extbot.py", line 378, in _do_post
    return await super()._do_post(
  File "C:\Users\Administrator\AppData\Local\Programs\Python\Python311\Lib\site-packages\telegram\_bot.py", line 741, in _do_post
    result = await request.post(
  File "C:\Users\Administrator\AppData\Local\Programs\Python\Python311\Lib\site-packages\telegram\request\_baserequest.py", line 198, in post
    result = await self._request_wrapper(
  File "C:\Users\Administrator\AppData\Local\Programs\Python\Python311\Lib\site-packages\telegram\request\_baserequest.py", line 375, in _request_wrapper
    raise exception
telegram.error.InvalidToken: Not Found

The above exception was the direct cause of the following exception:

Traceback (most recent call last):
  File "C:\Users\Administrator\AppData\Local\Programs\Python\Python311\Lib\threading.py", line 1002, in _bootstrap
    self._bootstrap_inner()
  File "C:\Users\Administrator\AppData\Local\Programs\Python\Python311\Lib\threading.py", line 1045, in _bootstrap_inner
    self.run()
  File "C:\Users\Administrator\AppData\Local\Programs\Python\Python311\Lib\threading.py", line 982, in run
    self._target(*self._args, **self._kwargs)
> File "C:\Users\Administrator\gold-3strategies\core\telegram_bot.py", line 183, in _thread_main
    loop.run_until_complete(self._async_main())
  File "C:\Users\Administrator\AppData\Local\Programs\Python\Python311\Lib\asyncio\base_events.py", line 654, in run_until_complete
    return future.result()
  File "C:\Users\Administrator\gold-3strategies\core\telegram_bot.py", line 228, in _async_main
    await app.initialize()
  File "C:\Users\Administrator\AppData\Local\Programs\Python\Python311\Lib\site-packages\telegram\ext\_application.py", line 489, in initialize
    await self.bot.initialize()
  File "C:\Users\Administrator\AppData\Local\Programs\Python\Python311\Lib\site-packages\telegram\ext\_extbot.py", line 324, in initialize
    await super().initialize()
  File "C:\Users\Administrator\AppData\Local\Programs\Python\Python311\Lib\site-packages\telegram\_bot.py", line 868, in initialize
    raise InvalidToken(f"The token `{self._token}` was rejected by the server.") from exc
telegram.error.InvalidToken: The token `????-????-???` was rejected by the server.
2026-08-28 01:54:45.297 | INFO     | telegram-loop | core.telegram_bot:_thread_main:197 - telegram event loop closed
2026-08-28 01:54:50.764 | WARNING  | news-filter-refresh | core.news_filter:update_calendar:138 - calendar fetch failed: 429 Client Error: Too Many Requests for url: https://nfs.faireconomy.media/ff_calendar_thisweek.json | using cached events
2026-08-28 01:55:07.088 | WARNING  | news-filter-refresh | core.news_filter:update_calendar:138 - calendar fetch failed: 429 Client Error: Too Many Requests for url: https://nfs.faireconomy.media/ff_calendar_thisweek.json | using cached events
2026-08-28 01:55:09.285 | ERROR    | MainThread | core.telegram_bot:start:167 - telegram controller failed to become ready in 25.0s
2026-08-28 01:55:09.291 | INFO     | MainThread | __main__:run:705 - entering main loop (1.0s cadence, 300s bars)
2026-08-28 01:55:39.389 | WARNING  | news-filter-refresh | core.news_filter:update_calendar:138 - calendar fetch failed: 429 Client Error: Too Many Requests for url: https://nfs.faireconomy.media/ff_calendar_thisweek.json | using cached events
2026-08-28 01:56:43.704 | WARNING  | news-filter-refresh | core.news_filter:update_calendar:138 - calendar fetch failed: 429 Client Error: Too Many Requests for url: https://nfs.faireconomy.media/ff_calendar_thisweek.json | using cached events
2026-08-28 01:58:51.993 | WARNING  | news-filter-refresh | core.news_filter:update_calendar:138 - calendar fetch failed: 429 Client Error: Too Many Requests for url: https://nfs.faireconomy.media/ff_calendar_thisweek.json | using cached events
2026-08-28 02:03:08.310 | WARNING  | news-filter-refresh | core.news_filter:update_calendar:138 - calendar fetch failed: 429 Client Error: Too Many Requests for url: https://nfs.faireconomy.media/ff_calendar_thisweek.json | using cached events
2026-08-28 02:07:11.759 | WARNING  | MainThread | __main__:stop:742 - shutdown requested
2026-08-28 02:07:11.759 | INFO     | MainThread | __main__:shutdown:746 - shutting down…
2026-08-28 02:07:12.763 | INFO     | MainThread | core.telegram_bot:stop:176 - telegram controller stopped
2026-08-28 02:07:12.769 | INFO     | MainThread | core.mt5_client:shutdown:292 - MT5 client shut down
2026-08-28 02:07:12.801 | SUCCESS  | MainThread | __main__:shutdown:753 - clean shutdown complete
2026-08-28 02:09:36.701 | INFO     | MainThread | core.database:__init__:159 - subscription database ready at C:\Users\Administrator\gold-3strategies\subscriptions_ichimoku.db
2026-08-28 02:09:36.831 | INFO     | MainThread | core.news_filter:start:92 - news filter cold-start: fetching calendar synchronously...
2026-08-28 02:09:37.147 | WARNING  | MainThread | core.news_filter:update_calendar:138 - calendar fetch failed: 429 Client Error: Too Many Requests for url: https://nfs.faireconomy.media/ff_calendar_thisweek.json | using cached events
2026-08-28 02:09:37.155 | WARNING  | MainThread | core.news_filter:start:98 - cold-start failed to fetch: will retry in background
2026-08-28 02:09:37.162 | INFO     | MainThread | core.news_filter:start:111 - news filter background refresh started (interval: 1.0h)
2026-08-28 02:09:37.172 | INFO     | MainThread | __main__:run:678 - ========================================================================
2026-08-28 02:09:37.174 | INFO     | MainThread | __main__:run:679 - GOLD M5 BOT starting | risk 1.00% | lots 0.01-0.1 | SL/TP 1.6x/3.0xATR(14) | BE 1.0xATR+5pts | trail 1.3x/0.8xATR
2026-08-28 02:09:37.174 | INFO     | MainThread | __main__:run:680 - ========================================================================
2026-08-28 02:09:37.186 | SUCCESS  | MainThread | core.mt5_client:connect:232 - MT5 connected | login=111468044 server=MetaQuotes-Demo balance=699.13 USD | symbol=XAUUSD | algo_trading=True
2026-08-28 02:09:37.285 | WARNING  | MainThread | core.risk_manager:from_mt5:58 - broker tick_value 0.1000 implausible vs tick_size*contract_size 1.0000; using computed value (sizing guard)
2026-08-28 02:09:37.291 | INFO     | MainThread | __main__:_sync_daily:489 - daily guard init | realized today=$0.00 | day-start balance=$699.13 | cap -10%/$69.91
2026-08-28 02:09:37.291 | WARNING  | MainThread | __main__:_sync_daily:494 - daily guard init found 0 closed deals for a day >4h old; terminal history may not be synced yet
2026-08-28 02:09:37.291 | WARNING  | MainThread | __main__:run:691 - daily guard init attempt 1 returned no deals; retrying in 5s
2026-08-28 02:14:33.509 | INFO     | MainThread | core.database:__init__:159 - subscription database ready at C:\Users\Administrator\gold-3strategies\subscriptions_ichimoku.db
2026-08-28 02:14:33.637 | INFO     | MainThread | core.news_filter:start:92 - news filter cold-start: fetching calendar synchronously...
2026-08-28 02:14:33.947 | WARNING  | MainThread | core.news_filter:update_calendar:138 - calendar fetch failed: 429 Client Error: Too Many Requests for url: https://nfs.faireconomy.media/ff_calendar_thisweek.json | using cached events
2026-08-28 02:14:33.953 | WARNING  | MainThread | core.news_filter:start:98 - cold-start failed to fetch: will retry in background
2026-08-28 02:14:33.953 | INFO     | MainThread | core.news_filter:start:111 - news filter background refresh started (interval: 1.0h)
2026-08-28 02:14:33.991 | INFO     | MainThread | __main__:run:678 - ========================================================================
2026-08-28 02:14:33.991 | INFO     | MainThread | __main__:run:679 - GOLD M5 BOT starting | risk 1.00% | lots 0.01-0.1 | SL/TP 1.6x/3.0xATR(14) | BE 1.0xATR+5pts | trail 1.3x/0.8xATR
2026-08-28 02:14:33.991 | INFO     | MainThread | __main__:run:680 - ========================================================================
2026-08-28 02:14:34.046 | SUCCESS  | MainThread | core.mt5_client:connect:232 - MT5 connected | login=111468044 server=MetaQuotes-Demo balance=699.13 USD | symbol=XAUUSD | algo_trading=True
2026-08-28 02:14:34.085 | WARNING  | MainThread | core.risk_manager:from_mt5:58 - broker tick_value 0.1000 implausible vs tick_size*contract_size 1.0000; using computed value (sizing guard)
2026-08-28 02:14:34.091 | INFO     | MainThread | __main__:_sync_daily:489 - daily guard init | realized today=$0.00 | day-start balance=$699.13 | cap -10%/$69.91
2026-08-28 02:14:34.091 | WARNING  | MainThread | __main__:_sync_daily:494 - daily guard init found 0 closed deals for a day >4h old; terminal history may not be synced yet
2026-08-28 02:14:34.091 | WARNING  | MainThread | __main__:run:691 - daily guard init attempt 1 returned no deals; retrying in 5s
2026-08-28 02:14:34.345 | WARNING  | news-filter-refresh | core.news_filter:update_calendar:138 - calendar fetch failed: 429 Client Error: Too Many Requests for url: https://nfs.faireconomy.media/ff_calendar_thisweek.json | using cached events
2026-08-28 02:14:36.641 | WARNING  | news-filter-refresh | core.news_filter:update_calendar:138 - calendar fetch failed: 429 Client Error: Too Many Requests for url: https://nfs.faireconomy.media/ff_calendar_thisweek.json | using cached events
2026-08-28 02:14:39.093 | WARNING  | MainThread | __main__:run:691 - daily guard init attempt 2 returned no deals; retrying in 5s
2026-08-28 02:14:40.959 | WARNING  | news-filter-refresh | core.news_filter:update_calendar:138 - calendar fetch failed: 429 Client Error: Too Many Requests for url: https://nfs.faireconomy.media/ff_calendar_thisweek.json | using cached events
2026-08-28 02:14:44.099 | INFO     | MainThread | core.mt5_client:start_heartbeat:336 - heartbeat thread started (30s)
2026-08-28 02:14:45.079 | ERROR    | telegram-loop | core.telegram_bot:_thread_main:185 - telegram thread crashed: The token `????-????-???` was rejected by the server.
Traceback (most recent call last):
  File "C:\Users\Administrator\AppData\Local\Programs\Python\Python311\Lib\site-packages\telegram\_bot.py", line 865, in initialize
    await self.get_me()
  File "C:\Users\Administrator\AppData\Local\Programs\Python\Python311\Lib\site-packages\telegram\ext\_extbot.py", line 2040, in get_me
    return await super().get_me(
  File "C:\Users\Administrator\AppData\Local\Programs\Python\Python311\Lib\site-packages\telegram\_bot.py", line 1005, in get_me
    result = await self._post(
  File "C:\Users\Administrator\AppData\Local\Programs\Python\Python311\Lib\site-packages\telegram\_bot.py", line 712, in _post
    return await self._do_post(
  File "C:\Users\Administrator\AppData\Local\Programs\Python\Python311\Lib\site-packages\telegram\ext\_extbot.py", line 378, in _do_post
    return await super()._do_post(
  File "C:\Users\Administrator\AppData\Local\Programs\Python\Python311\Lib\site-packages\telegram\_bot.py", line 741, in _do_post
    result = await request.post(
  File "C:\Users\Administrator\AppData\Local\Programs\Python\Python311\Lib\site-packages\telegram\request\_baserequest.py", line 198, in post
    result = await self._request_wrapper(
  File "C:\Users\Administrator\AppData\Local\Programs\Python\Python311\Lib\site-packages\telegram\request\_baserequest.py", line 375, in _request_wrapper
    raise exception
telegram.error.InvalidToken: Not Found

The above exception was the direct cause of the following exception:

Traceback (most recent call last):
  File "C:\Users\Administrator\AppData\Local\Programs\Python\Python311\Lib\threading.py", line 1002, in _bootstrap
    self._bootstrap_inner()
  File "C:\Users\Administrator\AppData\Local\Programs\Python\Python311\Lib\threading.py", line 1045, in _bootstrap_inner
    self.run()
  File "C:\Users\Administrator\AppData\Local\Programs\Python\Python311\Lib\threading.py", line 982, in run
    self._target(*self._args, **self._kwargs)
> File "C:\Users\Administrator\gold-3strategies\core\telegram_bot.py", line 183, in _thread_main
    loop.run_until_complete(self._async_main())
  File "C:\Users\Administrator\AppData\Local\Programs\Python\Python311\Lib\asyncio\base_events.py", line 654, in run_until_complete
    return future.result()
  File "C:\Users\Administrator\gold-3strategies\core\telegram_bot.py", line 228, in _async_main
    await app.initialize()
  File "C:\Users\Administrator\AppData\Local\Programs\Python\Python311\Lib\site-packages\telegram\ext\_application.py", line 489, in initialize
    await self.bot.initialize()
  File "C:\Users\Administrator\AppData\Local\Programs\Python\Python311\Lib\site-packages\telegram\ext\_extbot.py", line 324, in initialize
    await super().initialize()
  File "C:\Users\Administrator\AppData\Local\Programs\Python\Python311\Lib\site-packages\telegram\_bot.py", line 868, in initialize
    raise InvalidToken(f"The token `{self._token}` was rejected by the server.") from exc
telegram.error.InvalidToken: The token `????-????-???` was rejected by the server.
2026-08-28 02:14:45.158 | INFO     | telegram-loop | core.telegram_bot:_thread_main:197 - telegram event loop closed
2026-08-28 02:14:49.279 | WARNING  | news-filter-refresh | core.news_filter:update_calendar:138 - calendar fetch failed: 429 Client Error: Too Many Requests for url: https://nfs.faireconomy.media/ff_calendar_thisweek.json | using cached events
2026-08-28 02:15:05.607 | WARNING  | news-filter-refresh | core.news_filter:update_calendar:138 - calendar fetch failed: 429 Client Error: Too Many Requests for url: https://nfs.faireconomy.media/ff_calendar_thisweek.json | using cached events
2026-08-28 02:15:09.117 | ERROR    | MainThread | core.telegram_bot:start:167 - telegram controller failed to become ready in 25.0s
2026-08-28 02:15:09.123 | INFO     | MainThread | __main__:run:705 - entering main loop (1.0s cadence, 300s bars)
2026-08-28 02:15:37.924 | WARNING  | news-filter-refresh | core.news_filter:update_calendar:138 - calendar fetch failed: 429 Client Error: Too Many Requests for url: https://nfs.faireconomy.media/ff_calendar_thisweek.json | using cached events
2026-08-28 02:16:42.249 | WARNING  | news-filter-refresh | core.news_filter:update_calendar:138 - calendar fetch failed: 429 Client Error: Too Many Requests for url: https://nfs.faireconomy.media/ff_calendar_thisweek.json | using cached events
2026-08-28 02:18:50.583 | SUCCESS  | news-filter-refresh | core.news_filter:update_calendar:150 - calendar refreshed: 4 high-impact USD events loaded
2026-08-28 02:18:51.908 | SUCCESS  | news-filter-refresh | core.news_filter:update_calendar:150 - calendar refreshed: 4 high-impact USD events loaded
2026-08-28 02:18:53.253 | WARNING  | news-filter-refresh | core.news_filter:update_calendar:138 - calendar fetch failed: 429 Client Error: Too Many Requests for url: https://nfs.faireconomy.media/ff_calendar_thisweek.json | using cached events
2026-08-28 02:18:55.557 | WARNING  | news-filter-refresh | core.news_filter:update_calendar:138 - calendar fetch failed: 429 Client Error: Too Many Requests for url: https://nfs.faireconomy.media/ff_calendar_thisweek.json | using cached events
2026-08-28 02:18:59.865 | WARNING  | news-filter-refresh | core.news_filter:update_calendar:138 - calendar fetch failed: 429 Client Error: Too Many Requests for url: https://nfs.faireconomy.media/ff_calendar_thisweek.json | using cached events
2026-08-28 02:19:08.202 | WARNING  | news-filter-refresh | core.news_filter:update_calendar:138 - calendar fetch failed: 429 Client Error: Too Many Requests for url: https://nfs.faireconomy.media/ff_calendar_thisweek.json | using cached events
2026-08-28 02:19:24.537 | WARNING  | news-filter-refresh | core.news_filter:update_calendar:138 - calendar fetch failed: 429 Client Error: Too Many Requests for url: https://nfs.faireconomy.media/ff_calendar_thisweek.json | using cached events
2026-08-28 02:19:54.416 | WARNING  | MainThread | __main__:stop:742 - shutdown requested
2026-08-28 02:19:54.424 | INFO     | MainThread | __main__:shutdown:746 - shutting down…
2026-08-28 02:19:55.425 | INFO     | MainThread | core.telegram_bot:stop:176 - telegram controller stopped
2026-08-28 02:19:55.431 | INFO     | MainThread | core.mt5_client:shutdown:292 - MT5 client shut down
2026-08-28 02:19:55.442 | SUCCESS  | MainThread | __main__:shutdown:753 - clean shutdown complete
2026-08-28 02:24:33.036 | INFO     | MainThread | core.database:__init__:159 - subscription database ready at C:\Users\Administrator\gold-3strategies\subscriptions_ichimoku.db
2026-08-28 02:24:33.160 | INFO     | MainThread | core.news_filter:start:92 - news filter cold-start: fetching calendar synchronously...
2026-08-28 02:24:33.510 | SUCCESS  | MainThread | core.news_filter:update_calendar:150 - calendar refreshed: 4 high-impact USD events loaded
2026-08-28 02:24:33.516 | SUCCESS  | MainThread | core.news_filter:start:96 - cold-start successful: calendar loaded
2026-08-28 02:24:33.522 | INFO     | MainThread | core.news_filter:start:111 - news filter background refresh started (interval: 1.0h)
2026-08-28 02:24:33.532 | INFO     | MainThread | __main__:run:678 - ========================================================================
2026-08-28 02:24:33.532 | INFO     | MainThread | __main__:run:679 - GOLD M5 BOT starting | risk 1.00% | lots 0.01-0.1 | SL/TP 1.6x/3.0xATR(14) | BE 1.0xATR+5pts | trail 1.3x/0.8xATR
2026-08-28 02:24:33.534 | INFO     | MainThread | __main__:run:680 - ========================================================================
2026-08-28 02:24:33.544 | SUCCESS  | MainThread | core.mt5_client:connect:232 - MT5 connected | login=111468044 server=MetaQuotes-Demo balance=699.13 USD | symbol=XAUUSD | algo_trading=True
2026-08-28 02:24:33.630 | WARNING  | MainThread | core.risk_manager:from_mt5:58 - broker tick_value 0.1000 implausible vs tick_size*contract_size 1.0000; using computed value (sizing guard)
2026-08-28 02:24:33.630 | INFO     | MainThread | __main__:_sync_daily:489 - daily guard init | realized today=$0.00 | day-start balance=$699.13 | cap -10%/$69.91
2026-08-28 02:24:33.630 | WARNING  | MainThread | __main__:_sync_daily:494 - daily guard init found 0 closed deals for a day >4h old; terminal history may not be synced yet
2026-08-28 02:24:33.630 | WARNING  | MainThread | __main__:run:691 - daily guard init attempt 1 returned no deals; retrying in 5s
2026-08-28 02:24:33.889 | SUCCESS  | news-filter-refresh | core.news_filter:update_calendar:150 - calendar refreshed: 4 high-impact USD events loaded
2026-08-28 02:24:35.196 | WARNING  | news-filter-refresh | core.news_filter:update_calendar:138 - calendar fetch failed: 429 Client Error: Too Many Requests for url: https://nfs.faireconomy.media/ff_calendar_thisweek.json | using cached events
2026-08-28 02:24:37.497 | WARNING  | news-filter-refresh | core.news_filter:update_calendar:138 - calendar fetch failed: 429 Client Error: Too Many Requests for url: https://nfs.faireconomy.media/ff_calendar_thisweek.json | using cached events
2026-08-28 02:24:38.632 | WARNING  | MainThread | __main__:run:691 - daily guard init attempt 2 returned no deals; retrying in 5s
2026-08-28 02:24:41.784 | WARNING  | news-filter-refresh | core.news_filter:update_calendar:138 - calendar fetch failed: 429 Client Error: Too Many Requests for url: https://nfs.faireconomy.media/ff_calendar_thisweek.json | using cached events
2026-08-28 02:24:43.634 | INFO     | MainThread | core.mt5_client:start_heartbeat:336 - heartbeat thread started (30s)
2026-08-28 02:24:44.562 | ERROR    | telegram-loop | core.telegram_bot:_thread_main:185 - telegram thread crashed: The token `????-????-???` was rejected by the server.
Traceback (most recent call last):
  File "C:\Users\Administrator\AppData\Local\Programs\Python\Python311\Lib\site-packages\telegram\_bot.py", line 865, in initialize
    await self.get_me()
  File "C:\Users\Administrator\AppData\Local\Programs\Python\Python311\Lib\site-packages\telegram\ext\_extbot.py", line 2040, in get_me
    return await super().get_me(
  File "C:\Users\Administrator\AppData\Local\Programs\Python\Python311\Lib\site-packages\telegram\_bot.py", line 1005, in get_me
    result = await self._post(
  File "C:\Users\Administrator\AppData\Local\Programs\Python\Python311\Lib\site-packages\telegram\_bot.py", line 712, in _post
    return await self._do_post(
  File "C:\Users\Administrator\AppData\Local\Programs\Python\Python311\Lib\site-packages\telegram\ext\_extbot.py", line 378, in _do_post
    return await super()._do_post(
  File "C:\Users\Administrator\AppData\Local\Programs\Python\Python311\Lib\site-packages\telegram\_bot.py", line 741, in _do_post
    result = await request.post(
  File "C:\Users\Administrator\AppData\Local\Programs\Python\Python311\Lib\site-packages\telegram\request\_baserequest.py", line 198, in post
    result = await self._request_wrapper(
  File "C:\Users\Administrator\AppData\Local\Programs\Python\Python311\Lib\site-packages\telegram\request\_baserequest.py", line 375, in _request_wrapper
    raise exception
telegram.error.InvalidToken: Not Found

The above exception was the direct cause of the following exception:

Traceback (most recent call last):
  File "C:\Users\Administrator\AppData\Local\Programs\Python\Python311\Lib\threading.py", line 1002, in _bootstrap
    self._bootstrap_inner()
  File "C:\Users\Administrator\AppData\Local\Programs\Python\Python311\Lib\threading.py", line 1045, in _bootstrap_inner
    self.run()
  File "C:\Users\Administrator\AppData\Local\Programs\Python\Python311\Lib\threading.py", line 982, in run
    self._target(*self._args, **self._kwargs)
> File "C:\Users\Administrator\gold-3strategies\core\telegram_bot.py", line 183, in _thread_main
    loop.run_until_complete(self._async_main())
  File "C:\Users\Administrator\AppData\Local\Programs\Python\Python311\Lib\asyncio\base_events.py", line 654, in run_until_complete
    return future.result()
  File "C:\Users\Administrator\gold-3strategies\core\telegram_bot.py", line 228, in _async_main
    await app.initialize()
  File "C:\Users\Administrator\AppData\Local\Programs\Python\Python311\Lib\site-packages\telegram\ext\_application.py", line 489, in initialize
    await self.bot.initialize()
  File "C:\Users\Administrator\AppData\Local\Programs\Python\Python311\Lib\site-packages\telegram\ext\_extbot.py", line 324, in initialize
    await super().initialize()
  File "C:\Users\Administrator\AppData\Local\Programs\Python\Python311\Lib\site-packages\telegram\_bot.py", line 868, in initialize
    raise InvalidToken(f"The token `{self._token}` was rejected by the server.") from exc
telegram.error.InvalidToken: The token `????-????-???` was rejected by the server.
2026-08-28 02:24:44.589 | INFO     | telegram-loop | core.telegram_bot:_thread_main:197 - telegram event loop closed
2026-08-28 02:24:50.099 | WARNING  | news-filter-refresh | core.news_filter:update_calendar:138 - calendar fetch failed: 429 Client Error: Too Many Requests for url: https://nfs.faireconomy.media/ff_calendar_thisweek.json | using cached events
2026-08-28 02:25:06.431 | WARNING  | news-filter-refresh | core.news_filter:update_calendar:138 - calendar fetch failed: 429 Client Error: Too Many Requests for url: https://nfs.faireconomy.media/ff_calendar_thisweek.json | using cached events
2026-08-28 02:25:08.652 | ERROR    | MainThread | core.telegram_bot:start:167 - telegram controller failed to become ready in 25.0s
2026-08-28 02:25:08.658 | INFO     | MainThread | __main__:run:705 - entering main loop (1.0s cadence, 300s bars)
2026-08-28 02:25:38.738 | WARNING  | news-filter-refresh | core.news_filter:update_calendar:138 - calendar fetch failed: 429 Client Error: Too Many Requests for url: https://nfs.faireconomy.media/ff_calendar_thisweek.json | using cached events
2026-08-28 02:25:43.988 | WARNING  | MainThread | __main__:stop:742 - shutdown requested
2026-08-28 02:25:43.994 | INFO     | MainThread | __main__:shutdown:746 - shutting down…
2026-08-28 02:25:44.995 | INFO     | MainThread | core.telegram_bot:stop:176 - telegram controller stopped
2026-08-28 02:25:45.001 | INFO     | MainThread | core.mt5_client:shutdown:292 - MT5 client shut down
2026-08-28 02:25:45.011 | SUCCESS  | MainThread | __main__:shutdown:753 - clean shutdown complete
2026-08-28 02:34:33.335 | INFO     | MainThread | core.database:__init__:159 - subscription database ready at C:\Users\Administrator\gold-3strategies\subscriptions_ichimoku.db
2026-08-28 02:34:33.496 | INFO     | MainThread | core.news_filter:start:92 - news filter cold-start: fetching calendar synchronously...
2026-08-28 02:34:33.806 | WARNING  | MainThread | core.news_filter:update_calendar:138 - calendar fetch failed: 429 Client Error: Too Many Requests for url: https://nfs.faireconomy.media/ff_calendar_thisweek.json | using cached events
2026-08-28 02:34:33.812 | WARNING  | MainThread | core.news_filter:start:98 - cold-start failed to fetch: will retry in background
2026-08-28 02:34:33.814 | INFO     | MainThread | core.news_filter:start:111 - news filter background refresh started (interval: 1.0h)
2026-08-28 02:34:33.824 | INFO     | MainThread | __main__:run:678 - ========================================================================
2026-08-28 02:34:33.824 | INFO     | MainThread | __main__:run:679 - GOLD M5 BOT starting | risk 1.00% | lots 0.01-0.1 | SL/TP 1.6x/3.0xATR(14) | BE 1.0xATR+5pts | trail 1.3x/0.8xATR
2026-08-28 02:34:33.824 | INFO     | MainThread | __main__:run:680 - ========================================================================
2026-08-28 02:34:33.843 | SUCCESS  | MainThread | core.mt5_client:connect:232 - MT5 connected | login=111468044 server=MetaQuotes-Demo balance=699.13 USD | symbol=XAUUSD | algo_trading=True
2026-08-28 02:34:33.926 | WARNING  | MainThread | core.risk_manager:from_mt5:58 - broker tick_value 0.1000 implausible vs tick_size*contract_size 1.0000; using computed value (sizing guard)
2026-08-28 02:34:33.937 | INFO     | MainThread | __main__:_sync_daily:489 - daily guard init | realized today=$0.00 | day-start balance=$699.13 | cap -10%/$69.91
2026-08-28 02:34:33.937 | WARNING  | MainThread | __main__:_sync_daily:494 - daily guard init found 0 closed deals for a day >4h old; terminal history may not be synced yet
2026-08-28 02:34:33.937 | WARNING  | MainThread | __main__:run:691 - daily guard init attempt 1 returned no deals; retrying in 5s
2026-08-28 02:34:34.187 | WARNING  | news-filter-refresh | core.news_filter:update_calendar:138 - calendar fetch failed: 429 Client Error: Too Many Requests for url: https://nfs.faireconomy.media/ff_calendar_thisweek.json | using cached events
2026-08-28 02:34:36.488 | WARNING  | news-filter-refresh | core.news_filter:update_calendar:138 - calendar fetch failed: 429 Client Error: Too Many Requests for url: https://nfs.faireconomy.media/ff_calendar_thisweek.json | using cached events
2026-08-28 02:34:38.939 | WARNING  | MainThread | __main__:run:691 - daily guard init attempt 2 returned no deals; retrying in 5s
2026-08-28 02:34:40.790 | WARNING  | news-filter-refresh | core.news_filter:update_calendar:138 - calendar fetch failed: 429 Client Error: Too Many Requests for url: https://nfs.faireconomy.media/ff_calendar_thisweek.json | using cached events
2026-08-28 02:34:43.940 | INFO     | MainThread | core.mt5_client:start_heartbeat:336 - heartbeat thread started (30s)
2026-08-28 02:34:44.898 | ERROR    | telegram-loop | core.telegram_bot:_thread_main:185 - telegram thread crashed: The token `????-????-???` was rejected by the server.
Traceback (most recent call last):
  File "C:\Users\Administrator\AppData\Local\Programs\Python\Python311\Lib\site-packages\telegram\_bot.py", line 865, in initialize
    await self.get_me()
  File "C:\Users\Administrator\AppData\Local\Programs\Python\Python311\Lib\site-packages\telegram\ext\_extbot.py", line 2040, in get_me
    return await super().get_me(
  File "C:\Users\Administrator\AppData\Local\Programs\Python\Python311\Lib\site-packages\telegram\_bot.py", line 1005, in get_me
    result = await self._post(
  File "C:\Users\Administrator\AppData\Local\Programs\Python\Python311\Lib\site-packages\telegram\_bot.py", line 712, in _post
    return await self._do_post(
  File "C:\Users\Administrator\AppData\Local\Programs\Python\Python311\Lib\site-packages\telegram\ext\_extbot.py", line 378, in _do_post
    return await super()._do_post(
  File "C:\Users\Administrator\AppData\Local\Programs\Python\Python311\Lib\site-packages\telegram\_bot.py", line 741, in _do_post
    result = await request.post(
  File "C:\Users\Administrator\AppData\Local\Programs\Python\Python311\Lib\site-packages\telegram\request\_baserequest.py", line 198, in post
    result = await self._request_wrapper(
  File "C:\Users\Administrator\AppData\Local\Programs\Python\Python311\Lib\site-packages\telegram\request\_baserequest.py", line 375, in _request_wrapper
    raise exception
telegram.error.InvalidToken: Not Found

The above exception was the direct cause of the following exception:

Traceback (most recent call last):
  File "C:\Users\Administrator\AppData\Local\Programs\Python\Python311\Lib\threading.py", line 1002, in _bootstrap
    self._bootstrap_inner()
  File "C:\Users\Administrator\AppData\Local\Programs\Python\Python311\Lib\threading.py", line 1045, in _bootstrap_inner
    self.run()
  File "C:\Users\Administrator\AppData\Local\Programs\Python\Python311\Lib\threading.py", line 982, in run
    self._target(*self._args, **self._kwargs)
> File "C:\Users\Administrator\gold-3strategies\core\telegram_bot.py", line 183, in _thread_main
    loop.run_until_complete(self._async_main())
  File "C:\Users\Administrator\AppData\Local\Programs\Python\Python311\Lib\asyncio\base_events.py", line 654, in run_until_complete
    return future.result()
  File "C:\Users\Administrator\gold-3strategies\core\telegram_bot.py", line 228, in _async_main
    await app.initialize()
  File "C:\Users\Administrator\AppData\Local\Programs\Python\Python311\Lib\site-packages\telegram\ext\_application.py", line 489, in initialize
    await self.bot.initialize()
  File "C:\Users\Administrator\AppData\Local\Programs\Python\Python311\Lib\site-packages\telegram\ext\_extbot.py", line 324, in initialize
    await super().initialize()
  File "C:\Users\Administrator\AppData\Local\Programs\Python\Python311\Lib\site-packages\telegram\_bot.py", line 868, in initialize
    raise InvalidToken(f"The token `{self._token}` was rejected by the server.") from exc
telegram.error.InvalidToken: The token `????-????-???` was rejected by the server.
2026-08-28 02:34:44.923 | INFO     | telegram-loop | core.telegram_bot:_thread_main:197 - telegram event loop closed
2026-08-28 02:34:49.098 | WARNING  | news-filter-refresh | core.news_filter:update_calendar:138 - calendar fetch failed: 429 Client Error: Too Many Requests for url: https://nfs.faireconomy.media/ff_calendar_thisweek.json | using cached events
2026-08-28 02:35:05.421 | WARNING  | news-filter-refresh | core.news_filter:update_calendar:138 - calendar fetch failed: 429 Client Error: Too Many Requests for url: https://nfs.faireconomy.media/ff_calendar_thisweek.json | using cached events
2026-08-28 02:35:08.954 | WARNING  | MainThread | __main__:stop:742 - shutdown requested
2026-08-28 02:35:08.960 | ERROR    | MainThread | core.telegram_bot:start:167 - telegram controller failed to become ready in 25.0s
2026-08-28 02:35:08.960 | INFO     | MainThread | __main__:run:705 - entering main loop (1.0s cadence, 300s bars)
2026-08-28 02:35:08.960 | INFO     | MainThread | __main__:shutdown:746 - shutting down…
2026-08-28 02:35:09.962 | INFO     | MainThread | core.telegram_bot:stop:176 - telegram controller stopped
2026-08-28 02:35:09.969 | INFO     | MainThread | core.mt5_client:shutdown:292 - MT5 client shut down
2026-08-28 02:35:09.979 | SUCCESS  | MainThread | __main__:shutdown:753 - clean shutdown complete
2026-08-28 02:39:33.967 | INFO     | MainThread | core.database:__init__:159 - subscription database ready at C:\Users\Administrator\gold-3strategies\subscriptions_ichimoku.db
2026-08-28 02:39:34.094 | INFO     | MainThread | core.news_filter:start:92 - news filter cold-start: fetching calendar synchronously...
2026-08-28 02:39:34.408 | WARNING  | MainThread | core.news_filter:update_calendar:138 - calendar fetch failed: 429 Client Error: Too Many Requests for url: https://nfs.faireconomy.media/ff_calendar_thisweek.json | using cached events
2026-08-28 02:39:34.414 | WARNING  | MainThread | core.news_filter:start:98 - cold-start failed to fetch: will retry in background
2026-08-28 02:39:34.416 | INFO     | MainThread | core.news_filter:start:111 - news filter background refresh started (interval: 1.0h)
2026-08-28 02:39:34.426 | INFO     | MainThread | __main__:run:678 - ========================================================================
2026-08-28 02:39:34.428 | INFO     | MainThread | __main__:run:679 - GOLD M5 BOT starting | risk 1.00% | lots 0.01-0.1 | SL/TP 1.6x/3.0xATR(14) | BE 1.0xATR+5pts | trail 1.3x/0.8xATR
2026-08-28 02:39:34.428 | INFO     | MainThread | __main__:run:680 - ========================================================================
2026-08-28 02:39:34.448 | SUCCESS  | MainThread | core.mt5_client:connect:232 - MT5 connected | login=111468044 server=MetaQuotes-Demo balance=699.13 USD | symbol=XAUUSD | algo_trading=True
2026-08-28 02:39:34.541 | WARNING  | MainThread | core.risk_manager:from_mt5:58 - broker tick_value 0.1000 implausible vs tick_size*contract_size 1.0000; using computed value (sizing guard)
2026-08-28 02:39:34.541 | INFO     | MainThread | __main__:_sync_daily:489 - daily guard init | realized today=$0.00 | day-start balance=$699.13 | cap -10%/$69.91
2026-08-28 02:39:34.543 | WARNING  | MainThread | __main__:_sync_daily:494 - daily guard init found 0 closed deals for a day >4h old; terminal history may not be synced yet
2026-08-28 02:39:34.543 | WARNING  | MainThread | __main__:run:691 - daily guard init attempt 1 returned no deals; retrying in 5s
2026-08-28 02:39:34.785 | WARNING  | news-filter-refresh | core.news_filter:update_calendar:138 - calendar fetch failed: 429 Client Error: Too Many Requests for url: https://nfs.faireconomy.media/ff_calendar_thisweek.json | using cached events
2026-08-28 02:44:33.501 | INFO     | MainThread | core.database:__init__:159 - subscription database ready at C:\Users\Administrator\gold-3strategies\subscriptions_ichimoku.db
2026-08-28 02:44:33.626 | INFO     | MainThread | core.news_filter:start:92 - news filter cold-start: fetching calendar synchronously...
2026-08-28 02:44:34.593 | WARNING  | MainThread | core.news_filter:update_calendar:138 - calendar fetch failed: 429 Client Error: Too Many Requests for url: https://nfs.faireconomy.media/ff_calendar_thisweek.json | using cached events
2026-08-28 02:44:34.599 | WARNING  | MainThread | core.news_filter:start:98 - cold-start failed to fetch: will retry in background
2026-08-28 02:44:34.681 | INFO     | MainThread | core.news_filter:start:111 - news filter background refresh started (interval: 1.0h)
2026-08-28 02:44:34.697 | INFO     | MainThread | __main__:run:678 - ========================================================================
2026-08-28 02:44:34.697 | INFO     | MainThread | __main__:run:679 - GOLD M5 BOT starting | risk 1.00% | lots 0.01-0.1 | SL/TP 1.6x/3.0xATR(14) | BE 1.0xATR+5pts | trail 1.3x/0.8xATR
2026-08-28 02:44:34.738 | INFO     | MainThread | __main__:run:680 - ========================================================================
2026-08-28 02:44:34.796 | SUCCESS  | MainThread | core.mt5_client:connect:232 - MT5 connected | login=111468044 server=MetaQuotes-Demo balance=699.13 USD | symbol=XAUUSD | algo_trading=True
2026-08-28 02:44:34.802 | WARNING  | MainThread | core.risk_manager:from_mt5:58 - broker tick_value 0.1000 implausible vs tick_size*contract_size 1.0000; using computed value (sizing guard)
2026-08-28 02:44:34.802 | INFO     | MainThread | __main__:_sync_daily:489 - daily guard init | realized today=$0.00 | day-start balance=$699.13 | cap -10%/$69.91
2026-08-28 02:44:34.802 | WARNING  | MainThread | __main__:_sync_daily:494 - daily guard init found 0 closed deals for a day >4h old; terminal history may not be synced yet
2026-08-28 02:44:34.804 | WARNING  | MainThread | __main__:run:691 - daily guard init attempt 1 returned no deals; retrying in 5s
2026-08-28 02:44:35.252 | WARNING  | news-filter-refresh | core.news_filter:update_calendar:138 - calendar fetch failed: 429 Client Error: Too Many Requests for url: https://nfs.faireconomy.media/ff_calendar_thisweek.json | using cached events
2026-08-28 02:44:37.785 | WARNING  | news-filter-refresh | core.news_filter:update_calendar:138 - calendar fetch failed: 429 Client Error: Too Many Requests for url: https://nfs.faireconomy.media/ff_calendar_thisweek.json | using cached events
2026-08-28 02:44:39.805 | WARNING  | MainThread | __main__:run:691 - daily guard init attempt 2 returned no deals; retrying in 5s
2026-08-28 02:44:42.107 | WARNING  | news-filter-refresh | core.news_filter:update_calendar:138 - calendar fetch failed: 429 Client Error: Too Many Requests for url: https://nfs.faireconomy.media/ff_calendar_thisweek.json | using cached events
2026-08-28 02:44:44.814 | INFO     | MainThread | core.mt5_client:start_heartbeat:336 - heartbeat thread started (30s)
2026-08-28 02:44:45.812 | ERROR    | telegram-loop | core.telegram_bot:_thread_main:185 - telegram thread crashed: The token `????-????-???` was rejected by the server.
Traceback (most recent call last):
  File "C:\Users\Administrator\AppData\Local\Programs\Python\Python311\Lib\site-packages\telegram\_bot.py", line 865, in initialize
    await self.get_me()
  File "C:\Users\Administrator\AppData\Local\Programs\Python\Python311\Lib\site-packages\telegram\ext\_extbot.py", line 2040, in get_me
    return await super().get_me(
  File "C:\Users\Administrator\AppData\Local\Programs\Python\Python311\Lib\site-packages\telegram\_bot.py", line 1005, in get_me
    result = await self._post(
  File "C:\Users\Administrator\AppData\Local\Programs\Python\Python311\Lib\site-packages\telegram\_bot.py", line 712, in _post
    return await self._do_post(
  File "C:\Users\Administrator\AppData\Local\Programs\Python\Python311\Lib\site-packages\telegram\ext\_extbot.py", line 378, in _do_post
    return await super()._do_post(
  File "C:\Users\Administrator\AppData\Local\Programs\Python\Python311\Lib\site-packages\telegram\_bot.py", line 741, in _do_post
    result = await request.post(
  File "C:\Users\Administrator\AppData\Local\Programs\Python\Python311\Lib\site-packages\telegram\request\_baserequest.py", line 198, in post
    result = await self._request_wrapper(
  File "C:\Users\Administrator\AppData\Local\Programs\Python\Python311\Lib\site-packages\telegram\request\_baserequest.py", line 375, in _request_wrapper
    raise exception
telegram.error.InvalidToken: Not Found

The above exception was the direct cause of the following exception:

Traceback (most recent call last):
  File "C:\Users\Administrator\AppData\Local\Programs\Python\Python311\Lib\threading.py", line 1002, in _bootstrap
    self._bootstrap_inner()
  File "C:\Users\Administrator\AppData\Local\Programs\Python\Python311\Lib\threading.py", line 1045, in _bootstrap_inner
    self.run()
  File "C:\Users\Administrator\AppData\Local\Programs\Python\Python311\Lib\threading.py", line 982, in run
    self._target(*self._args, **self._kwargs)
> File "C:\Users\Administrator\gold-3strategies\core\telegram_bot.py", line 183, in _thread_main
    loop.run_until_complete(self._async_main())
  File "C:\Users\Administrator\AppData\Local\Programs\Python\Python311\Lib\asyncio\base_events.py", line 654, in run_until_complete
    return future.result()
  File "C:\Users\Administrator\gold-3strategies\core\telegram_bot.py", line 228, in _async_main
    await app.initialize()
  File "C:\Users\Administrator\AppData\Local\Programs\Python\Python311\Lib\site-packages\telegram\ext\_application.py", line 489, in initialize
    await self.bot.initialize()
  File "C:\Users\Administrator\AppData\Local\Programs\Python\Python311\Lib\site-packages\telegram\ext\_extbot.py", line 324, in initialize
    await super().initialize()
  File "C:\Users\Administrator\AppData\Local\Programs\Python\Python311\Lib\site-packages\telegram\_bot.py", line 868, in initialize
    raise InvalidToken(f"The token `{self._token}` was rejected by the server.") from exc
telegram.error.InvalidToken: The token `????-????-???` was rejected by the server.
2026-08-28 02:44:45.838 | INFO     | telegram-loop | core.telegram_bot:_thread_main:197 - telegram event loop closed
2026-08-28 02:44:50.413 | WARNING  | news-filter-refresh | core.news_filter:update_calendar:138 - calendar fetch failed: 429 Client Error: Too Many Requests for url: https://nfs.faireconomy.media/ff_calendar_thisweek.json | using cached events
2026-08-28 02:45:06.719 | WARNING  | news-filter-refresh | core.news_filter:update_calendar:138 - calendar fetch failed: 429 Client Error: Too Many Requests for url: https://nfs.faireconomy.media/ff_calendar_thisweek.json | using cached events
2026-08-28 02:45:09.831 | ERROR    | MainThread | core.telegram_bot:start:167 - telegram controller failed to become ready in 25.0s
2026-08-28 02:45:09.837 | INFO     | MainThread | __main__:run:705 - entering main loop (1.0s cadence, 300s bars)
2026-08-28 02:45:39.033 | WARNING  | news-filter-refresh | core.news_filter:update_calendar:138 - calendar fetch failed: 429 Client Error: Too Many Requests for url: https://nfs.faireconomy.media/ff_calendar_thisweek.json | using cached events
2026-08-28 02:46:43.362 | WARNING  | news-filter-refresh | core.news_filter:update_calendar:138 - calendar fetch failed: 429 Client Error: Too Many Requests for url: https://nfs.faireconomy.media/ff_calendar_thisweek.json | using cached events
2026-08-28 02:48:51.693 | SUCCESS  | news-filter-refresh | core.news_filter:update_calendar:150 - calendar refreshed: 4 high-impact USD events loaded
2026-08-28 02:48:53.008 | SUCCESS  | news-filter-refresh | core.news_filter:update_calendar:150 - calendar refreshed: 4 high-impact USD events loaded
2026-08-28 02:48:54.320 | WARNING  | news-filter-refresh | core.news_filter:update_calendar:138 - calendar fetch failed: 429 Client Error: Too Many Requests for url: https://nfs.faireconomy.media/ff_calendar_thisweek.json | using cached events
2026-08-28 02:48:56.629 | WARNING  | news-filter-refresh | core.news_filter:update_calendar:138 - calendar fetch failed: 429 Client Error: Too Many Requests for url: https://nfs.faireconomy.media/ff_calendar_thisweek.json | using cached events
2026-08-28 02:49:00.943 | WARNING  | news-filter-refresh | core.news_filter:update_calendar:138 - calendar fetch failed: 429 Client Error: Too Many Requests for url: https://nfs.faireconomy.media/ff_calendar_thisweek.json | using cached events
2026-08-28 02:49:09.255 | WARNING  | news-filter-refresh | core.news_filter:update_calendar:138 - calendar fetch failed: 429 Client Error: Too Many Requests for url: https://nfs.faireconomy.media/ff_calendar_thisweek.json | using cached events
2026-08-28 02:49:25.555 | WARNING  | news-filter-refresh | core.news_filter:update_calendar:138 - calendar fetch failed: 429 Client Error: Too Many Requests for url: https://nfs.faireconomy.media/ff_calendar_thisweek.json | using cached events
2026-08-28 02:49:57.856 | WARNING  | news-filter-refresh | core.news_filter:update_calendar:138 - calendar fetch failed: 429 Client Error: Too Many Requests for url: https://nfs.faireconomy.media/ff_calendar_thisweek.json | using cached events
2026-08-28 02:51:02.176 | WARNING  | news-filter-refresh | core.news_filter:update_calendar:138 - calendar fetch failed: 429 Client Error: Too Many Requests for url: https://nfs.faireconomy.media/ff_calendar_thisweek.json | using cached events
2026-08-28 02:53:10.488 | WARNING  | news-filter-refresh | core.news_filter:update_calendar:138 - calendar fetch failed: 429 Client Error: Too Many Requests for url: https://nfs.faireconomy.media/ff_calendar_thisweek.json | using cached events
2026-08-28 02:57:26.852 | SUCCESS  | news-filter-refresh | core.news_filter:update_calendar:150 - calendar refreshed: 4 high-impact USD events loaded
2026-08-28 02:57:28.173 | SUCCESS  | news-filter-refresh | core.news_filter:update_calendar:150 - calendar refreshed: 4 high-impact USD events loaded
2026-08-28 02:57:29.505 | WARNING  | news-filter-refresh | core.news_filter:update_calendar:138 - calendar fetch failed: 429 Client Error: Too Many Requests for url: https://nfs.faireconomy.media/ff_calendar_thisweek.json | using cached events
2026-08-28 02:57:31.826 | WARNING  | news-filter-refresh | core.news_filter:update_calendar:138 - calendar fetch failed: 429 Client Error: Too Many Requests for url: https://nfs.faireconomy.media/ff_calendar_thisweek.json | using cached events
2026-08-28 02:57:36.149 | WARNING  | news-filter-refresh | core.news_filter:update_calendar:138 - calendar fetch failed: 429 Client Error: Too Many Requests for url: https://nfs.faireconomy.media/ff_calendar_thisweek.json | using cached events
2026-08-28 02:57:44.474 | WARNING  | news-filter-refresh | core.news_filter:update_calendar:138 - calendar fetch failed: 429 Client Error: Too Many Requests for url: https://nfs.faireconomy.media/ff_calendar_thisweek.json | using cached events
2026-08-28 02:58:00.787 | WARNING  | news-filter-refresh | core.news_filter:update_calendar:138 - calendar fetch failed: 429 Client Error: Too Many Requests for url: https://nfs.faireconomy.media/ff_calendar_thisweek.json | using cached events
2026-08-28 02:58:33.093 | WARNING  | news-filter-refresh | core.news_filter:update_calendar:138 - calendar fetch failed: 429 Client Error: Too Many Requests for url: https://nfs.faireconomy.media/ff_calendar_thisweek.json | using cached events
2026-08-28 02:59:37.407 | WARNING  | news-filter-refresh | core.news_filter:update_calendar:138 - calendar fetch failed: 429 Client Error: Too Many Requests for url: https://nfs.faireconomy.media/ff_calendar_thisweek.json | using cached events
2026-08-28 03:01:45.738 | WARNING  | news-filter-refresh | core.news_filter:update_calendar:138 - calendar fetch failed: 429 Client Error: Too Many Requests for url: https://nfs.faireconomy.media/ff_calendar_thisweek.json | using cached events
2026-08-28 03:06:02.075 | SUCCESS  | news-filter-refresh | core.news_filter:update_calendar:150 - calendar refreshed: 4 high-impact USD events loaded
2026-08-28 03:06:03.412 | SUCCESS  | news-filter-refresh | core.news_filter:update_calendar:150 - calendar refreshed: 4 high-impact USD events loaded
2026-08-28 03:06:04.721 | WARNING  | news-filter-refresh | core.news_filter:update_calendar:138 - calendar fetch failed: 429 Client Error: Too Many Requests for url: https://nfs.faireconomy.media/ff_calendar_thisweek.json | using cached events
2026-08-28 03:06:07.035 | WARNING  | news-filter-refresh | core.news_filter:update_calendar:138 - calendar fetch failed: 429 Client Error: Too Many Requests for url: https://nfs.faireconomy.media/ff_calendar_thisweek.json | using cached events
2026-08-28 03:06:11.345 | WARNING  | news-filter-refresh | core.news_filter:update_calendar:138 - calendar fetch failed: 429 Client Error: Too Many Requests for url: https://nfs.faireconomy.media/ff_calendar_thisweek.json | using cached events
2026-08-28 03:06:19.682 | WARNING  | news-filter-refresh | core.news_filter:update_calendar:138 - calendar fetch failed: 429 Client Error: Too Many Requests for url: https://nfs.faireconomy.media/ff_calendar_thisweek.json | using cached events
2026-08-28 03:06:35.997 | WARNING  | news-filter-refresh | core.news_filter:update_calendar:138 - calendar fetch failed: 429 Client Error: Too Many Requests for url: https://nfs.faireconomy.media/ff_calendar_thisweek.json | using cached events
2026-08-28 03:07:08.309 | WARNING  | news-filter-refresh | core.news_filter:update_calendar:138 - calendar fetch failed: 429 Client Error: Too Many Requests for url: https://nfs.faireconomy.media/ff_calendar_thisweek.json | using cached events
2026-08-28 03:08:12.627 | WARNING  | news-filter-refresh | core.news_filter:update_calendar:138 - calendar fetch failed: 429 Client Error: Too Many Requests for url: https://nfs.faireconomy.media/ff_calendar_thisweek.json | using cached events
2026-08-28 03:10:20.928 | WARNING  | news-filter-refresh | core.news_filter:update_calendar:138 - calendar fetch failed: 429 Client Error: Too Many Requests for url: https://nfs.faireconomy.media/ff_calendar_thisweek.json | using cached events
2026-08-28 03:14:37.287 | SUCCESS  | news-filter-refresh | core.news_filter:update_calendar:150 - calendar refreshed: 4 high-impact USD events loaded
2026-08-28 03:14:38.599 | SUCCESS  | news-filter-refresh | core.news_filter:update_calendar:150 - calendar refreshed: 4 high-impact USD events loaded
2026-08-28 03:14:39.910 | WARNING  | news-filter-refresh | core.news_filter:update_calendar:138 - calendar fetch failed: 429 Client Error: Too Many Requests for url: https://nfs.faireconomy.media/ff_calendar_thisweek.json | using cached events
2026-08-28 03:14:42.237 | WARNING  | news-filter-refresh | core.news_filter:update_calendar:138 - calendar fetch failed: 429 Client Error: Too Many Requests for url: https://nfs.faireconomy.media/ff_calendar_thisweek.json | using cached events
2026-08-28 03:14:46.551 | WARNING  | news-filter-refresh | core.news_filter:update_calendar:138 - calendar fetch failed: 429 Client Error: Too Many Requests for url: https://nfs.faireconomy.media/ff_calendar_thisweek.json | using cached events
2026-08-28 03:14:54.854 | WARNING  | news-filter-refresh | core.news_filter:update_calendar:138 - calendar fetch failed: 429 Client Error: Too Many Requests for url: https://nfs.faireconomy.media/ff_calendar_thisweek.json | using cached events
2026-08-28 03:15:11.168 | WARNING  | news-filter-refresh | core.news_filter:update_calendar:138 - calendar fetch failed: 429 Client Error: Too Many Requests for url: https://nfs.faireconomy.media/ff_calendar_thisweek.json | using cached events
2026-08-28 03:15:43.500 | WARNING  | news-filter-refresh | core.news_filter:update_calendar:138 - calendar fetch failed: 429 Client Error: Too Many Requests for url: https://nfs.faireconomy.media/ff_calendar_thisweek.json | using cached events
2026-08-28 03:16:47.867 | WARNING  | news-filter-refresh | core.news_filter:update_calendar:138 - calendar fetch failed: 429 Client Error: Too Many Requests for url: https://nfs.faireconomy.media/ff_calendar_thisweek.json | using cached events
2026-08-28 03:18:56.184 | WARNING  | news-filter-refresh | core.news_filter:update_calendar:138 - calendar fetch failed: 429 Client Error: Too Many Requests for url: https://nfs.faireconomy.media/ff_calendar_thisweek.json | using cached events
2026-08-28 03:23:12.508 | SUCCESS  | news-filter-refresh | core.news_filter:update_calendar:150 - calendar refreshed: 4 high-impact USD events loaded
2026-08-28 03:23:13.824 | SUCCESS  | news-filter-refresh | core.news_filter:update_calendar:150 - calendar refreshed: 4 high-impact USD events loaded
2026-08-28 03:23:15.140 | WARNING  | news-filter-refresh | core.news_filter:update_calendar:138 - calendar fetch failed: 429 Client Error: Too Many Requests for url: https://nfs.faireconomy.media/ff_calendar_thisweek.json | using cached events
2026-08-28 03:23:17.441 | WARNING  | news-filter-refresh | core.news_filter:update_calendar:138 - calendar fetch failed: 429 Client Error: Too Many Requests for url: https://nfs.faireconomy.media/ff_calendar_thisweek.json | using cached events
2026-08-28 03:23:21.751 | WARNING  | news-filter-refresh | core.news_filter:update_calendar:138 - calendar fetch failed: 429 Client Error: Too Many Requests for url: https://nfs.faireconomy.media/ff_calendar_thisweek.json | using cached events
2026-08-28 03:23:30.089 | WARNING  | news-filter-refresh | core.news_filter:update_calendar:138 - calendar fetch failed: 429 Client Error: Too Many Requests for url: https://nfs.faireconomy.media/ff_calendar_thisweek.json | using cached events
2026-08-28 03:23:46.419 | WARNING  | news-filter-refresh | core.news_filter:update_calendar:138 - calendar fetch failed: 429 Client Error: Too Many Requests for url: https://nfs.faireconomy.media/ff_calendar_thisweek.json | using cached events
2026-08-28 03:24:18.746 | WARNING  | news-filter-refresh | core.news_filter:update_calendar:138 - calendar fetch failed: 429 Client Error: Too Many Requests for url: https://nfs.faireconomy.media/ff_calendar_thisweek.json | using cached events
2026-08-28 03:25:23.054 | WARNING  | news-filter-refresh | core.news_filter:update_calendar:138 - calendar fetch failed: 429 Client Error: Too Many Requests for url: https://nfs.faireconomy.media/ff_calendar_thisweek.json | using cached events
2026-08-28 03:27:31.392 | WARNING  | news-filter-refresh | core.news_filter:update_calendar:138 - calendar fetch failed: 429 Client Error: Too Many Requests for url: https://nfs.faireconomy.media/ff_calendar_thisweek.json | using cached events
2026-08-28 03:28:12.697 | WARNING  | MainThread | __main__:stop:742 - shutdown requested
2026-08-28 03:28:12.705 | INFO     | MainThread | __main__:shutdown:746 - shutting down…
2026-08-28 03:28:12.737 | WARNING  | MainThread | __main__:stop:742 - shutdown requested
2026-08-28 03:28:12.899 | WARNING  | MainThread | __main__:stop:742 - shutdown requested
2026-08-28 03:28:13.007 | WARNING  | MainThread | __main__:stop:742 - shutdown requested
2026-08-28 03:28:13.714 | INFO     | MainThread | core.telegram_bot:stop:176 - telegram controller stopped
2026-08-28 03:28:13.714 | INFO     | MainThread | core.mt5_client:shutdown:292 - MT5 client shut down
2026-08-28 03:28:13.737 | SUCCESS  | MainThread | __main__:shutdown:753 - clean shutdown complete
2026-08-28 03:30:55.558 | INFO     | MainThread | core.database:__init__:159 - subscription database ready at C:\Users\Administrator\gold-3strategies\subscriptions_ichimoku.db
2026-08-28 03:30:55.734 | INFO     | MainThread | core.news_filter:start:92 - news filter cold-start: fetching calendar synchronously...
2026-08-28 03:30:56.099 | SUCCESS  | MainThread | core.news_filter:update_calendar:150 - calendar refreshed: 4 high-impact USD events loaded
2026-08-28 03:30:56.103 | SUCCESS  | MainThread | core.news_filter:start:96 - cold-start successful: calendar loaded
2026-08-28 03:30:56.107 | INFO     | MainThread | core.news_filter:start:111 - news filter background refresh started (interval: 1.0h)
2026-08-28 03:30:56.117 | INFO     | MainThread | __main__:run:678 - ========================================================================
2026-08-28 03:30:56.117 | INFO     | MainThread | __main__:run:679 - GOLD M5 BOT starting | risk 1.00% | lots 0.01-0.1 | SL/TP 1.6x/3.0xATR(14) | BE 1.0xATR+5pts | trail 1.3x/0.8xATR
2026-08-28 03:30:56.117 | INFO     | MainThread | __main__:run:680 - ========================================================================
2026-08-28 03:30:56.152 | SUCCESS  | MainThread | core.mt5_client:connect:232 - MT5 connected | login=111468044 server=MetaQuotes-Demo balance=699.13 USD | symbol=XAUUSD | algo_trading=True
2026-08-28 03:30:56.208 | WARNING  | MainThread | core.risk_manager:from_mt5:58 - broker tick_value 0.1000 implausible vs tick_size*contract_size 1.0000; using computed value (sizing guard)
2026-08-28 03:30:56.214 | INFO     | MainThread | __main__:_sync_daily:489 - daily guard init | realized today=$0.00 | day-start balance=$699.13 | cap -10%/$69.91
2026-08-28 03:30:56.214 | WARNING  | MainThread | __main__:_sync_daily:494 - daily guard init found 0 closed deals for a day >4h old; terminal history may not be synced yet
2026-08-28 03:30:56.214 | WARNING  | MainThread | __main__:run:691 - daily guard init attempt 1 returned no deals; retrying in 5s
2026-08-28 03:30:56.499 | SUCCESS  | news-filter-refresh | core.news_filter:update_calendar:150 - calendar refreshed: 4 high-impact USD events loaded
2026-08-28 03:30:57.791 | WARNING  | news-filter-refresh | core.news_filter:update_calendar:138 - calendar fetch failed: 429 Client Error: Too Many Requests for url: https://nfs.faireconomy.media/ff_calendar_thisweek.json | using cached events
2026-08-28 03:31:00.138 | WARNING  | news-filter-refresh | core.news_filter:update_calendar:138 - calendar fetch failed: 429 Client Error: Too Many Requests for url: https://nfs.faireconomy.media/ff_calendar_thisweek.json | using cached events
2026-08-28 03:31:01.216 | WARNING  | MainThread | __main__:run:691 - daily guard init attempt 2 returned no deals; retrying in 5s
2026-08-28 03:31:04.455 | WARNING  | news-filter-refresh | core.news_filter:update_calendar:138 - calendar fetch failed: 429 Client Error: Too Many Requests for url: https://nfs.faireconomy.media/ff_calendar_thisweek.json | using cached events
2026-08-28 03:31:06.222 | INFO     | MainThread | core.mt5_client:start_heartbeat:336 - heartbeat thread started (30s)
2026-08-28 03:31:07.388 | SUCCESS  | MainThread | core.telegram_bot:start:165 - telegram controller online as @MatrixGolden_bot
2026-08-28 03:31:07.398 | INFO     | MainThread | __main__:run:705 - entering main loop (1.0s cadence, 300s bars)
2026-08-28 03:31:12.755 | WARNING  | news-filter-refresh | core.news_filter:update_calendar:138 - calendar fetch failed: 429 Client Error: Too Many Requests for url: https://nfs.faireconomy.media/ff_calendar_thisweek.json | using cached events
2026-08-28 03:31:29.080 | WARNING  | news-filter-refresh | core.news_filter:update_calendar:138 - calendar fetch failed: 429 Client Error: Too Many Requests for url: https://nfs.faireconomy.media/ff_calendar_thisweek.json | using cached events
2026-08-28 03:32:01.391 | WARNING  | news-filter-refresh | core.news_filter:update_calendar:138 - calendar fetch failed: 429 Client Error: Too Many Requests for url: https://nfs.faireconomy.media/ff_calendar_thisweek.json | using cached events
2026-08-28 03:33:05.725 | WARNING  | news-filter-refresh | core.news_filter:update_calendar:138 - calendar fetch failed: 429 Client Error: Too Many Requests for url: https://nfs.faireconomy.media/ff_calendar_thisweek.json | using cached events
2026-08-28 03:35:14.053 | WARNING  | news-filter-refresh | core.news_filter:update_calendar:138 - calendar fetch failed: 429 Client Error: Too Many Requests for url: https://nfs.faireconomy.media/ff_calendar_thisweek.json | using cached events
2026-08-28 03:39:30.502 | WARNING  | news-filter-refresh | core.news_filter:update_calendar:138 - calendar fetch failed: 429 Client Error: Too Many Requests for url: https://nfs.faireconomy.media/ff_calendar_thisweek.json | using cached events
2026-08-28 03:48:02.952 | WARNING  | news-filter-refresh | core.news_filter:update_calendar:138 - calendar fetch failed: 429 Client Error: Too Many Requests for url: https://nfs.faireconomy.media/ff_calendar_thisweek.json | using cached events
2026-08-28 04:05:07.773 | WARNING  | news-filter-refresh | core.news_filter:update_calendar:138 - calendar fetch failed: 429 Client Error: Too Many Requests for url: https://nfs.faireconomy.media/ff_calendar_thisweek.json | using cached events
2026-08-28 04:39:16.191 | WARNING  | news-filter-refresh | core.news_filter:update_calendar:138 - calendar fetch failed: 429 Client Error: Too Many Requests for url: https://nfs.faireconomy.media/ff_calendar_thisweek.json | using cached events
2026-08-28 05:39:16.712 | WARNING  | news-filter-refresh | core.news_filter:update_calendar:138 - calendar fetch failed: 429 Client Error: Too Many Requests for url: https://nfs.faireconomy.media/ff_calendar_thisweek.json | using cached events
2026-08-28 06:39:17.284 | WARNING  | news-filter-refresh | core.news_filter:update_calendar:138 - calendar fetch failed: 429 Client Error: Too Many Requests for url: https://nfs.faireconomy.media/ff_calendar_thisweek.json | using cached events
2026-08-28 06:42:20.049 | WARNING  | MainThread | __main__:stop:742 - shutdown requested
2026-08-28 06:42:25.298 | INFO     | MainThread | __main__:shutdown:746 - shutting down…
2026-08-28 06:42:29.406 | INFO     | telegram-loop | core.telegram_bot:_thread_main:197 - telegram event loop closed
2026-08-28 06:42:29.428 | INFO     | MainThread | core.telegram_bot:stop:176 - telegram controller stopped
2026-08-28 06:42:29.456 | INFO     | MainThread | core.mt5_client:shutdown:292 - MT5 client shut down
2026-08-28 06:42:29.550 | SUCCESS  | MainThread | __main__:shutdown:753 - clean shutdown complete
2026-08-28 06:44:36.848 | INFO     | MainThread | core.database:__init__:159 - subscription database ready at C:\Users\Administrator\gold-3strategies\subscriptions_ichimoku.db
2026-08-28 06:44:37.289 | INFO     | MainThread | core.news_filter:start:92 - news filter cold-start: fetching calendar synchronously...
2026-08-28 06:44:37.774 | SUCCESS  | MainThread | core.news_filter:update_calendar:150 - calendar refreshed: 4 high-impact USD events loaded
2026-08-28 06:44:37.787 | SUCCESS  | MainThread | core.news_filter:start:96 - cold-start successful: calendar loaded
2026-08-28 06:44:37.791 | INFO     | MainThread | core.news_filter:start:111 - news filter background refresh started (interval: 1.0h)
2026-08-28 06:44:37.802 | INFO     | MainThread | __main__:run:678 - ========================================================================
2026-08-28 06:44:37.802 | INFO     | MainThread | __main__:run:679 - GOLD M5 BOT starting | risk 1.00% | lots 0.01-0.1 | SL/TP 1.6x/3.0xATR(14) | BE 1.0xATR+5pts | trail 1.3x/0.8xATR
2026-08-28 06:44:37.802 | INFO     | MainThread | __main__:run:680 - ========================================================================
2026-08-28 06:44:37.827 | SUCCESS  | MainThread | core.mt5_client:connect:232 - MT5 connected | login=111468044 server=MetaQuotes-Demo balance=699.13 USD | symbol=XAUUSD | algo_trading=True
2026-08-28 06:44:37.954 | WARNING  | MainThread | core.risk_manager:from_mt5:58 - broker tick_value 0.1000 implausible vs tick_size*contract_size 1.0000; using computed value (sizing guard)
2026-08-28 06:44:37.959 | INFO     | MainThread | __main__:_sync_daily:489 - daily guard init | realized today=$0.00 | day-start balance=$699.13 | cap -10%/$69.91
2026-08-28 06:44:37.959 | WARNING  | MainThread | __main__:_sync_daily:494 - daily guard init found 0 closed deals for a day >4h old; terminal history may not be synced yet
2026-08-28 06:44:37.959 | WARNING  | MainThread | __main__:run:691 - daily guard init attempt 1 returned no deals; retrying in 5s
2026-08-28 06:44:38.301 | SUCCESS  | news-filter-refresh | core.news_filter:update_calendar:150 - calendar refreshed: 4 high-impact USD events loaded
2026-08-28 06:44:39.649 | WARNING  | news-filter-refresh | core.news_filter:update_calendar:138 - calendar fetch failed: 429 Client Error: Too Many Requests for url: https://nfs.faireconomy.media/ff_calendar_thisweek.json | using cached events
2026-08-28 06:44:42.089 | WARNING  | news-filter-refresh | core.news_filter:update_calendar:138 - calendar fetch failed: 429 Client Error: Too Many Requests for url: https://nfs.faireconomy.media/ff_calendar_thisweek.json | using cached events
2026-08-28 06:44:42.961 | WARNING  | MainThread | __main__:run:691 - daily guard init attempt 2 returned no deals; retrying in 5s
2026-08-28 06:44:46.645 | WARNING  | news-filter-refresh | core.news_filter:update_calendar:138 - calendar fetch failed: 429 Client Error: Too Many Requests for url: https://nfs.faireconomy.media/ff_calendar_thisweek.json | using cached events
2026-08-28 06:44:47.966 | INFO     | MainThread | core.mt5_client:start_heartbeat:336 - heartbeat thread started (30s)
2026-08-28 06:44:49.476 | SUCCESS  | MainThread | core.telegram_bot:start:165 - telegram controller online as @MatrixGolden_bot
2026-08-28 06:44:49.498 | INFO     | MainThread | __main__:run:705 - entering main loop (1.0s cadence, 300s bars)
2026-08-28 06:44:55.110 | WARNING  | news-filter-refresh | core.news_filter:update_calendar:138 - calendar fetch failed: 429 Client Error: Too Many Requests for url: https://nfs.faireconomy.media/ff_calendar_thisweek.json | using cached events
2026-08-28 06:45:11.639 | WARNING  | news-filter-refresh | core.news_filter:update_calendar:138 - calendar fetch failed: 429 Client Error: Too Many Requests for url: https://nfs.faireconomy.media/ff_calendar_thisweek.json | using cached events
2026-08-28 06:45:44.137 | WARNING  | news-filter-refresh | core.news_filter:update_calendar:138 - calendar fetch failed: 429 Client Error: Too Many Requests for url: https://nfs.faireconomy.media/ff_calendar_thisweek.json | using cached events
2026-08-28 06:46:48.701 | WARNING  | news-filter-refresh | core.news_filter:update_calendar:138 - calendar fetch failed: 429 Client Error: Too Many Requests for url: https://nfs.faireconomy.media/ff_calendar_thisweek.json | using cached events
2026-08-28 06:48:57.238 | WARNING  | news-filter-refresh | core.news_filter:update_calendar:138 - calendar fetch failed: 429 Client Error: Too Many Requests for url: https://nfs.faireconomy.media/ff_calendar_thisweek.json | using cached events
2026-08-28 06:53:13.937 | SUCCESS  | news-filter-refresh | core.news_filter:update_calendar:150 - calendar refreshed: 4 high-impact USD events loaded
2026-08-28 06:53:15.529 | SUCCESS  | news-filter-refresh | core.news_filter:update_calendar:150 - calendar refreshed: 4 high-impact USD events loaded
2026-08-28 06:53:17.684 | WARNING  | news-filter-refresh | core.news_filter:update_calendar:138 - calendar fetch failed: 429 Client Error: Too Many Requests for url: https://nfs.faireconomy.media/ff_calendar_thisweek.json | using cached events
2026-08-28 06:53:20.746 | WARNING  | news-filter-refresh | core.news_filter:update_calendar:138 - calendar fetch failed: 429 Client Error: Too Many Requests for url: https://nfs.faireconomy.media/ff_calendar_thisweek.json | using cached events
2026-08-28 06:53:25.738 | WARNING  | news-filter-refresh | core.news_filter:update_calendar:138 - calendar fetch failed: 429 Client Error: Too Many Requests for url: https://nfs.faireconomy.media/ff_calendar_thisweek.json | using cached events
2026-08-28 06:53:34.428 | WARNING  | news-filter-refresh | core.news_filter:update_calendar:138 - calendar fetch failed: 429 Client Error: Too Many Requests for url: https://nfs.faireconomy.media/ff_calendar_thisweek.json | using cached events
2026-08-28 06:53:51.397 | WARNING  | news-filter-refresh | core.news_filter:update_calendar:138 - calendar fetch failed: 429 Client Error: Too Many Requests for url: https://nfs.faireconomy.media/ff_calendar_thisweek.json | using cached events
2026-08-28 06:54:24.109 | WARNING  | news-filter-refresh | core.news_filter:update_calendar:138 - calendar fetch failed: 429 Client Error: Too Many Requests for url: https://nfs.faireconomy.media/ff_calendar_thisweek.json | using cached events
2026-08-28 06:55:16.927 | INFO     | MainThread | __main__:_on_new_closed_bar:564 - 📰 بلاک خبری فعال — ورود جدید ممنوع | ⚠️ 5 mins before High-Impact USD: Fed Chairman Warsh Speaks
2026-08-28 06:55:45.710 | WARNING  | news-filter-refresh | core.news_filter:update_calendar:138 - calendar fetch failed: 429 Client Error: Too Many Requests for url: https://nfs.faireconomy.media/ff_calendar_thisweek.json | using cached events
2026-08-28 06:57:54.112 | WARNING  | news-filter-refresh | core.news_filter:update_calendar:138 - calendar fetch failed: 429 Client Error: Too Many Requests for url: https://nfs.faireconomy.media/ff_calendar_thisweek.json | using cached events
2026-08-28 07:00:00.789 | INFO     | MainThread | __main__:_on_new_closed_bar:564 - 📰 بلاک خبری فعال — ورود جدید ممنوع | ⚠️ 0 mins after Fed Chairman Warsh Speaks (Volatility Cooldown)
2026-08-28 07:02:12.476 | SUCCESS  | news-filter-refresh | core.news_filter:update_calendar:150 - calendar refreshed: 4 high-impact USD events loaded
2026-08-28 07:02:15.279 | SUCCESS  | news-filter-refresh | core.news_filter:update_calendar:150 - calendar refreshed: 4 high-impact USD events loaded
2026-08-28 07:02:18.461 | WARNING  | news-filter-refresh | core.news_filter:update_calendar:138 - calendar fetch failed: 429 Client Error: Too Many Requests for url: https://nfs.faireconomy.media/ff_calendar_thisweek.json | using cached events
2026-08-28 07:02:22.444 | WARNING  | news-filter-refresh | core.news_filter:update_calendar:138 - calendar fetch failed: 429 Client Error: Too Many Requests for url: https://nfs.faireconomy.media/ff_calendar_thisweek.json | using cached events
2026-08-28 07:02:29.629 | WARNING  | news-filter-refresh | core.news_filter:update_calendar:138 - calendar fetch failed: 429 Client Error: Too Many Requests for url: https://nfs.faireconomy.media/ff_calendar_thisweek.json | using cached events
2026-08-28 07:02:41.950 | WARNING  | news-filter-refresh | core.news_filter:update_calendar:138 - calendar fetch failed: 429 Client Error: Too Many Requests for url: https://nfs.faireconomy.media/ff_calendar_thisweek.json | using cached events
2026-08-28 07:03:00.575 | WARNING  | news-filter-refresh | core.news_filter:update_calendar:138 - calendar fetch failed: 429 Client Error: Too Many Requests for url: https://nfs.faireconomy.media/ff_calendar_thisweek.json | using cached events
2026-08-28 07:03:34.842 | WARNING  | news-filter-refresh | core.news_filter:update_calendar:138 - calendar fetch failed: 429 Client Error: Too Many Requests for url: https://nfs.faireconomy.media/ff_calendar_thisweek.json | using cached events
2026-08-28 07:04:40.495 | WARNING  | news-filter-refresh | core.news_filter:update_calendar:138 - calendar fetch failed: 429 Client Error: Too Many Requests for url: https://nfs.faireconomy.media/ff_calendar_thisweek.json | using cached events
2026-08-28 07:07:43.224 | WARNING  | news-filter-refresh | core.news_filter:update_calendar:138 - calendar fetch failed: HTTPSConnectionPool(host='nfs.faireconomy.media', port=443): Max retries exceeded with url: /ff_calendar_thisweek.json (Caused by SSLError(SSLEOFError(8, '[SSL: UNEXPECTED_EOF_WHILE_READING] EOF occurred in violation of protocol (_ssl.c:1006)'))) | using cached events
2026-08-28 07:12:11.846 | SUCCESS  | news-filter-refresh | core.news_filter:update_calendar:150 - calendar refreshed: 4 high-impact USD events loaded
2026-08-28 07:12:13.506 | SUCCESS  | news-filter-refresh | core.news_filter:update_calendar:150 - calendar refreshed: 4 high-impact USD events loaded
2026-08-28 07:12:15.162 | WARNING  | news-filter-refresh | core.news_filter:update_calendar:138 - calendar fetch failed: 429 Client Error: Too Many Requests for url: https://nfs.faireconomy.media/ff_calendar_thisweek.json | using cached events
2026-08-28 07:12:17.910 | WARNING  | news-filter-refresh | core.news_filter:update_calendar:138 - calendar fetch failed: 429 Client Error: Too Many Requests for url: https://nfs.faireconomy.media/ff_calendar_thisweek.json | using cached events
2026-08-28 07:12:23.774 | WARNING  | news-filter-refresh | core.news_filter:update_calendar:138 - calendar fetch failed: 429 Client Error: Too Many Requests for url: https://nfs.faireconomy.media/ff_calendar_thisweek.json | using cached events
2026-08-28 07:12:32.825 | WARNING  | news-filter-refresh | core.news_filter:update_calendar:138 - calendar fetch failed: 429 Client Error: Too Many Requests for url: https://nfs.faireconomy.media/ff_calendar_thisweek.json | using cached events
2026-08-28 07:12:49.666 | WARNING  | news-filter-refresh | core.news_filter:update_calendar:138 - calendar fetch failed: 429 Client Error: Too Many Requests for url: https://nfs.faireconomy.media/ff_calendar_thisweek.json | using cached events
2026-08-28 07:13:22.414 | WARNING  | news-filter-refresh | core.news_filter:update_calendar:138 - calendar fetch failed: 429 Client Error: Too Many Requests for url: https://nfs.faireconomy.media/ff_calendar_thisweek.json | using cached events
2026-08-28 07:14:27.253 | WARNING  | news-filter-refresh | core.news_filter:update_calendar:138 - calendar fetch failed: 429 Client Error: Too Many Requests for url: https://nfs.faireconomy.media/ff_calendar_thisweek.json | using cached events
2026-08-28 07:15:00.785 | INFO     | MainThread | __main__:_on_new_closed_bar:573 - 🎯 سیگنال شناسایی شد: 2026-08-28 17:00:00 → SELL (Kijun pullback)
2026-08-28 07:15:00.826 | WARNING  | MainThread | core.risk_manager:from_mt5:58 - broker tick_value 0.1000 implausible vs tick_size*contract_size 1.0000; using computed value (sizing guard)
2026-08-28 07:15:00.871 | WARNING  | MainThread | core.risk_manager:calculate_lot:262 - risk budget $6.99 implies 0.0029 lots (< min 0.01); trading min lot risks $23.80 (3.40% of balance)
2026-08-28 07:15:01.101 | SUCCESS  | MainThread | core.mt5_client:send_market_order:607 - SELL 0.01 lots @ 4545.54 | sl=4569.35 tp=4500.92 ticket=10256402386
2026-08-28 07:15:07.308 | SUCCESS  | MainThread | __main__:_on_new_closed_bar:607 - 📱 سیگنال (سطوح واقعی سفارش) به همراه چارت به تلگرام مخابره شد.
2026-08-28 07:15:08.736 | INFO     | telegram-loop | core.telegram_bot:_broadcast_signal_async:928 - signal broadcast → VIP:2 FREE:0
2026-08-28 07:16:36.653 | WARNING  | news-filter-refresh | core.news_filter:update_calendar:138 - calendar fetch failed: 429 Client Error: Too Many Requests for url: https://nfs.faireconomy.media/ff_calendar_thisweek.json | using cached events
2026-08-28 07:20:53.699 | SUCCESS  | news-filter-refresh | core.news_filter:update_calendar:150 - calendar refreshed: 4 high-impact USD events loaded
2026-08-28 07:20:55.611 | SUCCESS  | news-filter-refresh | core.news_filter:update_calendar:150 - calendar refreshed: 4 high-impact USD events loaded
2026-08-28 07:20:57.514 | WARNING  | news-filter-refresh | core.news_filter:update_calendar:138 - calendar fetch failed: 429 Client Error: Too Many Requests for url: https://nfs.faireconomy.media/ff_calendar_thisweek.json | using cached events
2026-08-28 07:21:00.515 | WARNING  | news-filter-refresh | core.news_filter:update_calendar:138 - calendar fetch failed: 429 Client Error: Too Many Requests for url: https://nfs.faireconomy.media/ff_calendar_thisweek.json | using cached events
2026-08-28 07:21:05.414 | WARNING  | news-filter-refresh | core.news_filter:update_calendar:138 - calendar fetch failed: 429 Client Error: Too Many Requests for url: https://nfs.faireconomy.media/ff_calendar_thisweek.json | using cached events
2026-08-28 07:21:14.416 | WARNING  | news-filter-refresh | core.news_filter:update_calendar:138 - calendar fetch failed: 429 Client Error: Too Many Requests for url: https://nfs.faireconomy.media/ff_calendar_thisweek.json | using cached events
2026-08-28 07:21:31.500 | WARNING  | news-filter-refresh | core.news_filter:update_calendar:138 - calendar fetch failed: 429 Client Error: Too Many Requests for url: https://nfs.faireconomy.media/ff_calendar_thisweek.json | using cached events
2026-08-28 07:22:04.393 | WARNING  | news-filter-refresh | core.news_filter:update_calendar:138 - calendar fetch failed: 429 Client Error: Too Many Requests for url: https://nfs.faireconomy.media/ff_calendar_thisweek.json | using cached events
2026-08-28 07:23:09.573 | WARNING  | news-filter-refresh | core.news_filter:update_calendar:138 - calendar fetch failed: 429 Client Error: Too Many Requests for url: https://nfs.faireconomy.media/ff_calendar_thisweek.json | using cached events
2026-08-28 07:25:18.336 | WARNING  | news-filter-refresh | core.news_filter:update_calendar:138 - calendar fetch failed: 429 Client Error: Too Many Requests for url: https://nfs.faireconomy.media/ff_calendar_thisweek.json | using cached events
2026-08-28 07:29:35.400 | SUCCESS  | news-filter-refresh | core.news_filter:update_calendar:150 - calendar refreshed: 4 high-impact USD events loaded
2026-08-28 07:29:37.704 | SUCCESS  | news-filter-refresh | core.news_filter:update_calendar:150 - calendar refreshed: 4 high-impact USD events loaded
2026-08-28 07:29:41.407 | WARNING  | news-filter-refresh | core.news_filter:update_calendar:138 - calendar fetch failed: 429 Client Error: Too Many Requests for url: https://nfs.faireconomy.media/ff_calendar_thisweek.json | using cached events
2026-08-28 07:29:47.057 | WARNING  | news-filter-refresh | core.news_filter:update_calendar:138 - calendar fetch failed: 429 Client Error: Too Many Requests for url: https://nfs.faireconomy.media/ff_calendar_thisweek.json | using cached events
2026-08-28 07:29:54.606 | WARNING  | news-filter-refresh | core.news_filter:update_calendar:138 - calendar fetch failed: 429 Client Error: Too Many Requests for url: https://nfs.faireconomy.media/ff_calendar_thisweek.json | using cached events
2026-08-28 07:30:13.883 | WARNING  | news-filter-refresh | core.news_filter:update_calendar:138 - calendar fetch failed: 429 Client Error: Too Many Requests for url: https://nfs.faireconomy.media/ff_calendar_thisweek.json | using cached events
2026-08-28 07:30:30.986 | WARNING  | news-filter-refresh | core.news_filter:update_calendar:138 - calendar fetch failed: 429 Client Error: Too Many Requests for url: https://nfs.faireconomy.media/ff_calendar_thisweek.json | using cached events
2026-08-28 07:31:11.487 | WARNING  | news-filter-refresh | core.news_filter:update_calendar:138 - calendar fetch failed: 429 Client Error: Too Many Requests for url: https://nfs.faireconomy.media/ff_calendar_thisweek.json | using cached events
2026-08-28 07:32:17.922 | WARNING  | news-filter-refresh | core.news_filter:update_calendar:138 - calendar fetch failed: 429 Client Error: Too Many Requests for url: https://nfs.faireconomy.media/ff_calendar_thisweek.json | using cached events
2026-08-28 07:34:14.531 | SUCCESS  | MainThread | __main__:_handle_closed_position:412 - position #10256402386 closed | LOSS | $-23.81
2026-08-28 07:34:26.642 | WARNING  | news-filter-refresh | core.news_filter:update_calendar:138 - calendar fetch failed: 429 Client Error: Too Many Requests for url: https://nfs.faireconomy.media/ff_calendar_thisweek.json | using cached events
2026-08-28 07:38:43.337 | SUCCESS  | news-filter-refresh | core.news_filter:update_calendar:150 - calendar refreshed: 4 high-impact USD events loaded
2026-08-28 07:38:44.863 | SUCCESS  | news-filter-refresh | core.news_filter:update_calendar:150 - calendar refreshed: 4 high-impact USD events loaded
2026-08-28 07:38:46.485 | WARNING  | news-filter-refresh | core.news_filter:update_calendar:138 - calendar fetch failed: 429 Client Error: Too Many Requests for url: https://nfs.faireconomy.media/ff_calendar_thisweek.json | using cached events
2026-08-28 07:38:49.148 | WARNING  | news-filter-refresh | core.news_filter:update_calendar:138 - calendar fetch failed: 429 Client Error: Too Many Requests for url: https://nfs.faireconomy.media/ff_calendar_thisweek.json | using cached events
2026-08-28 07:38:53.845 | WARNING  | news-filter-refresh | core.news_filter:update_calendar:138 - calendar fetch failed: 429 Client Error: Too Many Requests for url: https://nfs.faireconomy.media/ff_calendar_thisweek.json | using cached events
2026-08-28 07:39:02.568 | WARNING  | news-filter-refresh | core.news_filter:update_calendar:138 - calendar fetch failed: 429 Client Error: Too Many Requests for url: https://nfs.faireconomy.media/ff_calendar_thisweek.json | using cached events
2026-08-28 07:39:19.260 | WARNING  | news-filter-refresh | core.news_filter:update_calendar:138 - calendar fetch failed: 429 Client Error: Too Many Requests for url: https://nfs.faireconomy.media/ff_calendar_thisweek.json | using cached events
2026-08-28 07:39:51.817 | WARNING  | news-filter-refresh | core.news_filter:update_calendar:138 - calendar fetch failed: 429 Client Error: Too Many Requests for url: https://nfs.faireconomy.media/ff_calendar_thisweek.json | using cached events
2026-08-28 07:40:56.433 | WARNING  | news-filter-refresh | core.news_filter:update_calendar:138 - calendar fetch failed: 429 Client Error: Too Many Requests for url: https://nfs.faireconomy.media/ff_calendar_thisweek.json | using cached events
2026-08-28 07:43:05.070 | WARNING  | news-filter-refresh | core.news_filter:update_calendar:138 - calendar fetch failed: 429 Client Error: Too Many Requests for url: https://nfs.faireconomy.media/ff_calendar_thisweek.json | using cached events
2026-08-28 07:47:21.683 | SUCCESS  | news-filter-refresh | core.news_filter:update_calendar:150 - calendar refreshed: 4 high-impact USD events loaded
2026-08-28 07:47:23.348 | SUCCESS  | news-filter-refresh | core.news_filter:update_calendar:150 - calendar refreshed: 4 high-impact USD events loaded
2026-08-28 07:47:24.883 | WARNING  | news-filter-refresh | core.news_filter:update_calendar:138 - calendar fetch failed: 429 Client Error: Too Many Requests for url: https://nfs.faireconomy.media/ff_calendar_thisweek.json | using cached events
2026-08-28 07:47:27.433 | WARNING  | news-filter-refresh | core.news_filter:update_calendar:138 - calendar fetch failed: 429 Client Error: Too Many Requests for url: https://nfs.faireconomy.media/ff_calendar_thisweek.json | using cached events
2026-08-28 07:47:32.054 | WARNING  | news-filter-refresh | core.news_filter:update_calendar:138 - calendar fetch failed: 429 Client Error: Too Many Requests for url: https://nfs.faireconomy.media/ff_calendar_thisweek.json | using cached events
2026-08-28 07:47:44.469 | WARNING  | news-filter-refresh | core.news_filter:update_calendar:138 - calendar fetch failed: 429 Client Error: Too Many Requests for url: https://nfs.faireconomy.media/ff_calendar_thisweek.json | using cached events
2026-08-28 07:48:01.913 | WARNING  | news-filter-refresh | core.news_filter:update_calendar:138 - calendar fetch failed: 429 Client Error: Too Many Requests for url: https://nfs.faireconomy.media/ff_calendar_thisweek.json | using cached events
2026-08-28 07:48:34.575 | WARNING  | news-filter-refresh | core.news_filter:update_calendar:138 - calendar fetch failed: 429 Client Error: Too Many Requests for url: https://nfs.faireconomy.media/ff_calendar_thisweek.json | using cached events
2026-08-28 07:49:39.257 | WARNING  | news-filter-refresh | core.news_filter:update_calendar:138 - calendar fetch failed: 429 Client Error: Too Many Requests for url: https://nfs.faireconomy.media/ff_calendar_thisweek.json | using cached events
2026-08-28 07:51:53.121 | WARNING  | news-filter-refresh | core.news_filter:update_calendar:138 - calendar fetch failed: 429 Client Error: Too Many Requests for url: https://nfs.faireconomy.media/ff_calendar_thisweek.json | using cached events
2026-08-28 07:56:16.039 | SUCCESS  | news-filter-refresh | core.news_filter:update_calendar:150 - calendar refreshed: 4 high-impact USD events loaded
2026-08-28 07:56:18.105 | SUCCESS  | news-filter-refresh | core.news_filter:update_calendar:150 - calendar refreshed: 4 high-impact USD events loaded
2026-08-28 07:56:19.833 | WARNING  | news-filter-refresh | core.news_filter:update_calendar:138 - calendar fetch failed: 429 Client Error: Too Many Requests for url: https://nfs.faireconomy.media/ff_calendar_thisweek.json | using cached events
2026-08-28 07:56:22.480 | WARNING  | news-filter-refresh | core.news_filter:update_calendar:138 - calendar fetch failed: 429 Client Error: Too Many Requests for url: https://nfs.faireconomy.media/ff_calendar_thisweek.json | using cached events
2026-08-28 07:56:27.984 | WARNING  | news-filter-refresh | core.news_filter:update_calendar:138 - calendar fetch failed: 429 Client Error: Too Many Requests for url: https://nfs.faireconomy.media/ff_calendar_thisweek.json | using cached events
2026-08-28 07:56:36.882 | WARNING  | news-filter-refresh | core.news_filter:update_calendar:138 - calendar fetch failed: 429 Client Error: Too Many Requests for url: https://nfs.faireconomy.media/ff_calendar_thisweek.json | using cached events
2026-08-28 07:56:53.500 | WARNING  | news-filter-refresh | core.news_filter:update_calendar:138 - calendar fetch failed: 429 Client Error: Too Many Requests for url: https://nfs.faireconomy.media/ff_calendar_thisweek.json | using cached events
2026-08-28 07:57:26.114 | WARNING  | news-filter-refresh | core.news_filter:update_calendar:138 - calendar fetch failed: 429 Client Error: Too Many Requests for url: https://nfs.faireconomy.media/ff_calendar_thisweek.json | using cached events
2026-08-28 07:58:31.191 | WARNING  | news-filter-refresh | core.news_filter:update_calendar:138 - calendar fetch failed: 429 Client Error: Too Many Requests for url: https://nfs.faireconomy.media/ff_calendar_thisweek.json | using cached events
2026-08-28 08:00:39.703 | WARNING  | news-filter-refresh | core.news_filter:update_calendar:138 - calendar fetch failed: 429 Client Error: Too Many Requests for url: https://nfs.faireconomy.media/ff_calendar_thisweek.json | using cached events
2026-08-28 08:04:56.195 | SUCCESS  | news-filter-refresh | core.news_filter:update_calendar:150 - calendar refreshed: 4 high-impact USD events loaded
2026-08-28 08:04:57.869 | SUCCESS  | news-filter-refresh | core.news_filter:update_calendar:150 - calendar refreshed: 4 high-impact USD events loaded
2026-08-28 08:04:59.464 | WARNING  | news-filter-refresh | core.news_filter:update_calendar:138 - calendar fetch failed: 429 Client Error: Too Many Requests for url: https://nfs.faireconomy.media/ff_calendar_thisweek.json | using cached events
2026-08-28 08:05:01.988 | WARNING  | news-filter-refresh | core.news_filter:update_calendar:138 - calendar fetch failed: 429 Client Error: Too Many Requests for url: https://nfs.faireconomy.media/ff_calendar_thisweek.json | using cached events
2026-08-28 08:05:06.816 | WARNING  | news-filter-refresh | core.news_filter:update_calendar:138 - calendar fetch failed: 429 Client Error: Too Many Requests for url: https://nfs.faireconomy.media/ff_calendar_thisweek.json | using cached events
2026-08-28 08:05:15.598 | WARNING  | news-filter-refresh | core.news_filter:update_calendar:138 - calendar fetch failed: 429 Client Error: Too Many Requests for url: https://nfs.faireconomy.media/ff_calendar_thisweek.json | using cached events
2026-08-28 08:05:32.421 | WARNING  | news-filter-refresh | core.news_filter:update_calendar:138 - calendar fetch failed: 429 Client Error: Too Many Requests for url: https://nfs.faireconomy.media/ff_calendar_thisweek.json | using cached events
2026-08-28 08:06:05.204 | WARNING  | news-filter-refresh | core.news_filter:update_calendar:138 - calendar fetch failed: 429 Client Error: Too Many Requests for url: https://nfs.faireconomy.media/ff_calendar_thisweek.json | using cached events
2026-08-28 08:07:09.827 | WARNING  | news-filter-refresh | core.news_filter:update_calendar:138 - calendar fetch failed: 429 Client Error: Too Many Requests for url: https://nfs.faireconomy.media/ff_calendar_thisweek.json | using cached events
2026-08-28 08:09:18.157 | WARNING  | news-filter-refresh | core.news_filter:update_calendar:138 - calendar fetch failed: 429 Client Error: Too Many Requests for url: https://nfs.faireconomy.media/ff_calendar_thisweek.json | using cached events
2026-08-28 08:13:34.951 | SUCCESS  | news-filter-refresh | core.news_filter:update_calendar:150 - calendar refreshed: 4 high-impact USD events loaded
2026-08-28 08:13:36.564 | SUCCESS  | news-filter-refresh | core.news_filter:update_calendar:150 - calendar refreshed: 4 high-impact USD events loaded
2026-08-28 08:13:38.384 | WARNING  | news-filter-refresh | core.news_filter:update_calendar:138 - calendar fetch failed: 429 Client Error: Too Many Requests for url: https://nfs.faireconomy.media/ff_calendar_thisweek.json | using cached events
2026-08-28 08:13:41.143 | WARNING  | news-filter-refresh | core.news_filter:update_calendar:138 - calendar fetch failed: 429 Client Error: Too Many Requests for url: https://nfs.faireconomy.media/ff_calendar_thisweek.json | using cached events
2026-08-28 08:13:45.772 | WARNING  | news-filter-refresh | core.news_filter:update_calendar:138 - calendar fetch failed: 429 Client Error: Too Many Requests for url: https://nfs.faireconomy.media/ff_calendar_thisweek.json | using cached events
2026-08-28 08:13:54.415 | WARNING  | news-filter-refresh | core.news_filter:update_calendar:138 - calendar fetch failed: 429 Client Error: Too Many Requests for url: https://nfs.faireconomy.media/ff_calendar_thisweek.json | using cached events
2026-08-28 08:14:10.918 | WARNING  | news-filter-refresh | core.news_filter:update_calendar:138 - calendar fetch failed: 429 Client Error: Too Many Requests for url: https://nfs.faireconomy.media/ff_calendar_thisweek.json | using cached events
2026-08-28 08:14:44.153 | WARNING  | news-filter-refresh | core.news_filter:update_calendar:138 - calendar fetch failed: 429 Client Error: Too Many Requests for url: https://nfs.faireconomy.media/ff_calendar_thisweek.json | using cached events
2026-08-28 08:15:48.607 | WARNING  | news-filter-refresh | core.news_filter:update_calendar:138 - calendar fetch failed: 429 Client Error: Too Many Requests for url: https://nfs.faireconomy.media/ff_calendar_thisweek.json | using cached events
2026-08-28 08:17:57.306 | WARNING  | news-filter-refresh | core.news_filter:update_calendar:138 - calendar fetch failed: 429 Client Error: Too Many Requests for url: https://nfs.faireconomy.media/ff_calendar_thisweek.json | using cached events
2026-08-28 08:18:23.587 | INFO     | MainThread | core.database:__init__:159 - subscription database ready at C:\Users\Administrator\gold-3strategies\subscriptions_ichimoku.db
2026-08-28 08:18:24.155 | INFO     | MainThread | core.news_filter:start:89 - news filter disabled in config
2026-08-28 08:18:24.186 | INFO     | MainThread | __main__:run:678 - ========================================================================
2026-08-28 08:18:24.186 | INFO     | MainThread | __main__:run:679 - GOLD M5 BOT starting | risk 1.00% | lots 0.01-0.1 | SL/TP 1.6x/3.0xATR(14) | BE 1.0xATR+5pts | trail 1.3x/0.8xATR
2026-08-28 08:18:24.188 | INFO     | MainThread | __main__:run:680 - ========================================================================
2026-08-28 08:18:24.447 | SUCCESS  | MainThread | core.mt5_client:connect:232 - MT5 connected | login=111468044 server=MetaQuotes-Demo balance=675.32 USD | symbol=XAUUSD | algo_trading=True
2026-08-28 08:18:24.492 | WARNING  | MainThread | core.risk_manager:from_mt5:58 - broker tick_value 0.1000 implausible vs tick_size*contract_size 1.0000; using computed value (sizing guard)
2026-08-28 08:18:24.534 | INFO     | MainThread | __main__:_sync_daily:489 - daily guard init | realized today=$-23.81 | day-start balance=$699.13 | cap -10%/$69.91
2026-08-28 08:18:24.534 | INFO     | MainThread | core.mt5_client:start_heartbeat:336 - heartbeat thread started (30s)
2026-08-28 08:18:26.640 | SUCCESS  | MainThread | core.telegram_bot:start:165 - telegram controller online as @MatrixGolden_bot
2026-08-28 08:18:26.649 | INFO     | MainThread | __main__:run:705 - entering main loop (1.0s cadence, 300s bars)
2026-08-28 08:22:16.836 | SUCCESS  | news-filter-refresh | core.news_filter:update_calendar:150 - calendar refreshed: 4 high-impact USD events loaded
2026-08-28 08:22:18.412 | SUCCESS  | news-filter-refresh | core.news_filter:update_calendar:150 - calendar refreshed: 4 high-impact USD events loaded
2026-08-28 08:22:20.440 | WARNING  | news-filter-refresh | core.news_filter:update_calendar:138 - calendar fetch failed: 429 Client Error: Too Many Requests for url: https://nfs.faireconomy.media/ff_calendar_thisweek.json | using cached events
2026-08-28 08:22:23.117 | WARNING  | news-filter-refresh | core.news_filter:update_calendar:138 - calendar fetch failed: 429 Client Error: Too Many Requests for url: https://nfs.faireconomy.media/ff_calendar_thisweek.json | using cached events
2026-08-28 08:22:27.632 | WARNING  | news-filter-refresh | core.news_filter:update_calendar:138 - calendar fetch failed: 429 Client Error: Too Many Requests for url: https://nfs.faireconomy.media/ff_calendar_thisweek.json | using cached events
2026-08-28 08:22:36.035 | WARNING  | news-filter-refresh | core.news_filter:update_calendar:138 - calendar fetch failed: 429 Client Error: Too Many Requests for url: https://nfs.faireconomy.media/ff_calendar_thisweek.json | using cached events
2026-08-28 08:22:52.540 | WARNING  | news-filter-refresh | core.news_filter:update_calendar:138 - calendar fetch failed: 429 Client Error: Too Many Requests for url: https://nfs.faireconomy.media/ff_calendar_thisweek.json | using cached events
2026-08-28 08:23:25.084 | WARNING  | news-filter-refresh | core.news_filter:update_calendar:138 - calendar fetch failed: 429 Client Error: Too Many Requests for url: https://nfs.faireconomy.media/ff_calendar_thisweek.json | using cached events
2026-08-28 08:24:29.533 | WARNING  | news-filter-refresh | core.news_filter:update_calendar:138 - calendar fetch failed: 429 Client Error: Too Many Requests for url: https://nfs.faireconomy.media/ff_calendar_thisweek.json | using cached events
2026-08-28 08:26:38.001 | WARNING  | news-filter-refresh | core.news_filter:update_calendar:138 - calendar fetch failed: 429 Client Error: Too Many Requests for url: https://nfs.faireconomy.media/ff_calendar_thisweek.json | using cached events
2026-08-28 08:30:54.475 | SUCCESS  | news-filter-refresh | core.news_filter:update_calendar:150 - calendar refreshed: 4 high-impact USD events loaded
2026-08-28 08:30:56.045 | SUCCESS  | news-filter-refresh | core.news_filter:update_calendar:150 - calendar refreshed: 4 high-impact USD events loaded
2026-08-28 08:30:57.563 | WARNING  | news-filter-refresh | core.news_filter:update_calendar:138 - calendar fetch failed: 429 Client Error: Too Many Requests for url: https://nfs.faireconomy.media/ff_calendar_thisweek.json | using cached events
2026-08-28 08:31:00.104 | WARNING  | news-filter-refresh | core.news_filter:update_calendar:138 - calendar fetch failed: 429 Client Error: Too Many Requests for url: https://nfs.faireconomy.media/ff_calendar_thisweek.json | using cached events
2026-08-28 08:31:04.768 | WARNING  | news-filter-refresh | core.news_filter:update_calendar:138 - calendar fetch failed: 429 Client Error: Too Many Requests for url: https://nfs.faireconomy.media/ff_calendar_thisweek.json | using cached events
2026-08-28 08:31:13.331 | WARNING  | news-filter-refresh | core.news_filter:update_calendar:138 - calendar fetch failed: 429 Client Error: Too Many Requests for url: https://nfs.faireconomy.media/ff_calendar_thisweek.json | using cached events
2026-08-28 08:31:29.869 | WARNING  | news-filter-refresh | core.news_filter:update_calendar:138 - calendar fetch failed: 429 Client Error: Too Many Requests for url: https://nfs.faireconomy.media/ff_calendar_thisweek.json | using cached events
2026-08-28 08:32:02.409 | WARNING  | news-filter-refresh | core.news_filter:update_calendar:138 - calendar fetch failed: 429 Client Error: Too Many Requests for url: https://nfs.faireconomy.media/ff_calendar_thisweek.json | using cached events
2026-08-28 08:33:06.947 | WARNING  | news-filter-refresh | core.news_filter:update_calendar:138 - calendar fetch failed: 429 Client Error: Too Many Requests for url: https://nfs.faireconomy.media/ff_calendar_thisweek.json | using cached events
2026-08-28 08:35:15.332 | WARNING  | news-filter-refresh | core.news_filter:update_calendar:138 - calendar fetch failed: 429 Client Error: Too Many Requests for url: https://nfs.faireconomy.media/ff_calendar_thisweek.json | using cached events
2026-08-28 08:39:31.970 | SUCCESS  | news-filter-refresh | core.news_filter:update_calendar:150 - calendar refreshed: 4 high-impact USD events loaded
2026-08-28 08:39:33.535 | SUCCESS  | news-filter-refresh | core.news_filter:update_calendar:150 - calendar refreshed: 4 high-impact USD events loaded
2026-08-28 08:39:35.111 | WARNING  | news-filter-refresh | core.news_filter:update_calendar:138 - calendar fetch failed: 429 Client Error: Too Many Requests for url: https://nfs.faireconomy.media/ff_calendar_thisweek.json | using cached events
2026-08-28 08:39:37.803 | WARNING  | news-filter-refresh | core.news_filter:update_calendar:138 - calendar fetch failed: 429 Client Error: Too Many Requests for url: https://nfs.faireconomy.media/ff_calendar_thisweek.json | using cached events
2026-08-28 08:39:42.376 | WARNING  | news-filter-refresh | core.news_filter:update_calendar:138 - calendar fetch failed: 429 Client Error: Too Many Requests for url: https://nfs.faireconomy.media/ff_calendar_thisweek.json | using cached events
2026-08-28 08:39:50.868 | WARNING  | news-filter-refresh | core.news_filter:update_calendar:138 - calendar fetch failed: 429 Client Error: Too Many Requests for url: https://nfs.faireconomy.media/ff_calendar_thisweek.json | using cached events
2026-08-28 08:40:07.502 | WARNING  | news-filter-refresh | core.news_filter:update_calendar:138 - calendar fetch failed: 429 Client Error: Too Many Requests for url: https://nfs.faireconomy.media/ff_calendar_thisweek.json | using cached events
2026-08-28 08:40:40.074 | WARNING  | news-filter-refresh | core.news_filter:update_calendar:138 - calendar fetch failed: 429 Client Error: Too Many Requests for url: https://nfs.faireconomy.media/ff_calendar_thisweek.json | using cached events
2026-08-28 08:41:44.657 | WARNING  | news-filter-refresh | core.news_filter:update_calendar:138 - calendar fetch failed: 429 Client Error: Too Many Requests for url: https://nfs.faireconomy.media/ff_calendar_thisweek.json | using cached events
2026-08-28 08:43:53.305 | WARNING  | news-filter-refresh | core.news_filter:update_calendar:138 - calendar fetch failed: 429 Client Error: Too Many Requests for url: https://nfs.faireconomy.media/ff_calendar_thisweek.json | using cached events
2026-08-28 08:48:09.806 | SUCCESS  | news-filter-refresh | core.news_filter:update_calendar:150 - calendar refreshed: 4 high-impact USD events loaded
2026-08-28 08:48:11.463 | SUCCESS  | news-filter-refresh | core.news_filter:update_calendar:150 - calendar refreshed: 4 high-impact USD events loaded
2026-08-28 08:48:13.816 | WARNING  | news-filter-refresh | core.news_filter:update_calendar:138 - calendar fetch failed: 429 Client Error: Too Many Requests for url: https://nfs.faireconomy.media/ff_calendar_thisweek.json | using cached events
2026-08-28 08:48:16.326 | WARNING  | news-filter-refresh | core.news_filter:update_calendar:138 - calendar fetch failed: 429 Client Error: Too Many Requests for url: https://nfs.faireconomy.media/ff_calendar_thisweek.json | using cached events
2026-08-28 08:48:21.115 | WARNING  | news-filter-refresh | core.news_filter:update_calendar:138 - calendar fetch failed: 429 Client Error: Too Many Requests for url: https://nfs.faireconomy.media/ff_calendar_thisweek.json | using cached events
2026-08-28 08:48:29.683 | WARNING  | news-filter-refresh | core.news_filter:update_calendar:138 - calendar fetch failed: 429 Client Error: Too Many Requests for url: https://nfs.faireconomy.media/ff_calendar_thisweek.json | using cached events
2026-08-28 08:48:46.248 | WARNING  | news-filter-refresh | core.news_filter:update_calendar:138 - calendar fetch failed: 429 Client Error: Too Many Requests for url: https://nfs.faireconomy.media/ff_calendar_thisweek.json | using cached events
2026-08-28 08:49:18.987 | WARNING  | news-filter-refresh | core.news_filter:update_calendar:138 - calendar fetch failed: 429 Client Error: Too Many Requests for url: https://nfs.faireconomy.media/ff_calendar_thisweek.json | using cached events
2026-08-28 08:50:23.632 | WARNING  | news-filter-refresh | core.news_filter:update_calendar:138 - calendar fetch failed: 429 Client Error: Too Many Requests for url: https://nfs.faireconomy.media/ff_calendar_thisweek.json | using cached events
2026-08-28 08:52:32.125 | WARNING  | news-filter-refresh | core.news_filter:update_calendar:138 - calendar fetch failed: 429 Client Error: Too Many Requests for url: https://nfs.faireconomy.media/ff_calendar_thisweek.json | using cached events
2026-08-28 08:56:48.873 | SUCCESS  | news-filter-refresh | core.news_filter:update_calendar:150 - calendar refreshed: 4 high-impact USD events loaded
2026-08-28 08:56:50.320 | SUCCESS  | news-filter-refresh | core.news_filter:update_calendar:150 - calendar refreshed: 4 high-impact USD events loaded
2026-08-28 08:56:51.954 | WARNING  | news-filter-refresh | core.news_filter:update_calendar:138 - calendar fetch failed: 429 Client Error: Too Many Requests for url: https://nfs.faireconomy.media/ff_calendar_thisweek.json | using cached events
2026-08-28 08:56:54.477 | WARNING  | news-filter-refresh | core.news_filter:update_calendar:138 - calendar fetch failed: 429 Client Error: Too Many Requests for url: https://nfs.faireconomy.media/ff_calendar_thisweek.json | using cached events
2026-08-28 08:56:59.076 | WARNING  | news-filter-refresh | core.news_filter:update_calendar:138 - calendar fetch failed: 429 Client Error: Too Many Requests for url: https://nfs.faireconomy.media/ff_calendar_thisweek.json | using cached events
2026-08-28 08:57:07.539 | WARNING  | news-filter-refresh | core.news_filter:update_calendar:138 - calendar fetch failed: 429 Client Error: Too Many Requests for url: https://nfs.faireconomy.media/ff_calendar_thisweek.json | using cached events
2026-08-28 08:57:24.222 | WARNING  | news-filter-refresh | core.news_filter:update_calendar:138 - calendar fetch failed: 429 Client Error: Too Many Requests for url: https://nfs.faireconomy.media/ff_calendar_thisweek.json | using cached events
2026-08-28 08:57:56.812 | WARNING  | news-filter-refresh | core.news_filter:update_calendar:138 - calendar fetch failed: 429 Client Error: Too Many Requests for url: https://nfs.faireconomy.media/ff_calendar_thisweek.json | using cached events
2026-08-28 08:59:01.287 | WARNING  | news-filter-refresh | core.news_filter:update_calendar:138 - calendar fetch failed: 429 Client Error: Too Many Requests for url: https://nfs.faireconomy.media/ff_calendar_thisweek.json | using cached events
2026-08-28 09:01:09.924 | WARNING  | news-filter-refresh | core.news_filter:update_calendar:138 - calendar fetch failed: 429 Client Error: Too Many Requests for url: https://nfs.faireconomy.media/ff_calendar_thisweek.json | using cached events
2026-08-28 09:05:26.412 | SUCCESS  | news-filter-refresh | core.news_filter:update_calendar:150 - calendar refreshed: 4 high-impact USD events loaded
2026-08-28 09:05:27.941 | SUCCESS  | news-filter-refresh | core.news_filter:update_calendar:150 - calendar refreshed: 4 high-impact USD events loaded
2026-08-28 09:05:29.579 | WARNING  | news-filter-refresh | core.news_filter:update_calendar:138 - calendar fetch failed: 429 Client Error: Too Many Requests for url: https://nfs.faireconomy.media/ff_calendar_thisweek.json | using cached events
2026-08-28 09:05:32.197 | WARNING  | news-filter-refresh | core.news_filter:update_calendar:138 - calendar fetch failed: 429 Client Error: Too Many Requests for url: https://nfs.faireconomy.media/ff_calendar_thisweek.json | using cached events
2026-08-28 09:05:36.741 | WARNING  | news-filter-refresh | core.news_filter:update_calendar:138 - calendar fetch failed: 429 Client Error: Too Many Requests for url: https://nfs.faireconomy.media/ff_calendar_thisweek.json | using cached events
2026-08-28 09:05:45.300 | WARNING  | news-filter-refresh | core.news_filter:update_calendar:138 - calendar fetch failed: 429 Client Error: Too Many Requests for url: https://nfs.faireconomy.media/ff_calendar_thisweek.json | using cached events
2026-08-28 09:06:01.765 | WARNING  | news-filter-refresh | core.news_filter:update_calendar:138 - calendar fetch failed: 429 Client Error: Too Many Requests for url: https://nfs.faireconomy.media/ff_calendar_thisweek.json | using cached events
2026-08-28 09:06:34.262 | WARNING  | news-filter-refresh | core.news_filter:update_calendar:138 - calendar fetch failed: 429 Client Error: Too Many Requests for url: https://nfs.faireconomy.media/ff_calendar_thisweek.json | using cached events
2026-08-28 09:07:39.092 | WARNING  | news-filter-refresh | core.news_filter:update_calendar:138 - calendar fetch failed: 429 Client Error: Too Many Requests for url: https://nfs.faireconomy.media/ff_calendar_thisweek.json | using cached events
2026-08-28 09:09:47.787 | WARNING  | news-filter-refresh | core.news_filter:update_calendar:138 - calendar fetch failed: 429 Client Error: Too Many Requests for url: https://nfs.faireconomy.media/ff_calendar_thisweek.json | using cached events
2026-08-28 09:14:04.359 | SUCCESS  | news-filter-refresh | core.news_filter:update_calendar:150 - calendar refreshed: 4 high-impact USD events loaded
2026-08-28 09:14:05.962 | SUCCESS  | news-filter-refresh | core.news_filter:update_calendar:150 - calendar refreshed: 4 high-impact USD events loaded
2026-08-28 09:14:07.584 | WARNING  | news-filter-refresh | core.news_filter:update_calendar:138 - calendar fetch failed: 429 Client Error: Too Many Requests for url: https://nfs.faireconomy.media/ff_calendar_thisweek.json | using cached events
2026-08-28 09:14:10.214 | WARNING  | news-filter-refresh | core.news_filter:update_calendar:138 - calendar fetch failed: 429 Client Error: Too Many Requests for url: https://nfs.faireconomy.media/ff_calendar_thisweek.json | using cached events
2026-08-28 09:14:14.760 | WARNING  | news-filter-refresh | core.news_filter:update_calendar:138 - calendar fetch failed: 429 Client Error: Too Many Requests for url: https://nfs.faireconomy.media/ff_calendar_thisweek.json | using cached events
2026-08-28 09:14:23.318 | WARNING  | news-filter-refresh | core.news_filter:update_calendar:138 - calendar fetch failed: 429 Client Error: Too Many Requests for url: https://nfs.faireconomy.media/ff_calendar_thisweek.json | using cached events
2026-08-28 09:14:39.863 | WARNING  | news-filter-refresh | core.news_filter:update_calendar:138 - calendar fetch failed: 429 Client Error: Too Many Requests for url: https://nfs.faireconomy.media/ff_calendar_thisweek.json | using cached events
2026-08-28 09:15:12.387 | WARNING  | news-filter-refresh | core.news_filter:update_calendar:138 - calendar fetch failed: 429 Client Error: Too Many Requests for url: https://nfs.faireconomy.media/ff_calendar_thisweek.json | using cached events
2026-08-28 09:16:16.919 | WARNING  | news-filter-refresh | core.news_filter:update_calendar:138 - calendar fetch failed: 429 Client Error: Too Many Requests for url: https://nfs.faireconomy.media/ff_calendar_thisweek.json | using cached events
2026-08-28 09:18:25.626 | WARNING  | news-filter-refresh | core.news_filter:update_calendar:138 - calendar fetch failed: 429 Client Error: Too Many Requests for url: https://nfs.faireconomy.media/ff_calendar_thisweek.json | using cached events
2026-08-28 09:22:42.428 | SUCCESS  | news-filter-refresh | core.news_filter:update_calendar:150 - calendar refreshed: 4 high-impact USD events loaded
2026-08-28 09:22:44.274 | SUCCESS  | news-filter-refresh | core.news_filter:update_calendar:150 - calendar refreshed: 4 high-impact USD events loaded
2026-08-28 09:22:45.671 | WARNING  | news-filter-refresh | core.news_filter:update_calendar:138 - calendar fetch failed: 429 Client Error: Too Many Requests for url: https://nfs.faireconomy.media/ff_calendar_thisweek.json | using cached events
2026-08-28 09:22:48.378 | WARNING  | news-filter-refresh | core.news_filter:update_calendar:138 - calendar fetch failed: 429 Client Error: Too Many Requests for url: https://nfs.faireconomy.media/ff_calendar_thisweek.json | using cached events
2026-08-28 09:22:53.059 | WARNING  | news-filter-refresh | core.news_filter:update_calendar:138 - calendar fetch failed: 429 Client Error: Too Many Requests for url: https://nfs.faireconomy.media/ff_calendar_thisweek.json | using cached events
2026-08-28 09:23:01.783 | WARNING  | news-filter-refresh | core.news_filter:update_calendar:138 - calendar fetch failed: 429 Client Error: Too Many Requests for url: https://nfs.faireconomy.media/ff_calendar_thisweek.json | using cached events
2026-08-28 09:23:18.267 | WARNING  | news-filter-refresh | core.news_filter:update_calendar:138 - calendar fetch failed: 429 Client Error: Too Many Requests for url: https://nfs.faireconomy.media/ff_calendar_thisweek.json | using cached events
2026-08-28 09:23:50.731 | WARNING  | news-filter-refresh | core.news_filter:update_calendar:138 - calendar fetch failed: 429 Client Error: Too Many Requests for url: https://nfs.faireconomy.media/ff_calendar_thisweek.json | using cached events
2026-08-28 09:24:55.348 | WARNING  | news-filter-refresh | core.news_filter:update_calendar:138 - calendar fetch failed: 429 Client Error: Too Many Requests for url: https://nfs.faireconomy.media/ff_calendar_thisweek.json | using cached events
2026-08-28 09:27:04.509 | WARNING  | news-filter-refresh | core.news_filter:update_calendar:138 - calendar fetch failed: 429 Client Error: Too Many Requests for url: https://nfs.faireconomy.media/ff_calendar_thisweek.json | using cached events
2026-08-28 09:31:21.293 | SUCCESS  | news-filter-refresh | core.news_filter:update_calendar:150 - calendar refreshed: 4 high-impact USD events loaded
2026-08-28 09:31:23.680 | SUCCESS  | news-filter-refresh | core.news_filter:update_calendar:150 - calendar refreshed: 4 high-impact USD events loaded
2026-08-28 09:31:25.766 | WARNING  | news-filter-refresh | core.news_filter:update_calendar:138 - calendar fetch failed: 429 Client Error: Too Many Requests for url: https://nfs.faireconomy.media/ff_calendar_thisweek.json | using cached events
2026-08-28 09:31:28.648 | WARNING  | news-filter-refresh | core.news_filter:update_calendar:138 - calendar fetch failed: 429 Client Error: Too Many Requests for url: https://nfs.faireconomy.media/ff_calendar_thisweek.json | using cached events
2026-08-28 09:31:33.385 | WARNING  | news-filter-refresh | core.news_filter:update_calendar:138 - calendar fetch failed: 429 Client Error: Too Many Requests for url: https://nfs.faireconomy.media/ff_calendar_thisweek.json | using cached events
2026-08-28 09:31:42.217 | WARNING  | news-filter-refresh | core.news_filter:update_calendar:138 - calendar fetch failed: 429 Client Error: Too Many Requests for url: https://nfs.faireconomy.media/ff_calendar_thisweek.json | using cached events
2026-08-28 09:31:59.153 | WARNING  | news-filter-refresh | core.news_filter:update_calendar:138 - calendar fetch failed: 429 Client Error: Too Many Requests for url: https://nfs.faireconomy.media/ff_calendar_thisweek.json | using cached events
2026-08-28 09:32:31.919 | WARNING  | news-filter-refresh | core.news_filter:update_calendar:138 - calendar fetch failed: 429 Client Error: Too Many Requests for url: https://nfs.faireconomy.media/ff_calendar_thisweek.json | using cached events
2026-08-28 09:33:36.687 | WARNING  | news-filter-refresh | core.news_filter:update_calendar:138 - calendar fetch failed: 429 Client Error: Too Many Requests for url: https://nfs.faireconomy.media/ff_calendar_thisweek.json | using cached events
2026-08-28 09:35:45.335 | WARNING  | news-filter-refresh | core.news_filter:update_calendar:138 - calendar fetch failed: 429 Client Error: Too Many Requests for url: https://nfs.faireconomy.media/ff_calendar_thisweek.json | using cached events
2026-08-28 09:40:02.177 | SUCCESS  | news-filter-refresh | core.news_filter:update_calendar:150 - calendar refreshed: 4 high-impact USD events loaded
2026-08-28 09:40:03.818 | SUCCESS  | news-filter-refresh | core.news_filter:update_calendar:150 - calendar refreshed: 4 high-impact USD events loaded
2026-08-28 09:40:05.215 | WARNING  | news-filter-refresh | core.news_filter:update_calendar:138 - calendar fetch failed: 429 Client Error: Too Many Requests for url: https://nfs.faireconomy.media/ff_calendar_thisweek.json | using cached events
2026-08-28 09:40:07.840 | WARNING  | news-filter-refresh | core.news_filter:update_calendar:138 - calendar fetch failed: 429 Client Error: Too Many Requests for url: https://nfs.faireconomy.media/ff_calendar_thisweek.json | using cached events
2026-08-28 09:40:12.462 | WARNING  | news-filter-refresh | core.news_filter:update_calendar:138 - calendar fetch failed: 429 Client Error: Too Many Requests for url: https://nfs.faireconomy.media/ff_calendar_thisweek.json | using cached events
2026-08-28 09:40:21.489 | WARNING  | news-filter-refresh | core.news_filter:update_calendar:138 - calendar fetch failed: 429 Client Error: Too Many Requests for url: https://nfs.faireconomy.media/ff_calendar_thisweek.json | using cached events
2026-08-28 09:40:38.272 | WARNING  | news-filter-refresh | core.news_filter:update_calendar:138 - calendar fetch failed: 429 Client Error: Too Many Requests for url: https://nfs.faireconomy.media/ff_calendar_thisweek.json | using cached events
2026-08-28 09:41:11.011 | WARNING  | news-filter-refresh | core.news_filter:update_calendar:138 - calendar fetch failed: 429 Client Error: Too Many Requests for url: https://nfs.faireconomy.media/ff_calendar_thisweek.json | using cached events
2026-08-28 09:42:15.971 | WARNING  | news-filter-refresh | core.news_filter:update_calendar:138 - calendar fetch failed: 429 Client Error: Too Many Requests for url: https://nfs.faireconomy.media/ff_calendar_thisweek.json | using cached events
2026-08-28 09:44:24.935 | WARNING  | news-filter-refresh | core.news_filter:update_calendar:138 - calendar fetch failed: 429 Client Error: Too Many Requests for url: https://nfs.faireconomy.media/ff_calendar_thisweek.json | using cached events
2026-08-28 09:48:41.599 | SUCCESS  | news-filter-refresh | core.news_filter:update_calendar:150 - calendar refreshed: 4 high-impact USD events loaded
2026-08-28 09:48:43.065 | SUCCESS  | news-filter-refresh | core.news_filter:update_calendar:150 - calendar refreshed: 4 high-impact USD events loaded
2026-08-28 09:48:44.565 | WARNING  | news-filter-refresh | core.news_filter:update_calendar:138 - calendar fetch failed: 429 Client Error: Too Many Requests for url: https://nfs.faireconomy.media/ff_calendar_thisweek.json | using cached events
2026-08-28 09:48:47.769 | WARNING  | news-filter-refresh | core.news_filter:update_calendar:138 - calendar fetch failed: 429 Client Error: Too Many Requests for url: https://nfs.faireconomy.media/ff_calendar_thisweek.json | using cached events
2026-08-28 09:48:52.409 | WARNING  | news-filter-refresh | core.news_filter:update_calendar:138 - calendar fetch failed: 429 Client Error: Too Many Requests for url: https://nfs.faireconomy.media/ff_calendar_thisweek.json | using cached events
2026-08-28 09:49:00.913 | WARNING  | news-filter-refresh | core.news_filter:update_calendar:138 - calendar fetch failed: 429 Client Error: Too Many Requests for url: https://nfs.faireconomy.media/ff_calendar_thisweek.json | using cached events
2026-08-28 09:49:17.499 | WARNING  | news-filter-refresh | core.news_filter:update_calendar:138 - calendar fetch failed: 429 Client Error: Too Many Requests for url: https://nfs.faireconomy.media/ff_calendar_thisweek.json | using cached events
2026-08-28 09:49:49.960 | WARNING  | news-filter-refresh | core.news_filter:update_calendar:138 - calendar fetch failed: 429 Client Error: Too Many Requests for url: https://nfs.faireconomy.media/ff_calendar_thisweek.json | using cached events
2026-08-28 09:50:54.866 | WARNING  | news-filter-refresh | core.news_filter:update_calendar:138 - calendar fetch failed: 429 Client Error: Too Many Requests for url: https://nfs.faireconomy.media/ff_calendar_thisweek.json | using cached events
2026-08-28 09:53:03.375 | WARNING  | news-filter-refresh | core.news_filter:update_calendar:138 - calendar fetch failed: 429 Client Error: Too Many Requests for url: https://nfs.faireconomy.media/ff_calendar_thisweek.json | using cached events
2026-08-28 09:57:19.976 | SUCCESS  | news-filter-refresh | core.news_filter:update_calendar:150 - calendar refreshed: 4 high-impact USD events loaded
2026-08-28 09:57:21.613 | SUCCESS  | news-filter-refresh | core.news_filter:update_calendar:150 - calendar refreshed: 4 high-impact USD events loaded
2026-08-28 09:57:23.661 | WARNING  | news-filter-refresh | core.news_filter:update_calendar:138 - calendar fetch failed: 429 Client Error: Too Many Requests for url: https://nfs.faireconomy.media/ff_calendar_thisweek.json | using cached events
2026-08-28 09:57:26.333 | WARNING  | news-filter-refresh | core.news_filter:update_calendar:138 - calendar fetch failed: 429 Client Error: Too Many Requests for url: https://nfs.faireconomy.media/ff_calendar_thisweek.json | using cached events
2026-08-28 09:57:31.298 | WARNING  | news-filter-refresh | core.news_filter:update_calendar:138 - calendar fetch failed: 429 Client Error: Too Many Requests for url: https://nfs.faireconomy.media/ff_calendar_thisweek.json | using cached events
2026-08-28 09:57:40.492 | WARNING  | news-filter-refresh | core.news_filter:update_calendar:138 - calendar fetch failed: 429 Client Error: Too Many Requests for url: https://nfs.faireconomy.media/ff_calendar_thisweek.json | using cached events
2026-08-28 09:57:57.001 | WARNING  | news-filter-refresh | core.news_filter:update_calendar:138 - calendar fetch failed: 429 Client Error: Too Many Requests for url: https://nfs.faireconomy.media/ff_calendar_thisweek.json | using cached events
2026-08-28 09:58:29.641 | WARNING  | news-filter-refresh | core.news_filter:update_calendar:138 - calendar fetch failed: 429 Client Error: Too Many Requests for url: https://nfs.faireconomy.media/ff_calendar_thisweek.json | using cached events
2026-08-28 09:59:34.193 | WARNING  | news-filter-refresh | core.news_filter:update_calendar:138 - calendar fetch failed: 429 Client Error: Too Many Requests for url: https://nfs.faireconomy.media/ff_calendar_thisweek.json | using cached events
2026-08-28 10:01:42.847 | WARNING  | news-filter-refresh | core.news_filter:update_calendar:138 - calendar fetch failed: 429 Client Error: Too Many Requests for url: https://nfs.faireconomy.media/ff_calendar_thisweek.json | using cached events
2026-08-28 10:05:59.551 | SUCCESS  | news-filter-refresh | core.news_filter:update_calendar:150 - calendar refreshed: 4 high-impact USD events loaded
2026-08-28 10:06:01.185 | SUCCESS  | news-filter-refresh | core.news_filter:update_calendar:150 - calendar refreshed: 4 high-impact USD events loaded
2026-08-28 10:06:03.096 | WARNING  | news-filter-refresh | core.news_filter:update_calendar:138 - calendar fetch failed: 429 Client Error: Too Many Requests for url: https://nfs.faireconomy.media/ff_calendar_thisweek.json | using cached events
2026-08-28 10:06:05.759 | WARNING  | news-filter-refresh | core.news_filter:update_calendar:138 - calendar fetch failed: 429 Client Error: Too Many Requests for url: https://nfs.faireconomy.media/ff_calendar_thisweek.json | using cached events
2026-08-28 10:06:10.455 | WARNING  | news-filter-refresh | core.news_filter:update_calendar:138 - calendar fetch failed: 429 Client Error: Too Many Requests for url: https://nfs.faireconomy.media/ff_calendar_thisweek.json | using cached events
2026-08-28 10:06:19.410 | WARNING  | news-filter-refresh | core.news_filter:update_calendar:138 - calendar fetch failed: 429 Client Error: Too Many Requests for url: https://nfs.faireconomy.media/ff_calendar_thisweek.json | using cached events
2026-08-28 10:06:36.052 | WARNING  | news-filter-refresh | core.news_filter:update_calendar:138 - calendar fetch failed: 429 Client Error: Too Many Requests for url: https://nfs.faireconomy.media/ff_calendar_thisweek.json | using cached events
2026-08-28 10:07:08.568 | WARNING  | news-filter-refresh | core.news_filter:update_calendar:138 - calendar fetch failed: 429 Client Error: Too Many Requests for url: https://nfs.faireconomy.media/ff_calendar_thisweek.json | using cached events
2026-08-28 10:08:13.630 | WARNING  | news-filter-refresh | core.news_filter:update_calendar:138 - calendar fetch failed: 429 Client Error: Too Many Requests for url: https://nfs.faireconomy.media/ff_calendar_thisweek.json | using cached events
2026-08-28 10:10:22.243 | WARNING  | news-filter-refresh | core.news_filter:update_calendar:138 - calendar fetch failed: 429 Client Error: Too Many Requests for url: https://nfs.faireconomy.media/ff_calendar_thisweek.json | using cached events
2026-08-28 10:14:39.036 | SUCCESS  | news-filter-refresh | core.news_filter:update_calendar:150 - calendar refreshed: 4 high-impact USD events loaded
2026-08-28 10:14:40.467 | SUCCESS  | news-filter-refresh | core.news_filter:update_calendar:150 - calendar refreshed: 4 high-impact USD events loaded
2026-08-28 10:14:41.857 | WARNING  | news-filter-refresh | core.news_filter:update_calendar:138 - calendar fetch failed: 429 Client Error: Too Many Requests for url: https://nfs.faireconomy.media/ff_calendar_thisweek.json | using cached events
2026-08-28 10:14:44.298 | WARNING  | news-filter-refresh | core.news_filter:update_calendar:138 - calendar fetch failed: 429 Client Error: Too Many Requests for url: https://nfs.faireconomy.media/ff_calendar_thisweek.json | using cached events
2026-08-28 10:14:48.721 | WARNING  | news-filter-refresh | core.news_filter:update_calendar:138 - calendar fetch failed: 429 Client Error: Too Many Requests for url: https://nfs.faireconomy.media/ff_calendar_thisweek.json | using cached events
2026-08-28 10:14:57.652 | WARNING  | news-filter-refresh | core.news_filter:update_calendar:138 - calendar fetch failed: 429 Client Error: Too Many Requests for url: https://nfs.faireconomy.media/ff_calendar_thisweek.json | using cached events
2026-08-28 10:15:14.076 | WARNING  | news-filter-refresh | core.news_filter:update_calendar:138 - calendar fetch failed: 429 Client Error: Too Many Requests for url: https://nfs.faireconomy.media/ff_calendar_thisweek.json | using cached events
2026-08-28 10:15:46.581 | WARNING  | news-filter-refresh | core.news_filter:update_calendar:138 - calendar fetch failed: 429 Client Error: Too Many Requests for url: https://nfs.faireconomy.media/ff_calendar_thisweek.json | using cached events
2026-08-28 10:16:51.356 | WARNING  | news-filter-refresh | core.news_filter:update_calendar:138 - calendar fetch failed: 429 Client Error: Too Many Requests for url: https://nfs.faireconomy.media/ff_calendar_thisweek.json | using cached events
2026-08-28 10:19:00.256 | WARNING  | news-filter-refresh | core.news_filter:update_calendar:138 - calendar fetch failed: 429 Client Error: Too Many Requests for url: https://nfs.faireconomy.media/ff_calendar_thisweek.json | using cached events
2026-08-28 10:23:16.955 | SUCCESS  | news-filter-refresh | core.news_filter:update_calendar:150 - calendar refreshed: 4 high-impact USD events loaded
2026-08-28 10:23:18.650 | SUCCESS  | news-filter-refresh | core.news_filter:update_calendar:150 - calendar refreshed: 4 high-impact USD events loaded
2026-08-28 10:23:20.296 | WARNING  | news-filter-refresh | core.news_filter:update_calendar:138 - calendar fetch failed: 429 Client Error: Too Many Requests for url: https://nfs.faireconomy.media/ff_calendar_thisweek.json | using cached events
2026-08-28 10:23:23.324 | WARNING  | news-filter-refresh | core.news_filter:update_calendar:138 - calendar fetch failed: 429 Client Error: Too Many Requests for url: https://nfs.faireconomy.media/ff_calendar_thisweek.json | using cached events
2026-08-28 10:23:27.984 | WARNING  | news-filter-refresh | core.news_filter:update_calendar:138 - calendar fetch failed: 429 Client Error: Too Many Requests for url: https://nfs.faireconomy.media/ff_calendar_thisweek.json | using cached events
2026-08-28 10:23:36.674 | WARNING  | news-filter-refresh | core.news_filter:update_calendar:138 - calendar fetch failed: 429 Client Error: Too Many Requests for url: https://nfs.faireconomy.media/ff_calendar_thisweek.json | using cached events
2026-08-28 10:23:53.198 | WARNING  | news-filter-refresh | core.news_filter:update_calendar:138 - calendar fetch failed: 429 Client Error: Too Many Requests for url: https://nfs.faireconomy.media/ff_calendar_thisweek.json | using cached events
2026-08-28 10:24:25.805 | WARNING  | news-filter-refresh | core.news_filter:update_calendar:138 - calendar fetch failed: 429 Client Error: Too Many Requests for url: https://nfs.faireconomy.media/ff_calendar_thisweek.json | using cached events
2026-08-28 10:25:30.733 | WARNING  | news-filter-refresh | core.news_filter:update_calendar:138 - calendar fetch failed: 429 Client Error: Too Many Requests for url: https://nfs.faireconomy.media/ff_calendar_thisweek.json | using cached events
2026-08-28 10:27:39.664 | WARNING  | news-filter-refresh | core.news_filter:update_calendar:138 - calendar fetch failed: 429 Client Error: Too Many Requests for url: https://nfs.faireconomy.media/ff_calendar_thisweek.json | using cached events
2026-08-28 10:31:56.096 | SUCCESS  | news-filter-refresh | core.news_filter:update_calendar:150 - calendar refreshed: 4 high-impact USD events loaded
2026-08-28 10:31:57.639 | SUCCESS  | news-filter-refresh | core.news_filter:update_calendar:150 - calendar refreshed: 4 high-impact USD events loaded
2026-08-28 10:31:59.064 | WARNING  | news-filter-refresh | core.news_filter:update_calendar:138 - calendar fetch failed: 429 Client Error: Too Many Requests for url: https://nfs.faireconomy.media/ff_calendar_thisweek.json | using cached events
2026-08-28 10:32:01.586 | WARNING  | news-filter-refresh | core.news_filter:update_calendar:138 - calendar fetch failed: 429 Client Error: Too Many Requests for url: https://nfs.faireconomy.media/ff_calendar_thisweek.json | using cached events
2026-08-28 10:32:06.096 | WARNING  | news-filter-refresh | core.news_filter:update_calendar:138 - calendar fetch failed: 429 Client Error: Too Many Requests for url: https://nfs.faireconomy.media/ff_calendar_thisweek.json | using cached events
2026-08-28 10:32:14.786 | WARNING  | news-filter-refresh | core.news_filter:update_calendar:138 - calendar fetch failed: 429 Client Error: Too Many Requests for url: https://nfs.faireconomy.media/ff_calendar_thisweek.json | using cached events
2026-08-28 10:32:31.374 | WARNING  | news-filter-refresh | core.news_filter:update_calendar:138 - calendar fetch failed: 429 Client Error: Too Many Requests for url: https://nfs.faireconomy.media/ff_calendar_thisweek.json | using cached events
2026-08-28 10:33:04.043 | WARNING  | news-filter-refresh | core.news_filter:update_calendar:138 - calendar fetch failed: 429 Client Error: Too Many Requests for url: https://nfs.faireconomy.media/ff_calendar_thisweek.json | using cached events
2026-08-28 10:34:08.462 | WARNING  | news-filter-refresh | core.news_filter:update_calendar:138 - calendar fetch failed: 429 Client Error: Too Many Requests for url: https://nfs.faireconomy.media/ff_calendar_thisweek.json | using cached events
2026-08-28 10:36:16.911 | WARNING  | news-filter-refresh | core.news_filter:update_calendar:138 - calendar fetch failed: 429 Client Error: Too Many Requests for url: https://nfs.faireconomy.media/ff_calendar_thisweek.json | using cached events
2026-08-28 10:40:33.385 | SUCCESS  | news-filter-refresh | core.news_filter:update_calendar:150 - calendar refreshed: 4 high-impact USD events loaded
2026-08-28 10:40:34.714 | SUCCESS  | news-filter-refresh | core.news_filter:update_calendar:150 - calendar refreshed: 4 high-impact USD events loaded
2026-08-28 10:40:36.187 | WARNING  | news-filter-refresh | core.news_filter:update_calendar:138 - calendar fetch failed: 429 Client Error: Too Many Requests for url: https://nfs.faireconomy.media/ff_calendar_thisweek.json | using cached events
2026-08-28 10:40:38.606 | WARNING  | news-filter-refresh | core.news_filter:update_calendar:138 - calendar fetch failed: 429 Client Error: Too Many Requests for url: https://nfs.faireconomy.media/ff_calendar_thisweek.json | using cached events
2026-08-28 10:40:43.110 | WARNING  | news-filter-refresh | core.news_filter:update_calendar:138 - calendar fetch failed: 429 Client Error: Too Many Requests for url: https://nfs.faireconomy.media/ff_calendar_thisweek.json | using cached events
2026-08-28 10:40:51.490 | WARNING  | news-filter-refresh | core.news_filter:update_calendar:138 - calendar fetch failed: 429 Client Error: Too Many Requests for url: https://nfs.faireconomy.media/ff_calendar_thisweek.json | using cached events
2026-08-28 10:41:07.950 | WARNING  | news-filter-refresh | core.news_filter:update_calendar:138 - calendar fetch failed: 429 Client Error: Too Many Requests for url: https://nfs.faireconomy.media/ff_calendar_thisweek.json | using cached events
2026-08-28 10:41:40.384 | WARNING  | news-filter-refresh | core.news_filter:update_calendar:138 - calendar fetch failed: 429 Client Error: Too Many Requests for url: https://nfs.faireconomy.media/ff_calendar_thisweek.json | using cached events
2026-08-28 10:42:45.045 | WARNING  | news-filter-refresh | core.news_filter:update_calendar:138 - calendar fetch failed: 429 Client Error: Too Many Requests for url: https://nfs.faireconomy.media/ff_calendar_thisweek.json | using cached events
2026-08-28 10:44:53.640 | WARNING  | news-filter-refresh | core.news_filter:update_calendar:138 - calendar fetch failed: 429 Client Error: Too Many Requests for url: https://nfs.faireconomy.media/ff_calendar_thisweek.json | using cached events
2026-08-28 10:49:10.149 | SUCCESS  | news-filter-refresh | core.news_filter:update_calendar:150 - calendar refreshed: 4 high-impact USD events loaded
2026-08-28 10:49:11.590 | SUCCESS  | news-filter-refresh | core.news_filter:update_calendar:150 - calendar refreshed: 4 high-impact USD events loaded
2026-08-28 10:49:13.063 | WARNING  | news-filter-refresh | core.news_filter:update_calendar:138 - calendar fetch failed: 429 Client Error: Too Many Requests for url: https://nfs.faireconomy.media/ff_calendar_thisweek.json | using cached events
2026-08-28 10:49:15.472 | WARNING  | news-filter-refresh | core.news_filter:update_calendar:138 - calendar fetch failed: 429 Client Error: Too Many Requests for url: https://nfs.faireconomy.media/ff_calendar_thisweek.json | using cached events
2026-08-28 10:49:20.040 | WARNING  | news-filter-refresh | core.news_filter:update_calendar:138 - calendar fetch failed: 429 Client Error: Too Many Requests for url: https://nfs.faireconomy.media/ff_calendar_thisweek.json | using cached events
2026-08-28 10:49:28.542 | WARNING  | news-filter-refresh | core.news_filter:update_calendar:138 - calendar fetch failed: 429 Client Error: Too Many Requests for url: https://nfs.faireconomy.media/ff_calendar_thisweek.json | using cached events
2026-08-28 10:49:44.907 | WARNING  | news-filter-refresh | core.news_filter:update_calendar:138 - calendar fetch failed: 429 Client Error: Too Many Requests for url: https://nfs.faireconomy.media/ff_calendar_thisweek.json | using cached events
2026-08-28 10:50:17.411 | WARNING  | news-filter-refresh | core.news_filter:update_calendar:138 - calendar fetch failed: 429 Client Error: Too Many Requests for url: https://nfs.faireconomy.media/ff_calendar_thisweek.json | using cached events
2026-08-28 10:51:21.917 | WARNING  | news-filter-refresh | core.news_filter:update_calendar:138 - calendar fetch failed: 429 Client Error: Too Many Requests for url: https://nfs.faireconomy.media/ff_calendar_thisweek.json | using cached events
2026-08-28 10:53:30.496 | WARNING  | news-filter-refresh | core.news_filter:update_calendar:138 - calendar fetch failed: 429 Client Error: Too Many Requests for url: https://nfs.faireconomy.media/ff_calendar_thisweek.json | using cached events
2026-08-28 10:57:46.991 | SUCCESS  | news-filter-refresh | core.news_filter:update_calendar:150 - calendar refreshed: 4 high-impact USD events loaded
2026-08-28 10:57:48.458 | SUCCESS  | news-filter-refresh | core.news_filter:update_calendar:150 - calendar refreshed: 4 high-impact USD events loaded
2026-08-28 10:57:49.870 | WARNING  | news-filter-refresh | core.news_filter:update_calendar:138 - calendar fetch failed: 429 Client Error: Too Many Requests for url: https://nfs.faireconomy.media/ff_calendar_thisweek.json | using cached events
2026-08-28 10:57:52.527 | WARNING  | news-filter-refresh | core.news_filter:update_calendar:138 - calendar fetch failed: 429 Client Error: Too Many Requests for url: https://nfs.faireconomy.media/ff_calendar_thisweek.json | using cached events
2026-08-28 10:57:57.105 | WARNING  | news-filter-refresh | core.news_filter:update_calendar:138 - calendar fetch failed: 429 Client Error: Too Many Requests for url: https://nfs.faireconomy.media/ff_calendar_thisweek.json | using cached events
2026-08-28 10:58:05.664 | WARNING  | news-filter-refresh | core.news_filter:update_calendar:138 - calendar fetch failed: 429 Client Error: Too Many Requests for url: https://nfs.faireconomy.media/ff_calendar_thisweek.json | using cached events
2026-08-28 10:58:22.121 | WARNING  | news-filter-refresh | core.news_filter:update_calendar:138 - calendar fetch failed: 429 Client Error: Too Many Requests for url: https://nfs.faireconomy.media/ff_calendar_thisweek.json | using cached events
2026-08-28 10:58:54.959 | WARNING  | news-filter-refresh | core.news_filter:update_calendar:138 - calendar fetch failed: 429 Client Error: Too Many Requests for url: https://nfs.faireconomy.media/ff_calendar_thisweek.json | using cached events
2026-08-28 10:59:59.428 | WARNING  | news-filter-refresh | core.news_filter:update_calendar:138 - calendar fetch failed: 429 Client Error: Too Many Requests for url: https://nfs.faireconomy.media/ff_calendar_thisweek.json | using cached events
2026-08-28 11:02:07.950 | WARNING  | news-filter-refresh | core.news_filter:update_calendar:138 - calendar fetch failed: 429 Client Error: Too Many Requests for url: https://nfs.faireconomy.media/ff_calendar_thisweek.json | using cached events
2026-08-28 11:06:24.937 | SUCCESS  | news-filter-refresh | core.news_filter:update_calendar:150 - calendar refreshed: 4 high-impact USD events loaded
2026-08-28 11:06:26.566 | SUCCESS  | news-filter-refresh | core.news_filter:update_calendar:150 - calendar refreshed: 4 high-impact USD events loaded
2026-08-28 11:06:28.074 | WARNING  | news-filter-refresh | core.news_filter:update_calendar:138 - calendar fetch failed: 429 Client Error: Too Many Requests for url: https://nfs.faireconomy.media/ff_calendar_thisweek.json | using cached events
2026-08-28 11:06:30.516 | WARNING  | news-filter-refresh | core.news_filter:update_calendar:138 - calendar fetch failed: 429 Client Error: Too Many Requests for url: https://nfs.faireconomy.media/ff_calendar_thisweek.json | using cached events
2026-08-28 11:06:35.289 | WARNING  | news-filter-refresh | core.news_filter:update_calendar:138 - calendar fetch failed: 429 Client Error: Too Many Requests for url: https://nfs.faireconomy.media/ff_calendar_thisweek.json | using cached events
2026-08-28 11:06:43.933 | WARNING  | news-filter-refresh | core.news_filter:update_calendar:138 - calendar fetch failed: 429 Client Error: Too Many Requests for url: https://nfs.faireconomy.media/ff_calendar_thisweek.json | using cached events
2026-08-28 11:07:00.507 | WARNING  | news-filter-refresh | core.news_filter:update_calendar:138 - calendar fetch failed: 429 Client Error: Too Many Requests for url: https://nfs.faireconomy.media/ff_calendar_thisweek.json | using cached events
2026-08-28 11:07:33.099 | WARNING  | news-filter-refresh | core.news_filter:update_calendar:138 - calendar fetch failed: 429 Client Error: Too Many Requests for url: https://nfs.faireconomy.media/ff_calendar_thisweek.json | using cached events
2026-08-28 11:08:37.512 | WARNING  | news-filter-refresh | core.news_filter:update_calendar:138 - calendar fetch failed: 429 Client Error: Too Many Requests for url: https://nfs.faireconomy.media/ff_calendar_thisweek.json | using cached events
2026-08-28 11:10:46.029 | WARNING  | news-filter-refresh | core.news_filter:update_calendar:138 - calendar fetch failed: 429 Client Error: Too Many Requests for url: https://nfs.faireconomy.media/ff_calendar_thisweek.json | using cached events
2026-08-28 11:15:02.538 | SUCCESS  | news-filter-refresh | core.news_filter:update_calendar:150 - calendar refreshed: 4 high-impact USD events loaded
2026-08-28 11:15:04.022 | SUCCESS  | news-filter-refresh | core.news_filter:update_calendar:150 - calendar refreshed: 4 high-impact USD events loaded
2026-08-28 11:15:05.372 | WARNING  | news-filter-refresh | core.news_filter:update_calendar:138 - calendar fetch failed: 429 Client Error: Too Many Requests for url: https://nfs.faireconomy.media/ff_calendar_thisweek.json | using cached events
2026-08-28 11:15:07.762 | WARNING  | news-filter-refresh | core.news_filter:update_calendar:138 - calendar fetch failed: 429 Client Error: Too Many Requests for url: https://nfs.faireconomy.media/ff_calendar_thisweek.json | using cached events
2026-08-28 11:15:12.214 | WARNING  | news-filter-refresh | core.news_filter:update_calendar:138 - calendar fetch failed: 429 Client Error: Too Many Requests for url: https://nfs.faireconomy.media/ff_calendar_thisweek.json | using cached events
2026-08-28 11:15:20.647 | WARNING  | news-filter-refresh | core.news_filter:update_calendar:138 - calendar fetch failed: 429 Client Error: Too Many Requests for url: https://nfs.faireconomy.media/ff_calendar_thisweek.json | using cached events
2026-08-28 11:15:37.037 | WARNING  | news-filter-refresh | core.news_filter:update_calendar:138 - calendar fetch failed: 429 Client Error: Too Many Requests for url: https://nfs.faireconomy.media/ff_calendar_thisweek.json | using cached events
2026-08-28 11:15:43.340 | WARNING  | MainThread | core.mt5_client:reconnect:298 - reconnect attempt #1 starting
2026-08-28 11:15:43.244 | WARNING  | MainThread | core.mt5_client:reconnect:298 - reconnect attempt #1 starting
2026-08-28 11:15:53.047 | SUCCESS  | MainThread | core.mt5_client:connect:232 - MT5 connected | login=111468044 server=MetaQuotes-Demo balance=675.32 USD | symbol=XAUUSD | algo_trading=True
2026-08-28 11:15:53.077 | SUCCESS  | MainThread | core.mt5_client:connect:232 - MT5 connected | login=111468044 server=MetaQuotes-Demo balance=675.32 USD | symbol=XAUUSD | algo_trading=True
2026-08-28 11:15:53.138 | SUCCESS  | MainThread | core.mt5_client:reconnect:313 - reconnected after 1 attempt(s)
2026-08-28 11:15:53.073 | SUCCESS  | MainThread | core.mt5_client:reconnect:313 - reconnected after 1 attempt(s)
2026-08-28 11:16:09.449 | WARNING  | news-filter-refresh | core.news_filter:update_calendar:138 - calendar fetch failed: 429 Client Error: Too Many Requests for url: https://nfs.faireconomy.media/ff_calendar_thisweek.json | using cached events
2026-08-28 11:17:13.900 | WARNING  | news-filter-refresh | core.news_filter:update_calendar:138 - calendar fetch failed: 429 Client Error: Too Many Requests for url: https://nfs.faireconomy.media/ff_calendar_thisweek.json | using cached events
2026-08-28 11:19:22.316 | WARNING  | news-filter-refresh | core.news_filter:update_calendar:138 - calendar fetch failed: 429 Client Error: Too Many Requests for url: https://nfs.faireconomy.media/ff_calendar_thisweek.json | using cached events
2026-08-28 11:23:38.728 | SUCCESS  | news-filter-refresh | core.news_filter:update_calendar:150 - calendar refreshed: 4 high-impact USD events loaded
2026-08-28 11:23:40.081 | SUCCESS  | news-filter-refresh | core.news_filter:update_calendar:150 - calendar refreshed: 4 high-impact USD events loaded
2026-08-28 11:23:41.532 | WARNING  | news-filter-refresh | core.news_filter:update_calendar:138 - calendar fetch failed: 429 Client Error: Too Many Requests for url: https://nfs.faireconomy.media/ff_calendar_thisweek.json | using cached events
2026-08-28 11:23:44.030 | WARNING  | news-filter-refresh | core.news_filter:update_calendar:138 - calendar fetch failed: 429 Client Error: Too Many Requests for url: https://nfs.faireconomy.media/ff_calendar_thisweek.json | using cached events
2026-08-28 11:23:48.386 | WARNING  | news-filter-refresh | core.news_filter:update_calendar:138 - calendar fetch failed: 429 Client Error: Too Many Requests for url: https://nfs.faireconomy.media/ff_calendar_thisweek.json | using cached events
2026-08-28 11:23:56.735 | WARNING  | news-filter-refresh | core.news_filter:update_calendar:138 - calendar fetch failed: 429 Client Error: Too Many Requests for url: https://nfs.faireconomy.media/ff_calendar_thisweek.json | using cached events
2026-08-28 11:24:13.101 | WARNING  | news-filter-refresh | core.news_filter:update_calendar:138 - calendar fetch failed: 429 Client Error: Too Many Requests for url: https://nfs.faireconomy.media/ff_calendar_thisweek.json | using cached events
2026-08-28 11:24:45.517 | WARNING  | news-filter-refresh | core.news_filter:update_calendar:138 - calendar fetch failed: 429 Client Error: Too Many Requests for url: https://nfs.faireconomy.media/ff_calendar_thisweek.json | using cached events
2026-08-28 11:25:49.943 | WARNING  | news-filter-refresh | core.news_filter:update_calendar:138 - calendar fetch failed: 429 Client Error: Too Many Requests for url: https://nfs.faireconomy.media/ff_calendar_thisweek.json | using cached events
2026-08-28 11:27:58.454 | WARNING  | news-filter-refresh | core.news_filter:update_calendar:138 - calendar fetch failed: 429 Client Error: Too Many Requests for url: https://nfs.faireconomy.media/ff_calendar_thisweek.json | using cached events
2026-08-28 11:32:14.811 | SUCCESS  | news-filter-refresh | core.news_filter:update_calendar:150 - calendar refreshed: 4 high-impact USD events loaded
2026-08-28 11:32:16.152 | SUCCESS  | news-filter-refresh | core.news_filter:update_calendar:150 - calendar refreshed: 4 high-impact USD events loaded
2026-08-28 11:32:17.600 | WARNING  | news-filter-refresh | core.news_filter:update_calendar:138 - calendar fetch failed: 429 Client Error: Too Many Requests for url: https://nfs.faireconomy.media/ff_calendar_thisweek.json | using cached events
2026-08-28 11:32:20.104 | WARNING  | news-filter-refresh | core.news_filter:update_calendar:138 - calendar fetch failed: 429 Client Error: Too Many Requests for url: https://nfs.faireconomy.media/ff_calendar_thisweek.json | using cached events
2026-08-28 11:32:24.609 | WARNING  | news-filter-refresh | core.news_filter:update_calendar:138 - calendar fetch failed: 429 Client Error: Too Many Requests for url: https://nfs.faireconomy.media/ff_calendar_thisweek.json | using cached events
2026-08-28 11:32:33.069 | WARNING  | news-filter-refresh | core.news_filter:update_calendar:138 - calendar fetch failed: 429 Client Error: Too Many Requests for url: https://nfs.faireconomy.media/ff_calendar_thisweek.json | using cached events
2026-08-28 11:32:49.476 | WARNING  | news-filter-refresh | core.news_filter:update_calendar:138 - calendar fetch failed: 429 Client Error: Too Many Requests for url: https://nfs.faireconomy.media/ff_calendar_thisweek.json | using cached events
2026-08-28 11:33:21.982 | WARNING  | news-filter-refresh | core.news_filter:update_calendar:138 - calendar fetch failed: 429 Client Error: Too Many Requests for url: https://nfs.faireconomy.media/ff_calendar_thisweek.json | using cached events
2026-08-28 11:34:26.434 | WARNING  | news-filter-refresh | core.news_filter:update_calendar:138 - calendar fetch failed: 429 Client Error: Too Many Requests for url: https://nfs.faireconomy.media/ff_calendar_thisweek.json | using cached events
2026-08-28 11:36:35.041 | WARNING  | news-filter-refresh | core.news_filter:update_calendar:138 - calendar fetch failed: 429 Client Error: Too Many Requests for url: https://nfs.faireconomy.media/ff_calendar_thisweek.json | using cached events
2026-08-28 11:40:51.620 | SUCCESS  | news-filter-refresh | core.news_filter:update_calendar:150 - calendar refreshed: 4 high-impact USD events loaded
2026-08-28 11:40:52.965 | SUCCESS  | news-filter-refresh | core.news_filter:update_calendar:150 - calendar refreshed: 4 high-impact USD events loaded
2026-08-28 11:40:54.332 | WARNING  | news-filter-refresh | core.news_filter:update_calendar:138 - calendar fetch failed: 429 Client Error: Too Many Requests for url: https://nfs.faireconomy.media/ff_calendar_thisweek.json | using cached events
2026-08-28 11:40:56.716 | WARNING  | news-filter-refresh | core.news_filter:update_calendar:138 - calendar fetch failed: 429 Client Error: Too Many Requests for url: https://nfs.faireconomy.media/ff_calendar_thisweek.json | using cached events
2026-08-28 11:41:01.096 | WARNING  | news-filter-refresh | core.news_filter:update_calendar:138 - calendar fetch failed: 429 Client Error: Too Many Requests for url: https://nfs.faireconomy.media/ff_calendar_thisweek.json | using cached events
2026-08-28 11:41:09.483 | WARNING  | news-filter-refresh | core.news_filter:update_calendar:138 - calendar fetch failed: 429 Client Error: Too Many Requests for url: https://nfs.faireconomy.media/ff_calendar_thisweek.json | using cached events
2026-08-28 11:41:25.814 | WARNING  | news-filter-refresh | core.news_filter:update_calendar:138 - calendar fetch failed: 429 Client Error: Too Many Requests for url: https://nfs.faireconomy.media/ff_calendar_thisweek.json | using cached events
2026-08-28 11:41:58.186 | WARNING  | news-filter-refresh | core.news_filter:update_calendar:138 - calendar fetch failed: 429 Client Error: Too Many Requests for url: https://nfs.faireconomy.media/ff_calendar_thisweek.json | using cached events
2026-08-28 11:43:02.681 | WARNING  | news-filter-refresh | core.news_filter:update_calendar:138 - calendar fetch failed: 429 Client Error: Too Many Requests for url: https://nfs.faireconomy.media/ff_calendar_thisweek.json | using cached events
2026-08-28 11:45:11.097 | WARNING  | news-filter-refresh | core.news_filter:update_calendar:138 - calendar fetch failed: 429 Client Error: Too Many Requests for url: https://nfs.faireconomy.media/ff_calendar_thisweek.json | using cached events
2026-08-28 11:49:27.585 | SUCCESS  | news-filter-refresh | core.news_filter:update_calendar:150 - calendar refreshed: 4 high-impact USD events loaded
2026-08-28 11:49:28.984 | SUCCESS  | news-filter-refresh | core.news_filter:update_calendar:150 - calendar refreshed: 4 high-impact USD events loaded
2026-08-28 11:49:30.487 | WARNING  | news-filter-refresh | core.news_filter:update_calendar:138 - calendar fetch failed: 429 Client Error: Too Many Requests for url: https://nfs.faireconomy.media/ff_calendar_thisweek.json | using cached events
2026-08-28 11:49:32.903 | WARNING  | news-filter-refresh | core.news_filter:update_calendar:138 - calendar fetch failed: 429 Client Error: Too Many Requests for url: https://nfs.faireconomy.media/ff_calendar_thisweek.json | using cached events
2026-08-28 11:49:37.294 | WARNING  | news-filter-refresh | core.news_filter:update_calendar:138 - calendar fetch failed: 429 Client Error: Too Many Requests for url: https://nfs.faireconomy.media/ff_calendar_thisweek.json | using cached events
2026-08-28 11:49:45.719 | WARNING  | news-filter-refresh | core.news_filter:update_calendar:138 - calendar fetch failed: 429 Client Error: Too Many Requests for url: https://nfs.faireconomy.media/ff_calendar_thisweek.json | using cached events
2026-08-28 11:50:02.215 | WARNING  | news-filter-refresh | core.news_filter:update_calendar:138 - calendar fetch failed: 429 Client Error: Too Many Requests for url: https://nfs.faireconomy.media/ff_calendar_thisweek.json | using cached events
2026-08-28 11:50:34.634 | WARNING  | news-filter-refresh | core.news_filter:update_calendar:138 - calendar fetch failed: 429 Client Error: Too Many Requests for url: https://nfs.faireconomy.media/ff_calendar_thisweek.json | using cached events
2026-08-28 11:51:38.945 | WARNING  | news-filter-refresh | core.news_filter:update_calendar:138 - calendar fetch failed: 429 Client Error: Too Many Requests for url: https://nfs.faireconomy.media/ff_calendar_thisweek.json | using cached events
2026-08-28 11:53:47.351 | WARNING  | news-filter-refresh | core.news_filter:update_calendar:138 - calendar fetch failed: 429 Client Error: Too Many Requests for url: https://nfs.faireconomy.media/ff_calendar_thisweek.json | using cached events
2026-08-28 11:58:03.783 | SUCCESS  | news-filter-refresh | core.news_filter:update_calendar:150 - calendar refreshed: 4 high-impact USD events loaded
2026-08-28 11:58:05.217 | SUCCESS  | news-filter-refresh | core.news_filter:update_calendar:150 - calendar refreshed: 4 high-impact USD events loaded
2026-08-28 11:58:06.577 | WARNING  | news-filter-refresh | core.news_filter:update_calendar:138 - calendar fetch failed: 429 Client Error: Too Many Requests for url: https://nfs.faireconomy.media/ff_calendar_thisweek.json | using cached events
2026-08-28 11:58:08.976 | WARNING  | news-filter-refresh | core.news_filter:update_calendar:138 - calendar fetch failed: 429 Client Error: Too Many Requests for url: https://nfs.faireconomy.media/ff_calendar_thisweek.json | using cached events
2026-08-28 11:58:13.345 | WARNING  | news-filter-refresh | core.news_filter:update_calendar:138 - calendar fetch failed: 429 Client Error: Too Many Requests for url: https://nfs.faireconomy.media/ff_calendar_thisweek.json | using cached events
2026-08-28 11:58:21.774 | WARNING  | news-filter-refresh | core.news_filter:update_calendar:138 - calendar fetch failed: 429 Client Error: Too Many Requests for url: https://nfs.faireconomy.media/ff_calendar_thisweek.json | using cached events
2026-08-28 11:58:38.531 | WARNING  | news-filter-refresh | core.news_filter:update_calendar:138 - calendar fetch failed: 429 Client Error: Too Many Requests for url: https://nfs.faireconomy.media/ff_calendar_thisweek.json | using cached events
2026-08-28 11:59:10.890 | WARNING  | news-filter-refresh | core.news_filter:update_calendar:138 - calendar fetch failed: 429 Client Error: Too Many Requests for url: https://nfs.faireconomy.media/ff_calendar_thisweek.json | using cached events
2026-08-28 12:00:15.565 | WARNING  | news-filter-refresh | core.news_filter:update_calendar:138 - calendar fetch failed: 429 Client Error: Too Many Requests for url: https://nfs.faireconomy.media/ff_calendar_thisweek.json | using cached events
2026-08-28 12:02:23.939 | WARNING  | news-filter-refresh | core.news_filter:update_calendar:138 - calendar fetch failed: 429 Client Error: Too Many Requests for url: https://nfs.faireconomy.media/ff_calendar_thisweek.json | using cached events
2026-08-28 12:06:40.416 | SUCCESS  | news-filter-refresh | core.news_filter:update_calendar:150 - calendar refreshed: 4 high-impact USD events loaded
2026-08-28 12:06:41.819 | SUCCESS  | news-filter-refresh | core.news_filter:update_calendar:150 - calendar refreshed: 4 high-impact USD events loaded
2026-08-28 12:06:43.185 | WARNING  | news-filter-refresh | core.news_filter:update_calendar:138 - calendar fetch failed: 429 Client Error: Too Many Requests for url: https://nfs.faireconomy.media/ff_calendar_thisweek.json | using cached events
2026-08-28 12:06:45.639 | WARNING  | news-filter-refresh | core.news_filter:update_calendar:138 - calendar fetch failed: 429 Client Error: Too Many Requests for url: https://nfs.faireconomy.media/ff_calendar_thisweek.json | using cached events
2026-08-28 12:06:50.102 | WARNING  | news-filter-refresh | core.news_filter:update_calendar:138 - calendar fetch failed: 429 Client Error: Too Many Requests for url: https://nfs.faireconomy.media/ff_calendar_thisweek.json | using cached events
2026-08-28 12:06:58.458 | WARNING  | news-filter-refresh | core.news_filter:update_calendar:138 - calendar fetch failed: 429 Client Error: Too Many Requests for url: https://nfs.faireconomy.media/ff_calendar_thisweek.json | using cached events
2026-08-28 12:07:14.888 | WARNING  | news-filter-refresh | core.news_filter:update_calendar:138 - calendar fetch failed: 429 Client Error: Too Many Requests for url: https://nfs.faireconomy.media/ff_calendar_thisweek.json | using cached events
2026-08-28 12:07:47.465 | WARNING  | news-filter-refresh | core.news_filter:update_calendar:138 - calendar fetch failed: 429 Client Error: Too Many Requests for url: https://nfs.faireconomy.media/ff_calendar_thisweek.json | using cached events
2026-08-28 12:08:51.864 | WARNING  | news-filter-refresh | core.news_filter:update_calendar:138 - calendar fetch failed: 429 Client Error: Too Many Requests for url: https://nfs.faireconomy.media/ff_calendar_thisweek.json | using cached events
2026-08-28 12:11:00.556 | WARNING  | news-filter-refresh | core.news_filter:update_calendar:138 - calendar fetch failed: 429 Client Error: Too Many Requests for url: https://nfs.faireconomy.media/ff_calendar_thisweek.json | using cached events
2026-08-28 12:15:17.356 | SUCCESS  | news-filter-refresh | core.news_filter:update_calendar:150 - calendar refreshed: 4 high-impact USD events loaded
2026-08-28 12:15:18.821 | SUCCESS  | news-filter-refresh | core.news_filter:update_calendar:150 - calendar refreshed: 4 high-impact USD events loaded
2026-08-28 12:15:20.260 | WARNING  | news-filter-refresh | core.news_filter:update_calendar:138 - calendar fetch failed: 429 Client Error: Too Many Requests for url: https://nfs.faireconomy.media/ff_calendar_thisweek.json | using cached events
2026-08-28 12:15:22.683 | WARNING  | news-filter-refresh | core.news_filter:update_calendar:138 - calendar fetch failed: 429 Client Error: Too Many Requests for url: https://nfs.faireconomy.media/ff_calendar_thisweek.json | using cached events
2026-08-28 12:15:27.147 | WARNING  | news-filter-refresh | core.news_filter:update_calendar:138 - calendar fetch failed: 429 Client Error: Too Many Requests for url: https://nfs.faireconomy.media/ff_calendar_thisweek.json | using cached events
2026-08-28 12:15:35.542 | WARNING  | news-filter-refresh | core.news_filter:update_calendar:138 - calendar fetch failed: 429 Client Error: Too Many Requests for url: https://nfs.faireconomy.media/ff_calendar_thisweek.json | using cached events
2026-08-28 12:15:51.905 | WARNING  | news-filter-refresh | core.news_filter:update_calendar:138 - calendar fetch failed: 429 Client Error: Too Many Requests for url: https://nfs.faireconomy.media/ff_calendar_thisweek.json | using cached events
2026-08-28 12:16:24.344 | WARNING  | news-filter-refresh | core.news_filter:update_calendar:138 - calendar fetch failed: 429 Client Error: Too Many Requests for url: https://nfs.faireconomy.media/ff_calendar_thisweek.json | using cached events
2026-08-28 12:17:28.830 | WARNING  | news-filter-refresh | core.news_filter:update_calendar:138 - calendar fetch failed: 429 Client Error: Too Many Requests for url: https://nfs.faireconomy.media/ff_calendar_thisweek.json | using cached events
2026-08-28 12:19:37.210 | WARNING  | news-filter-refresh | core.news_filter:update_calendar:138 - calendar fetch failed: 429 Client Error: Too Many Requests for url: https://nfs.faireconomy.media/ff_calendar_thisweek.json | using cached events
2026-08-28 12:23:53.654 | SUCCESS  | news-filter-refresh | core.news_filter:update_calendar:150 - calendar refreshed: 4 high-impact USD events loaded
2026-08-28 12:23:55.155 | SUCCESS  | news-filter-refresh | core.news_filter:update_calendar:150 - calendar refreshed: 4 high-impact USD events loaded
2026-08-28 12:23:56.618 | WARNING  | news-filter-refresh | core.news_filter:update_calendar:138 - calendar fetch failed: 429 Client Error: Too Many Requests for url: https://nfs.faireconomy.media/ff_calendar_thisweek.json | using cached events
2026-08-28 12:23:59.005 | WARNING  | news-filter-refresh | core.news_filter:update_calendar:138 - calendar fetch failed: 429 Client Error: Too Many Requests for url: https://nfs.faireconomy.media/ff_calendar_thisweek.json | using cached events
2026-08-28 12:24:03.426 | WARNING  | news-filter-refresh | core.news_filter:update_calendar:138 - calendar fetch failed: 429 Client Error: Too Many Requests for url: https://nfs.faireconomy.media/ff_calendar_thisweek.json | using cached events
2026-08-28 12:24:11.764 | WARNING  | news-filter-refresh | core.news_filter:update_calendar:138 - calendar fetch failed: 429 Client Error: Too Many Requests for url: https://nfs.faireconomy.media/ff_calendar_thisweek.json | using cached events
2026-08-28 12:24:28.126 | WARNING  | news-filter-refresh | core.news_filter:update_calendar:138 - calendar fetch failed: 429 Client Error: Too Many Requests for url: https://nfs.faireconomy.media/ff_calendar_thisweek.json | using cached events
2026-08-28 12:25:00.821 | WARNING  | news-filter-refresh | core.news_filter:update_calendar:138 - calendar fetch failed: 429 Client Error: Too Many Requests for url: https://nfs.faireconomy.media/ff_calendar_thisweek.json | using cached events
2026-08-28 12:26:05.168 | WARNING  | news-filter-refresh | core.news_filter:update_calendar:138 - calendar fetch failed: 429 Client Error: Too Many Requests for url: https://nfs.faireconomy.media/ff_calendar_thisweek.json | using cached events
2026-08-28 12:28:13.486 | WARNING  | news-filter-refresh | core.news_filter:update_calendar:138 - calendar fetch failed: 429 Client Error: Too Many Requests for url: https://nfs.faireconomy.media/ff_calendar_thisweek.json | using cached events
2026-08-28 12:33:01.258 | WARNING  | news-filter-refresh | core.news_filter:update_calendar:138 - calendar fetch failed: HTTPSConnectionPool(host='nfs.faireconomy.media', port=443): Max retries exceeded with url: /ff_calendar_thisweek.json (Caused by SSLError(SSLEOFError(8, '[SSL: UNEXPECTED_EOF_WHILE_READING] EOF occurred in violation of protocol (_ssl.c:1006)'))) | using cached events
2026-08-28 12:41:34.466 | SUCCESS  | news-filter-refresh | core.news_filter:update_calendar:150 - calendar refreshed: 4 high-impact USD events loaded
2026-08-28 12:41:35.948 | SUCCESS  | news-filter-refresh | core.news_filter:update_calendar:150 - calendar refreshed: 4 high-impact USD events loaded
2026-08-28 12:41:37.554 | WARNING  | news-filter-refresh | core.news_filter:update_calendar:138 - calendar fetch failed: 429 Client Error: Too Many Requests for url: https://nfs.faireconomy.media/ff_calendar_thisweek.json | using cached events
2026-08-28 12:41:40.016 | WARNING  | news-filter-refresh | core.news_filter:update_calendar:138 - calendar fetch failed: 429 Client Error: Too Many Requests for url: https://nfs.faireconomy.media/ff_calendar_thisweek.json | using cached events
2026-08-28 12:41:41.970 | WARNING  | MainThread | __main__:stop:742 - shutdown requested
2026-08-28 12:41:42.032 | INFO     | MainThread | __main__:shutdown:746 - shutting down…
2026-08-28 12:41:44.382 | WARNING  | news-filter-refresh | core.news_filter:update_calendar:138 - calendar fetch failed: 429 Client Error: Too Many Requests for url: https://nfs.faireconomy.media/ff_calendar_thisweek.json | using cached events
2026-08-28 12:41:44.407 | INFO     | telegram-loop | core.telegram_bot:_thread_main:197 - telegram event loop closed
2026-08-28 12:41:44.423 | INFO     | MainThread | core.telegram_bot:stop:176 - telegram controller stopped
2026-08-28 12:41:44.435 | INFO     | MainThread | core.mt5_client:shutdown:292 - MT5 client shut down
2026-08-28 12:41:44.534 | SUCCESS  | MainThread | __main__:shutdown:753 - clean shutdown complete
2026-08-28 12:41:52.713 | WARNING  | news-filter-refresh | core.news_filter:update_calendar:138 - calendar fetch failed: 429 Client Error: Too Many Requests for url: https://nfs.faireconomy.media/ff_calendar_thisweek.json | using cached events
2026-08-28 12:42:00.265 | WARNING  | MainThread | __main__:stop:742 - shutdown requested
2026-08-28 12:42:00.265 | INFO     | MainThread | __main__:shutdown:746 - shutting down…
2026-08-28 12:42:00.460 | WARNING  | MainThread | __main__:stop:742 - shutdown requested
2026-08-28 12:42:00.583 | WARNING  | MainThread | __main__:stop:742 - shutdown requested
2026-08-28 12:42:02.603 | INFO     | telegram-loop | core.telegram_bot:_thread_main:197 - telegram event loop closed
2026-08-28 12:42:02.620 | INFO     | MainThread | core.telegram_bot:stop:176 - telegram controller stopped
2026-08-28 12:42:02.622 | INFO     | MainThread | core.mt5_client:shutdown:292 - MT5 client shut down
2026-08-28 12:42:02.693 | SUCCESS  | MainThread | __main__:shutdown:753 - clean shutdown complete
2026-08-28 12:49:33.492 | INFO     | MainThread | core.database:__init__:159 - subscription database ready at C:\Users\Administrator\gold-3strategies\subscriptions_ichimoku.db
2026-08-28 12:49:33.612 | INFO     | MainThread | core.news_filter:start:89 - news filter disabled in config
2026-08-28 12:49:33.624 | INFO     | MainThread | __main__:run:678 - ========================================================================
2026-08-28 12:49:33.624 | INFO     | MainThread | __main__:run:679 - GOLD M5 BOT starting | risk 1.00% | lots 0.01-0.1 | SL/TP 1.6x/3.0xATR(14) | BE 1.0xATR+5pts | trail 1.3x/0.8xATR
2026-08-28 12:49:33.624 | INFO     | MainThread | __main__:run:680 - ========================================================================
2026-08-28 12:49:33.643 | SUCCESS  | MainThread | core.mt5_client:connect:232 - MT5 connected | login=111468044 server=MetaQuotes-Demo balance=675.32 USD | symbol=XAUUSD | algo_trading=True
2026-08-28 12:49:33.645 | WARNING  | MainThread | core.risk_manager:from_mt5:58 - broker tick_value 0.1000 implausible vs tick_size*contract_size 1.0000; using computed value (sizing guard)
2026-08-28 12:49:33.645 | INFO     | MainThread | __main__:_sync_daily:489 - daily guard init | realized today=$-23.81 | day-start balance=$699.13 | cap -10%/$69.91
2026-08-28 12:49:33.647 | INFO     | MainThread | core.mt5_client:start_heartbeat:336 - heartbeat thread started (30s)
2026-08-28 12:49:34.813 | SUCCESS  | MainThread | core.telegram_bot:start:165 - telegram controller online as @MatrixGolden_bot
2026-08-28 12:49:34.821 | INFO     | MainThread | __main__:run:705 - entering main loop (1.0s cadence, 300s bars)
2026-08-29 04:36:29.736 | WARNING  | MainThread | __main__:stop:742 - shutdown requested
2026-08-29 04:36:30.135 | INFO     | MainThread | __main__:shutdown:746 - shutting down…
2026-08-29 04:36:32.857 | INFO     | telegram-loop | core.telegram_bot:_thread_main:197 - telegram event loop closed
2026-08-29 04:36:32.871 | INFO     | MainThread | core.telegram_bot:stop:176 - telegram controller stopped
2026-08-29 04:36:32.871 | INFO     | MainThread | core.mt5_client:shutdown:292 - MT5 client shut down
2026-08-29 04:36:32.932 | SUCCESS  | MainThread | __main__:shutdown:753 - clean shutdown complete
