2026-08-29 04:39:33.069 | INFO     | MainThread | core.database:__init__:159 - subscription database ready at C:\Users\Administrator\gold-3strategies\subscriptions_ichimoku.db
2026-08-29 04:39:33.187 | INFO     | MainThread | core.news_filter:start:101 - news filter cold-start: fetching calendar synchronously...
2026-08-29 04:39:33.506 | SUCCESS  | MainThread | core.news_filter:update_calendar:160 - calendar refreshed: 4 high-impact USD events loaded (network)
2026-08-29 04:39:33.512 | SUCCESS  | MainThread | core.news_filter:start:105 - cold-start successful: calendar loaded
2026-08-29 04:39:33.514 | INFO     | MainThread | core.news_filter:start:120 - news filter background refresh started (interval: 1.0h)
2026-08-29 04:39:33.535 | INFO     | MainThread | __main__:run:687 - ========================================================================
2026-08-29 04:39:33.535 | INFO     | MainThread | __main__:run:688 - GOLD M5 BOT starting | risk 1.00% | lots 0.01-0.1 | SL/TP 1.6x/3.0xATR(14) | BE 1.0xATR+5pts | trail 1.3x/0.8xATR
2026-08-29 04:39:33.535 | INFO     | MainThread | __main__:run:689 - ========================================================================
2026-08-29 04:39:33.557 | SUCCESS  | MainThread | core.mt5_client:connect:232 - MT5 connected | login=111468044 server=MetaQuotes-Demo balance=675.32 USD | symbol=XAUUSD | algo_trading=True
2026-08-29 04:39:33.640 | WARNING  | MainThread | core.risk_manager:from_mt5:58 - broker tick_value 0.1000 implausible vs tick_size*contract_size 1.0000; using computed value (sizing guard)
2026-08-29 04:39:33.640 | INFO     | MainThread | __main__:_sync_daily:489 - daily guard init | realized today=$-23.81 | day-start balance=$699.13 | cap -10%/$69.91
2026-08-29 04:39:33.839 | INFO     | MainThread | core.mt5_client:start_heartbeat:336 - heartbeat thread started (30s)
2026-08-29 04:39:33.937 | SUCCESS  | news-filter-refresh | core.news_filter:update_calendar:160 - calendar refreshed: 4 high-impact USD events loaded (network)
2026-08-29 04:39:35.030 | SUCCESS  | MainThread | core.telegram_bot:start:165 - telegram controller online as @MatrixGolden_bot
2026-08-29 04:39:35.038 | INFO     | MainThread | __main__:run:714 - entering main loop (1.0s cadence, 300s bars)
2026-08-29 04:39:35.422 | WARNING  | news-filter-refresh | core.news_filter:update_calendar:168 - calendar fetch failed (HTTP 429); falling back to historical file
2026-08-29 04:39:35.447 | INFO     | news-filter-refresh | core.news_filter:_load_historical:237 - loaded 162 matching events from historical calendar data\historical_news.json
2026-08-29 04:39:35.447 | SUCCESS  | news-filter-refresh | core.news_filter:update_calendar:177 - using local historical calendar data/historical_news.json (fallback after network failure)
2026-08-29 04:39:36.741 | WARNING  | news-filter-refresh | core.news_filter:update_calendar:168 - calendar fetch failed (HTTP 429); falling back to historical file
2026-08-29 04:39:36.748 | INFO     | news-filter-refresh | core.news_filter:_load_historical:237 - loaded 162 matching events from historical calendar data\historical_news.json
2026-08-29 04:39:36.748 | SUCCESS  | news-filter-refresh | core.news_filter:update_calendar:177 - using local historical calendar data/historical_news.json (fallback after network failure)
2026-08-29 04:39:38.037 | WARNING  | news-filter-refresh | core.news_filter:update_calendar:168 - calendar fetch failed (HTTP 429); falling back to historical file
2026-08-29 04:39:38.045 | INFO     | news-filter-refresh | core.news_filter:_load_historical:237 - loaded 162 matching events from historical calendar data\historical_news.json
2026-08-29 04:39:38.045 | SUCCESS  | news-filter-refresh | core.news_filter:update_calendar:177 - using local historical calendar data/historical_news.json (fallback after network failure)
2026-08-29 04:39:39.378 | WARNING  | news-filter-refresh | core.news_filter:update_calendar:168 - calendar fetch failed (HTTP 429); falling back to historical file
2026-08-29 04:39:39.384 | INFO     | news-filter-refresh | core.news_filter:_load_historical:237 - loaded 162 matching events from historical calendar data\historical_news.json
2026-08-29 04:39:39.386 | SUCCESS  | news-filter-refresh | core.news_filter:update_calendar:177 - using local historical calendar data/historical_news.json (fallback after network failure)
2026-08-29 04:39:40.820 | WARNING  | news-filter-refresh | core.news_filter:update_calendar:168 - calendar fetch failed (HTTP 429); falling back to historical file
2026-08-29 04:39:40.826 | INFO     | news-filter-refresh | core.news_filter:_load_historical:237 - loaded 162 matching events from historical calendar data\historical_news.json
2026-08-29 04:39:40.828 | SUCCESS  | news-filter-refresh | core.news_filter:update_calendar:177 - using local historical calendar data/historical_news.json (fallback after network failure)
2026-08-29 04:39:42.141 | WARNING  | news-filter-refresh | core.news_filter:update_calendar:168 - calendar fetch failed (HTTP 429); falling back to historical file
2026-08-29 04:39:42.149 | INFO     | news-filter-refresh | core.news_filter:_load_historical:237 - loaded 162 matching events from historical calendar data\historical_news.json
2026-08-29 04:39:42.149 | SUCCESS  | news-filter-refresh | core.news_filter:update_calendar:177 - using local historical calendar data/historical_news.json (fallback after network failure)
2026-08-29 04:39:43.454 | WARNING  | news-filter-refresh | core.news_filter:update_calendar:168 - calendar fetch failed (HTTP 429); falling back to historical file
2026-08-29 04:39:43.460 | INFO     | news-filter-refresh | core.news_filter:_load_historical:237 - loaded 162 matching events from historical calendar data\historical_news.json
2026-08-29 04:39:43.460 | SUCCESS  | news-filter-refresh | core.news_filter:update_calendar:177 - using local historical calendar data/historical_news.json (fallback after network failure)
2026-08-29 04:39:44.748 | WARNING  | news-filter-refresh | core.news_filter:update_calendar:168 - calendar fetch failed (HTTP 429); falling back to historical file
2026-08-29 04:39:44.754 | INFO     | news-filter-refresh | core.news_filter:_load_historical:237 - loaded 162 matching events from historical calendar data\historical_news.json
2026-08-29 04:39:44.756 | SUCCESS  | news-filter-refresh | core.news_filter:update_calendar:177 - using local historical calendar data/historical_news.json (fallback after network failure)
2026-08-29 04:39:46.054 | WARNING  | news-filter-refresh | core.news_filter:update_calendar:168 - calendar fetch failed (HTTP 429); falling back to historical file
2026-08-29 04:39:46.060 | INFO     | news-filter-refresh | core.news_filter:_load_historical:237 - loaded 162 matching events from historical calendar data\historical_news.json
2026-08-29 04:39:46.060 | SUCCESS  | news-filter-refresh | core.news_filter:update_calendar:177 - using local historical calendar data/historical_news.json (fallback after network failure)
2026-08-29 04:39:47.380 | WARNING  | news-filter-refresh | core.news_filter:update_calendar:168 - calendar fetch failed (HTTP 429); falling back to historical file
2026-08-29 04:39:47.386 | INFO     | news-filter-refresh | core.news_filter:_load_historical:237 - loaded 162 matching events from historical calendar data\historical_news.json
2026-08-29 04:39:47.388 | SUCCESS  | news-filter-refresh | core.news_filter:update_calendar:177 - using local historical calendar data/historical_news.json (fallback after network failure)
2026-08-29 04:39:48.667 | WARNING  | news-filter-refresh | core.news_filter:update_calendar:168 - calendar fetch failed (HTTP 429); falling back to historical file
2026-08-29 04:39:48.673 | INFO     | news-filter-refresh | core.news_filter:_load_historical:237 - loaded 162 matching events from historical calendar data\historical_news.json
2026-08-29 04:39:48.675 | SUCCESS  | news-filter-refresh | core.news_filter:update_calendar:177 - using local historical calendar data/historical_news.json (fallback after network failure)
2026-08-29 04:39:49.962 | WARNING  | news-filter-refresh | core.news_filter:update_calendar:168 - calendar fetch failed (HTTP 429); falling back to historical file
2026-08-29 04:39:49.968 | INFO     | news-filter-refresh | core.news_filter:_load_historical:237 - loaded 162 matching events from historical calendar data\historical_news.json
2026-08-29 04:39:49.968 | SUCCESS  | news-filter-refresh | core.news_filter:update_calendar:177 - using local historical calendar data/historical_news.json (fallback after network failure)
2026-08-29 04:39:51.279 | WARNING  | news-filter-refresh | core.news_filter:update_calendar:168 - calendar fetch failed (HTTP 429); falling back to historical file
2026-08-29 04:39:51.285 | INFO     | news-filter-refresh | core.news_filter:_load_historical:237 - loaded 162 matching events from historical calendar data\historical_news.json
2026-08-29 04:39:51.287 | SUCCESS  | news-filter-refresh | core.news_filter:update_calendar:177 - using local historical calendar data/historical_news.json (fallback after network failure)
2026-08-29 04:39:52.587 | WARNING  | news-filter-refresh | core.news_filter:update_calendar:168 - calendar fetch failed (HTTP 429); falling back to historical file
2026-08-29 04:39:52.593 | INFO     | news-filter-refresh | core.news_filter:_load_historical:237 - loaded 162 matching events from historical calendar data\historical_news.json
2026-08-29 04:39:52.594 | SUCCESS  | news-filter-refresh | core.news_filter:update_calendar:177 - using local historical calendar data/historical_news.json (fallback after network failure)
2026-08-29 04:39:53.883 | WARNING  | news-filter-refresh | core.news_filter:update_calendar:168 - calendar fetch failed (HTTP 429); falling back to historical file
2026-08-29 04:39:53.889 | INFO     | news-filter-refresh | core.news_filter:_load_historical:237 - loaded 162 matching events from historical calendar data\historical_news.json
2026-08-29 04:39:53.889 | SUCCESS  | news-filter-refresh | core.news_filter:update_calendar:177 - using local historical calendar data/historical_news.json (fallback after network failure)
2026-08-29 04:39:55.193 | WARNING  | news-filter-refresh | core.news_filter:update_calendar:168 - calendar fetch failed (HTTP 429); falling back to historical file
2026-08-29 04:39:55.199 | INFO     | news-filter-refresh | core.news_filter:_load_historical:237 - loaded 162 matching events from historical calendar data\historical_news.json
2026-08-29 04:39:55.199 | SUCCESS  | news-filter-refresh | core.news_filter:update_calendar:177 - using local historical calendar data/historical_news.json (fallback after network failure)
2026-08-29 04:39:56.509 | WARNING  | news-filter-refresh | core.news_filter:update_calendar:168 - calendar fetch failed (HTTP 429); falling back to historical file
2026-08-29 04:39:56.527 | INFO     | news-filter-refresh | core.news_filter:_load_historical:237 - loaded 162 matching events from historical calendar data\historical_news.json
2026-08-29 04:39:56.531 | SUCCESS  | news-filter-refresh | core.news_filter:update_calendar:177 - using local historical calendar data/historical_news.json (fallback after network failure)
2026-08-29 04:39:57.843 | WARNING  | news-filter-refresh | core.news_filter:update_calendar:168 - calendar fetch failed (HTTP 429); falling back to historical file
2026-08-29 04:39:57.849 | INFO     | news-filter-refresh | core.news_filter:_load_historical:237 - loaded 162 matching events from historical calendar data\historical_news.json
2026-08-29 04:39:57.851 | SUCCESS  | news-filter-refresh | core.news_filter:update_calendar:177 - using local historical calendar data/historical_news.json (fallback after network failure)
2026-08-29 04:39:59.141 | WARNING  | news-filter-refresh | core.news_filter:update_calendar:168 - calendar fetch failed (HTTP 429); falling back to historical file
2026-08-29 04:39:59.147 | INFO     | news-filter-refresh | core.news_filter:_load_historical:237 - loaded 162 matching events from historical calendar data\historical_news.json
2026-08-29 04:39:59.149 | SUCCESS  | news-filter-refresh | core.news_filter:update_calendar:177 - using local historical calendar data/historical_news.json (fallback after network failure)
2026-08-29 04:40:00.474 | WARNING  | news-filter-refresh | core.news_filter:update_calendar:168 - calendar fetch failed (HTTP 429); falling back to historical file
2026-08-29 04:40:00.482 | INFO     | news-filter-refresh | core.news_filter:_load_historical:237 - loaded 162 matching events from historical calendar data\historical_news.json
2026-08-29 04:40:00.482 | SUCCESS  | news-filter-refresh | core.news_filter:update_calendar:177 - using local historical calendar data/historical_news.json (fallback after network failure)
2026-08-29 04:40:01.769 | WARNING  | news-filter-refresh | core.news_filter:update_calendar:168 - calendar fetch failed (HTTP 429); falling back to historical file
2026-08-29 04:40:01.775 | INFO     | news-filter-refresh | core.news_filter:_load_historical:237 - loaded 162 matching events from historical calendar data\historical_news.json
2026-08-29 04:40:01.775 | SUCCESS  | news-filter-refresh | core.news_filter:update_calendar:177 - using local historical calendar data/historical_news.json (fallback after network failure)
2026-08-29 04:40:03.079 | WARNING  | news-filter-refresh | core.news_filter:update_calendar:168 - calendar fetch failed (HTTP 429); falling back to historical file
2026-08-29 04:40:03.086 | INFO     | news-filter-refresh | core.news_filter:_load_historical:237 - loaded 162 matching events from historical calendar data\historical_news.json
2026-08-29 04:40:03.086 | SUCCESS  | news-filter-refresh | core.news_filter:update_calendar:177 - using local historical calendar data/historical_news.json (fallback after network failure)
2026-08-29 04:40:04.373 | WARNING  | news-filter-refresh | core.news_filter:update_calendar:168 - calendar fetch failed (HTTP 429); falling back to historical file
2026-08-29 04:40:04.380 | INFO     | news-filter-refresh | core.news_filter:_load_historical:237 - loaded 162 matching events from historical calendar data\historical_news.json
2026-08-29 04:40:04.380 | SUCCESS  | news-filter-refresh | core.news_filter:update_calendar:177 - using local historical calendar data/historical_news.json (fallback after network failure)
2026-08-29 04:40:05.691 | WARNING  | news-filter-refresh | core.news_filter:update_calendar:168 - calendar fetch failed (HTTP 429); falling back to historical file
2026-08-29 04:40:05.693 | INFO     | news-filter-refresh | core.news_filter:_load_historical:237 - loaded 162 matching events from historical calendar data\historical_news.json
2026-08-29 04:40:05.693 | SUCCESS  | news-filter-refresh | core.news_filter:update_calendar:177 - using local historical calendar data/historical_news.json (fallback after network failure)
2026-08-29 04:40:06.995 | WARNING  | news-filter-refresh | core.news_filter:update_calendar:168 - calendar fetch failed (HTTP 429); falling back to historical file
2026-08-29 04:40:07.003 | INFO     | news-filter-refresh | core.news_filter:_load_historical:237 - loaded 162 matching events from historical calendar data\historical_news.json
2026-08-29 04:40:07.003 | SUCCESS  | news-filter-refresh | core.news_filter:update_calendar:177 - using local historical calendar data/historical_news.json (fallback after network failure)
2026-08-29 04:40:08.326 | WARNING  | news-filter-refresh | core.news_filter:update_calendar:168 - calendar fetch failed (HTTP 429); falling back to historical file
2026-08-29 04:40:08.333 | INFO     | news-filter-refresh | core.news_filter:_load_historical:237 - loaded 162 matching events from historical calendar data\historical_news.json
2026-08-29 04:40:08.333 | SUCCESS  | news-filter-refresh | core.news_filter:update_calendar:177 - using local historical calendar data/historical_news.json (fallback after network failure)
2026-08-29 04:40:09.644 | WARNING  | news-filter-refresh | core.news_filter:update_calendar:168 - calendar fetch failed (HTTP 429); falling back to historical file
2026-08-29 04:40:09.651 | INFO     | news-filter-refresh | core.news_filter:_load_historical:237 - loaded 162 matching events from historical calendar data\historical_news.json
2026-08-29 04:40:09.651 | SUCCESS  | news-filter-refresh | core.news_filter:update_calendar:177 - using local historical calendar data/historical_news.json (fallback after network failure)
2026-08-29 04:40:10.958 | WARNING  | news-filter-refresh | core.news_filter:update_calendar:168 - calendar fetch failed (HTTP 429); falling back to historical file
2026-08-29 04:40:10.966 | INFO     | news-filter-refresh | core.news_filter:_load_historical:237 - loaded 162 matching events from historical calendar data\historical_news.json
2026-08-29 04:40:10.966 | SUCCESS  | news-filter-refresh | core.news_filter:update_calendar:177 - using local historical calendar data/historical_news.json (fallback after network failure)
2026-08-29 04:40:12.261 | WARNING  | news-filter-refresh | core.news_filter:update_calendar:168 - calendar fetch failed (HTTP 429); falling back to historical file
2026-08-29 04:40:12.279 | INFO     | news-filter-refresh | core.news_filter:_load_historical:237 - loaded 162 matching events from historical calendar data\historical_news.json
2026-08-29 04:40:12.284 | SUCCESS  | news-filter-refresh | core.news_filter:update_calendar:177 - using local historical calendar data/historical_news.json (fallback after network failure)
2026-08-29 04:40:13.614 | WARNING  | news-filter-refresh | core.news_filter:update_calendar:168 - calendar fetch failed (HTTP 429); falling back to historical file
2026-08-29 04:40:13.622 | INFO     | news-filter-refresh | core.news_filter:_load_historical:237 - loaded 162 matching events from historical calendar data\historical_news.json
2026-08-29 04:40:13.622 | SUCCESS  | news-filter-refresh | core.news_filter:update_calendar:177 - using local historical calendar data/historical_news.json (fallback after network failure)
2026-08-29 04:40:14.938 | WARNING  | news-filter-refresh | core.news_filter:update_calendar:168 - calendar fetch failed (HTTP 429); falling back to historical file
2026-08-29 04:40:14.944 | INFO     | news-filter-refresh | core.news_filter:_load_historical:237 - loaded 162 matching events from historical calendar data\historical_news.json
2026-08-29 04:40:14.946 | SUCCESS  | news-filter-refresh | core.news_filter:update_calendar:177 - using local historical calendar data/historical_news.json (fallback after network failure)
2026-08-29 04:40:16.251 | WARNING  | news-filter-refresh | core.news_filter:update_calendar:168 - calendar fetch failed (HTTP 429); falling back to historical file
2026-08-29 04:40:16.253 | INFO     | news-filter-refresh | core.news_filter:_load_historical:237 - loaded 162 matching events from historical calendar data\historical_news.json
2026-08-29 04:40:16.255 | SUCCESS  | news-filter-refresh | core.news_filter:update_calendar:177 - using local historical calendar data/historical_news.json (fallback after network failure)
2026-08-29 04:40:17.599 | WARNING  | news-filter-refresh | core.news_filter:update_calendar:168 - calendar fetch failed (HTTP 429); falling back to historical file
2026-08-29 04:40:17.605 | INFO     | news-filter-refresh | core.news_filter:_load_historical:237 - loaded 162 matching events from historical calendar data\historical_news.json
2026-08-29 04:40:17.605 | SUCCESS  | news-filter-refresh | core.news_filter:update_calendar:177 - using local historical calendar data/historical_news.json (fallback after network failure)
2026-08-29 04:40:18.914 | WARNING  | news-filter-refresh | core.news_filter:update_calendar:168 - calendar fetch failed (HTTP 429); falling back to historical file
2026-08-29 04:40:18.919 | INFO     | news-filter-refresh | core.news_filter:_load_historical:237 - loaded 162 matching events from historical calendar data\historical_news.json
2026-08-29 04:40:18.921 | SUCCESS  | news-filter-refresh | core.news_filter:update_calendar:177 - using local historical calendar data/historical_news.json (fallback after network failure)
2026-08-29 04:40:20.256 | WARNING  | news-filter-refresh | core.news_filter:update_calendar:168 - calendar fetch failed (HTTP 429); falling back to historical file
2026-08-29 04:40:20.260 | INFO     | news-filter-refresh | core.news_filter:_load_historical:237 - loaded 162 matching events from historical calendar data\historical_news.json
2026-08-29 04:40:20.262 | SUCCESS  | news-filter-refresh | core.news_filter:update_calendar:177 - using local historical calendar data/historical_news.json (fallback after network failure)
2026-08-29 04:40:21.558 | WARNING  | news-filter-refresh | core.news_filter:update_calendar:168 - calendar fetch failed (HTTP 429); falling back to historical file
2026-08-29 04:40:21.562 | INFO     | news-filter-refresh | core.news_filter:_load_historical:237 - loaded 162 matching events from historical calendar data\historical_news.json
2026-08-29 04:40:21.566 | SUCCESS  | news-filter-refresh | core.news_filter:update_calendar:177 - using local historical calendar data/historical_news.json (fallback after network failure)
2026-08-29 04:40:22.872 | WARNING  | news-filter-refresh | core.news_filter:update_calendar:168 - calendar fetch failed (HTTP 429); falling back to historical file
2026-08-29 04:40:22.876 | INFO     | news-filter-refresh | core.news_filter:_load_historical:237 - loaded 162 matching events from historical calendar data\historical_news.json
2026-08-29 04:40:22.880 | SUCCESS  | news-filter-refresh | core.news_filter:update_calendar:177 - using local historical calendar data/historical_news.json (fallback after network failure)
2026-08-29 04:40:24.180 | WARNING  | news-filter-refresh | core.news_filter:update_calendar:168 - calendar fetch failed (HTTP 429); falling back to historical file
2026-08-29 04:40:24.184 | INFO     | news-filter-refresh | core.news_filter:_load_historical:237 - loaded 162 matching events from historical calendar data\historical_news.json
2026-08-29 04:40:24.188 | SUCCESS  | news-filter-refresh | core.news_filter:update_calendar:177 - using local historical calendar data/historical_news.json (fallback after network failure)
2026-08-29 04:40:25.485 | WARNING  | news-filter-refresh | core.news_filter:update_calendar:168 - calendar fetch failed (HTTP 429); falling back to historical file
2026-08-29 04:40:25.490 | INFO     | news-filter-refresh | core.news_filter:_load_historical:237 - loaded 162 matching events from historical calendar data\historical_news.json
2026-08-29 04:40:25.492 | SUCCESS  | news-filter-refresh | core.news_filter:update_calendar:177 - using local historical calendar data/historical_news.json (fallback after network failure)
2026-08-29 04:40:26.814 | WARNING  | news-filter-refresh | core.news_filter:update_calendar:168 - calendar fetch failed (HTTP 429); falling back to historical file
2026-08-29 04:40:26.818 | INFO     | news-filter-refresh | core.news_filter:_load_historical:237 - loaded 162 matching events from historical calendar data\historical_news.json
2026-08-29 04:40:26.820 | SUCCESS  | news-filter-refresh | core.news_filter:update_calendar:177 - using local historical calendar data/historical_news.json (fallback after network failure)
2026-08-29 04:40:28.157 | WARNING  | news-filter-refresh | core.news_filter:update_calendar:168 - calendar fetch failed (HTTP 429); falling back to historical file
2026-08-29 04:40:28.162 | INFO     | news-filter-refresh | core.news_filter:_load_historical:237 - loaded 162 matching events from historical calendar data\historical_news.json
2026-08-29 04:40:28.166 | SUCCESS  | news-filter-refresh | core.news_filter:update_calendar:177 - using local historical calendar data/historical_news.json (fallback after network failure)
2026-08-29 04:40:29.451 | WARNING  | news-filter-refresh | core.news_filter:update_calendar:168 - calendar fetch failed (HTTP 429); falling back to historical file
2026-08-29 04:40:29.456 | INFO     | news-filter-refresh | core.news_filter:_load_historical:237 - loaded 162 matching events from historical calendar data\historical_news.json
2026-08-29 04:40:29.458 | SUCCESS  | news-filter-refresh | core.news_filter:update_calendar:177 - using local historical calendar data/historical_news.json (fallback after network failure)
2026-08-29 04:40:30.762 | WARNING  | news-filter-refresh | core.news_filter:update_calendar:168 - calendar fetch failed (HTTP 429); falling back to historical file
2026-08-29 04:40:30.766 | INFO     | news-filter-refresh | core.news_filter:_load_historical:237 - loaded 162 matching events from historical calendar data\historical_news.json
2026-08-29 04:40:30.769 | SUCCESS  | news-filter-refresh | core.news_filter:update_calendar:177 - using local historical calendar data/historical_news.json (fallback after network failure)
2026-08-29 04:40:32.066 | WARNING  | news-filter-refresh | core.news_filter:update_calendar:168 - calendar fetch failed (HTTP 429); falling back to historical file
2026-08-29 04:40:32.070 | INFO     | news-filter-refresh | core.news_filter:_load_historical:237 - loaded 162 matching events from historical calendar data\historical_news.json
2026-08-29 04:40:32.072 | SUCCESS  | news-filter-refresh | core.news_filter:update_calendar:177 - using local historical calendar data/historical_news.json (fallback after network failure)
2026-08-29 04:40:33.375 | WARNING  | news-filter-refresh | core.news_filter:update_calendar:168 - calendar fetch failed (HTTP 429); falling back to historical file
2026-08-29 04:40:33.379 | INFO     | news-filter-refresh | core.news_filter:_load_historical:237 - loaded 162 matching events from historical calendar data\historical_news.json
2026-08-29 04:40:33.381 | SUCCESS  | news-filter-refresh | core.news_filter:update_calendar:177 - using local historical calendar data/historical_news.json (fallback after network failure)
2026-08-29 04:40:34.684 | WARNING  | news-filter-refresh | core.news_filter:update_calendar:168 - calendar fetch failed (HTTP 429); falling back to historical file
2026-08-29 04:40:34.688 | INFO     | news-filter-refresh | core.news_filter:_load_historical:237 - loaded 162 matching events from historical calendar data\historical_news.json
2026-08-29 04:40:34.692 | SUCCESS  | news-filter-refresh | core.news_filter:update_calendar:177 - using local historical calendar data/historical_news.json (fallback after network failure)
2026-08-29 04:40:36.004 | WARNING  | news-filter-refresh | core.news_filter:update_calendar:168 - calendar fetch failed (HTTP 429); falling back to historical file
2026-08-29 04:40:36.010 | INFO     | news-filter-refresh | core.news_filter:_load_historical:237 - loaded 162 matching events from historical calendar data\historical_news.json
2026-08-29 04:40:36.012 | SUCCESS  | news-filter-refresh | core.news_filter:update_calendar:177 - using local historical calendar data/historical_news.json (fallback after network failure)
2026-08-29 04:40:37.300 | WARNING  | news-filter-refresh | core.news_filter:update_calendar:168 - calendar fetch failed (HTTP 429); falling back to historical file
2026-08-29 04:40:37.306 | INFO     | news-filter-refresh | core.news_filter:_load_historical:237 - loaded 162 matching events from historical calendar data\historical_news.json
2026-08-29 04:40:37.308 | SUCCESS  | news-filter-refresh | core.news_filter:update_calendar:177 - using local historical calendar data/historical_news.json (fallback after network failure)
2026-08-29 04:40:38.615 | WARNING  | news-filter-refresh | core.news_filter:update_calendar:168 - calendar fetch failed (HTTP 429); falling back to historical file
2026-08-29 04:40:38.619 | INFO     | news-filter-refresh | core.news_filter:_load_historical:237 - loaded 162 matching events from historical calendar data\historical_news.json
2026-08-29 04:40:38.622 | SUCCESS  | news-filter-refresh | core.news_filter:update_calendar:177 - using local historical calendar data/historical_news.json (fallback after network failure)
2026-08-29 04:40:39.926 | WARNING  | news-filter-refresh | core.news_filter:update_calendar:168 - calendar fetch failed (HTTP 429); falling back to historical file
2026-08-29 04:40:39.930 | INFO     | news-filter-refresh | core.news_filter:_load_historical:237 - loaded 162 matching events from historical calendar data\historical_news.json
2026-08-29 04:40:39.934 | SUCCESS  | news-filter-refresh | core.news_filter:update_calendar:177 - using local historical calendar data/historical_news.json (fallback after network failure)
2026-08-29 04:40:41.281 | WARNING  | news-filter-refresh | core.news_filter:update_calendar:168 - calendar fetch failed (HTTP 429); falling back to historical file
2026-08-29 04:40:41.285 | INFO     | news-filter-refresh | core.news_filter:_load_historical:237 - loaded 162 matching events from historical calendar data\historical_news.json
2026-08-29 04:40:41.287 | SUCCESS  | news-filter-refresh | core.news_filter:update_calendar:177 - using local historical calendar data/historical_news.json (fallback after network failure)
2026-08-29 04:40:42.574 | WARNING  | news-filter-refresh | core.news_filter:update_calendar:168 - calendar fetch failed (HTTP 429); falling back to historical file
2026-08-29 04:40:42.577 | INFO     | news-filter-refresh | core.news_filter:_load_historical:237 - loaded 162 matching events from historical calendar data\historical_news.json
2026-08-29 04:40:42.579 | SUCCESS  | news-filter-refresh | core.news_filter:update_calendar:177 - using local historical calendar data/historical_news.json (fallback after network failure)
2026-08-29 04:40:43.879 | WARNING  | news-filter-refresh | core.news_filter:update_calendar:168 - calendar fetch failed (HTTP 429); falling back to historical file
2026-08-29 04:40:43.883 | INFO     | news-filter-refresh | core.news_filter:_load_historical:237 - loaded 162 matching events from historical calendar data\historical_news.json
2026-08-29 04:40:43.885 | SUCCESS  | news-filter-refresh | core.news_filter:update_calendar:177 - using local historical calendar data/historical_news.json (fallback after network failure)
2026-08-29 04:40:45.193 | WARNING  | news-filter-refresh | core.news_filter:update_calendar:168 - calendar fetch failed (HTTP 429); falling back to historical file
2026-08-29 04:40:45.197 | INFO     | news-filter-refresh | core.news_filter:_load_historical:237 - loaded 162 matching events from historical calendar data\historical_news.json
2026-08-29 04:40:45.199 | SUCCESS  | news-filter-refresh | core.news_filter:update_calendar:177 - using local historical calendar data/historical_news.json (fallback after network failure)
2026-08-29 04:40:46.492 | WARNING  | news-filter-refresh | core.news_filter:update_calendar:168 - calendar fetch failed (HTTP 429); falling back to historical file
2026-08-29 04:40:46.497 | INFO     | news-filter-refresh | core.news_filter:_load_historical:237 - loaded 162 matching events from historical calendar data\historical_news.json
2026-08-29 04:40:46.499 | SUCCESS  | news-filter-refresh | core.news_filter:update_calendar:177 - using local historical calendar data/historical_news.json (fallback after network failure)
2026-08-29 04:40:47.796 | WARNING  | news-filter-refresh | core.news_filter:update_calendar:168 - calendar fetch failed (HTTP 429); falling back to historical file
2026-08-29 04:40:47.800 | INFO     | news-filter-refresh | core.news_filter:_load_historical:237 - loaded 162 matching events from historical calendar data\historical_news.json
2026-08-29 04:40:47.802 | SUCCESS  | news-filter-refresh | core.news_filter:update_calendar:177 - using local historical calendar data/historical_news.json (fallback after network failure)
2026-08-29 04:40:49.119 | WARNING  | news-filter-refresh | core.news_filter:update_calendar:168 - calendar fetch failed (HTTP 429); falling back to historical file
2026-08-29 04:40:49.123 | INFO     | news-filter-refresh | core.news_filter:_load_historical:237 - loaded 162 matching events from historical calendar data\historical_news.json
2026-08-29 04:40:49.127 | SUCCESS  | news-filter-refresh | core.news_filter:update_calendar:177 - using local historical calendar data/historical_news.json (fallback after network failure)
2026-08-29 04:40:50.414 | WARNING  | news-filter-refresh | core.news_filter:update_calendar:168 - calendar fetch failed (HTTP 429); falling back to historical file
2026-08-29 04:40:50.418 | INFO     | news-filter-refresh | core.news_filter:_load_historical:237 - loaded 162 matching events from historical calendar data\historical_news.json
2026-08-29 04:40:50.420 | SUCCESS  | news-filter-refresh | core.news_filter:update_calendar:177 - using local historical calendar data/historical_news.json (fallback after network failure)
2026-08-29 04:40:51.716 | WARNING  | news-filter-refresh | core.news_filter:update_calendar:168 - calendar fetch failed (HTTP 429); falling back to historical file
2026-08-29 04:40:51.720 | INFO     | news-filter-refresh | core.news_filter:_load_historical:237 - loaded 162 matching events from historical calendar data\historical_news.json
2026-08-29 04:40:51.724 | SUCCESS  | news-filter-refresh | core.news_filter:update_calendar:177 - using local historical calendar data/historical_news.json (fallback after network failure)
2026-08-29 04:40:53.007 | WARNING  | news-filter-refresh | core.news_filter:update_calendar:168 - calendar fetch failed (HTTP 429); falling back to historical file
2026-08-29 04:40:53.011 | INFO     | news-filter-refresh | core.news_filter:_load_historical:237 - loaded 162 matching events from historical calendar data\historical_news.json
2026-08-29 04:40:53.014 | SUCCESS  | news-filter-refresh | core.news_filter:update_calendar:177 - using local historical calendar data/historical_news.json (fallback after network failure)
2026-08-29 04:40:54.327 | WARNING  | news-filter-refresh | core.news_filter:update_calendar:168 - calendar fetch failed (HTTP 429); falling back to historical file
2026-08-29 04:40:54.332 | INFO     | news-filter-refresh | core.news_filter:_load_historical:237 - loaded 162 matching events from historical calendar data\historical_news.json
2026-08-29 04:40:54.336 | SUCCESS  | news-filter-refresh | core.news_filter:update_calendar:177 - using local historical calendar data/historical_news.json (fallback after network failure)
2026-08-29 04:40:55.614 | WARNING  | news-filter-refresh | core.news_filter:update_calendar:168 - calendar fetch failed (HTTP 429); falling back to historical file
2026-08-29 04:40:55.618 | INFO     | news-filter-refresh | core.news_filter:_load_historical:237 - loaded 162 matching events from historical calendar data\historical_news.json
2026-08-29 04:40:55.620 | SUCCESS  | news-filter-refresh | core.news_filter:update_calendar:177 - using local historical calendar data/historical_news.json (fallback after network failure)
2026-08-29 04:40:56.912 | WARNING  | news-filter-refresh | core.news_filter:update_calendar:168 - calendar fetch failed (HTTP 429); falling back to historical file
2026-08-29 04:40:56.916 | INFO     | news-filter-refresh | core.news_filter:_load_historical:237 - loaded 162 matching events from historical calendar data\historical_news.json
2026-08-29 04:40:56.918 | SUCCESS  | news-filter-refresh | core.news_filter:update_calendar:177 - using local historical calendar data/historical_news.json (fallback after network failure)
2026-08-29 04:40:58.238 | WARNING  | news-filter-refresh | core.news_filter:update_calendar:168 - calendar fetch failed (HTTP 429); falling back to historical file
2026-08-29 04:40:58.242 | INFO     | news-filter-refresh | core.news_filter:_load_historical:237 - loaded 162 matching events from historical calendar data\historical_news.json
2026-08-29 04:40:58.244 | SUCCESS  | news-filter-refresh | core.news_filter:update_calendar:177 - using local historical calendar data/historical_news.json (fallback after network failure)
2026-08-29 04:40:59.551 | WARNING  | news-filter-refresh | core.news_filter:update_calendar:168 - calendar fetch failed (HTTP 429); falling back to historical file
2026-08-29 04:40:59.555 | INFO     | news-filter-refresh | core.news_filter:_load_historical:237 - loaded 162 matching events from historical calendar data\historical_news.json
2026-08-29 04:40:59.557 | SUCCESS  | news-filter-refresh | core.news_filter:update_calendar:177 - using local historical calendar data/historical_news.json (fallback after network failure)
2026-08-29 04:41:00.858 | WARNING  | news-filter-refresh | core.news_filter:update_calendar:168 - calendar fetch failed (HTTP 429); falling back to historical file
2026-08-29 04:41:00.861 | INFO     | news-filter-refresh | core.news_filter:_load_historical:237 - loaded 162 matching events from historical calendar data\historical_news.json
2026-08-29 04:41:00.865 | SUCCESS  | news-filter-refresh | core.news_filter:update_calendar:177 - using local historical calendar data/historical_news.json (fallback after network failure)
2026-08-29 04:41:02.158 | WARNING  | news-filter-refresh | core.news_filter:update_calendar:168 - calendar fetch failed (HTTP 429); falling back to historical file
2026-08-29 04:41:02.162 | INFO     | news-filter-refresh | core.news_filter:_load_historical:237 - loaded 162 matching events from historical calendar data\historical_news.json
2026-08-29 04:41:02.166 | SUCCESS  | news-filter-refresh | core.news_filter:update_calendar:177 - using local historical calendar data/historical_news.json (fallback after network failure)
2026-08-29 04:41:03.546 | WARNING  | news-filter-refresh | core.news_filter:update_calendar:168 - calendar fetch failed (HTTP 429); falling back to historical file
2026-08-29 04:41:03.551 | INFO     | news-filter-refresh | core.news_filter:_load_historical:237 - loaded 162 matching events from historical calendar data\historical_news.json
2026-08-29 04:41:03.553 | SUCCESS  | news-filter-refresh | core.news_filter:update_calendar:177 - using local historical calendar data/historical_news.json (fallback after network failure)
2026-08-29 04:41:04.852 | WARNING  | news-filter-refresh | core.news_filter:update_calendar:168 - calendar fetch failed (HTTP 429); falling back to historical file
2026-08-29 04:41:04.856 | INFO     | news-filter-refresh | core.news_filter:_load_historical:237 - loaded 162 matching events from historical calendar data\historical_news.json
2026-08-29 04:41:04.860 | SUCCESS  | news-filter-refresh | core.news_filter:update_calendar:177 - using local historical calendar data/historical_news.json (fallback after network failure)
2026-08-29 04:41:06.148 | WARNING  | news-filter-refresh | core.news_filter:update_calendar:168 - calendar fetch failed (HTTP 429); falling back to historical file
2026-08-29 04:41:06.154 | INFO     | news-filter-refresh | core.news_filter:_load_historical:237 - loaded 162 matching events from historical calendar data\historical_news.json
2026-08-29 04:41:06.156 | SUCCESS  | news-filter-refresh | core.news_filter:update_calendar:177 - using local historical calendar data/historical_news.json (fallback after network failure)
2026-08-29 04:41:07.466 | WARNING  | news-filter-refresh | core.news_filter:update_calendar:168 - calendar fetch failed (HTTP 429); falling back to historical file
2026-08-29 04:41:07.470 | INFO     | news-filter-refresh | core.news_filter:_load_historical:237 - loaded 162 matching events from historical calendar data\historical_news.json
2026-08-29 04:41:07.472 | SUCCESS  | news-filter-refresh | core.news_filter:update_calendar:177 - using local historical calendar data/historical_news.json (fallback after network failure)
2026-08-29 04:41:08.820 | WARNING  | news-filter-refresh | core.news_filter:update_calendar:168 - calendar fetch failed (HTTP 429); falling back to historical file
2026-08-29 04:41:08.824 | INFO     | news-filter-refresh | core.news_filter:_load_historical:237 - loaded 162 matching events from historical calendar data\historical_news.json
2026-08-29 04:41:08.828 | SUCCESS  | news-filter-refresh | core.news_filter:update_calendar:177 - using local historical calendar data/historical_news.json (fallback after network failure)
2026-08-29 04:41:10.137 | WARNING  | news-filter-refresh | core.news_filter:update_calendar:168 - calendar fetch failed (HTTP 429); falling back to historical file
2026-08-29 04:41:10.143 | INFO     | news-filter-refresh | core.news_filter:_load_historical:237 - loaded 162 matching events from historical calendar data\historical_news.json
2026-08-29 04:41:10.145 | SUCCESS  | news-filter-refresh | core.news_filter:update_calendar:177 - using local historical calendar data/historical_news.json (fallback after network failure)
2026-08-29 04:41:11.462 | WARNING  | news-filter-refresh | core.news_filter:update_calendar:168 - calendar fetch failed (HTTP 429); falling back to historical file
2026-08-29 04:41:11.466 | INFO     | news-filter-refresh | core.news_filter:_load_historical:237 - loaded 162 matching events from historical calendar data\historical_news.json
2026-08-29 04:41:11.470 | SUCCESS  | news-filter-refresh | core.news_filter:update_calendar:177 - using local historical calendar data/historical_news.json (fallback after network failure)
2026-08-29 04:41:12.760 | WARNING  | news-filter-refresh | core.news_filter:update_calendar:168 - calendar fetch failed (HTTP 429); falling back to historical file
2026-08-29 04:41:12.765 | INFO     | news-filter-refresh | core.news_filter:_load_historical:237 - loaded 162 matching events from historical calendar data\historical_news.json
2026-08-29 04:41:12.767 | SUCCESS  | news-filter-refresh | core.news_filter:update_calendar:177 - using local historical calendar data/historical_news.json (fallback after network failure)
2026-08-29 04:41:14.057 | WARNING  | news-filter-refresh | core.news_filter:update_calendar:168 - calendar fetch failed (HTTP 429); falling back to historical file
2026-08-29 04:41:14.061 | INFO     | news-filter-refresh | core.news_filter:_load_historical:237 - loaded 162 matching events from historical calendar data\historical_news.json
2026-08-29 04:41:14.065 | SUCCESS  | news-filter-refresh | core.news_filter:update_calendar:177 - using local historical calendar data/historical_news.json (fallback after network failure)
2026-08-29 04:41:15.349 | WARNING  | news-filter-refresh | core.news_filter:update_calendar:168 - calendar fetch failed (HTTP 429); falling back to historical file
2026-08-29 04:41:15.353 | INFO     | news-filter-refresh | core.news_filter:_load_historical:237 - loaded 162 matching events from historical calendar data\historical_news.json
2026-08-29 04:41:15.355 | SUCCESS  | news-filter-refresh | core.news_filter:update_calendar:177 - using local historical calendar data/historical_news.json (fallback after network failure)
2026-08-29 04:41:16.664 | WARNING  | news-filter-refresh | core.news_filter:update_calendar:168 - calendar fetch failed (HTTP 429); falling back to historical file
2026-08-29 04:41:16.668 | INFO     | news-filter-refresh | core.news_filter:_load_historical:237 - loaded 162 matching events from historical calendar data\historical_news.json
2026-08-29 04:41:16.670 | SUCCESS  | news-filter-refresh | core.news_filter:update_calendar:177 - using local historical calendar data/historical_news.json (fallback after network failure)
2026-08-29 04:41:17.955 | WARNING  | news-filter-refresh | core.news_filter:update_calendar:168 - calendar fetch failed (HTTP 429); falling back to historical file
2026-08-29 04:41:17.959 | INFO     | news-filter-refresh | core.news_filter:_load_historical:237 - loaded 162 matching events from historical calendar data\historical_news.json
2026-08-29 04:41:17.963 | SUCCESS  | news-filter-refresh | core.news_filter:update_calendar:177 - using local historical calendar data/historical_news.json (fallback after network failure)
2026-08-29 04:41:19.269 | WARNING  | news-filter-refresh | core.news_filter:update_calendar:168 - calendar fetch failed (HTTP 429); falling back to historical file
2026-08-29 04:41:19.273 | INFO     | news-filter-refresh | core.news_filter:_load_historical:237 - loaded 162 matching events from historical calendar data\historical_news.json
2026-08-29 04:41:19.275 | SUCCESS  | news-filter-refresh | core.news_filter:update_calendar:177 - using local historical calendar data/historical_news.json (fallback after network failure)
2026-08-29 04:41:20.594 | WARNING  | news-filter-refresh | core.news_filter:update_calendar:168 - calendar fetch failed (HTTP 429); falling back to historical file
2026-08-29 04:41:20.598 | INFO     | news-filter-refresh | core.news_filter:_load_historical:237 - loaded 162 matching events from historical calendar data\historical_news.json
2026-08-29 04:41:20.602 | SUCCESS  | news-filter-refresh | core.news_filter:update_calendar:177 - using local historical calendar data/historical_news.json (fallback after network failure)
2026-08-29 04:41:21.881 | WARNING  | news-filter-refresh | core.news_filter:update_calendar:168 - calendar fetch failed (HTTP 429); falling back to historical file
2026-08-29 04:41:21.885 | INFO     | news-filter-refresh | core.news_filter:_load_historical:237 - loaded 162 matching events from historical calendar data\historical_news.json
2026-08-29 04:41:21.887 | SUCCESS  | news-filter-refresh | core.news_filter:update_calendar:177 - using local historical calendar data/historical_news.json (fallback after network failure)
2026-08-29 04:41:23.180 | WARNING  | news-filter-refresh | core.news_filter:update_calendar:168 - calendar fetch failed (HTTP 429); falling back to historical file
2026-08-29 04:41:23.184 | INFO     | news-filter-refresh | core.news_filter:_load_historical:237 - loaded 162 matching events from historical calendar data\historical_news.json
2026-08-29 04:41:23.186 | SUCCESS  | news-filter-refresh | core.news_filter:update_calendar:177 - using local historical calendar data/historical_news.json (fallback after network failure)
2026-08-29 04:41:24.500 | WARNING  | news-filter-refresh | core.news_filter:update_calendar:168 - calendar fetch failed (HTTP 429); falling back to historical file
2026-08-29 04:41:24.504 | INFO     | news-filter-refresh | core.news_filter:_load_historical:237 - loaded 162 matching events from historical calendar data\historical_news.json
2026-08-29 04:41:24.508 | SUCCESS  | news-filter-refresh | core.news_filter:update_calendar:177 - using local historical calendar data/historical_news.json (fallback after network failure)
2026-08-29 04:41:25.832 | WARNING  | news-filter-refresh | core.news_filter:update_calendar:168 - calendar fetch failed (HTTP 429); falling back to historical file
2026-08-29 04:41:25.836 | INFO     | news-filter-refresh | core.news_filter:_load_historical:237 - loaded 162 matching events from historical calendar data\historical_news.json
2026-08-29 04:41:25.840 | SUCCESS  | news-filter-refresh | core.news_filter:update_calendar:177 - using local historical calendar data/historical_news.json (fallback after network failure)
2026-08-29 04:41:27.124 | WARNING  | news-filter-refresh | core.news_filter:update_calendar:168 - calendar fetch failed (HTTP 429); falling back to historical file
2026-08-29 04:41:27.128 | INFO     | news-filter-refresh | core.news_filter:_load_historical:237 - loaded 162 matching events from historical calendar data\historical_news.json
2026-08-29 04:41:27.130 | SUCCESS  | news-filter-refresh | core.news_filter:update_calendar:177 - using local historical calendar data/historical_news.json (fallback after network failure)
2026-08-29 04:41:28.426 | WARNING  | news-filter-refresh | core.news_filter:update_calendar:168 - calendar fetch failed (HTTP 429); falling back to historical file
2026-08-29 04:41:28.430 | INFO     | news-filter-refresh | core.news_filter:_load_historical:237 - loaded 162 matching events from historical calendar data\historical_news.json
2026-08-29 04:41:28.432 | SUCCESS  | news-filter-refresh | core.news_filter:update_calendar:177 - using local historical calendar data/historical_news.json (fallback after network failure)
2026-08-29 04:41:29.753 | WARNING  | news-filter-refresh | core.news_filter:update_calendar:168 - calendar fetch failed (HTTP 429); falling back to historical file
2026-08-29 04:41:29.760 | INFO     | news-filter-refresh | core.news_filter:_load_historical:237 - loaded 162 matching events from historical calendar data\historical_news.json
2026-08-29 04:41:29.768 | SUCCESS  | news-filter-refresh | core.news_filter:update_calendar:177 - using local historical calendar data/historical_news.json (fallback after network failure)
2026-08-29 04:41:31.061 | WARNING  | news-filter-refresh | core.news_filter:update_calendar:168 - calendar fetch failed (HTTP 429); falling back to historical file
2026-08-29 04:41:31.065 | INFO     | news-filter-refresh | core.news_filter:_load_historical:237 - loaded 162 matching events from historical calendar data\historical_news.json
2026-08-29 04:41:31.067 | SUCCESS  | news-filter-refresh | core.news_filter:update_calendar:177 - using local historical calendar data/historical_news.json (fallback after network failure)
2026-08-29 04:41:32.358 | WARNING  | news-filter-refresh | core.news_filter:update_calendar:168 - calendar fetch failed (HTTP 429); falling back to historical file
2026-08-29 04:41:32.362 | INFO     | news-filter-refresh | core.news_filter:_load_historical:237 - loaded 162 matching events from historical calendar data\historical_news.json
2026-08-29 04:41:32.364 | SUCCESS  | news-filter-refresh | core.news_filter:update_calendar:177 - using local historical calendar data/historical_news.json (fallback after network failure)
2026-08-29 04:41:33.667 | WARNING  | news-filter-refresh | core.news_filter:update_calendar:168 - calendar fetch failed (HTTP 429); falling back to historical file
2026-08-29 04:41:33.673 | INFO     | news-filter-refresh | core.news_filter:_load_historical:237 - loaded 162 matching events from historical calendar data\historical_news.json
2026-08-29 04:41:33.676 | SUCCESS  | news-filter-refresh | core.news_filter:update_calendar:177 - using local historical calendar data/historical_news.json (fallback after network failure)
2026-08-29 04:41:34.979 | WARNING  | news-filter-refresh | core.news_filter:update_calendar:168 - calendar fetch failed (HTTP 429); falling back to historical file
2026-08-29 04:41:34.983 | INFO     | news-filter-refresh | core.news_filter:_load_historical:237 - loaded 162 matching events from historical calendar data\historical_news.json
2026-08-29 04:41:34.985 | SUCCESS  | news-filter-refresh | core.news_filter:update_calendar:177 - using local historical calendar data/historical_news.json (fallback after network failure)
2026-08-29 04:41:36.270 | WARNING  | news-filter-refresh | core.news_filter:update_calendar:168 - calendar fetch failed (HTTP 429); falling back to historical file
2026-08-29 04:41:36.274 | INFO     | news-filter-refresh | core.news_filter:_load_historical:237 - loaded 162 matching events from historical calendar data\historical_news.json
2026-08-29 04:41:36.278 | SUCCESS  | news-filter-refresh | core.news_filter:update_calendar:177 - using local historical calendar data/historical_news.json (fallback after network failure)
2026-08-29 04:41:37.564 | WARNING  | news-filter-refresh | core.news_filter:update_calendar:168 - calendar fetch failed (HTTP 429); falling back to historical file
2026-08-29 04:41:37.569 | INFO     | news-filter-refresh | core.news_filter:_load_historical:237 - loaded 162 matching events from historical calendar data\historical_news.json
2026-08-29 04:41:37.571 | SUCCESS  | news-filter-refresh | core.news_filter:update_calendar:177 - using local historical calendar data/historical_news.json (fallback after network failure)
2026-08-29 04:41:38.877 | WARNING  | news-filter-refresh | core.news_filter:update_calendar:168 - calendar fetch failed (HTTP 429); falling back to historical file
2026-08-29 04:41:38.881 | INFO     | news-filter-refresh | core.news_filter:_load_historical:237 - loaded 162 matching events from historical calendar data\historical_news.json
2026-08-29 04:41:38.885 | SUCCESS  | news-filter-refresh | core.news_filter:update_calendar:177 - using local historical calendar data/historical_news.json (fallback after network failure)
2026-08-29 04:41:40.178 | WARNING  | news-filter-refresh | core.news_filter:update_calendar:168 - calendar fetch failed (HTTP 429); falling back to historical file
2026-08-29 04:41:40.182 | INFO     | news-filter-refresh | core.news_filter:_load_historical:237 - loaded 162 matching events from historical calendar data\historical_news.json
2026-08-29 04:41:40.184 | SUCCESS  | news-filter-refresh | core.news_filter:update_calendar:177 - using local historical calendar data/historical_news.json (fallback after network failure)
2026-08-29 04:41:41.469 | WARNING  | news-filter-refresh | core.news_filter:update_calendar:168 - calendar fetch failed (HTTP 429); falling back to historical file
2026-08-29 04:41:41.475 | INFO     | news-filter-refresh | core.news_filter:_load_historical:237 - loaded 162 matching events from historical calendar data\historical_news.json
2026-08-29 04:41:41.477 | SUCCESS  | news-filter-refresh | core.news_filter:update_calendar:177 - using local historical calendar data/historical_news.json (fallback after network failure)
2026-08-29 04:41:42.785 | WARNING  | news-filter-refresh | core.news_filter:update_calendar:168 - calendar fetch failed (HTTP 429); falling back to historical file
2026-08-29 04:41:42.791 | INFO     | news-filter-refresh | core.news_filter:_load_historical:237 - loaded 162 matching events from historical calendar data\historical_news.json
2026-08-29 04:41:42.793 | SUCCESS  | news-filter-refresh | core.news_filter:update_calendar:177 - using local historical calendar data/historical_news.json (fallback after network failure)
2026-08-29 04:41:44.103 | WARNING  | news-filter-refresh | core.news_filter:update_calendar:168 - calendar fetch failed (HTTP 429); falling back to historical file
2026-08-29 04:41:44.106 | INFO     | news-filter-refresh | core.news_filter:_load_historical:237 - loaded 162 matching events from historical calendar data\historical_news.json
2026-08-29 04:41:44.110 | SUCCESS  | news-filter-refresh | core.news_filter:update_calendar:177 - using local historical calendar data/historical_news.json (fallback after network failure)
2026-08-29 04:41:45.411 | WARNING  | news-filter-refresh | core.news_filter:update_calendar:168 - calendar fetch failed (HTTP 429); falling back to historical file
2026-08-29 04:41:45.415 | INFO     | news-filter-refresh | core.news_filter:_load_historical:237 - loaded 162 matching events from historical calendar data\historical_news.json
2026-08-29 04:41:45.417 | SUCCESS  | news-filter-refresh | core.news_filter:update_calendar:177 - using local historical calendar data/historical_news.json (fallback after network failure)
2026-08-29 04:41:46.709 | WARNING  | news-filter-refresh | core.news_filter:update_calendar:168 - calendar fetch failed (HTTP 429); falling back to historical file
2026-08-29 04:41:46.713 | INFO     | news-filter-refresh | core.news_filter:_load_historical:237 - loaded 162 matching events from historical calendar data\historical_news.json
2026-08-29 04:41:46.715 | SUCCESS  | news-filter-refresh | core.news_filter:update_calendar:177 - using local historical calendar data/historical_news.json (fallback after network failure)
2026-08-29 04:41:48.024 | WARNING  | news-filter-refresh | core.news_filter:update_calendar:168 - calendar fetch failed (HTTP 429); falling back to historical file
2026-08-29 04:41:48.028 | INFO     | news-filter-refresh | core.news_filter:_load_historical:237 - loaded 162 matching events from historical calendar data\historical_news.json
2026-08-29 04:41:48.030 | SUCCESS  | news-filter-refresh | core.news_filter:update_calendar:177 - using local historical calendar data/historical_news.json (fallback after network failure)
2026-08-29 04:41:49.327 | WARNING  | news-filter-refresh | core.news_filter:update_calendar:168 - calendar fetch failed (HTTP 429); falling back to historical file
2026-08-29 04:41:49.330 | INFO     | news-filter-refresh | core.news_filter:_load_historical:237 - loaded 162 matching events from historical calendar data\historical_news.json
2026-08-29 04:41:49.334 | SUCCESS  | news-filter-refresh | core.news_filter:update_calendar:177 - using local historical calendar data/historical_news.json (fallback after network failure)
2026-08-29 04:41:50.616 | WARNING  | news-filter-refresh | core.news_filter:update_calendar:168 - calendar fetch failed (HTTP 429); falling back to historical file
2026-08-29 04:41:50.620 | INFO     | news-filter-refresh | core.news_filter:_load_historical:237 - loaded 162 matching events from historical calendar data\historical_news.json
2026-08-29 04:41:50.624 | SUCCESS  | news-filter-refresh | core.news_filter:update_calendar:177 - using local historical calendar data/historical_news.json (fallback after network failure)
2026-08-29 04:41:51.927 | WARNING  | news-filter-refresh | core.news_filter:update_calendar:168 - calendar fetch failed (HTTP 429); falling back to historical file
2026-08-29 04:41:51.931 | INFO     | news-filter-refresh | core.news_filter:_load_historical:237 - loaded 162 matching events from historical calendar data\historical_news.json
2026-08-29 04:41:51.933 | SUCCESS  | news-filter-refresh | core.news_filter:update_calendar:177 - using local historical calendar data/historical_news.json (fallback after network failure)
2026-08-29 04:41:53.243 | WARNING  | news-filter-refresh | core.news_filter:update_calendar:168 - calendar fetch failed (HTTP 429); falling back to historical file
2026-08-29 04:41:53.247 | INFO     | news-filter-refresh | core.news_filter:_load_historical:237 - loaded 162 matching events from historical calendar data\historical_news.json
2026-08-29 04:41:53.249 | SUCCESS  | news-filter-refresh | core.news_filter:update_calendar:177 - using local historical calendar data/historical_news.json (fallback after network failure)
2026-08-29 04:41:54.551 | WARNING  | news-filter-refresh | core.news_filter:update_calendar:168 - calendar fetch failed (HTTP 429); falling back to historical file
2026-08-29 04:41:54.557 | INFO     | news-filter-refresh | core.news_filter:_load_historical:237 - loaded 162 matching events from historical calendar data\historical_news.json
2026-08-29 04:41:54.561 | SUCCESS  | news-filter-refresh | core.news_filter:update_calendar:177 - using local historical calendar data/historical_news.json (fallback after network failure)
2026-08-29 04:41:55.849 | WARNING  | news-filter-refresh | core.news_filter:update_calendar:168 - calendar fetch failed (HTTP 429); falling back to historical file
2026-08-29 04:41:55.853 | INFO     | news-filter-refresh | core.news_filter:_load_historical:237 - loaded 162 matching events from historical calendar data\historical_news.json
2026-08-29 04:41:55.855 | SUCCESS  | news-filter-refresh | core.news_filter:update_calendar:177 - using local historical calendar data/historical_news.json (fallback after network failure)
2026-08-29 04:41:57.154 | WARNING  | news-filter-refresh | core.news_filter:update_calendar:168 - calendar fetch failed (HTTP 429); falling back to historical file
2026-08-29 04:41:57.158 | INFO     | news-filter-refresh | core.news_filter:_load_historical:237 - loaded 162 matching events from historical calendar data\historical_news.json
2026-08-29 04:41:57.162 | SUCCESS  | news-filter-refresh | core.news_filter:update_calendar:177 - using local historical calendar data/historical_news.json (fallback after network failure)
2026-08-29 04:41:58.451 | WARNING  | news-filter-refresh | core.news_filter:update_calendar:168 - calendar fetch failed (HTTP 429); falling back to historical file
2026-08-29 04:41:58.455 | INFO     | news-filter-refresh | core.news_filter:_load_historical:237 - loaded 162 matching events from historical calendar data\historical_news.json
2026-08-29 04:41:58.459 | SUCCESS  | news-filter-refresh | core.news_filter:update_calendar:177 - using local historical calendar data/historical_news.json (fallback after network failure)
2026-08-29 04:41:59.751 | WARNING  | news-filter-refresh | core.news_filter:update_calendar:168 - calendar fetch failed (HTTP 429); falling back to historical file
2026-08-29 04:41:59.754 | INFO     | news-filter-refresh | core.news_filter:_load_historical:237 - loaded 162 matching events from historical calendar data\historical_news.json
2026-08-29 04:41:59.756 | SUCCESS  | news-filter-refresh | core.news_filter:update_calendar:177 - using local historical calendar data/historical_news.json (fallback after network failure)
2026-08-29 04:42:01.061 | WARNING  | news-filter-refresh | core.news_filter:update_calendar:168 - calendar fetch failed (HTTP 429); falling back to historical file
2026-08-29 04:42:01.065 | INFO     | news-filter-refresh | core.news_filter:_load_historical:237 - loaded 162 matching events from historical calendar data\historical_news.json
2026-08-29 04:42:01.068 | SUCCESS  | news-filter-refresh | core.news_filter:update_calendar:177 - using local historical calendar data/historical_news.json (fallback after network failure)
2026-08-29 04:42:02.375 | WARNING  | news-filter-refresh | core.news_filter:update_calendar:168 - calendar fetch failed (HTTP 429); falling back to historical file
2026-08-29 04:42:02.379 | INFO     | news-filter-refresh | core.news_filter:_load_historical:237 - loaded 162 matching events from historical calendar data\historical_news.json
2026-08-29 04:42:02.381 | SUCCESS  | news-filter-refresh | core.news_filter:update_calendar:177 - using local historical calendar data/historical_news.json (fallback after network failure)
2026-08-29 04:42:03.671 | WARNING  | news-filter-refresh | core.news_filter:update_calendar:168 - calendar fetch failed (HTTP 429); falling back to historical file
2026-08-29 04:42:03.675 | INFO     | news-filter-refresh | core.news_filter:_load_historical:237 - loaded 162 matching events from historical calendar data\historical_news.json
2026-08-29 04:42:03.679 | SUCCESS  | news-filter-refresh | core.news_filter:update_calendar:177 - using local historical calendar data/historical_news.json (fallback after network failure)
2026-08-29 04:42:04.977 | WARNING  | news-filter-refresh | core.news_filter:update_calendar:168 - calendar fetch failed (HTTP 429); falling back to historical file
2026-08-29 04:42:04.981 | INFO     | news-filter-refresh | core.news_filter:_load_historical:237 - loaded 162 matching events from historical calendar data\historical_news.json
2026-08-29 04:42:04.985 | SUCCESS  | news-filter-refresh | core.news_filter:update_calendar:177 - using local historical calendar data/historical_news.json (fallback after network failure)
2026-08-29 04:42:06.303 | WARNING  | news-filter-refresh | core.news_filter:update_calendar:168 - calendar fetch failed (HTTP 429); falling back to historical file
2026-08-29 04:42:06.307 | INFO     | news-filter-refresh | core.news_filter:_load_historical:237 - loaded 162 matching events from historical calendar data\historical_news.json
2026-08-29 04:42:06.309 | SUCCESS  | news-filter-refresh | core.news_filter:update_calendar:177 - using local historical calendar data/historical_news.json (fallback after network failure)
2026-08-29 04:42:07.608 | WARNING  | news-filter-refresh | core.news_filter:update_calendar:168 - calendar fetch failed (HTTP 429); falling back to historical file
2026-08-29 04:42:07.612 | INFO     | news-filter-refresh | core.news_filter:_load_historical:237 - loaded 162 matching events from historical calendar data\historical_news.json
2026-08-29 04:42:07.614 | SUCCESS  | news-filter-refresh | core.news_filter:update_calendar:177 - using local historical calendar data/historical_news.json (fallback after network failure)
2026-08-29 04:42:08.905 | WARNING  | news-filter-refresh | core.news_filter:update_calendar:168 - calendar fetch failed (HTTP 429); falling back to historical file
2026-08-29 04:42:08.909 | INFO     | news-filter-refresh | core.news_filter:_load_historical:237 - loaded 162 matching events from historical calendar data\historical_news.json
2026-08-29 04:42:08.911 | SUCCESS  | news-filter-refresh | core.news_filter:update_calendar:177 - using local historical calendar data/historical_news.json (fallback after network failure)
2026-08-29 04:42:10.224 | WARNING  | news-filter-refresh | core.news_filter:update_calendar:168 - calendar fetch failed (HTTP 429); falling back to historical file
2026-08-29 04:42:10.228 | INFO     | news-filter-refresh | core.news_filter:_load_historical:237 - loaded 162 matching events from historical calendar data\historical_news.json
2026-08-29 04:42:10.230 | SUCCESS  | news-filter-refresh | core.news_filter:update_calendar:177 - using local historical calendar data/historical_news.json (fallback after network failure)
2026-08-29 04:42:11.534 | WARNING  | news-filter-refresh | core.news_filter:update_calendar:168 - calendar fetch failed (HTTP 429); falling back to historical file
2026-08-29 04:42:11.538 | INFO     | news-filter-refresh | core.news_filter:_load_historical:237 - loaded 162 matching events from historical calendar data\historical_news.json
2026-08-29 04:42:11.540 | SUCCESS  | news-filter-refresh | core.news_filter:update_calendar:177 - using local historical calendar data/historical_news.json (fallback after network failure)
2026-08-29 04:42:12.836 | WARNING  | news-filter-refresh | core.news_filter:update_calendar:168 - calendar fetch failed (HTTP 429); falling back to historical file
2026-08-29 04:42:12.840 | INFO     | news-filter-refresh | core.news_filter:_load_historical:237 - loaded 162 matching events from historical calendar data\historical_news.json
2026-08-29 04:42:12.844 | SUCCESS  | news-filter-refresh | core.news_filter:update_calendar:177 - using local historical calendar data/historical_news.json (fallback after network failure)
2026-08-29 04:42:14.141 | WARNING  | news-filter-refresh | core.news_filter:update_calendar:168 - calendar fetch failed (HTTP 429); falling back to historical file
2026-08-29 04:42:14.145 | INFO     | news-filter-refresh | core.news_filter:_load_historical:237 - loaded 162 matching events from historical calendar data\historical_news.json
2026-08-29 04:42:14.147 | SUCCESS  | news-filter-refresh | core.news_filter:update_calendar:177 - using local historical calendar data/historical_news.json (fallback after network failure)
2026-08-29 04:42:15.463 | WARNING  | news-filter-refresh | core.news_filter:update_calendar:168 - calendar fetch failed (HTTP 429); falling back to historical file
2026-08-29 04:42:15.467 | INFO     | news-filter-refresh | core.news_filter:_load_historical:237 - loaded 162 matching events from historical calendar data\historical_news.json
2026-08-29 04:42:15.469 | SUCCESS  | news-filter-refresh | core.news_filter:update_calendar:177 - using local historical calendar data/historical_news.json (fallback after network failure)
2026-08-29 04:42:16.755 | WARNING  | news-filter-refresh | core.news_filter:update_calendar:168 - calendar fetch failed (HTTP 429); falling back to historical file
2026-08-29 04:42:16.759 | INFO     | news-filter-refresh | core.news_filter:_load_historical:237 - loaded 162 matching events from historical calendar data\historical_news.json
2026-08-29 04:42:16.763 | SUCCESS  | news-filter-refresh | core.news_filter:update_calendar:177 - using local historical calendar data/historical_news.json (fallback after network failure)
2026-08-29 04:42:18.085 | WARNING  | news-filter-refresh | core.news_filter:update_calendar:168 - calendar fetch failed (HTTP 429); falling back to historical file
2026-08-29 04:42:18.089 | INFO     | news-filter-refresh | core.news_filter:_load_historical:237 - loaded 162 matching events from historical calendar data\historical_news.json
2026-08-29 04:42:18.091 | SUCCESS  | news-filter-refresh | core.news_filter:update_calendar:177 - using local historical calendar data/historical_news.json (fallback after network failure)
2026-08-29 04:42:19.389 | WARNING  | news-filter-refresh | core.news_filter:update_calendar:168 - calendar fetch failed (HTTP 429); falling back to historical file
2026-08-29 04:42:19.393 | INFO     | news-filter-refresh | core.news_filter:_load_historical:237 - loaded 162 matching events from historical calendar data\historical_news.json
2026-08-29 04:42:19.397 | SUCCESS  | news-filter-refresh | core.news_filter:update_calendar:177 - using local historical calendar data/historical_news.json (fallback after network failure)
2026-08-29 04:42:20.699 | WARNING  | news-filter-refresh | core.news_filter:update_calendar:168 - calendar fetch failed (HTTP 429); falling back to historical file
2026-08-29 04:42:20.703 | INFO     | news-filter-refresh | core.news_filter:_load_historical:237 - loaded 162 matching events from historical calendar data\historical_news.json
2026-08-29 04:42:20.705 | SUCCESS  | news-filter-refresh | core.news_filter:update_calendar:177 - using local historical calendar data/historical_news.json (fallback after network failure)
2026-08-29 04:42:22.006 | WARNING  | news-filter-refresh | core.news_filter:update_calendar:168 - calendar fetch failed (HTTP 429); falling back to historical file
2026-08-29 04:42:22.010 | INFO     | news-filter-refresh | core.news_filter:_load_historical:237 - loaded 162 matching events from historical calendar data\historical_news.json
2026-08-29 04:42:22.012 | SUCCESS  | news-filter-refresh | core.news_filter:update_calendar:177 - using local historical calendar data/historical_news.json (fallback after network failure)
2026-08-29 04:42:23.309 | WARNING  | news-filter-refresh | core.news_filter:update_calendar:168 - calendar fetch failed (HTTP 429); falling back to historical file
2026-08-29 04:42:23.313 | INFO     | news-filter-refresh | core.news_filter:_load_historical:237 - loaded 162 matching events from historical calendar data\historical_news.json
2026-08-29 04:42:23.316 | SUCCESS  | news-filter-refresh | core.news_filter:update_calendar:177 - using local historical calendar data/historical_news.json (fallback after network failure)
2026-08-29 04:42:24.645 | WARNING  | news-filter-refresh | core.news_filter:update_calendar:168 - calendar fetch failed (HTTP 429); falling back to historical file
2026-08-29 04:42:24.649 | INFO     | news-filter-refresh | core.news_filter:_load_historical:237 - loaded 162 matching events from historical calendar data\historical_news.json
2026-08-29 04:42:24.651 | SUCCESS  | news-filter-refresh | core.news_filter:update_calendar:177 - using local historical calendar data/historical_news.json (fallback after network failure)
2026-08-29 04:42:25.952 | WARNING  | news-filter-refresh | core.news_filter:update_calendar:168 - calendar fetch failed (HTTP 429); falling back to historical file
2026-08-29 04:42:25.955 | INFO     | news-filter-refresh | core.news_filter:_load_historical:237 - loaded 162 matching events from historical calendar data\historical_news.json
2026-08-29 04:42:25.957 | SUCCESS  | news-filter-refresh | core.news_filter:update_calendar:177 - using local historical calendar data/historical_news.json (fallback after network failure)
2026-08-29 04:42:27.249 | WARNING  | news-filter-refresh | core.news_filter:update_calendar:168 - calendar fetch failed (HTTP 429); falling back to historical file
2026-08-29 04:42:27.253 | INFO     | news-filter-refresh | core.news_filter:_load_historical:237 - loaded 162 matching events from historical calendar data\historical_news.json
2026-08-29 04:42:27.255 | SUCCESS  | news-filter-refresh | core.news_filter:update_calendar:177 - using local historical calendar data/historical_news.json (fallback after network failure)
2026-08-29 04:42:28.591 | WARNING  | news-filter-refresh | core.news_filter:update_calendar:168 - calendar fetch failed (HTTP 429); falling back to historical file
2026-08-29 04:42:28.595 | INFO     | news-filter-refresh | core.news_filter:_load_historical:237 - loaded 162 matching events from historical calendar data\historical_news.json
2026-08-29 04:42:28.597 | SUCCESS  | news-filter-refresh | core.news_filter:update_calendar:177 - using local historical calendar data/historical_news.json (fallback after network failure)
2026-08-29 04:42:29.901 | WARNING  | news-filter-refresh | core.news_filter:update_calendar:168 - calendar fetch failed (HTTP 429); falling back to historical file
2026-08-29 04:42:29.905 | INFO     | news-filter-refresh | core.news_filter:_load_historical:237 - loaded 162 matching events from historical calendar data\historical_news.json
2026-08-29 04:42:29.909 | SUCCESS  | news-filter-refresh | core.news_filter:update_calendar:177 - using local historical calendar data/historical_news.json (fallback after network failure)
2026-08-29 04:42:31.200 | WARNING  | news-filter-refresh | core.news_filter:update_calendar:168 - calendar fetch failed (HTTP 429); falling back to historical file
2026-08-29 04:42:31.204 | INFO     | news-filter-refresh | core.news_filter:_load_historical:237 - loaded 162 matching events from historical calendar data\historical_news.json
2026-08-29 04:42:31.212 | SUCCESS  | news-filter-refresh | core.news_filter:update_calendar:177 - using local historical calendar data/historical_news.json (fallback after network failure)
2026-08-29 04:42:32.495 | WARNING  | news-filter-refresh | core.news_filter:update_calendar:168 - calendar fetch failed (HTTP 429); falling back to historical file
2026-08-29 04:42:32.499 | INFO     | news-filter-refresh | core.news_filter:_load_historical:237 - loaded 162 matching events from historical calendar data\historical_news.json
2026-08-29 04:42:32.501 | SUCCESS  | news-filter-refresh | core.news_filter:update_calendar:177 - using local historical calendar data/historical_news.json (fallback after network failure)
2026-08-29 04:42:33.835 | WARNING  | news-filter-refresh | core.news_filter:update_calendar:168 - calendar fetch failed (HTTP 429); falling back to historical file
2026-08-29 04:42:33.839 | INFO     | news-filter-refresh | core.news_filter:_load_historical:237 - loaded 162 matching events from historical calendar data\historical_news.json
2026-08-29 04:42:33.841 | SUCCESS  | news-filter-refresh | core.news_filter:update_calendar:177 - using local historical calendar data/historical_news.json (fallback after network failure)
2026-08-29 04:42:35.129 | WARNING  | news-filter-refresh | core.news_filter:update_calendar:168 - calendar fetch failed (HTTP 429); falling back to historical file
2026-08-29 04:42:35.133 | INFO     | news-filter-refresh | core.news_filter:_load_historical:237 - loaded 162 matching events from historical calendar data\historical_news.json
2026-08-29 04:42:35.135 | SUCCESS  | news-filter-refresh | core.news_filter:update_calendar:177 - using local historical calendar data/historical_news.json (fallback after network failure)
2026-08-29 04:42:36.426 | WARNING  | news-filter-refresh | core.news_filter:update_calendar:168 - calendar fetch failed (HTTP 429); falling back to historical file
2026-08-29 04:42:36.430 | INFO     | news-filter-refresh | core.news_filter:_load_historical:237 - loaded 162 matching events from historical calendar data\historical_news.json
2026-08-29 04:42:36.436 | SUCCESS  | news-filter-refresh | core.news_filter:update_calendar:177 - using local historical calendar data/historical_news.json (fallback after network failure)
2026-08-29 04:42:37.758 | WARNING  | news-filter-refresh | core.news_filter:update_calendar:168 - calendar fetch failed (HTTP 429); falling back to historical file
2026-08-29 04:42:37.762 | INFO     | news-filter-refresh | core.news_filter:_load_historical:237 - loaded 162 matching events from historical calendar data\historical_news.json
2026-08-29 04:42:37.766 | SUCCESS  | news-filter-refresh | core.news_filter:update_calendar:177 - using local historical calendar data/historical_news.json (fallback after network failure)
2026-08-29 04:42:39.063 | WARNING  | news-filter-refresh | core.news_filter:update_calendar:168 - calendar fetch failed (HTTP 429); falling back to historical file
2026-08-29 04:42:39.067 | INFO     | news-filter-refresh | core.news_filter:_load_historical:237 - loaded 162 matching events from historical calendar data\historical_news.json
2026-08-29 04:42:39.071 | SUCCESS  | news-filter-refresh | core.news_filter:update_calendar:177 - using local historical calendar data/historical_news.json (fallback after network failure)
2026-08-29 04:42:40.366 | WARNING  | news-filter-refresh | core.news_filter:update_calendar:168 - calendar fetch failed (HTTP 429); falling back to historical file
2026-08-29 04:42:40.377 | INFO     | news-filter-refresh | core.news_filter:_load_historical:237 - loaded 162 matching events from historical calendar data\historical_news.json
2026-08-29 04:42:40.379 | SUCCESS  | news-filter-refresh | core.news_filter:update_calendar:177 - using local historical calendar data/historical_news.json (fallback after network failure)
2026-08-29 04:42:41.678 | WARNING  | news-filter-refresh | core.news_filter:update_calendar:168 - calendar fetch failed (HTTP 429); falling back to historical file
2026-08-29 04:42:41.684 | INFO     | news-filter-refresh | core.news_filter:_load_historical:237 - loaded 162 matching events from historical calendar data\historical_news.json
2026-08-29 04:42:41.688 | SUCCESS  | news-filter-refresh | core.news_filter:update_calendar:177 - using local historical calendar data/historical_news.json (fallback after network failure)
2026-08-29 04:42:42.987 | WARNING  | news-filter-refresh | core.news_filter:update_calendar:168 - calendar fetch failed (HTTP 429); falling back to historical file
2026-08-29 04:42:42.991 | INFO     | news-filter-refresh | core.news_filter:_load_historical:237 - loaded 162 matching events from historical calendar data\historical_news.json
2026-08-29 04:42:42.996 | SUCCESS  | news-filter-refresh | core.news_filter:update_calendar:177 - using local historical calendar data/historical_news.json (fallback after network failure)
2026-08-29 04:42:44.308 | WARNING  | news-filter-refresh | core.news_filter:update_calendar:168 - calendar fetch failed (HTTP 429); falling back to historical file
2026-08-29 04:42:44.314 | INFO     | news-filter-refresh | core.news_filter:_load_historical:237 - loaded 162 matching events from historical calendar data\historical_news.json
2026-08-29 04:42:44.318 | SUCCESS  | news-filter-refresh | core.news_filter:update_calendar:177 - using local historical calendar data/historical_news.json (fallback after network failure)
2026-08-29 04:42:45.614 | WARNING  | news-filter-refresh | core.news_filter:update_calendar:168 - calendar fetch failed (HTTP 429); falling back to historical file
2026-08-29 04:42:45.618 | INFO     | news-filter-refresh | core.news_filter:_load_historical:237 - loaded 162 matching events from historical calendar data\historical_news.json
2026-08-29 04:42:45.620 | SUCCESS  | news-filter-refresh | core.news_filter:update_calendar:177 - using local historical calendar data/historical_news.json (fallback after network failure)
2026-08-29 04:42:46.945 | WARNING  | news-filter-refresh | core.news_filter:update_calendar:168 - calendar fetch failed (HTTP 429); falling back to historical file
2026-08-29 04:42:46.949 | INFO     | news-filter-refresh | core.news_filter:_load_historical:237 - loaded 162 matching events from historical calendar data\historical_news.json
2026-08-29 04:42:46.952 | SUCCESS  | news-filter-refresh | core.news_filter:update_calendar:177 - using local historical calendar data/historical_news.json (fallback after network failure)
2026-08-29 04:42:48.255 | WARNING  | news-filter-refresh | core.news_filter:update_calendar:168 - calendar fetch failed (HTTP 429); falling back to historical file
2026-08-29 04:42:48.259 | INFO     | news-filter-refresh | core.news_filter:_load_historical:237 - loaded 162 matching events from historical calendar data\historical_news.json
2026-08-29 04:42:48.261 | SUCCESS  | news-filter-refresh | core.news_filter:update_calendar:177 - using local historical calendar data/historical_news.json (fallback after network failure)
2026-08-29 04:42:49.571 | WARNING  | news-filter-refresh | core.news_filter:update_calendar:168 - calendar fetch failed (HTTP 429); falling back to historical file
2026-08-29 04:42:49.577 | INFO     | news-filter-refresh | core.news_filter:_load_historical:237 - loaded 162 matching events from historical calendar data\historical_news.json
2026-08-29 04:42:49.581 | SUCCESS  | news-filter-refresh | core.news_filter:update_calendar:177 - using local historical calendar data/historical_news.json (fallback after network failure)
2026-08-29 04:42:50.880 | WARNING  | news-filter-refresh | core.news_filter:update_calendar:168 - calendar fetch failed (HTTP 429); falling back to historical file
2026-08-29 04:42:50.884 | INFO     | news-filter-refresh | core.news_filter:_load_historical:237 - loaded 162 matching events from historical calendar data\historical_news.json
2026-08-29 04:42:50.886 | SUCCESS  | news-filter-refresh | core.news_filter:update_calendar:177 - using local historical calendar data/historical_news.json (fallback after network failure)
2026-08-29 04:42:52.187 | WARNING  | news-filter-refresh | core.news_filter:update_calendar:168 - calendar fetch failed (HTTP 429); falling back to historical file
2026-08-29 04:42:52.193 | INFO     | news-filter-refresh | core.news_filter:_load_historical:237 - loaded 162 matching events from historical calendar data\historical_news.json
2026-08-29 04:42:52.195 | SUCCESS  | news-filter-refresh | core.news_filter:update_calendar:177 - using local historical calendar data/historical_news.json (fallback after network failure)
2026-08-29 04:42:53.486 | WARNING  | news-filter-refresh | core.news_filter:update_calendar:168 - calendar fetch failed (HTTP 429); falling back to historical file
2026-08-29 04:42:53.490 | INFO     | news-filter-refresh | core.news_filter:_load_historical:237 - loaded 162 matching events from historical calendar data\historical_news.json
2026-08-29 04:42:53.494 | SUCCESS  | news-filter-refresh | core.news_filter:update_calendar:177 - using local historical calendar data/historical_news.json (fallback after network failure)
2026-08-29 04:42:54.776 | WARNING  | news-filter-refresh | core.news_filter:update_calendar:168 - calendar fetch failed (HTTP 429); falling back to historical file
2026-08-29 04:42:54.781 | INFO     | news-filter-refresh | core.news_filter:_load_historical:237 - loaded 162 matching events from historical calendar data\historical_news.json
2026-08-29 04:42:54.783 | SUCCESS  | news-filter-refresh | core.news_filter:update_calendar:177 - using local historical calendar data/historical_news.json (fallback after network failure)
2026-08-29 04:42:56.096 | WARNING  | news-filter-refresh | core.news_filter:update_calendar:168 - calendar fetch failed (HTTP 429); falling back to historical file
2026-08-29 04:42:56.102 | INFO     | news-filter-refresh | core.news_filter:_load_historical:237 - loaded 162 matching events from historical calendar data\historical_news.json
2026-08-29 04:42:56.104 | SUCCESS  | news-filter-refresh | core.news_filter:update_calendar:177 - using local historical calendar data/historical_news.json (fallback after network failure)
2026-08-29 04:42:57.394 | WARNING  | news-filter-refresh | core.news_filter:update_calendar:168 - calendar fetch failed (HTTP 429); falling back to historical file
2026-08-29 04:42:57.398 | INFO     | news-filter-refresh | core.news_filter:_load_historical:237 - loaded 162 matching events from historical calendar data\historical_news.json
2026-08-29 04:42:57.400 | SUCCESS  | news-filter-refresh | core.news_filter:update_calendar:177 - using local historical calendar data/historical_news.json (fallback after network failure)
2026-08-29 04:42:58.700 | WARNING  | news-filter-refresh | core.news_filter:update_calendar:168 - calendar fetch failed (HTTP 429); falling back to historical file
2026-08-29 04:42:58.704 | INFO     | news-filter-refresh | core.news_filter:_load_historical:237 - loaded 162 matching events from historical calendar data\historical_news.json
2026-08-29 04:42:58.708 | SUCCESS  | news-filter-refresh | core.news_filter:update_calendar:177 - using local historical calendar data/historical_news.json (fallback after network failure)
2026-08-29 04:43:00.064 | WARNING  | news-filter-refresh | core.news_filter:update_calendar:168 - calendar fetch failed (HTTP 429); falling back to historical file
2026-08-29 04:43:00.072 | INFO     | news-filter-refresh | core.news_filter:_load_historical:237 - loaded 162 matching events from historical calendar data\historical_news.json
2026-08-29 04:43:00.074 | SUCCESS  | news-filter-refresh | core.news_filter:update_calendar:177 - using local historical calendar data/historical_news.json (fallback after network failure)
2026-08-29 04:43:01.370 | WARNING  | news-filter-refresh | core.news_filter:update_calendar:168 - calendar fetch failed (HTTP 429); falling back to historical file
2026-08-29 04:43:01.374 | INFO     | news-filter-refresh | core.news_filter:_load_historical:237 - loaded 162 matching events from historical calendar data\historical_news.json
2026-08-29 04:43:01.376 | SUCCESS  | news-filter-refresh | core.news_filter:update_calendar:177 - using local historical calendar data/historical_news.json (fallback after network failure)
2026-08-29 04:43:02.671 | WARNING  | news-filter-refresh | core.news_filter:update_calendar:168 - calendar fetch failed (HTTP 429); falling back to historical file
2026-08-29 04:43:02.675 | INFO     | news-filter-refresh | core.news_filter:_load_historical:237 - loaded 162 matching events from historical calendar data\historical_news.json
2026-08-29 04:43:02.677 | SUCCESS  | news-filter-refresh | core.news_filter:update_calendar:177 - using local historical calendar data/historical_news.json (fallback after network failure)
2026-08-29 04:43:03.971 | WARNING  | news-filter-refresh | core.news_filter:update_calendar:168 - calendar fetch failed (HTTP 429); falling back to historical file
2026-08-29 04:43:03.975 | INFO     | news-filter-refresh | core.news_filter:_load_historical:237 - loaded 162 matching events from historical calendar data\historical_news.json
2026-08-29 04:43:03.977 | SUCCESS  | news-filter-refresh | core.news_filter:update_calendar:177 - using local historical calendar data/historical_news.json (fallback after network failure)
2026-08-29 04:43:05.286 | WARNING  | news-filter-refresh | core.news_filter:update_calendar:168 - calendar fetch failed (HTTP 429); falling back to historical file
2026-08-29 04:43:05.288 | INFO     | news-filter-refresh | core.news_filter:_load_historical:237 - loaded 162 matching events from historical calendar data\historical_news.json
2026-08-29 04:43:05.292 | SUCCESS  | news-filter-refresh | core.news_filter:update_calendar:177 - using local historical calendar data/historical_news.json (fallback after network failure)
2026-08-29 04:43:06.589 | WARNING  | news-filter-refresh | core.news_filter:update_calendar:168 - calendar fetch failed (HTTP 429); falling back to historical file
2026-08-29 04:43:06.595 | INFO     | news-filter-refresh | core.news_filter:_load_historical:237 - loaded 162 matching events from historical calendar data\historical_news.json
2026-08-29 04:43:06.599 | SUCCESS  | news-filter-refresh | core.news_filter:update_calendar:177 - using local historical calendar data/historical_news.json (fallback after network failure)
2026-08-29 04:43:07.901 | WARNING  | news-filter-refresh | core.news_filter:update_calendar:168 - calendar fetch failed (HTTP 429); falling back to historical file
2026-08-29 04:43:07.906 | INFO     | news-filter-refresh | core.news_filter:_load_historical:237 - loaded 162 matching events from historical calendar data\historical_news.json
2026-08-29 04:43:07.908 | SUCCESS  | news-filter-refresh | core.news_filter:update_calendar:177 - using local historical calendar data/historical_news.json (fallback after network failure)
2026-08-29 04:43:09.230 | WARNING  | news-filter-refresh | core.news_filter:update_calendar:168 - calendar fetch failed (HTTP 429); falling back to historical file
2026-08-29 04:43:09.234 | INFO     | news-filter-refresh | core.news_filter:_load_historical:237 - loaded 162 matching events from historical calendar data\historical_news.json
2026-08-29 04:43:09.236 | SUCCESS  | news-filter-refresh | core.news_filter:update_calendar:177 - using local historical calendar data/historical_news.json (fallback after network failure)
2026-08-29 04:43:10.533 | WARNING  | news-filter-refresh | core.news_filter:update_calendar:168 - calendar fetch failed (HTTP 429); falling back to historical file
2026-08-29 04:43:10.537 | INFO     | news-filter-refresh | core.news_filter:_load_historical:237 - loaded 162 matching events from historical calendar data\historical_news.json
2026-08-29 04:43:10.541 | SUCCESS  | news-filter-refresh | core.news_filter:update_calendar:177 - using local historical calendar data/historical_news.json (fallback after network failure)
2026-08-29 04:43:11.835 | WARNING  | news-filter-refresh | core.news_filter:update_calendar:168 - calendar fetch failed (HTTP 429); falling back to historical file
2026-08-29 04:43:11.839 | INFO     | news-filter-refresh | core.news_filter:_load_historical:237 - loaded 162 matching events from historical calendar data\historical_news.json
2026-08-29 04:43:11.843 | SUCCESS  | news-filter-refresh | core.news_filter:update_calendar:177 - using local historical calendar data/historical_news.json (fallback after network failure)
2026-08-29 04:43:13.158 | WARNING  | news-filter-refresh | core.news_filter:update_calendar:168 - calendar fetch failed (HTTP 429); falling back to historical file
2026-08-29 04:43:13.164 | INFO     | news-filter-refresh | core.news_filter:_load_historical:237 - loaded 162 matching events from historical calendar data\historical_news.json
2026-08-29 04:43:13.166 | SUCCESS  | news-filter-refresh | core.news_filter:update_calendar:177 - using local historical calendar data/historical_news.json (fallback after network failure)
2026-08-29 04:43:14.468 | WARNING  | news-filter-refresh | core.news_filter:update_calendar:168 - calendar fetch failed (HTTP 429); falling back to historical file
2026-08-29 04:43:14.472 | INFO     | news-filter-refresh | core.news_filter:_load_historical:237 - loaded 162 matching events from historical calendar data\historical_news.json
2026-08-29 04:43:14.474 | SUCCESS  | news-filter-refresh | core.news_filter:update_calendar:177 - using local historical calendar data/historical_news.json (fallback after network failure)
2026-08-29 04:43:15.782 | WARNING  | news-filter-refresh | core.news_filter:update_calendar:168 - calendar fetch failed (HTTP 429); falling back to historical file
2026-08-29 04:43:15.786 | INFO     | news-filter-refresh | core.news_filter:_load_historical:237 - loaded 162 matching events from historical calendar data\historical_news.json
2026-08-29 04:43:15.790 | SUCCESS  | news-filter-refresh | core.news_filter:update_calendar:177 - using local historical calendar data/historical_news.json (fallback after network failure)
2026-08-29 04:43:17.085 | WARNING  | news-filter-refresh | core.news_filter:update_calendar:168 - calendar fetch failed (HTTP 429); falling back to historical file
2026-08-29 04:43:17.089 | INFO     | news-filter-refresh | core.news_filter:_load_historical:237 - loaded 162 matching events from historical calendar data\historical_news.json
2026-08-29 04:43:17.091 | SUCCESS  | news-filter-refresh | core.news_filter:update_calendar:177 - using local historical calendar data/historical_news.json (fallback after network failure)
2026-08-29 04:43:18.404 | WARNING  | news-filter-refresh | core.news_filter:update_calendar:168 - calendar fetch failed (HTTP 429); falling back to historical file
2026-08-29 04:43:18.406 | INFO     | news-filter-refresh | core.news_filter:_load_historical:237 - loaded 162 matching events from historical calendar data\historical_news.json
2026-08-29 04:43:18.410 | SUCCESS  | news-filter-refresh | core.news_filter:update_calendar:177 - using local historical calendar data/historical_news.json (fallback after network failure)
2026-08-29 04:43:19.721 | WARNING  | news-filter-refresh | core.news_filter:update_calendar:168 - calendar fetch failed (HTTP 429); falling back to historical file
2026-08-29 04:43:19.725 | INFO     | news-filter-refresh | core.news_filter:_load_historical:237 - loaded 162 matching events from historical calendar data\historical_news.json
2026-08-29 04:43:19.729 | SUCCESS  | news-filter-refresh | core.news_filter:update_calendar:177 - using local historical calendar data/historical_news.json (fallback after network failure)
2026-08-29 04:43:21.012 | WARNING  | news-filter-refresh | core.news_filter:update_calendar:168 - calendar fetch failed (HTTP 429); falling back to historical file
2026-08-29 04:43:21.016 | INFO     | news-filter-refresh | core.news_filter:_load_historical:237 - loaded 162 matching events from historical calendar data\historical_news.json
2026-08-29 04:43:21.019 | SUCCESS  | news-filter-refresh | core.news_filter:update_calendar:177 - using local historical calendar data/historical_news.json (fallback after network failure)
2026-08-29 04:43:22.361 | WARNING  | news-filter-refresh | core.news_filter:update_calendar:168 - calendar fetch failed (HTTP 429); falling back to historical file
2026-08-29 04:43:22.365 | INFO     | news-filter-refresh | core.news_filter:_load_historical:237 - loaded 162 matching events from historical calendar data\historical_news.json
2026-08-29 04:43:22.369 | SUCCESS  | news-filter-refresh | core.news_filter:update_calendar:177 - using local historical calendar data/historical_news.json (fallback after network failure)
2026-08-29 04:43:23.683 | WARNING  | news-filter-refresh | core.news_filter:update_calendar:168 - calendar fetch failed (HTTP 429); falling back to historical file
2026-08-29 04:43:23.687 | INFO     | news-filter-refresh | core.news_filter:_load_historical:237 - loaded 162 matching events from historical calendar data\historical_news.json
2026-08-29 04:43:23.691 | SUCCESS  | news-filter-refresh | core.news_filter:update_calendar:177 - using local historical calendar data/historical_news.json (fallback after network failure)
2026-08-29 04:43:24.990 | WARNING  | news-filter-refresh | core.news_filter:update_calendar:168 - calendar fetch failed (HTTP 429); falling back to historical file
2026-08-29 04:43:24.994 | INFO     | news-filter-refresh | core.news_filter:_load_historical:237 - loaded 162 matching events from historical calendar data\historical_news.json
2026-08-29 04:43:24.998 | SUCCESS  | news-filter-refresh | core.news_filter:update_calendar:177 - using local historical calendar data/historical_news.json (fallback after network failure)
2026-08-29 04:43:26.287 | WARNING  | news-filter-refresh | core.news_filter:update_calendar:168 - calendar fetch failed (HTTP 429); falling back to historical file
2026-08-29 04:43:26.291 | INFO     | news-filter-refresh | core.news_filter:_load_historical:237 - loaded 162 matching events from historical calendar data\historical_news.json
2026-08-29 04:43:26.295 | SUCCESS  | news-filter-refresh | core.news_filter:update_calendar:177 - using local historical calendar data/historical_news.json (fallback after network failure)
2026-08-29 04:43:27.599 | WARNING  | news-filter-refresh | core.news_filter:update_calendar:168 - calendar fetch failed (HTTP 429); falling back to historical file
2026-08-29 04:43:27.605 | INFO     | news-filter-refresh | core.news_filter:_load_historical:237 - loaded 162 matching events from historical calendar data\historical_news.json
2026-08-29 04:43:27.609 | SUCCESS  | news-filter-refresh | core.news_filter:update_calendar:177 - using local historical calendar data/historical_news.json (fallback after network failure)
2026-08-29 04:43:28.927 | WARNING  | news-filter-refresh | core.news_filter:update_calendar:168 - calendar fetch failed (HTTP 429); falling back to historical file
2026-08-29 04:43:28.931 | INFO     | news-filter-refresh | core.news_filter:_load_historical:237 - loaded 162 matching events from historical calendar data\historical_news.json
2026-08-29 04:43:28.935 | SUCCESS  | news-filter-refresh | core.news_filter:update_calendar:177 - using local historical calendar data/historical_news.json (fallback after network failure)
2026-08-29 04:43:30.249 | WARNING  | news-filter-refresh | core.news_filter:update_calendar:168 - calendar fetch failed (HTTP 429); falling back to historical file
2026-08-29 04:43:30.253 | INFO     | news-filter-refresh | core.news_filter:_load_historical:237 - loaded 162 matching events from historical calendar data\historical_news.json
2026-08-29 04:43:30.255 | SUCCESS  | news-filter-refresh | core.news_filter:update_calendar:177 - using local historical calendar data/historical_news.json (fallback after network failure)
2026-08-29 04:43:31.580 | WARNING  | news-filter-refresh | core.news_filter:update_calendar:168 - calendar fetch failed (HTTP 429); falling back to historical file
2026-08-29 04:43:31.585 | INFO     | news-filter-refresh | core.news_filter:_load_historical:237 - loaded 162 matching events from historical calendar data\historical_news.json
2026-08-29 04:43:31.588 | SUCCESS  | news-filter-refresh | core.news_filter:update_calendar:177 - using local historical calendar data/historical_news.json (fallback after network failure)
2026-08-29 04:43:32.884 | WARNING  | news-filter-refresh | core.news_filter:update_calendar:168 - calendar fetch failed (HTTP 429); falling back to historical file
2026-08-29 04:43:32.896 | INFO     | news-filter-refresh | core.news_filter:_load_historical:237 - loaded 162 matching events from historical calendar data\historical_news.json
2026-08-29 04:43:32.898 | SUCCESS  | news-filter-refresh | core.news_filter:update_calendar:177 - using local historical calendar data/historical_news.json (fallback after network failure)
2026-08-29 04:43:34.234 | WARNING  | news-filter-refresh | core.news_filter:update_calendar:168 - calendar fetch failed (HTTP 429); falling back to historical file
2026-08-29 04:43:34.240 | INFO     | news-filter-refresh | core.news_filter:_load_historical:237 - loaded 162 matching events from historical calendar data\historical_news.json
2026-08-29 04:43:34.244 | SUCCESS  | news-filter-refresh | core.news_filter:update_calendar:177 - using local historical calendar data/historical_news.json (fallback after network failure)
2026-08-29 04:43:35.831 | WARNING  | news-filter-refresh | core.news_filter:update_calendar:168 - calendar fetch failed (HTTP 429); falling back to historical file
2026-08-29 04:43:35.835 | INFO     | news-filter-refresh | core.news_filter:_load_historical:237 - loaded 162 matching events from historical calendar data\historical_news.json
2026-08-29 04:43:35.839 | SUCCESS  | news-filter-refresh | core.news_filter:update_calendar:177 - using local historical calendar data/historical_news.json (fallback after network failure)
2026-08-29 04:43:37.132 | WARNING  | news-filter-refresh | core.news_filter:update_calendar:168 - calendar fetch failed (HTTP 429); falling back to historical file
2026-08-29 04:43:37.138 | INFO     | news-filter-refresh | core.news_filter:_load_historical:237 - loaded 162 matching events from historical calendar data\historical_news.json
2026-08-29 04:43:37.142 | SUCCESS  | news-filter-refresh | core.news_filter:update_calendar:177 - using local historical calendar data/historical_news.json (fallback after network failure)
2026-08-29 04:43:38.431 | WARNING  | news-filter-refresh | core.news_filter:update_calendar:168 - calendar fetch failed (HTTP 429); falling back to historical file
2026-08-29 04:43:38.439 | INFO     | news-filter-refresh | core.news_filter:_load_historical:237 - loaded 162 matching events from historical calendar data\historical_news.json
2026-08-29 04:43:38.441 | SUCCESS  | news-filter-refresh | core.news_filter:update_calendar:177 - using local historical calendar data/historical_news.json (fallback after network failure)
2026-08-29 04:43:39.753 | WARNING  | news-filter-refresh | core.news_filter:update_calendar:168 - calendar fetch failed (HTTP 429); falling back to historical file
2026-08-29 04:43:39.757 | INFO     | news-filter-refresh | core.news_filter:_load_historical:237 - loaded 162 matching events from historical calendar data\historical_news.json
2026-08-29 04:43:39.763 | SUCCESS  | news-filter-refresh | core.news_filter:update_calendar:177 - using local historical calendar data/historical_news.json (fallback after network failure)
2026-08-29 04:43:41.047 | WARNING  | news-filter-refresh | core.news_filter:update_calendar:168 - calendar fetch failed (HTTP 429); falling back to historical file
2026-08-29 04:43:41.052 | INFO     | news-filter-refresh | core.news_filter:_load_historical:237 - loaded 162 matching events from historical calendar data\historical_news.json
2026-08-29 04:43:41.109 | SUCCESS  | news-filter-refresh | core.news_filter:update_calendar:177 - using local historical calendar data/historical_news.json (fallback after network failure)
2026-08-29 04:43:42.410 | WARNING  | news-filter-refresh | core.news_filter:update_calendar:168 - calendar fetch failed (HTTP 429); falling back to historical file
2026-08-29 04:43:42.414 | INFO     | news-filter-refresh | core.news_filter:_load_historical:237 - loaded 162 matching events from historical calendar data\historical_news.json
2026-08-29 04:43:42.416 | SUCCESS  | news-filter-refresh | core.news_filter:update_calendar:177 - using local historical calendar data/historical_news.json (fallback after network failure)
2026-08-29 04:43:43.722 | WARNING  | news-filter-refresh | core.news_filter:update_calendar:168 - calendar fetch failed (HTTP 429); falling back to historical file
2026-08-29 04:43:43.728 | INFO     | news-filter-refresh | core.news_filter:_load_historical:237 - loaded 162 matching events from historical calendar data\historical_news.json
2026-08-29 04:43:43.730 | SUCCESS  | news-filter-refresh | core.news_filter:update_calendar:177 - using local historical calendar data/historical_news.json (fallback after network failure)
2026-08-29 04:43:45.022 | WARNING  | news-filter-refresh | core.news_filter:update_calendar:168 - calendar fetch failed (HTTP 429); falling back to historical file
2026-08-29 04:43:45.026 | INFO     | news-filter-refresh | core.news_filter:_load_historical:237 - loaded 162 matching events from historical calendar data\historical_news.json
2026-08-29 04:43:45.028 | SUCCESS  | news-filter-refresh | core.news_filter:update_calendar:177 - using local historical calendar data/historical_news.json (fallback after network failure)
2026-08-29 04:43:46.331 | WARNING  | news-filter-refresh | core.news_filter:update_calendar:168 - calendar fetch failed (HTTP 429); falling back to historical file
2026-08-29 04:43:46.335 | INFO     | news-filter-refresh | core.news_filter:_load_historical:237 - loaded 162 matching events from historical calendar data\historical_news.json
2026-08-29 04:43:46.337 | SUCCESS  | news-filter-refresh | core.news_filter:update_calendar:177 - using local historical calendar data/historical_news.json (fallback after network failure)
2026-08-29 04:43:47.633 | WARNING  | news-filter-refresh | core.news_filter:update_calendar:168 - calendar fetch failed (HTTP 429); falling back to historical file
2026-08-29 04:43:47.639 | INFO     | news-filter-refresh | core.news_filter:_load_historical:237 - loaded 162 matching events from historical calendar data\historical_news.json
2026-08-29 04:43:47.643 | SUCCESS  | news-filter-refresh | core.news_filter:update_calendar:177 - using local historical calendar data/historical_news.json (fallback after network failure)
2026-08-29 04:43:48.959 | WARNING  | news-filter-refresh | core.news_filter:update_calendar:168 - calendar fetch failed (HTTP 429); falling back to historical file
2026-08-29 04:43:48.963 | INFO     | news-filter-refresh | core.news_filter:_load_historical:237 - loaded 162 matching events from historical calendar data\historical_news.json
2026-08-29 04:43:48.965 | SUCCESS  | news-filter-refresh | core.news_filter:update_calendar:177 - using local historical calendar data/historical_news.json (fallback after network failure)
2026-08-29 04:43:50.267 | WARNING  | news-filter-refresh | core.news_filter:update_calendar:168 - calendar fetch failed (HTTP 429); falling back to historical file
2026-08-29 04:43:50.271 | INFO     | news-filter-refresh | core.news_filter:_load_historical:237 - loaded 162 matching events from historical calendar data\historical_news.json
2026-08-29 04:43:50.273 | SUCCESS  | news-filter-refresh | core.news_filter:update_calendar:177 - using local historical calendar data/historical_news.json (fallback after network failure)
2026-08-29 04:43:51.574 | WARNING  | news-filter-refresh | core.news_filter:update_calendar:168 - calendar fetch failed (HTTP 429); falling back to historical file
2026-08-29 04:43:51.578 | INFO     | news-filter-refresh | core.news_filter:_load_historical:237 - loaded 162 matching events from historical calendar data\historical_news.json
2026-08-29 04:43:51.582 | SUCCESS  | news-filter-refresh | core.news_filter:update_calendar:177 - using local historical calendar data/historical_news.json (fallback after network failure)
2026-08-29 04:43:52.885 | WARNING  | news-filter-refresh | core.news_filter:update_calendar:168 - calendar fetch failed (HTTP 429); falling back to historical file
2026-08-29 04:43:52.891 | INFO     | news-filter-refresh | core.news_filter:_load_historical:237 - loaded 162 matching events from historical calendar data\historical_news.json
2026-08-29 04:43:52.896 | SUCCESS  | news-filter-refresh | core.news_filter:update_calendar:177 - using local historical calendar data/historical_news.json (fallback after network failure)
2026-08-29 04:43:54.187 | WARNING  | news-filter-refresh | core.news_filter:update_calendar:168 - calendar fetch failed (HTTP 429); falling back to historical file
2026-08-29 04:43:54.190 | INFO     | news-filter-refresh | core.news_filter:_load_historical:237 - loaded 162 matching events from historical calendar data\historical_news.json
2026-08-29 04:43:54.194 | SUCCESS  | news-filter-refresh | core.news_filter:update_calendar:177 - using local historical calendar data/historical_news.json (fallback after network failure)
2026-08-29 04:43:55.502 | WARNING  | news-filter-refresh | core.news_filter:update_calendar:168 - calendar fetch failed (HTTP 429); falling back to historical file
2026-08-29 04:43:55.510 | INFO     | news-filter-refresh | core.news_filter:_load_historical:237 - loaded 162 matching events from historical calendar data\historical_news.json
2026-08-29 04:43:55.512 | SUCCESS  | news-filter-refresh | core.news_filter:update_calendar:177 - using local historical calendar data/historical_news.json (fallback after network failure)
2026-08-29 04:43:56.800 | WARNING  | news-filter-refresh | core.news_filter:update_calendar:168 - calendar fetch failed (HTTP 429); falling back to historical file
2026-08-29 04:43:56.805 | INFO     | news-filter-refresh | core.news_filter:_load_historical:237 - loaded 162 matching events from historical calendar data\historical_news.json
2026-08-29 04:43:56.809 | SUCCESS  | news-filter-refresh | core.news_filter:update_calendar:177 - using local historical calendar data/historical_news.json (fallback after network failure)
2026-08-29 04:43:58.152 | WARNING  | news-filter-refresh | core.news_filter:update_calendar:168 - calendar fetch failed (HTTP 429); falling back to historical file
2026-08-29 04:43:58.156 | INFO     | news-filter-refresh | core.news_filter:_load_historical:237 - loaded 162 matching events from historical calendar data\historical_news.json
2026-08-29 04:43:58.158 | SUCCESS  | news-filter-refresh | core.news_filter:update_calendar:177 - using local historical calendar data/historical_news.json (fallback after network failure)
2026-08-29 04:43:59.454 | WARNING  | news-filter-refresh | core.news_filter:update_calendar:168 - calendar fetch failed (HTTP 429); falling back to historical file
2026-08-29 04:43:59.461 | INFO     | news-filter-refresh | core.news_filter:_load_historical:237 - loaded 162 matching events from historical calendar data\historical_news.json
2026-08-29 04:43:59.463 | SUCCESS  | news-filter-refresh | core.news_filter:update_calendar:177 - using local historical calendar data/historical_news.json (fallback after network failure)
2026-08-29 04:44:00.752 | WARNING  | news-filter-refresh | core.news_filter:update_calendar:168 - calendar fetch failed (HTTP 429); falling back to historical file
2026-08-29 04:44:00.757 | INFO     | news-filter-refresh | core.news_filter:_load_historical:237 - loaded 162 matching events from historical calendar data\historical_news.json
2026-08-29 04:44:00.759 | SUCCESS  | news-filter-refresh | core.news_filter:update_calendar:177 - using local historical calendar data/historical_news.json (fallback after network failure)
2026-08-29 04:44:02.076 | WARNING  | news-filter-refresh | core.news_filter:update_calendar:168 - calendar fetch failed (HTTP 429); falling back to historical file
2026-08-29 04:44:02.081 | INFO     | news-filter-refresh | core.news_filter:_load_historical:237 - loaded 162 matching events from historical calendar data\historical_news.json
2026-08-29 04:44:02.083 | SUCCESS  | news-filter-refresh | core.news_filter:update_calendar:177 - using local historical calendar data/historical_news.json (fallback after network failure)
2026-08-29 04:44:03.379 | WARNING  | news-filter-refresh | core.news_filter:update_calendar:168 - calendar fetch failed (HTTP 429); falling back to historical file
2026-08-29 04:44:03.387 | INFO     | news-filter-refresh | core.news_filter:_load_historical:237 - loaded 162 matching events from historical calendar data\historical_news.json
2026-08-29 04:44:03.389 | SUCCESS  | news-filter-refresh | core.news_filter:update_calendar:177 - using local historical calendar data/historical_news.json (fallback after network failure)
2026-08-29 04:44:04.693 | WARNING  | news-filter-refresh | core.news_filter:update_calendar:168 - calendar fetch failed (HTTP 429); falling back to historical file
2026-08-29 04:44:04.697 | INFO     | news-filter-refresh | core.news_filter:_load_historical:237 - loaded 162 matching events from historical calendar data\historical_news.json
2026-08-29 04:44:04.701 | SUCCESS  | news-filter-refresh | core.news_filter:update_calendar:177 - using local historical calendar data/historical_news.json (fallback after network failure)
2026-08-29 04:44:05.988 | WARNING  | news-filter-refresh | core.news_filter:update_calendar:168 - calendar fetch failed (HTTP 429); falling back to historical file
2026-08-29 04:44:05.992 | INFO     | news-filter-refresh | core.news_filter:_load_historical:237 - loaded 162 matching events from historical calendar data\historical_news.json
2026-08-29 04:44:05.997 | SUCCESS  | news-filter-refresh | core.news_filter:update_calendar:177 - using local historical calendar data/historical_news.json (fallback after network failure)
2026-08-29 04:44:07.324 | WARNING  | news-filter-refresh | core.news_filter:update_calendar:168 - calendar fetch failed (HTTP 429); falling back to historical file
2026-08-29 04:44:07.328 | INFO     | news-filter-refresh | core.news_filter:_load_historical:237 - loaded 162 matching events from historical calendar data\historical_news.json
2026-08-29 04:44:07.330 | SUCCESS  | news-filter-refresh | core.news_filter:update_calendar:177 - using local historical calendar data/historical_news.json (fallback after network failure)
2026-08-29 04:44:08.652 | WARNING  | news-filter-refresh | core.news_filter:update_calendar:168 - calendar fetch failed (HTTP 429); falling back to historical file
2026-08-29 04:44:08.656 | INFO     | news-filter-refresh | core.news_filter:_load_historical:237 - loaded 162 matching events from historical calendar data\historical_news.json
2026-08-29 04:44:08.661 | SUCCESS  | news-filter-refresh | core.news_filter:update_calendar:177 - using local historical calendar data/historical_news.json (fallback after network failure)
2026-08-29 04:44:09.953 | WARNING  | news-filter-refresh | core.news_filter:update_calendar:168 - calendar fetch failed (HTTP 429); falling back to historical file
2026-08-29 04:44:09.957 | INFO     | news-filter-refresh | core.news_filter:_load_historical:237 - loaded 162 matching events from historical calendar data\historical_news.json
2026-08-29 04:44:09.963 | SUCCESS  | news-filter-refresh | core.news_filter:update_calendar:177 - using local historical calendar data/historical_news.json (fallback after network failure)
2026-08-29 04:44:11.281 | WARNING  | news-filter-refresh | core.news_filter:update_calendar:168 - calendar fetch failed (HTTP 429); falling back to historical file
2026-08-29 04:44:11.285 | INFO     | news-filter-refresh | core.news_filter:_load_historical:237 - loaded 162 matching events from historical calendar data\historical_news.json
2026-08-29 04:44:11.289 | SUCCESS  | news-filter-refresh | core.news_filter:update_calendar:177 - using local historical calendar data/historical_news.json (fallback after network failure)
2026-08-29 04:44:12.582 | WARNING  | news-filter-refresh | core.news_filter:update_calendar:168 - calendar fetch failed (HTTP 429); falling back to historical file
2026-08-29 04:44:12.586 | INFO     | news-filter-refresh | core.news_filter:_load_historical:237 - loaded 162 matching events from historical calendar data\historical_news.json
2026-08-29 04:44:12.588 | SUCCESS  | news-filter-refresh | core.news_filter:update_calendar:177 - using local historical calendar data/historical_news.json (fallback after network failure)
2026-08-29 04:44:13.887 | WARNING  | news-filter-refresh | core.news_filter:update_calendar:168 - calendar fetch failed (HTTP 429); falling back to historical file
2026-08-29 04:44:13.891 | INFO     | news-filter-refresh | core.news_filter:_load_historical:237 - loaded 162 matching events from historical calendar data\historical_news.json
2026-08-29 04:44:13.894 | SUCCESS  | news-filter-refresh | core.news_filter:update_calendar:177 - using local historical calendar data/historical_news.json (fallback after network failure)
2026-08-29 04:44:15.242 | WARNING  | news-filter-refresh | core.news_filter:update_calendar:168 - calendar fetch failed (HTTP 429); falling back to historical file
2026-08-29 04:44:15.248 | INFO     | news-filter-refresh | core.news_filter:_load_historical:237 - loaded 162 matching events from historical calendar data\historical_news.json
2026-08-29 04:44:15.250 | SUCCESS  | news-filter-refresh | core.news_filter:update_calendar:177 - using local historical calendar data/historical_news.json (fallback after network failure)
2026-08-29 04:44:16.543 | WARNING  | news-filter-refresh | core.news_filter:update_calendar:168 - calendar fetch failed (HTTP 429); falling back to historical file
2026-08-29 04:44:16.547 | INFO     | news-filter-refresh | core.news_filter:_load_historical:237 - loaded 162 matching events from historical calendar data\historical_news.json
2026-08-29 04:44:16.550 | SUCCESS  | news-filter-refresh | core.news_filter:update_calendar:177 - using local historical calendar data/historical_news.json (fallback after network failure)
2026-08-29 04:44:17.848 | WARNING  | news-filter-refresh | core.news_filter:update_calendar:168 - calendar fetch failed (HTTP 429); falling back to historical file
2026-08-29 04:44:17.852 | INFO     | news-filter-refresh | core.news_filter:_load_historical:237 - loaded 162 matching events from historical calendar data\historical_news.json
2026-08-29 04:44:17.854 | SUCCESS  | news-filter-refresh | core.news_filter:update_calendar:177 - using local historical calendar data/historical_news.json (fallback after network failure)
2026-08-29 04:44:19.151 | WARNING  | news-filter-refresh | core.news_filter:update_calendar:168 - calendar fetch failed (HTTP 429); falling back to historical file
2026-08-29 04:44:19.156 | INFO     | news-filter-refresh | core.news_filter:_load_historical:237 - loaded 162 matching events from historical calendar data\historical_news.json
2026-08-29 04:44:19.158 | SUCCESS  | news-filter-refresh | core.news_filter:update_calendar:177 - using local historical calendar data/historical_news.json (fallback after network failure)
2026-08-29 04:44:20.455 | WARNING  | news-filter-refresh | core.news_filter:update_calendar:168 - calendar fetch failed (HTTP 429); falling back to historical file
2026-08-29 04:44:20.461 | INFO     | news-filter-refresh | core.news_filter:_load_historical:237 - loaded 162 matching events from historical calendar data\historical_news.json
2026-08-29 04:44:20.463 | SUCCESS  | news-filter-refresh | core.news_filter:update_calendar:177 - using local historical calendar data/historical_news.json (fallback after network failure)
2026-08-29 04:44:21.753 | WARNING  | news-filter-refresh | core.news_filter:update_calendar:168 - calendar fetch failed (HTTP 429); falling back to historical file
2026-08-29 04:44:21.759 | INFO     | news-filter-refresh | core.news_filter:_load_historical:237 - loaded 162 matching events from historical calendar data\historical_news.json
2026-08-29 04:44:21.763 | SUCCESS  | news-filter-refresh | core.news_filter:update_calendar:177 - using local historical calendar data/historical_news.json (fallback after network failure)
2026-08-29 04:44:23.059 | WARNING  | news-filter-refresh | core.news_filter:update_calendar:168 - calendar fetch failed (HTTP 429); falling back to historical file
2026-08-29 04:44:23.063 | INFO     | news-filter-refresh | core.news_filter:_load_historical:237 - loaded 162 matching events from historical calendar data\historical_news.json
2026-08-29 04:44:23.067 | SUCCESS  | news-filter-refresh | core.news_filter:update_calendar:177 - using local historical calendar data/historical_news.json (fallback after network failure)
2026-08-29 04:44:24.379 | WARNING  | news-filter-refresh | core.news_filter:update_calendar:168 - calendar fetch failed (HTTP 429); falling back to historical file
2026-08-29 04:44:24.381 | INFO     | news-filter-refresh | core.news_filter:_load_historical:237 - loaded 162 matching events from historical calendar data\historical_news.json
2026-08-29 04:44:24.385 | SUCCESS  | news-filter-refresh | core.news_filter:update_calendar:177 - using local historical calendar data/historical_news.json (fallback after network failure)
2026-08-29 04:44:25.686 | WARNING  | news-filter-refresh | core.news_filter:update_calendar:168 - calendar fetch failed (HTTP 429); falling back to historical file
2026-08-29 04:44:25.690 | INFO     | news-filter-refresh | core.news_filter:_load_historical:237 - loaded 162 matching events from historical calendar data\historical_news.json
2026-08-29 04:44:25.692 | SUCCESS  | news-filter-refresh | core.news_filter:update_calendar:177 - using local historical calendar data/historical_news.json (fallback after network failure)
2026-08-29 04:44:26.994 | WARNING  | news-filter-refresh | core.news_filter:update_calendar:168 - calendar fetch failed (HTTP 429); falling back to historical file
2026-08-29 04:44:26.998 | INFO     | news-filter-refresh | core.news_filter:_load_historical:237 - loaded 162 matching events from historical calendar data\historical_news.json
2026-08-29 04:44:27.002 | SUCCESS  | news-filter-refresh | core.news_filter:update_calendar:177 - using local historical calendar data/historical_news.json (fallback after network failure)
2026-08-29 04:44:28.296 | WARNING  | news-filter-refresh | core.news_filter:update_calendar:168 - calendar fetch failed (HTTP 429); falling back to historical file
2026-08-29 04:44:28.301 | INFO     | news-filter-refresh | core.news_filter:_load_historical:237 - loaded 162 matching events from historical calendar data\historical_news.json
2026-08-29 04:44:28.303 | SUCCESS  | news-filter-refresh | core.news_filter:update_calendar:177 - using local historical calendar data/historical_news.json (fallback after network failure)
2026-08-29 04:44:29.596 | WARNING  | news-filter-refresh | core.news_filter:update_calendar:168 - calendar fetch failed (HTTP 429); falling back to historical file
2026-08-29 04:44:29.600 | INFO     | news-filter-refresh | core.news_filter:_load_historical:237 - loaded 162 matching events from historical calendar data\historical_news.json
2026-08-29 04:44:29.604 | SUCCESS  | news-filter-refresh | core.news_filter:update_calendar:177 - using local historical calendar data/historical_news.json (fallback after network failure)
2026-08-29 04:44:30.900 | WARNING  | news-filter-refresh | core.news_filter:update_calendar:168 - calendar fetch failed (HTTP 429); falling back to historical file
2026-08-29 04:44:30.904 | INFO     | news-filter-refresh | core.news_filter:_load_historical:237 - loaded 162 matching events from historical calendar data\historical_news.json
2026-08-29 04:44:30.910 | SUCCESS  | news-filter-refresh | core.news_filter:update_calendar:177 - using local historical calendar data/historical_news.json (fallback after network failure)
2026-08-29 04:44:32.204 | WARNING  | news-filter-refresh | core.news_filter:update_calendar:168 - calendar fetch failed (HTTP 429); falling back to historical file
2026-08-29 04:44:32.207 | INFO     | news-filter-refresh | core.news_filter:_load_historical:237 - loaded 162 matching events from historical calendar data\historical_news.json
2026-08-29 04:44:32.209 | SUCCESS  | news-filter-refresh | core.news_filter:update_calendar:177 - using local historical calendar data/historical_news.json (fallback after network failure)
2026-08-29 04:44:33.577 | WARNING  | news-filter-refresh | core.news_filter:update_calendar:168 - calendar fetch failed (HTTP 429); falling back to historical file
2026-08-29 04:44:33.582 | INFO     | news-filter-refresh | core.news_filter:_load_historical:237 - loaded 162 matching events from historical calendar data\historical_news.json
2026-08-29 04:44:33.590 | SUCCESS  | news-filter-refresh | core.news_filter:update_calendar:177 - using local historical calendar data/historical_news.json (fallback after network failure)
2026-08-29 04:44:34.908 | WARNING  | news-filter-refresh | core.news_filter:update_calendar:168 - calendar fetch failed (HTTP 429); falling back to historical file
2026-08-29 04:44:34.912 | INFO     | news-filter-refresh | core.news_filter:_load_historical:237 - loaded 162 matching events from historical calendar data\historical_news.json
2026-08-29 04:44:34.914 | SUCCESS  | news-filter-refresh | core.news_filter:update_calendar:177 - using local historical calendar data/historical_news.json (fallback after network failure)
2026-08-29 04:44:36.233 | SUCCESS  | news-filter-refresh | core.news_filter:update_calendar:160 - calendar refreshed: 4 high-impact USD events loaded (network)
2026-08-29 04:44:37.580 | SUCCESS  | news-filter-refresh | core.news_filter:update_calendar:160 - calendar refreshed: 4 high-impact USD events loaded (network)
2026-08-29 04:44:38.887 | WARNING  | news-filter-refresh | core.news_filter:update_calendar:168 - calendar fetch failed (HTTP 429); falling back to historical file
2026-08-29 04:44:38.898 | INFO     | news-filter-refresh | core.news_filter:_load_historical:237 - loaded 162 matching events from historical calendar data\historical_news.json
2026-08-29 04:44:38.901 | SUCCESS  | news-filter-refresh | core.news_filter:update_calendar:177 - using local historical calendar data/historical_news.json (fallback after network failure)
2026-08-29 04:44:40.193 | WARNING  | news-filter-refresh | core.news_filter:update_calendar:168 - calendar fetch failed (HTTP 429); falling back to historical file
2026-08-29 04:44:40.197 | INFO     | news-filter-refresh | core.news_filter:_load_historical:237 - loaded 162 matching events from historical calendar data\historical_news.json
2026-08-29 04:44:40.199 | SUCCESS  | news-filter-refresh | core.news_filter:update_calendar:177 - using local historical calendar data/historical_news.json (fallback after network failure)
2026-08-29 04:44:41.526 | WARNING  | news-filter-refresh | core.news_filter:update_calendar:168 - calendar fetch failed (HTTP 429); falling back to historical file
2026-08-29 04:44:41.532 | INFO     | news-filter-refresh | core.news_filter:_load_historical:237 - loaded 162 matching events from historical calendar data\historical_news.json
2026-08-29 04:44:41.534 | SUCCESS  | news-filter-refresh | core.news_filter:update_calendar:177 - using local historical calendar data/historical_news.json (fallback after network failure)
2026-08-29 04:44:42.838 | WARNING  | news-filter-refresh | core.news_filter:update_calendar:168 - calendar fetch failed (HTTP 429); falling back to historical file
2026-08-29 04:44:42.844 | INFO     | news-filter-refresh | core.news_filter:_load_historical:237 - loaded 162 matching events from historical calendar data\historical_news.json
2026-08-29 04:44:42.846 | SUCCESS  | news-filter-refresh | core.news_filter:update_calendar:177 - using local historical calendar data/historical_news.json (fallback after network failure)
2026-08-29 04:44:44.153 | WARNING  | news-filter-refresh | core.news_filter:update_calendar:168 - calendar fetch failed (HTTP 429); falling back to historical file
2026-08-29 04:44:44.157 | INFO     | news-filter-refresh | core.news_filter:_load_historical:237 - loaded 162 matching events from historical calendar data\historical_news.json
2026-08-29 04:44:44.161 | SUCCESS  | news-filter-refresh | core.news_filter:update_calendar:177 - using local historical calendar data/historical_news.json (fallback after network failure)
2026-08-29 04:44:45.454 | WARNING  | news-filter-refresh | core.news_filter:update_calendar:168 - calendar fetch failed (HTTP 429); falling back to historical file
2026-08-29 04:44:45.460 | INFO     | news-filter-refresh | core.news_filter:_load_historical:237 - loaded 162 matching events from historical calendar data\historical_news.json
2026-08-29 04:44:45.462 | SUCCESS  | news-filter-refresh | core.news_filter:update_calendar:177 - using local historical calendar data/historical_news.json (fallback after network failure)
2026-08-29 04:44:46.803 | WARNING  | news-filter-refresh | core.news_filter:update_calendar:168 - calendar fetch failed (HTTP 429); falling back to historical file
2026-08-29 04:44:46.807 | INFO     | news-filter-refresh | core.news_filter:_load_historical:237 - loaded 162 matching events from historical calendar data\historical_news.json
2026-08-29 04:44:46.809 | SUCCESS  | news-filter-refresh | core.news_filter:update_calendar:177 - using local historical calendar data/historical_news.json (fallback after network failure)
2026-08-29 04:44:48.104 | WARNING  | news-filter-refresh | core.news_filter:update_calendar:168 - calendar fetch failed (HTTP 429); falling back to historical file
2026-08-29 04:44:48.110 | INFO     | news-filter-refresh | core.news_filter:_load_historical:237 - loaded 162 matching events from historical calendar data\historical_news.json
2026-08-29 04:44:48.114 | SUCCESS  | news-filter-refresh | core.news_filter:update_calendar:177 - using local historical calendar data/historical_news.json (fallback after network failure)
2026-08-29 04:44:49.436 | WARNING  | news-filter-refresh | core.news_filter:update_calendar:168 - calendar fetch failed (HTTP 429); falling back to historical file
2026-08-29 04:44:49.440 | INFO     | news-filter-refresh | core.news_filter:_load_historical:237 - loaded 162 matching events from historical calendar data\historical_news.json
2026-08-29 04:44:49.444 | SUCCESS  | news-filter-refresh | core.news_filter:update_calendar:177 - using local historical calendar data/historical_news.json (fallback after network failure)
2026-08-29 04:44:50.768 | WARNING  | news-filter-refresh | core.news_filter:update_calendar:168 - calendar fetch failed (HTTP 429); falling back to historical file
2026-08-29 04:44:50.772 | INFO     | news-filter-refresh | core.news_filter:_load_historical:237 - loaded 162 matching events from historical calendar data\historical_news.json
2026-08-29 04:44:50.776 | SUCCESS  | news-filter-refresh | core.news_filter:update_calendar:177 - using local historical calendar data/historical_news.json (fallback after network failure)
2026-08-29 04:44:52.063 | WARNING  | news-filter-refresh | core.news_filter:update_calendar:168 - calendar fetch failed (HTTP 429); falling back to historical file
2026-08-29 04:44:52.067 | INFO     | news-filter-refresh | core.news_filter:_load_historical:237 - loaded 162 matching events from historical calendar data\historical_news.json
2026-08-29 04:44:52.071 | SUCCESS  | news-filter-refresh | core.news_filter:update_calendar:177 - using local historical calendar data/historical_news.json (fallback after network failure)
2026-08-29 04:44:53.367 | WARNING  | news-filter-refresh | core.news_filter:update_calendar:168 - calendar fetch failed (HTTP 429); falling back to historical file
2026-08-29 04:44:53.371 | INFO     | news-filter-refresh | core.news_filter:_load_historical:237 - loaded 162 matching events from historical calendar data\historical_news.json
2026-08-29 04:44:53.373 | SUCCESS  | news-filter-refresh | core.news_filter:update_calendar:177 - using local historical calendar data/historical_news.json (fallback after network failure)
2026-08-29 04:44:54.679 | WARNING  | news-filter-refresh | core.news_filter:update_calendar:168 - calendar fetch failed (HTTP 429); falling back to historical file
2026-08-29 04:44:54.683 | INFO     | news-filter-refresh | core.news_filter:_load_historical:237 - loaded 162 matching events from historical calendar data\historical_news.json
2026-08-29 04:44:54.687 | SUCCESS  | news-filter-refresh | core.news_filter:update_calendar:177 - using local historical calendar data/historical_news.json (fallback after network failure)
2026-08-29 04:44:55.989 | WARNING  | news-filter-refresh | core.news_filter:update_calendar:168 - calendar fetch failed (HTTP 429); falling back to historical file
2026-08-29 04:44:55.993 | INFO     | news-filter-refresh | core.news_filter:_load_historical:237 - loaded 162 matching events from historical calendar data\historical_news.json
2026-08-29 04:44:55.997 | SUCCESS  | news-filter-refresh | core.news_filter:update_calendar:177 - using local historical calendar data/historical_news.json (fallback after network failure)
2026-08-29 04:44:57.310 | WARNING  | news-filter-refresh | core.news_filter:update_calendar:168 - calendar fetch failed (HTTP 429); falling back to historical file
2026-08-29 04:44:57.314 | INFO     | news-filter-refresh | core.news_filter:_load_historical:237 - loaded 162 matching events from historical calendar data\historical_news.json
2026-08-29 04:44:57.318 | SUCCESS  | news-filter-refresh | core.news_filter:update_calendar:177 - using local historical calendar data/historical_news.json (fallback after network failure)
2026-08-29 04:44:58.650 | WARNING  | news-filter-refresh | core.news_filter:update_calendar:168 - calendar fetch failed (HTTP 429); falling back to historical file
2026-08-29 04:44:58.656 | INFO     | news-filter-refresh | core.news_filter:_load_historical:237 - loaded 162 matching events from historical calendar data\historical_news.json
2026-08-29 04:44:58.658 | SUCCESS  | news-filter-refresh | core.news_filter:update_calendar:177 - using local historical calendar data/historical_news.json (fallback after network failure)
2026-08-29 04:44:59.966 | WARNING  | news-filter-refresh | core.news_filter:update_calendar:168 - calendar fetch failed (HTTP 429); falling back to historical file
2026-08-29 04:44:59.972 | INFO     | news-filter-refresh | core.news_filter:_load_historical:237 - loaded 162 matching events from historical calendar data\historical_news.json
2026-08-29 04:44:59.974 | SUCCESS  | news-filter-refresh | core.news_filter:update_calendar:177 - using local historical calendar data/historical_news.json (fallback after network failure)
2026-08-29 04:45:01.280 | WARNING  | news-filter-refresh | core.news_filter:update_calendar:168 - calendar fetch failed (HTTP 429); falling back to historical file
2026-08-29 04:45:01.283 | INFO     | news-filter-refresh | core.news_filter:_load_historical:237 - loaded 162 matching events from historical calendar data\historical_news.json
2026-08-29 04:45:01.287 | SUCCESS  | news-filter-refresh | core.news_filter:update_calendar:177 - using local historical calendar data/historical_news.json (fallback after network failure)
2026-08-29 04:45:02.582 | WARNING  | news-filter-refresh | core.news_filter:update_calendar:168 - calendar fetch failed (HTTP 429); falling back to historical file
2026-08-29 04:45:02.586 | INFO     | news-filter-refresh | core.news_filter:_load_historical:237 - loaded 162 matching events from historical calendar data\historical_news.json
2026-08-29 04:45:02.590 | SUCCESS  | news-filter-refresh | core.news_filter:update_calendar:177 - using local historical calendar data/historical_news.json (fallback after network failure)
2026-08-29 04:45:04.323 | WARNING  | news-filter-refresh | core.news_filter:update_calendar:168 - calendar fetch failed (HTTP 429); falling back to historical file
2026-08-29 04:45:04.329 | INFO     | news-filter-refresh | core.news_filter:_load_historical:237 - loaded 162 matching events from historical calendar data\historical_news.json
2026-08-29 04:45:04.331 | SUCCESS  | news-filter-refresh | core.news_filter:update_calendar:177 - using local historical calendar data/historical_news.json (fallback after network failure)
2026-08-29 04:45:05.623 | WARNING  | news-filter-refresh | core.news_filter:update_calendar:168 - calendar fetch failed (HTTP 429); falling back to historical file
2026-08-29 04:45:05.627 | INFO     | news-filter-refresh | core.news_filter:_load_historical:237 - loaded 162 matching events from historical calendar data\historical_news.json
2026-08-29 04:45:05.631 | SUCCESS  | news-filter-refresh | core.news_filter:update_calendar:177 - using local historical calendar data/historical_news.json (fallback after network failure)
2026-08-29 04:45:06.919 | WARNING  | news-filter-refresh | core.news_filter:update_calendar:168 - calendar fetch failed (HTTP 429); falling back to historical file
2026-08-29 04:45:06.923 | INFO     | news-filter-refresh | core.news_filter:_load_historical:237 - loaded 162 matching events from historical calendar data\historical_news.json
2026-08-29 04:45:06.926 | SUCCESS  | news-filter-refresh | core.news_filter:update_calendar:177 - using local historical calendar data/historical_news.json (fallback after network failure)
2026-08-29 04:45:08.276 | WARNING  | news-filter-refresh | core.news_filter:update_calendar:168 - calendar fetch failed (HTTP 429); falling back to historical file
2026-08-29 04:45:08.280 | INFO     | news-filter-refresh | core.news_filter:_load_historical:237 - loaded 162 matching events from historical calendar data\historical_news.json
2026-08-29 04:45:08.284 | SUCCESS  | news-filter-refresh | core.news_filter:update_calendar:177 - using local historical calendar data/historical_news.json (fallback after network failure)
2026-08-29 04:45:09.587 | WARNING  | news-filter-refresh | core.news_filter:update_calendar:168 - calendar fetch failed (HTTP 429); falling back to historical file
2026-08-29 04:45:09.591 | INFO     | news-filter-refresh | core.news_filter:_load_historical:237 - loaded 162 matching events from historical calendar data\historical_news.json
2026-08-29 04:45:09.593 | SUCCESS  | news-filter-refresh | core.news_filter:update_calendar:177 - using local historical calendar data/historical_news.json (fallback after network failure)
2026-08-29 04:45:10.880 | WARNING  | news-filter-refresh | core.news_filter:update_calendar:168 - calendar fetch failed (HTTP 429); falling back to historical file
2026-08-29 04:45:10.883 | INFO     | news-filter-refresh | core.news_filter:_load_historical:237 - loaded 162 matching events from historical calendar data\historical_news.json
2026-08-29 04:45:10.885 | SUCCESS  | news-filter-refresh | core.news_filter:update_calendar:177 - using local historical calendar data/historical_news.json (fallback after network failure)
2026-08-29 04:45:12.195 | WARNING  | news-filter-refresh | core.news_filter:update_calendar:168 - calendar fetch failed (HTTP 429); falling back to historical file
2026-08-29 04:45:12.199 | INFO     | news-filter-refresh | core.news_filter:_load_historical:237 - loaded 162 matching events from historical calendar data\historical_news.json
2026-08-29 04:45:12.205 | SUCCESS  | news-filter-refresh | core.news_filter:update_calendar:177 - using local historical calendar data/historical_news.json (fallback after network failure)
2026-08-29 04:45:13.493 | WARNING  | news-filter-refresh | core.news_filter:update_calendar:168 - calendar fetch failed (HTTP 429); falling back to historical file
2026-08-29 04:45:13.497 | INFO     | news-filter-refresh | core.news_filter:_load_historical:237 - loaded 162 matching events from historical calendar data\historical_news.json
2026-08-29 04:45:13.501 | SUCCESS  | news-filter-refresh | core.news_filter:update_calendar:177 - using local historical calendar data/historical_news.json (fallback after network failure)
2026-08-29 04:45:14.801 | WARNING  | news-filter-refresh | core.news_filter:update_calendar:168 - calendar fetch failed (HTTP 429); falling back to historical file
2026-08-29 04:45:14.805 | INFO     | news-filter-refresh | core.news_filter:_load_historical:237 - loaded 162 matching events from historical calendar data\historical_news.json
2026-08-29 04:45:14.811 | SUCCESS  | news-filter-refresh | core.news_filter:update_calendar:177 - using local historical calendar data/historical_news.json (fallback after network failure)
2026-08-29 04:45:16.106 | WARNING  | news-filter-refresh | core.news_filter:update_calendar:168 - calendar fetch failed (HTTP 429); falling back to historical file
2026-08-29 04:45:16.112 | INFO     | news-filter-refresh | core.news_filter:_load_historical:237 - loaded 162 matching events from historical calendar data\historical_news.json
2026-08-29 04:45:16.114 | SUCCESS  | news-filter-refresh | core.news_filter:update_calendar:177 - using local historical calendar data/historical_news.json (fallback after network failure)
2026-08-29 04:45:17.422 | WARNING  | news-filter-refresh | core.news_filter:update_calendar:168 - calendar fetch failed (HTTP 429); falling back to historical file
2026-08-29 04:45:17.426 | INFO     | news-filter-refresh | core.news_filter:_load_historical:237 - loaded 162 matching events from historical calendar data\historical_news.json
2026-08-29 04:45:17.428 | SUCCESS  | news-filter-refresh | core.news_filter:update_calendar:177 - using local historical calendar data/historical_news.json (fallback after network failure)
2026-08-29 04:45:18.725 | WARNING  | news-filter-refresh | core.news_filter:update_calendar:168 - calendar fetch failed (HTTP 429); falling back to historical file
2026-08-29 04:45:18.729 | INFO     | news-filter-refresh | core.news_filter:_load_historical:237 - loaded 162 matching events from historical calendar data\historical_news.json
2026-08-29 04:45:18.733 | SUCCESS  | news-filter-refresh | core.news_filter:update_calendar:177 - using local historical calendar data/historical_news.json (fallback after network failure)
2026-08-29 04:45:20.026 | WARNING  | news-filter-refresh | core.news_filter:update_calendar:168 - calendar fetch failed (HTTP 429); falling back to historical file
2026-08-29 04:45:20.030 | INFO     | news-filter-refresh | core.news_filter:_load_historical:237 - loaded 162 matching events from historical calendar data\historical_news.json
2026-08-29 04:45:20.034 | SUCCESS  | news-filter-refresh | core.news_filter:update_calendar:177 - using local historical calendar data/historical_news.json (fallback after network failure)
2026-08-29 04:45:21.353 | WARNING  | news-filter-refresh | core.news_filter:update_calendar:168 - calendar fetch failed (HTTP 429); falling back to historical file
2026-08-29 04:45:21.357 | INFO     | news-filter-refresh | core.news_filter:_load_historical:237 - loaded 162 matching events from historical calendar data\historical_news.json
2026-08-29 04:45:21.359 | SUCCESS  | news-filter-refresh | core.news_filter:update_calendar:177 - using local historical calendar data/historical_news.json (fallback after network failure)
2026-08-29 04:45:22.653 | WARNING  | news-filter-refresh | core.news_filter:update_calendar:168 - calendar fetch failed (HTTP 429); falling back to historical file
2026-08-29 04:45:22.660 | INFO     | news-filter-refresh | core.news_filter:_load_historical:237 - loaded 162 matching events from historical calendar data\historical_news.json
2026-08-29 04:45:22.662 | SUCCESS  | news-filter-refresh | core.news_filter:update_calendar:177 - using local historical calendar data/historical_news.json (fallback after network failure)
2026-08-29 04:45:23.975 | WARNING  | news-filter-refresh | core.news_filter:update_calendar:168 - calendar fetch failed (HTTP 429); falling back to historical file
2026-08-29 04:45:23.979 | INFO     | news-filter-refresh | core.news_filter:_load_historical:237 - loaded 162 matching events from historical calendar data\historical_news.json
2026-08-29 04:45:23.983 | SUCCESS  | news-filter-refresh | core.news_filter:update_calendar:177 - using local historical calendar data/historical_news.json (fallback after network failure)
2026-08-29 04:45:25.305 | WARNING  | news-filter-refresh | core.news_filter:update_calendar:168 - calendar fetch failed (HTTP 429); falling back to historical file
2026-08-29 04:45:25.309 | INFO     | news-filter-refresh | core.news_filter:_load_historical:237 - loaded 162 matching events from historical calendar data\historical_news.json
2026-08-29 04:45:25.311 | SUCCESS  | news-filter-refresh | core.news_filter:update_calendar:177 - using local historical calendar data/historical_news.json (fallback after network failure)
2026-08-29 04:45:26.630 | WARNING  | news-filter-refresh | core.news_filter:update_calendar:168 - calendar fetch failed (HTTP 429); falling back to historical file
2026-08-29 04:45:26.633 | INFO     | news-filter-refresh | core.news_filter:_load_historical:237 - loaded 162 matching events from historical calendar data\historical_news.json
2026-08-29 04:45:26.636 | SUCCESS  | news-filter-refresh | core.news_filter:update_calendar:177 - using local historical calendar data/historical_news.json (fallback after network failure)
2026-08-29 04:45:27.928 | WARNING  | news-filter-refresh | core.news_filter:update_calendar:168 - calendar fetch failed (HTTP 429); falling back to historical file
2026-08-29 04:45:27.932 | INFO     | news-filter-refresh | core.news_filter:_load_historical:237 - loaded 162 matching events from historical calendar data\historical_news.json
2026-08-29 04:45:27.936 | SUCCESS  | news-filter-refresh | core.news_filter:update_calendar:177 - using local historical calendar data/historical_news.json (fallback after network failure)
2026-08-29 04:45:29.251 | WARNING  | news-filter-refresh | core.news_filter:update_calendar:168 - calendar fetch failed (HTTP 429); falling back to historical file
2026-08-29 04:45:29.255 | INFO     | news-filter-refresh | core.news_filter:_load_historical:237 - loaded 162 matching events from historical calendar data\historical_news.json
2026-08-29 04:45:29.257 | SUCCESS  | news-filter-refresh | core.news_filter:update_calendar:177 - using local historical calendar data/historical_news.json (fallback after network failure)
2026-08-29 04:45:30.586 | WARNING  | news-filter-refresh | core.news_filter:update_calendar:168 - calendar fetch failed (HTTP 429); falling back to historical file
2026-08-29 04:45:30.590 | INFO     | news-filter-refresh | core.news_filter:_load_historical:237 - loaded 162 matching events from historical calendar data\historical_news.json
2026-08-29 04:45:30.592 | SUCCESS  | news-filter-refresh | core.news_filter:update_calendar:177 - using local historical calendar data/historical_news.json (fallback after network failure)
2026-08-29 04:45:31.908 | WARNING  | news-filter-refresh | core.news_filter:update_calendar:168 - calendar fetch failed (HTTP 429); falling back to historical file
2026-08-29 04:45:31.912 | INFO     | news-filter-refresh | core.news_filter:_load_historical:237 - loaded 162 matching events from historical calendar data\historical_news.json
2026-08-29 04:45:31.914 | SUCCESS  | news-filter-refresh | core.news_filter:update_calendar:177 - using local historical calendar data/historical_news.json (fallback after network failure)
2026-08-29 04:45:33.207 | WARNING  | news-filter-refresh | core.news_filter:update_calendar:168 - calendar fetch failed (HTTP 429); falling back to historical file
2026-08-29 04:45:33.211 | INFO     | news-filter-refresh | core.news_filter:_load_historical:237 - loaded 162 matching events from historical calendar data\historical_news.json
2026-08-29 04:45:33.213 | SUCCESS  | news-filter-refresh | core.news_filter:update_calendar:177 - using local historical calendar data/historical_news.json (fallback after network failure)
2026-08-29 04:45:34.607 | WARNING  | news-filter-refresh | core.news_filter:update_calendar:168 - calendar fetch failed (HTTP 429); falling back to historical file
2026-08-29 04:45:34.611 | INFO     | news-filter-refresh | core.news_filter:_load_historical:237 - loaded 162 matching events from historical calendar data\historical_news.json
2026-08-29 04:45:34.614 | SUCCESS  | news-filter-refresh | core.news_filter:update_calendar:177 - using local historical calendar data/historical_news.json (fallback after network failure)
2026-08-29 04:45:35.984 | WARNING  | news-filter-refresh | core.news_filter:update_calendar:168 - calendar fetch failed (HTTP 429); falling back to historical file
2026-08-29 04:45:35.989 | INFO     | news-filter-refresh | core.news_filter:_load_historical:237 - loaded 162 matching events from historical calendar data\historical_news.json
2026-08-29 04:45:35.991 | SUCCESS  | news-filter-refresh | core.news_filter:update_calendar:177 - using local historical calendar data/historical_news.json (fallback after network failure)
2026-08-29 04:45:37.284 | WARNING  | news-filter-refresh | core.news_filter:update_calendar:168 - calendar fetch failed (HTTP 429); falling back to historical file
2026-08-29 04:45:37.288 | INFO     | news-filter-refresh | core.news_filter:_load_historical:237 - loaded 162 matching events from historical calendar data\historical_news.json
2026-08-29 04:45:37.292 | SUCCESS  | news-filter-refresh | core.news_filter:update_calendar:177 - using local historical calendar data/historical_news.json (fallback after network failure)
2026-08-29 04:45:38.602 | WARNING  | news-filter-refresh | core.news_filter:update_calendar:168 - calendar fetch failed (HTTP 429); falling back to historical file
2026-08-29 04:45:38.606 | INFO     | news-filter-refresh | core.news_filter:_load_historical:237 - loaded 162 matching events from historical calendar data\historical_news.json
2026-08-29 04:45:38.608 | SUCCESS  | news-filter-refresh | core.news_filter:update_calendar:177 - using local historical calendar data/historical_news.json (fallback after network failure)
2026-08-29 04:45:39.915 | WARNING  | news-filter-refresh | core.news_filter:update_calendar:168 - calendar fetch failed (HTTP 429); falling back to historical file
2026-08-29 04:45:39.919 | INFO     | news-filter-refresh | core.news_filter:_load_historical:237 - loaded 162 matching events from historical calendar data\historical_news.json
2026-08-29 04:45:39.921 | SUCCESS  | news-filter-refresh | core.news_filter:update_calendar:177 - using local historical calendar data/historical_news.json (fallback after network failure)
2026-08-29 04:45:41.278 | WARNING  | news-filter-refresh | core.news_filter:update_calendar:168 - calendar fetch failed (HTTP 429); falling back to historical file
2026-08-29 04:45:41.284 | INFO     | news-filter-refresh | core.news_filter:_load_historical:237 - loaded 162 matching events from historical calendar data\historical_news.json
2026-08-29 04:45:41.288 | SUCCESS  | news-filter-refresh | core.news_filter:update_calendar:177 - using local historical calendar data/historical_news.json (fallback after network failure)
2026-08-29 04:45:42.608 | WARNING  | news-filter-refresh | core.news_filter:update_calendar:168 - calendar fetch failed (HTTP 429); falling back to historical file
2026-08-29 04:45:42.612 | INFO     | news-filter-refresh | core.news_filter:_load_historical:237 - loaded 162 matching events from historical calendar data\historical_news.json
2026-08-29 04:45:42.614 | SUCCESS  | news-filter-refresh | core.news_filter:update_calendar:177 - using local historical calendar data/historical_news.json (fallback after network failure)
2026-08-29 04:45:43.925 | WARNING  | news-filter-refresh | core.news_filter:update_calendar:168 - calendar fetch failed (HTTP 429); falling back to historical file
2026-08-29 04:45:43.928 | INFO     | news-filter-refresh | core.news_filter:_load_historical:237 - loaded 162 matching events from historical calendar data\historical_news.json
2026-08-29 04:45:43.930 | SUCCESS  | news-filter-refresh | core.news_filter:update_calendar:177 - using local historical calendar data/historical_news.json (fallback after network failure)
2026-08-29 04:45:45.244 | WARNING  | news-filter-refresh | core.news_filter:update_calendar:168 - calendar fetch failed (HTTP 429); falling back to historical file
2026-08-29 04:45:45.248 | INFO     | news-filter-refresh | core.news_filter:_load_historical:237 - loaded 162 matching events from historical calendar data\historical_news.json
2026-08-29 04:45:45.252 | SUCCESS  | news-filter-refresh | core.news_filter:update_calendar:177 - using local historical calendar data/historical_news.json (fallback after network failure)
2026-08-29 04:45:46.543 | WARNING  | news-filter-refresh | core.news_filter:update_calendar:168 - calendar fetch failed (HTTP 429); falling back to historical file
2026-08-29 04:45:46.547 | INFO     | news-filter-refresh | core.news_filter:_load_historical:237 - loaded 162 matching events from historical calendar data\historical_news.json
2026-08-29 04:45:46.549 | SUCCESS  | news-filter-refresh | core.news_filter:update_calendar:177 - using local historical calendar data/historical_news.json (fallback after network failure)
2026-08-29 04:45:47.860 | WARNING  | news-filter-refresh | core.news_filter:update_calendar:168 - calendar fetch failed (HTTP 429); falling back to historical file
2026-08-29 04:45:47.868 | INFO     | news-filter-refresh | core.news_filter:_load_historical:237 - loaded 162 matching events from historical calendar data\historical_news.json
2026-08-29 04:45:47.872 | SUCCESS  | news-filter-refresh | core.news_filter:update_calendar:177 - using local historical calendar data/historical_news.json (fallback after network failure)
2026-08-29 04:45:49.171 | WARNING  | news-filter-refresh | core.news_filter:update_calendar:168 - calendar fetch failed (HTTP 429); falling back to historical file
2026-08-29 04:45:49.177 | INFO     | news-filter-refresh | core.news_filter:_load_historical:237 - loaded 162 matching events from historical calendar data\historical_news.json
2026-08-29 04:45:49.179 | SUCCESS  | news-filter-refresh | core.news_filter:update_calendar:177 - using local historical calendar data/historical_news.json (fallback after network failure)
2026-08-29 04:45:50.520 | WARNING  | news-filter-refresh | core.news_filter:update_calendar:168 - calendar fetch failed (HTTP 429); falling back to historical file
2026-08-29 04:45:50.526 | INFO     | news-filter-refresh | core.news_filter:_load_historical:237 - loaded 162 matching events from historical calendar data\historical_news.json
2026-08-29 04:45:50.528 | SUCCESS  | news-filter-refresh | core.news_filter:update_calendar:177 - using local historical calendar data/historical_news.json (fallback after network failure)
2026-08-29 04:45:51.831 | WARNING  | news-filter-refresh | core.news_filter:update_calendar:168 - calendar fetch failed (HTTP 429); falling back to historical file
2026-08-29 04:45:51.839 | INFO     | news-filter-refresh | core.news_filter:_load_historical:237 - loaded 162 matching events from historical calendar data\historical_news.json
2026-08-29 04:45:51.841 | SUCCESS  | news-filter-refresh | core.news_filter:update_calendar:177 - using local historical calendar data/historical_news.json (fallback after network failure)
2026-08-29 04:45:53.130 | WARNING  | news-filter-refresh | core.news_filter:update_calendar:168 - calendar fetch failed (HTTP 429); falling back to historical file
2026-08-29 04:45:53.134 | INFO     | news-filter-refresh | core.news_filter:_load_historical:237 - loaded 162 matching events from historical calendar data\historical_news.json
2026-08-29 04:45:53.138 | SUCCESS  | news-filter-refresh | core.news_filter:update_calendar:177 - using local historical calendar data/historical_news.json (fallback after network failure)
2026-08-29 04:45:54.423 | WARNING  | news-filter-refresh | core.news_filter:update_calendar:168 - calendar fetch failed (HTTP 429); falling back to historical file
2026-08-29 04:45:54.427 | INFO     | news-filter-refresh | core.news_filter:_load_historical:237 - loaded 162 matching events from historical calendar data\historical_news.json
2026-08-29 04:45:54.433 | SUCCESS  | news-filter-refresh | core.news_filter:update_calendar:177 - using local historical calendar data/historical_news.json (fallback after network failure)
2026-08-29 04:45:55.743 | WARNING  | news-filter-refresh | core.news_filter:update_calendar:168 - calendar fetch failed (HTTP 429); falling back to historical file
2026-08-29 04:45:55.747 | INFO     | news-filter-refresh | core.news_filter:_load_historical:237 - loaded 162 matching events from historical calendar data\historical_news.json
2026-08-29 04:45:55.751 | SUCCESS  | news-filter-refresh | core.news_filter:update_calendar:177 - using local historical calendar data/historical_news.json (fallback after network failure)
2026-08-29 04:45:57.058 | WARNING  | news-filter-refresh | core.news_filter:update_calendar:168 - calendar fetch failed (HTTP 429); falling back to historical file
2026-08-29 04:45:57.062 | INFO     | news-filter-refresh | core.news_filter:_load_historical:237 - loaded 162 matching events from historical calendar data\historical_news.json
2026-08-29 04:45:57.064 | SUCCESS  | news-filter-refresh | core.news_filter:update_calendar:177 - using local historical calendar data/historical_news.json (fallback after network failure)
2026-08-29 04:45:58.363 | WARNING  | news-filter-refresh | core.news_filter:update_calendar:168 - calendar fetch failed (HTTP 429); falling back to historical file
2026-08-29 04:45:58.366 | INFO     | news-filter-refresh | core.news_filter:_load_historical:237 - loaded 162 matching events from historical calendar data\historical_news.json
2026-08-29 04:45:58.370 | SUCCESS  | news-filter-refresh | core.news_filter:update_calendar:177 - using local historical calendar data/historical_news.json (fallback after network failure)
2026-08-29 04:45:59.669 | WARNING  | news-filter-refresh | core.news_filter:update_calendar:168 - calendar fetch failed (HTTP 429); falling back to historical file
2026-08-29 04:45:59.673 | INFO     | news-filter-refresh | core.news_filter:_load_historical:237 - loaded 162 matching events from historical calendar data\historical_news.json
2026-08-29 04:45:59.677 | SUCCESS  | news-filter-refresh | core.news_filter:update_calendar:177 - using local historical calendar data/historical_news.json (fallback after network failure)
2026-08-29 04:46:00.995 | WARNING  | news-filter-refresh | core.news_filter:update_calendar:168 - calendar fetch failed (HTTP 429); falling back to historical file
2026-08-29 04:46:00.999 | INFO     | news-filter-refresh | core.news_filter:_load_historical:237 - loaded 162 matching events from historical calendar data\historical_news.json
2026-08-29 04:46:01.003 | SUCCESS  | news-filter-refresh | core.news_filter:update_calendar:177 - using local historical calendar data/historical_news.json (fallback after network failure)
2026-08-29 04:46:02.303 | WARNING  | news-filter-refresh | core.news_filter:update_calendar:168 - calendar fetch failed (HTTP 429); falling back to historical file
2026-08-29 04:46:02.307 | INFO     | news-filter-refresh | core.news_filter:_load_historical:237 - loaded 162 matching events from historical calendar data\historical_news.json
2026-08-29 04:46:02.309 | SUCCESS  | news-filter-refresh | core.news_filter:update_calendar:177 - using local historical calendar data/historical_news.json (fallback after network failure)
2026-08-29 04:46:03.602 | WARNING  | news-filter-refresh | core.news_filter:update_calendar:168 - calendar fetch failed (HTTP 429); falling back to historical file
2026-08-29 04:46:03.606 | INFO     | news-filter-refresh | core.news_filter:_load_historical:237 - loaded 162 matching events from historical calendar data\historical_news.json
2026-08-29 04:46:03.608 | SUCCESS  | news-filter-refresh | core.news_filter:update_calendar:177 - using local historical calendar data/historical_news.json (fallback after network failure)
2026-08-29 04:46:04.945 | WARNING  | news-filter-refresh | core.news_filter:update_calendar:168 - calendar fetch failed (HTTP 429); falling back to historical file
2026-08-29 04:46:04.947 | INFO     | news-filter-refresh | core.news_filter:_load_historical:237 - loaded 162 matching events from historical calendar data\historical_news.json
2026-08-29 04:46:04.951 | SUCCESS  | news-filter-refresh | core.news_filter:update_calendar:177 - using local historical calendar data/historical_news.json (fallback after network failure)
2026-08-29 04:46:06.292 | WARNING  | news-filter-refresh | core.news_filter:update_calendar:168 - calendar fetch failed (HTTP 429); falling back to historical file
2026-08-29 04:46:06.296 | INFO     | news-filter-refresh | core.news_filter:_load_historical:237 - loaded 162 matching events from historical calendar data\historical_news.json
2026-08-29 04:46:06.300 | SUCCESS  | news-filter-refresh | core.news_filter:update_calendar:177 - using local historical calendar data/historical_news.json (fallback after network failure)
2026-08-29 04:46:07.595 | WARNING  | news-filter-refresh | core.news_filter:update_calendar:168 - calendar fetch failed (HTTP 429); falling back to historical file
2026-08-29 04:46:07.599 | INFO     | news-filter-refresh | core.news_filter:_load_historical:237 - loaded 162 matching events from historical calendar data\historical_news.json
2026-08-29 04:46:07.601 | SUCCESS  | news-filter-refresh | core.news_filter:update_calendar:177 - using local historical calendar data/historical_news.json (fallback after network failure)
2026-08-29 04:46:08.930 | WARNING  | news-filter-refresh | core.news_filter:update_calendar:168 - calendar fetch failed (HTTP 429); falling back to historical file
2026-08-29 04:46:08.935 | INFO     | news-filter-refresh | core.news_filter:_load_historical:237 - loaded 162 matching events from historical calendar data\historical_news.json
2026-08-29 04:46:08.937 | SUCCESS  | news-filter-refresh | core.news_filter:update_calendar:177 - using local historical calendar data/historical_news.json (fallback after network failure)
2026-08-29 04:46:10.227 | WARNING  | news-filter-refresh | core.news_filter:update_calendar:168 - calendar fetch failed (HTTP 429); falling back to historical file
2026-08-29 04:46:10.230 | INFO     | news-filter-refresh | core.news_filter:_load_historical:237 - loaded 162 matching events from historical calendar data\historical_news.json
2026-08-29 04:46:10.234 | SUCCESS  | news-filter-refresh | core.news_filter:update_calendar:177 - using local historical calendar data/historical_news.json (fallback after network failure)
2026-08-29 04:46:11.530 | WARNING  | news-filter-refresh | core.news_filter:update_calendar:168 - calendar fetch failed (HTTP 429); falling back to historical file
2026-08-29 04:46:11.534 | INFO     | news-filter-refresh | core.news_filter:_load_historical:237 - loaded 162 matching events from historical calendar data\historical_news.json
2026-08-29 04:46:11.538 | SUCCESS  | news-filter-refresh | core.news_filter:update_calendar:177 - using local historical calendar data/historical_news.json (fallback after network failure)
2026-08-29 04:46:12.851 | WARNING  | news-filter-refresh | core.news_filter:update_calendar:168 - calendar fetch failed (HTTP 429); falling back to historical file
2026-08-29 04:46:12.857 | INFO     | news-filter-refresh | core.news_filter:_load_historical:237 - loaded 162 matching events from historical calendar data\historical_news.json
2026-08-29 04:46:12.861 | SUCCESS  | news-filter-refresh | core.news_filter:update_calendar:177 - using local historical calendar data/historical_news.json (fallback after network failure)
2026-08-29 04:46:14.166 | WARNING  | news-filter-refresh | core.news_filter:update_calendar:168 - calendar fetch failed (HTTP 429); falling back to historical file
2026-08-29 04:46:14.171 | INFO     | news-filter-refresh | core.news_filter:_load_historical:237 - loaded 162 matching events from historical calendar data\historical_news.json
2026-08-29 04:46:14.173 | SUCCESS  | news-filter-refresh | core.news_filter:update_calendar:177 - using local historical calendar data/historical_news.json (fallback after network failure)
2026-08-29 04:46:15.491 | WARNING  | news-filter-refresh | core.news_filter:update_calendar:168 - calendar fetch failed (HTTP 429); falling back to historical file
2026-08-29 04:46:15.495 | INFO     | news-filter-refresh | core.news_filter:_load_historical:237 - loaded 162 matching events from historical calendar data\historical_news.json
2026-08-29 04:46:15.499 | SUCCESS  | news-filter-refresh | core.news_filter:update_calendar:177 - using local historical calendar data/historical_news.json (fallback after network failure)
2026-08-29 04:46:16.798 | WARNING  | news-filter-refresh | core.news_filter:update_calendar:168 - calendar fetch failed (HTTP 429); falling back to historical file
2026-08-29 04:46:16.803 | INFO     | news-filter-refresh | core.news_filter:_load_historical:237 - loaded 162 matching events from historical calendar data\historical_news.json
2026-08-29 04:46:16.805 | SUCCESS  | news-filter-refresh | core.news_filter:update_calendar:177 - using local historical calendar data/historical_news.json (fallback after network failure)
2026-08-29 04:46:18.124 | WARNING  | news-filter-refresh | core.news_filter:update_calendar:168 - calendar fetch failed (HTTP 429); falling back to historical file
2026-08-29 04:46:18.126 | INFO     | news-filter-refresh | core.news_filter:_load_historical:237 - loaded 162 matching events from historical calendar data\historical_news.json
2026-08-29 04:46:18.130 | SUCCESS  | news-filter-refresh | core.news_filter:update_calendar:177 - using local historical calendar data/historical_news.json (fallback after network failure)
2026-08-29 04:46:19.418 | WARNING  | news-filter-refresh | core.news_filter:update_calendar:168 - calendar fetch failed (HTTP 429); falling back to historical file
2026-08-29 04:46:19.422 | INFO     | news-filter-refresh | core.news_filter:_load_historical:237 - loaded 162 matching events from historical calendar data\historical_news.json
2026-08-29 04:46:19.426 | SUCCESS  | news-filter-refresh | core.news_filter:update_calendar:177 - using local historical calendar data/historical_news.json (fallback after network failure)
2026-08-29 04:46:20.725 | WARNING  | news-filter-refresh | core.news_filter:update_calendar:168 - calendar fetch failed (HTTP 429); falling back to historical file
2026-08-29 04:46:20.729 | INFO     | news-filter-refresh | core.news_filter:_load_historical:237 - loaded 162 matching events from historical calendar data\historical_news.json
2026-08-29 04:46:20.733 | SUCCESS  | news-filter-refresh | core.news_filter:update_calendar:177 - using local historical calendar data/historical_news.json (fallback after network failure)
2026-08-29 04:46:22.036 | WARNING  | news-filter-refresh | core.news_filter:update_calendar:168 - calendar fetch failed (HTTP 429); falling back to historical file
2026-08-29 04:46:22.040 | INFO     | news-filter-refresh | core.news_filter:_load_historical:237 - loaded 162 matching events from historical calendar data\historical_news.json
2026-08-29 04:46:22.046 | SUCCESS  | news-filter-refresh | core.news_filter:update_calendar:177 - using local historical calendar data/historical_news.json (fallback after network failure)
2026-08-29 04:46:23.339 | WARNING  | news-filter-refresh | core.news_filter:update_calendar:168 - calendar fetch failed (HTTP 429); falling back to historical file
2026-08-29 04:46:23.343 | INFO     | news-filter-refresh | core.news_filter:_load_historical:237 - loaded 162 matching events from historical calendar data\historical_news.json
2026-08-29 04:46:23.345 | SUCCESS  | news-filter-refresh | core.news_filter:update_calendar:177 - using local historical calendar data/historical_news.json (fallback after network failure)
2026-08-29 04:46:24.648 | WARNING  | news-filter-refresh | core.news_filter:update_calendar:168 - calendar fetch failed (HTTP 429); falling back to historical file
2026-08-29 04:46:24.654 | INFO     | news-filter-refresh | core.news_filter:_load_historical:237 - loaded 162 matching events from historical calendar data\historical_news.json
2026-08-29 04:46:24.656 | SUCCESS  | news-filter-refresh | core.news_filter:update_calendar:177 - using local historical calendar data/historical_news.json (fallback after network failure)
2026-08-29 04:46:25.953 | WARNING  | news-filter-refresh | core.news_filter:update_calendar:168 - calendar fetch failed (HTTP 429); falling back to historical file
2026-08-29 04:46:25.957 | INFO     | news-filter-refresh | core.news_filter:_load_historical:237 - loaded 162 matching events from historical calendar data\historical_news.json
2026-08-29 04:46:25.960 | SUCCESS  | news-filter-refresh | core.news_filter:update_calendar:177 - using local historical calendar data/historical_news.json (fallback after network failure)
2026-08-29 04:46:27.265 | WARNING  | news-filter-refresh | core.news_filter:update_calendar:168 - calendar fetch failed (HTTP 429); falling back to historical file
2026-08-29 04:46:27.269 | INFO     | news-filter-refresh | core.news_filter:_load_historical:237 - loaded 162 matching events from historical calendar data\historical_news.json
2026-08-29 04:46:27.271 | SUCCESS  | news-filter-refresh | core.news_filter:update_calendar:177 - using local historical calendar data/historical_news.json (fallback after network failure)
2026-08-29 04:46:28.583 | WARNING  | news-filter-refresh | core.news_filter:update_calendar:168 - calendar fetch failed (HTTP 429); falling back to historical file
2026-08-29 04:46:28.591 | INFO     | news-filter-refresh | core.news_filter:_load_historical:237 - loaded 162 matching events from historical calendar data\historical_news.json
2026-08-29 04:46:28.593 | SUCCESS  | news-filter-refresh | core.news_filter:update_calendar:177 - using local historical calendar data/historical_news.json (fallback after network failure)
2026-08-29 04:46:29.903 | WARNING  | news-filter-refresh | core.news_filter:update_calendar:168 - calendar fetch failed (HTTP 429); falling back to historical file
2026-08-29 04:46:29.907 | INFO     | news-filter-refresh | core.news_filter:_load_historical:237 - loaded 162 matching events from historical calendar data\historical_news.json
2026-08-29 04:46:29.909 | SUCCESS  | news-filter-refresh | core.news_filter:update_calendar:177 - using local historical calendar data/historical_news.json (fallback after network failure)
2026-08-29 04:46:31.237 | WARNING  | news-filter-refresh | core.news_filter:update_calendar:168 - calendar fetch failed (HTTP 429); falling back to historical file
2026-08-29 04:46:31.242 | INFO     | news-filter-refresh | core.news_filter:_load_historical:237 - loaded 162 matching events from historical calendar data\historical_news.json
2026-08-29 04:46:31.246 | SUCCESS  | news-filter-refresh | core.news_filter:update_calendar:177 - using local historical calendar data/historical_news.json (fallback after network failure)
2026-08-29 04:46:34.224 | WARNING  | news-filter-refresh | core.news_filter:update_calendar:168 - calendar fetch failed (HTTP 429); falling back to historical file
2026-08-29 04:46:34.241 | INFO     | news-filter-refresh | core.news_filter:_load_historical:237 - loaded 162 matching events from historical calendar data\historical_news.json
2026-08-29 04:46:34.245 | SUCCESS  | news-filter-refresh | core.news_filter:update_calendar:177 - using local historical calendar data/historical_news.json (fallback after network failure)
2026-08-29 04:46:35.545 | WARNING  | news-filter-refresh | core.news_filter:update_calendar:168 - calendar fetch failed (HTTP 429); falling back to historical file
2026-08-29 04:46:35.551 | INFO     | news-filter-refresh | core.news_filter:_load_historical:237 - loaded 162 matching events from historical calendar data\historical_news.json
2026-08-29 04:46:35.556 | SUCCESS  | news-filter-refresh | core.news_filter:update_calendar:177 - using local historical calendar data/historical_news.json (fallback after network failure)
2026-08-29 04:46:36.846 | WARNING  | news-filter-refresh | core.news_filter:update_calendar:168 - calendar fetch failed (HTTP 429); falling back to historical file
2026-08-29 04:46:36.850 | INFO     | news-filter-refresh | core.news_filter:_load_historical:237 - loaded 162 matching events from historical calendar data\historical_news.json
2026-08-29 04:46:36.854 | SUCCESS  | news-filter-refresh | core.news_filter:update_calendar:177 - using local historical calendar data/historical_news.json (fallback after network failure)
2026-08-29 04:46:38.156 | WARNING  | news-filter-refresh | core.news_filter:update_calendar:168 - calendar fetch failed (HTTP 429); falling back to historical file
2026-08-29 04:46:38.160 | INFO     | news-filter-refresh | core.news_filter:_load_historical:237 - loaded 162 matching events from historical calendar data\historical_news.json
2026-08-29 04:46:38.162 | SUCCESS  | news-filter-refresh | core.news_filter:update_calendar:177 - using local historical calendar data/historical_news.json (fallback after network failure)
2026-08-29 04:46:39.476 | WARNING  | news-filter-refresh | core.news_filter:update_calendar:168 - calendar fetch failed (HTTP 429); falling back to historical file
2026-08-29 04:46:39.482 | INFO     | news-filter-refresh | core.news_filter:_load_historical:237 - loaded 162 matching events from historical calendar data\historical_news.json
2026-08-29 04:46:39.484 | SUCCESS  | news-filter-refresh | core.news_filter:update_calendar:177 - using local historical calendar data/historical_news.json (fallback after network failure)
2026-08-29 04:46:40.772 | WARNING  | news-filter-refresh | core.news_filter:update_calendar:168 - calendar fetch failed (HTTP 429); falling back to historical file
2026-08-29 04:46:40.776 | INFO     | news-filter-refresh | core.news_filter:_load_historical:237 - loaded 162 matching events from historical calendar data\historical_news.json
2026-08-29 04:46:40.778 | SUCCESS  | news-filter-refresh | core.news_filter:update_calendar:177 - using local historical calendar data/historical_news.json (fallback after network failure)
2026-08-29 04:46:42.076 | WARNING  | news-filter-refresh | core.news_filter:update_calendar:168 - calendar fetch failed (HTTP 429); falling back to historical file
2026-08-29 04:46:42.080 | INFO     | news-filter-refresh | core.news_filter:_load_historical:237 - loaded 162 matching events from historical calendar data\historical_news.json
2026-08-29 04:46:42.083 | SUCCESS  | news-filter-refresh | core.news_filter:update_calendar:177 - using local historical calendar data/historical_news.json (fallback after network failure)
2026-08-29 04:46:43.400 | WARNING  | news-filter-refresh | core.news_filter:update_calendar:168 - calendar fetch failed (HTTP 429); falling back to historical file
2026-08-29 04:46:43.404 | INFO     | news-filter-refresh | core.news_filter:_load_historical:237 - loaded 162 matching events from historical calendar data\historical_news.json
2026-08-29 04:46:43.408 | SUCCESS  | news-filter-refresh | core.news_filter:update_calendar:177 - using local historical calendar data/historical_news.json (fallback after network failure)
2026-08-29 04:46:44.774 | WARNING  | news-filter-refresh | core.news_filter:update_calendar:168 - calendar fetch failed (HTTP 429); falling back to historical file
2026-08-29 04:46:44.780 | INFO     | news-filter-refresh | core.news_filter:_load_historical:237 - loaded 162 matching events from historical calendar data\historical_news.json
2026-08-29 04:46:44.782 | SUCCESS  | news-filter-refresh | core.news_filter:update_calendar:177 - using local historical calendar data/historical_news.json (fallback after network failure)
2026-08-29 04:46:46.085 | WARNING  | news-filter-refresh | core.news_filter:update_calendar:168 - calendar fetch failed (HTTP 429); falling back to historical file
2026-08-29 04:46:46.090 | INFO     | news-filter-refresh | core.news_filter:_load_historical:237 - loaded 162 matching events from historical calendar data\historical_news.json
2026-08-29 04:46:46.092 | SUCCESS  | news-filter-refresh | core.news_filter:update_calendar:177 - using local historical calendar data/historical_news.json (fallback after network failure)
2026-08-29 04:46:47.394 | WARNING  | news-filter-refresh | core.news_filter:update_calendar:168 - calendar fetch failed (HTTP 429); falling back to historical file
2026-08-29 04:46:47.400 | INFO     | news-filter-refresh | core.news_filter:_load_historical:237 - loaded 162 matching events from historical calendar data\historical_news.json
2026-08-29 04:46:47.402 | SUCCESS  | news-filter-refresh | core.news_filter:update_calendar:177 - using local historical calendar data/historical_news.json (fallback after network failure)
2026-08-29 04:46:48.749 | WARNING  | news-filter-refresh | core.news_filter:update_calendar:168 - calendar fetch failed (HTTP 429); falling back to historical file
2026-08-29 04:46:48.755 | INFO     | news-filter-refresh | core.news_filter:_load_historical:237 - loaded 162 matching events from historical calendar data\historical_news.json
2026-08-29 04:46:48.757 | SUCCESS  | news-filter-refresh | core.news_filter:update_calendar:177 - using local historical calendar data/historical_news.json (fallback after network failure)
2026-08-29 04:46:50.056 | WARNING  | news-filter-refresh | core.news_filter:update_calendar:168 - calendar fetch failed (HTTP 429); falling back to historical file
2026-08-29 04:46:50.061 | INFO     | news-filter-refresh | core.news_filter:_load_historical:237 - loaded 162 matching events from historical calendar data\historical_news.json
2026-08-29 04:46:50.065 | SUCCESS  | news-filter-refresh | core.news_filter:update_calendar:177 - using local historical calendar data/historical_news.json (fallback after network failure)
2026-08-29 04:46:51.347 | WARNING  | news-filter-refresh | core.news_filter:update_calendar:168 - calendar fetch failed (HTTP 429); falling back to historical file
2026-08-29 04:46:51.351 | INFO     | news-filter-refresh | core.news_filter:_load_historical:237 - loaded 162 matching events from historical calendar data\historical_news.json
2026-08-29 04:46:51.355 | SUCCESS  | news-filter-refresh | core.news_filter:update_calendar:177 - using local historical calendar data/historical_news.json (fallback after network failure)
2026-08-29 04:46:53.279 | WARNING  | news-filter-refresh | core.news_filter:update_calendar:168 - calendar fetch failed (HTTP 429); falling back to historical file
2026-08-29 04:46:53.290 | INFO     | news-filter-refresh | core.news_filter:_load_historical:237 - loaded 162 matching events from historical calendar data\historical_news.json
2026-08-29 04:46:53.294 | SUCCESS  | news-filter-refresh | core.news_filter:update_calendar:177 - using local historical calendar data/historical_news.json (fallback after network failure)
2026-08-29 04:46:54.602 | WARNING  | news-filter-refresh | core.news_filter:update_calendar:168 - calendar fetch failed (HTTP 429); falling back to historical file
2026-08-29 04:46:54.605 | INFO     | news-filter-refresh | core.news_filter:_load_historical:237 - loaded 162 matching events from historical calendar data\historical_news.json
2026-08-29 04:46:54.607 | SUCCESS  | news-filter-refresh | core.news_filter:update_calendar:177 - using local historical calendar data/historical_news.json (fallback after network failure)
2026-08-29 04:46:56.035 | WARNING  | news-filter-refresh | core.news_filter:update_calendar:168 - calendar fetch failed (HTTP 429); falling back to historical file
2026-08-29 04:46:56.039 | INFO     | news-filter-refresh | core.news_filter:_load_historical:237 - loaded 162 matching events from historical calendar data\historical_news.json
2026-08-29 04:46:56.043 | SUCCESS  | news-filter-refresh | core.news_filter:update_calendar:177 - using local historical calendar data/historical_news.json (fallback after network failure)
2026-08-29 04:46:57.376 | WARNING  | news-filter-refresh | core.news_filter:update_calendar:168 - calendar fetch failed (HTTP 429); falling back to historical file
2026-08-29 04:46:57.382 | INFO     | news-filter-refresh | core.news_filter:_load_historical:237 - loaded 162 matching events from historical calendar data\historical_news.json
2026-08-29 04:46:57.387 | SUCCESS  | news-filter-refresh | core.news_filter:update_calendar:177 - using local historical calendar data/historical_news.json (fallback after network failure)
2026-08-29 04:46:58.773 | WARNING  | news-filter-refresh | core.news_filter:update_calendar:168 - calendar fetch failed (HTTP 429); falling back to historical file
2026-08-29 04:46:58.777 | INFO     | news-filter-refresh | core.news_filter:_load_historical:237 - loaded 162 matching events from historical calendar data\historical_news.json
2026-08-29 04:46:58.779 | SUCCESS  | news-filter-refresh | core.news_filter:update_calendar:177 - using local historical calendar data/historical_news.json (fallback after network failure)
2026-08-29 04:47:00.124 | WARNING  | news-filter-refresh | core.news_filter:update_calendar:168 - calendar fetch failed (HTTP 429); falling back to historical file
2026-08-29 04:47:00.130 | INFO     | news-filter-refresh | core.news_filter:_load_historical:237 - loaded 162 matching events from historical calendar data\historical_news.json
2026-08-29 04:47:00.134 | SUCCESS  | news-filter-refresh | core.news_filter:update_calendar:177 - using local historical calendar data/historical_news.json (fallback after network failure)
2026-08-29 04:47:01.429 | WARNING  | news-filter-refresh | core.news_filter:update_calendar:168 - calendar fetch failed (HTTP 429); falling back to historical file
2026-08-29 04:47:01.433 | INFO     | news-filter-refresh | core.news_filter:_load_historical:237 - loaded 162 matching events from historical calendar data\historical_news.json
2026-08-29 04:47:01.435 | SUCCESS  | news-filter-refresh | core.news_filter:update_calendar:177 - using local historical calendar data/historical_news.json (fallback after network failure)
2026-08-29 04:47:02.780 | WARNING  | news-filter-refresh | core.news_filter:update_calendar:168 - calendar fetch failed (HTTP 429); falling back to historical file
2026-08-29 04:47:02.784 | INFO     | news-filter-refresh | core.news_filter:_load_historical:237 - loaded 162 matching events from historical calendar data\historical_news.json
2026-08-29 04:47:02.790 | SUCCESS  | news-filter-refresh | core.news_filter:update_calendar:177 - using local historical calendar data/historical_news.json (fallback after network failure)
2026-08-29 04:47:04.086 | WARNING  | news-filter-refresh | core.news_filter:update_calendar:168 - calendar fetch failed (HTTP 429); falling back to historical file
2026-08-29 04:47:04.090 | INFO     | news-filter-refresh | core.news_filter:_load_historical:237 - loaded 162 matching events from historical calendar data\historical_news.json
2026-08-29 04:47:04.092 | SUCCESS  | news-filter-refresh | core.news_filter:update_calendar:177 - using local historical calendar data/historical_news.json (fallback after network failure)
2026-08-29 04:47:05.414 | WARNING  | news-filter-refresh | core.news_filter:update_calendar:168 - calendar fetch failed (HTTP 429); falling back to historical file
2026-08-29 04:47:05.418 | INFO     | news-filter-refresh | core.news_filter:_load_historical:237 - loaded 162 matching events from historical calendar data\historical_news.json
2026-08-29 04:47:05.420 | SUCCESS  | news-filter-refresh | core.news_filter:update_calendar:177 - using local historical calendar data/historical_news.json (fallback after network failure)
2026-08-29 04:47:06.851 | WARNING  | news-filter-refresh | core.news_filter:update_calendar:168 - calendar fetch failed (HTTP 429); falling back to historical file
2026-08-29 04:47:06.857 | INFO     | news-filter-refresh | core.news_filter:_load_historical:237 - loaded 162 matching events from historical calendar data\historical_news.json
2026-08-29 04:47:06.859 | SUCCESS  | news-filter-refresh | core.news_filter:update_calendar:177 - using local historical calendar data/historical_news.json (fallback after network failure)
2026-08-29 04:47:08.146 | WARNING  | news-filter-refresh | core.news_filter:update_calendar:168 - calendar fetch failed (HTTP 429); falling back to historical file
2026-08-29 04:47:08.152 | INFO     | news-filter-refresh | core.news_filter:_load_historical:237 - loaded 162 matching events from historical calendar data\historical_news.json
2026-08-29 04:47:08.154 | SUCCESS  | news-filter-refresh | core.news_filter:update_calendar:177 - using local historical calendar data/historical_news.json (fallback after network failure)
2026-08-29 04:47:11.415 | WARNING  | news-filter-refresh | core.news_filter:update_calendar:168 - calendar fetch failed (HTTP 429); falling back to historical file
2026-08-29 04:47:11.446 | INFO     | news-filter-refresh | core.news_filter:_load_historical:237 - loaded 162 matching events from historical calendar data\historical_news.json
2026-08-29 04:47:11.448 | SUCCESS  | news-filter-refresh | core.news_filter:update_calendar:177 - using local historical calendar data/historical_news.json (fallback after network failure)
2026-08-29 04:47:12.750 | WARNING  | news-filter-refresh | core.news_filter:update_calendar:168 - calendar fetch failed (HTTP 429); falling back to historical file
2026-08-29 04:47:12.754 | INFO     | news-filter-refresh | core.news_filter:_load_historical:237 - loaded 162 matching events from historical calendar data\historical_news.json
2026-08-29 04:47:12.756 | SUCCESS  | news-filter-refresh | core.news_filter:update_calendar:177 - using local historical calendar data/historical_news.json (fallback after network failure)
2026-08-29 04:47:14.080 | WARNING  | news-filter-refresh | core.news_filter:update_calendar:168 - calendar fetch failed (HTTP 429); falling back to historical file
2026-08-29 04:47:14.092 | INFO     | news-filter-refresh | core.news_filter:_load_historical:237 - loaded 162 matching events from historical calendar data\historical_news.json
2026-08-29 04:47:14.094 | SUCCESS  | news-filter-refresh | core.news_filter:update_calendar:177 - using local historical calendar data/historical_news.json (fallback after network failure)
2026-08-29 04:47:15.420 | WARNING  | news-filter-refresh | core.news_filter:update_calendar:168 - calendar fetch failed (HTTP 429); falling back to historical file
2026-08-29 04:47:15.426 | INFO     | news-filter-refresh | core.news_filter:_load_historical:237 - loaded 162 matching events from historical calendar data\historical_news.json
2026-08-29 04:47:15.429 | SUCCESS  | news-filter-refresh | core.news_filter:update_calendar:177 - using local historical calendar data/historical_news.json (fallback after network failure)
2026-08-29 04:47:16.758 | WARNING  | news-filter-refresh | core.news_filter:update_calendar:168 - calendar fetch failed (HTTP 429); falling back to historical file
2026-08-29 04:47:16.763 | INFO     | news-filter-refresh | core.news_filter:_load_historical:237 - loaded 162 matching events from historical calendar data\historical_news.json
2026-08-29 04:47:16.767 | SUCCESS  | news-filter-refresh | core.news_filter:update_calendar:177 - using local historical calendar data/historical_news.json (fallback after network failure)
2026-08-29 04:47:18.071 | WARNING  | news-filter-refresh | core.news_filter:update_calendar:168 - calendar fetch failed (HTTP 429); falling back to historical file
2026-08-29 04:47:18.084 | INFO     | news-filter-refresh | core.news_filter:_load_historical:237 - loaded 162 matching events from historical calendar data\historical_news.json
2026-08-29 04:47:18.088 | SUCCESS  | news-filter-refresh | core.news_filter:update_calendar:177 - using local historical calendar data/historical_news.json (fallback after network failure)
2026-08-29 04:47:19.408 | WARNING  | news-filter-refresh | core.news_filter:update_calendar:168 - calendar fetch failed (HTTP 429); falling back to historical file
2026-08-29 04:47:19.414 | INFO     | news-filter-refresh | core.news_filter:_load_historical:237 - loaded 162 matching events from historical calendar data\historical_news.json
2026-08-29 04:47:19.416 | SUCCESS  | news-filter-refresh | core.news_filter:update_calendar:177 - using local historical calendar data/historical_news.json (fallback after network failure)
2026-08-29 04:47:23.777 | WARNING  | news-filter-refresh | core.news_filter:update_calendar:168 - calendar fetch failed (HTTP 429); falling back to historical file
2026-08-29 04:47:23.782 | INFO     | news-filter-refresh | core.news_filter:_load_historical:237 - loaded 162 matching events from historical calendar data\historical_news.json
2026-08-29 04:47:23.785 | SUCCESS  | news-filter-refresh | core.news_filter:update_calendar:177 - using local historical calendar data/historical_news.json (fallback after network failure)
2026-08-29 04:47:25.082 | WARNING  | news-filter-refresh | core.news_filter:update_calendar:168 - calendar fetch failed (HTTP 429); falling back to historical file
2026-08-29 04:47:25.094 | INFO     | news-filter-refresh | core.news_filter:_load_historical:237 - loaded 162 matching events from historical calendar data\historical_news.json
2026-08-29 04:47:25.096 | SUCCESS  | news-filter-refresh | core.news_filter:update_calendar:177 - using local historical calendar data/historical_news.json (fallback after network failure)
2026-08-29 04:47:26.420 | WARNING  | news-filter-refresh | core.news_filter:update_calendar:168 - calendar fetch failed (HTTP 429); falling back to historical file
2026-08-29 04:47:26.424 | INFO     | news-filter-refresh | core.news_filter:_load_historical:237 - loaded 162 matching events from historical calendar data\historical_news.json
2026-08-29 04:47:26.426 | SUCCESS  | news-filter-refresh | core.news_filter:update_calendar:177 - using local historical calendar data/historical_news.json (fallback after network failure)
2026-08-29 04:47:27.994 | WARNING  | news-filter-refresh | core.news_filter:update_calendar:168 - calendar fetch failed (HTTP 429); falling back to historical file
2026-08-29 04:47:28.014 | INFO     | news-filter-refresh | core.news_filter:_load_historical:237 - loaded 162 matching events from historical calendar data\historical_news.json
2026-08-29 04:47:28.018 | SUCCESS  | news-filter-refresh | core.news_filter:update_calendar:177 - using local historical calendar data/historical_news.json (fallback after network failure)
2026-08-29 04:47:29.345 | WARNING  | news-filter-refresh | core.news_filter:update_calendar:168 - calendar fetch failed (HTTP 429); falling back to historical file
2026-08-29 04:47:29.349 | INFO     | news-filter-refresh | core.news_filter:_load_historical:237 - loaded 162 matching events from historical calendar data\historical_news.json
2026-08-29 04:47:29.351 | SUCCESS  | news-filter-refresh | core.news_filter:update_calendar:177 - using local historical calendar data/historical_news.json (fallback after network failure)
2026-08-29 04:47:30.643 | WARNING  | news-filter-refresh | core.news_filter:update_calendar:168 - calendar fetch failed (HTTP 429); falling back to historical file
2026-08-29 04:47:30.646 | INFO     | news-filter-refresh | core.news_filter:_load_historical:237 - loaded 162 matching events from historical calendar data\historical_news.json
2026-08-29 04:47:30.650 | SUCCESS  | news-filter-refresh | core.news_filter:update_calendar:177 - using local historical calendar data/historical_news.json (fallback after network failure)
2026-08-29 04:47:31.953 | WARNING  | news-filter-refresh | core.news_filter:update_calendar:168 - calendar fetch failed (HTTP 429); falling back to historical file
2026-08-29 04:47:31.957 | INFO     | news-filter-refresh | core.news_filter:_load_historical:237 - loaded 162 matching events from historical calendar data\historical_news.json
2026-08-29 04:47:31.961 | SUCCESS  | news-filter-refresh | core.news_filter:update_calendar:177 - using local historical calendar data/historical_news.json (fallback after network failure)
2026-08-29 04:47:33.252 | WARNING  | news-filter-refresh | core.news_filter:update_calendar:168 - calendar fetch failed (HTTP 429); falling back to historical file
2026-08-29 04:47:33.256 | INFO     | news-filter-refresh | core.news_filter:_load_historical:237 - loaded 162 matching events from historical calendar data\historical_news.json
2026-08-29 04:47:33.262 | SUCCESS  | news-filter-refresh | core.news_filter:update_calendar:177 - using local historical calendar data/historical_news.json (fallback after network failure)
2026-08-29 04:47:34.568 | WARNING  | news-filter-refresh | core.news_filter:update_calendar:168 - calendar fetch failed (HTTP 429); falling back to historical file
2026-08-29 04:47:34.572 | INFO     | news-filter-refresh | core.news_filter:_load_historical:237 - loaded 162 matching events from historical calendar data\historical_news.json
2026-08-29 04:47:34.578 | SUCCESS  | news-filter-refresh | core.news_filter:update_calendar:177 - using local historical calendar data/historical_news.json (fallback after network failure)
2026-08-29 04:47:35.895 | WARNING  | news-filter-refresh | core.news_filter:update_calendar:168 - calendar fetch failed (HTTP 429); falling back to historical file
2026-08-29 04:47:35.900 | INFO     | news-filter-refresh | core.news_filter:_load_historical:237 - loaded 162 matching events from historical calendar data\historical_news.json
2026-08-29 04:47:35.902 | SUCCESS  | news-filter-refresh | core.news_filter:update_calendar:177 - using local historical calendar data/historical_news.json (fallback after network failure)
2026-08-29 04:47:37.211 | WARNING  | news-filter-refresh | core.news_filter:update_calendar:168 - calendar fetch failed (HTTP 429); falling back to historical file
2026-08-29 04:47:37.217 | INFO     | news-filter-refresh | core.news_filter:_load_historical:237 - loaded 162 matching events from historical calendar data\historical_news.json
2026-08-29 04:47:37.219 | SUCCESS  | news-filter-refresh | core.news_filter:update_calendar:177 - using local historical calendar data/historical_news.json (fallback after network failure)
2026-08-29 04:47:38.566 | WARNING  | news-filter-refresh | core.news_filter:update_calendar:168 - calendar fetch failed (HTTP 429); falling back to historical file
2026-08-29 04:47:38.572 | INFO     | news-filter-refresh | core.news_filter:_load_historical:237 - loaded 162 matching events from historical calendar data\historical_news.json
2026-08-29 04:47:38.574 | SUCCESS  | news-filter-refresh | core.news_filter:update_calendar:177 - using local historical calendar data/historical_news.json (fallback after network failure)
2026-08-29 04:47:39.872 | WARNING  | news-filter-refresh | core.news_filter:update_calendar:168 - calendar fetch failed (HTTP 429); falling back to historical file
2026-08-29 04:47:39.874 | INFO     | news-filter-refresh | core.news_filter:_load_historical:237 - loaded 162 matching events from historical calendar data\historical_news.json
2026-08-29 04:47:39.878 | SUCCESS  | news-filter-refresh | core.news_filter:update_calendar:177 - using local historical calendar data/historical_news.json (fallback after network failure)
2026-08-29 04:47:41.244 | WARNING  | news-filter-refresh | core.news_filter:update_calendar:168 - calendar fetch failed (HTTP 429); falling back to historical file
2026-08-29 04:47:41.250 | INFO     | news-filter-refresh | core.news_filter:_load_historical:237 - loaded 162 matching events from historical calendar data\historical_news.json
2026-08-29 04:47:41.252 | SUCCESS  | news-filter-refresh | core.news_filter:update_calendar:177 - using local historical calendar data/historical_news.json (fallback after network failure)
2026-08-29 04:47:42.564 | WARNING  | news-filter-refresh | core.news_filter:update_calendar:168 - calendar fetch failed (HTTP 429); falling back to historical file
2026-08-29 04:47:42.568 | INFO     | news-filter-refresh | core.news_filter:_load_historical:237 - loaded 162 matching events from historical calendar data\historical_news.json
2026-08-29 04:47:42.572 | SUCCESS  | news-filter-refresh | core.news_filter:update_calendar:177 - using local historical calendar data/historical_news.json (fallback after network failure)
2026-08-29 04:47:43.918 | WARNING  | news-filter-refresh | core.news_filter:update_calendar:168 - calendar fetch failed (HTTP 429); falling back to historical file
2026-08-29 04:47:43.922 | INFO     | news-filter-refresh | core.news_filter:_load_historical:237 - loaded 162 matching events from historical calendar data\historical_news.json
2026-08-29 04:47:43.924 | SUCCESS  | news-filter-refresh | core.news_filter:update_calendar:177 - using local historical calendar data/historical_news.json (fallback after network failure)
2026-08-29 04:47:45.231 | WARNING  | news-filter-refresh | core.news_filter:update_calendar:168 - calendar fetch failed (HTTP 429); falling back to historical file
2026-08-29 04:47:45.237 | INFO     | news-filter-refresh | core.news_filter:_load_historical:237 - loaded 162 matching events from historical calendar data\historical_news.json
2026-08-29 04:47:45.240 | SUCCESS  | news-filter-refresh | core.news_filter:update_calendar:177 - using local historical calendar data/historical_news.json (fallback after network failure)
2026-08-29 04:47:46.529 | WARNING  | news-filter-refresh | core.news_filter:update_calendar:168 - calendar fetch failed (HTTP 429); falling back to historical file
2026-08-29 04:47:46.534 | INFO     | news-filter-refresh | core.news_filter:_load_historical:237 - loaded 162 matching events from historical calendar data\historical_news.json
2026-08-29 04:47:46.536 | SUCCESS  | news-filter-refresh | core.news_filter:update_calendar:177 - using local historical calendar data/historical_news.json (fallback after network failure)
2026-08-29 04:47:47.853 | WARNING  | news-filter-refresh | core.news_filter:update_calendar:168 - calendar fetch failed (HTTP 429); falling back to historical file
2026-08-29 04:47:47.857 | INFO     | news-filter-refresh | core.news_filter:_load_historical:237 - loaded 162 matching events from historical calendar data\historical_news.json
2026-08-29 04:47:47.859 | SUCCESS  | news-filter-refresh | core.news_filter:update_calendar:177 - using local historical calendar data/historical_news.json (fallback after network failure)
2026-08-29 04:47:49.168 | WARNING  | news-filter-refresh | core.news_filter:update_calendar:168 - calendar fetch failed (HTTP 429); falling back to historical file
2026-08-29 04:47:49.172 | INFO     | news-filter-refresh | core.news_filter:_load_historical:237 - loaded 162 matching events from historical calendar data\historical_news.json
2026-08-29 04:47:49.177 | SUCCESS  | news-filter-refresh | core.news_filter:update_calendar:177 - using local historical calendar data/historical_news.json (fallback after network failure)
2026-08-29 04:47:50.473 | WARNING  | news-filter-refresh | core.news_filter:update_calendar:168 - calendar fetch failed (HTTP 429); falling back to historical file
2026-08-29 04:47:50.477 | INFO     | news-filter-refresh | core.news_filter:_load_historical:237 - loaded 162 matching events from historical calendar data\historical_news.json
2026-08-29 04:47:50.481 | SUCCESS  | news-filter-refresh | core.news_filter:update_calendar:177 - using local historical calendar data/historical_news.json (fallback after network failure)
2026-08-29 04:47:51.777 | WARNING  | news-filter-refresh | core.news_filter:update_calendar:168 - calendar fetch failed (HTTP 429); falling back to historical file
2026-08-29 04:47:51.781 | INFO     | news-filter-refresh | core.news_filter:_load_historical:237 - loaded 162 matching events from historical calendar data\historical_news.json
2026-08-29 04:47:51.785 | SUCCESS  | news-filter-refresh | core.news_filter:update_calendar:177 - using local historical calendar data/historical_news.json (fallback after network failure)
2026-08-29 04:47:53.093 | WARNING  | news-filter-refresh | core.news_filter:update_calendar:168 - calendar fetch failed (HTTP 429); falling back to historical file
2026-08-29 04:47:53.097 | INFO     | news-filter-refresh | core.news_filter:_load_historical:237 - loaded 162 matching events from historical calendar data\historical_news.json
2026-08-29 04:47:53.103 | SUCCESS  | news-filter-refresh | core.news_filter:update_calendar:177 - using local historical calendar data/historical_news.json (fallback after network failure)
2026-08-29 04:47:54.405 | WARNING  | news-filter-refresh | core.news_filter:update_calendar:168 - calendar fetch failed (HTTP 429); falling back to historical file
2026-08-29 04:47:54.409 | INFO     | news-filter-refresh | core.news_filter:_load_historical:237 - loaded 162 matching events from historical calendar data\historical_news.json
2026-08-29 04:47:54.411 | SUCCESS  | news-filter-refresh | core.news_filter:update_calendar:177 - using local historical calendar data/historical_news.json (fallback after network failure)
2026-08-29 04:47:55.716 | WARNING  | news-filter-refresh | core.news_filter:update_calendar:168 - calendar fetch failed (HTTP 429); falling back to historical file
2026-08-29 04:47:55.720 | INFO     | news-filter-refresh | core.news_filter:_load_historical:237 - loaded 162 matching events from historical calendar data\historical_news.json
2026-08-29 04:47:55.724 | SUCCESS  | news-filter-refresh | core.news_filter:update_calendar:177 - using local historical calendar data/historical_news.json (fallback after network failure)
2026-08-29 04:47:57.027 | WARNING  | news-filter-refresh | core.news_filter:update_calendar:168 - calendar fetch failed (HTTP 429); falling back to historical file
2026-08-29 04:47:57.031 | INFO     | news-filter-refresh | core.news_filter:_load_historical:237 - loaded 162 matching events from historical calendar data\historical_news.json
2026-08-29 04:47:57.034 | SUCCESS  | news-filter-refresh | core.news_filter:update_calendar:177 - using local historical calendar data/historical_news.json (fallback after network failure)
2026-08-29 04:47:58.340 | WARNING  | news-filter-refresh | core.news_filter:update_calendar:168 - calendar fetch failed (HTTP 429); falling back to historical file
2026-08-29 04:47:58.346 | INFO     | news-filter-refresh | core.news_filter:_load_historical:237 - loaded 162 matching events from historical calendar data\historical_news.json
2026-08-29 04:47:58.348 | SUCCESS  | news-filter-refresh | core.news_filter:update_calendar:177 - using local historical calendar data/historical_news.json (fallback after network failure)
2026-08-29 04:47:59.635 | WARNING  | news-filter-refresh | core.news_filter:update_calendar:168 - calendar fetch failed (HTTP 429); falling back to historical file
2026-08-29 04:47:59.639 | INFO     | news-filter-refresh | core.news_filter:_load_historical:237 - loaded 162 matching events from historical calendar data\historical_news.json
2026-08-29 04:47:59.641 | SUCCESS  | news-filter-refresh | core.news_filter:update_calendar:177 - using local historical calendar data/historical_news.json (fallback after network failure)
2026-08-29 04:48:00.942 | WARNING  | news-filter-refresh | core.news_filter:update_calendar:168 - calendar fetch failed (HTTP 429); falling back to historical file
2026-08-29 04:48:00.946 | INFO     | news-filter-refresh | core.news_filter:_load_historical:237 - loaded 162 matching events from historical calendar data\historical_news.json
2026-08-29 04:48:00.950 | SUCCESS  | news-filter-refresh | core.news_filter:update_calendar:177 - using local historical calendar data/historical_news.json (fallback after network failure)
2026-08-29 04:48:02.276 | WARNING  | news-filter-refresh | core.news_filter:update_calendar:168 - calendar fetch failed (HTTP 429); falling back to historical file
2026-08-29 04:48:02.280 | INFO     | news-filter-refresh | core.news_filter:_load_historical:237 - loaded 162 matching events from historical calendar data\historical_news.json
2026-08-29 04:48:02.282 | SUCCESS  | news-filter-refresh | core.news_filter:update_calendar:177 - using local historical calendar data/historical_news.json (fallback after network failure)
2026-08-29 04:48:26.911 | WARNING  | news-filter-refresh | core.news_filter:update_calendar:168 - calendar fetch failed (HTTPSConnectionPool(host='nfs.faireconomy.media', port=443): Max retries exceeded with url: /ff_calendar_thisweek.json (Caused by SSLError(SSLEOFError(8, '[SSL: UNEXPECTED_EOF_WHILE_READING] EOF occurred in violation of protocol (_ssl.c:1006)')))); falling back to historical file
2026-08-29 04:48:26.917 | INFO     | news-filter-refresh | core.news_filter:_load_historical:237 - loaded 162 matching events from historical calendar data\historical_news.json
2026-08-29 04:48:26.920 | SUCCESS  | news-filter-refresh | core.news_filter:update_calendar:177 - using local historical calendar data/historical_news.json (fallback after network failure)
2026-08-29 04:48:28.230 | WARNING  | news-filter-refresh | core.news_filter:update_calendar:168 - calendar fetch failed (HTTP 429); falling back to historical file
2026-08-29 04:48:28.234 | INFO     | news-filter-refresh | core.news_filter:_load_historical:237 - loaded 162 matching events from historical calendar data\historical_news.json
2026-08-29 04:48:28.236 | SUCCESS  | news-filter-refresh | core.news_filter:update_calendar:177 - using local historical calendar data/historical_news.json (fallback after network failure)
2026-08-29 04:48:29.530 | WARNING  | news-filter-refresh | core.news_filter:update_calendar:168 - calendar fetch failed (HTTP 429); falling back to historical file
2026-08-29 04:48:29.536 | INFO     | news-filter-refresh | core.news_filter:_load_historical:237 - loaded 162 matching events from historical calendar data\historical_news.json
2026-08-29 04:48:29.540 | SUCCESS  | news-filter-refresh | core.news_filter:update_calendar:177 - using local historical calendar data/historical_news.json (fallback after network failure)
2026-08-29 04:48:30.874 | WARNING  | news-filter-refresh | core.news_filter:update_calendar:168 - calendar fetch failed (HTTP 429); falling back to historical file
2026-08-29 04:48:30.878 | INFO     | news-filter-refresh | core.news_filter:_load_historical:237 - loaded 162 matching events from historical calendar data\historical_news.json
2026-08-29 04:48:30.882 | SUCCESS  | news-filter-refresh | core.news_filter:update_calendar:177 - using local historical calendar data/historical_news.json (fallback after network failure)
2026-08-29 04:48:32.193 | WARNING  | news-filter-refresh | core.news_filter:update_calendar:168 - calendar fetch failed (HTTP 429); falling back to historical file
2026-08-29 04:48:32.197 | INFO     | news-filter-refresh | core.news_filter:_load_historical:237 - loaded 162 matching events from historical calendar data\historical_news.json
2026-08-29 04:48:32.201 | SUCCESS  | news-filter-refresh | core.news_filter:update_calendar:177 - using local historical calendar data/historical_news.json (fallback after network failure)
2026-08-29 04:48:33.495 | WARNING  | news-filter-refresh | core.news_filter:update_calendar:168 - calendar fetch failed (HTTP 429); falling back to historical file
2026-08-29 04:48:33.501 | INFO     | news-filter-refresh | core.news_filter:_load_historical:237 - loaded 162 matching events from historical calendar data\historical_news.json
2026-08-29 04:48:33.503 | SUCCESS  | news-filter-refresh | core.news_filter:update_calendar:177 - using local historical calendar data/historical_news.json (fallback after network failure)
2026-08-29 04:48:34.807 | WARNING  | news-filter-refresh | core.news_filter:update_calendar:168 - calendar fetch failed (HTTP 429); falling back to historical file
2026-08-29 04:48:34.812 | INFO     | news-filter-refresh | core.news_filter:_load_historical:237 - loaded 162 matching events from historical calendar data\historical_news.json
2026-08-29 04:48:34.818 | SUCCESS  | news-filter-refresh | core.news_filter:update_calendar:177 - using local historical calendar data/historical_news.json (fallback after network failure)
2026-08-29 04:48:36.139 | WARNING  | news-filter-refresh | core.news_filter:update_calendar:168 - calendar fetch failed (HTTP 429); falling back to historical file
2026-08-29 04:48:36.144 | INFO     | news-filter-refresh | core.news_filter:_load_historical:237 - loaded 162 matching events from historical calendar data\historical_news.json
2026-08-29 04:48:36.147 | SUCCESS  | news-filter-refresh | core.news_filter:update_calendar:177 - using local historical calendar data/historical_news.json (fallback after network failure)
2026-08-29 04:48:37.446 | WARNING  | news-filter-refresh | core.news_filter:update_calendar:168 - calendar fetch failed (HTTP 429); falling back to historical file
2026-08-29 04:48:37.450 | INFO     | news-filter-refresh | core.news_filter:_load_historical:237 - loaded 162 matching events from historical calendar data\historical_news.json
2026-08-29 04:48:37.452 | SUCCESS  | news-filter-refresh | core.news_filter:update_calendar:177 - using local historical calendar data/historical_news.json (fallback after network failure)
2026-08-29 04:48:38.745 | WARNING  | news-filter-refresh | core.news_filter:update_calendar:168 - calendar fetch failed (HTTP 429); falling back to historical file
2026-08-29 04:48:38.749 | INFO     | news-filter-refresh | core.news_filter:_load_historical:237 - loaded 162 matching events from historical calendar data\historical_news.json
2026-08-29 04:48:38.751 | SUCCESS  | news-filter-refresh | core.news_filter:update_calendar:177 - using local historical calendar data/historical_news.json (fallback after network failure)
2026-08-29 04:48:40.077 | WARNING  | news-filter-refresh | core.news_filter:update_calendar:168 - calendar fetch failed (HTTP 429); falling back to historical file
2026-08-29 04:48:40.081 | INFO     | news-filter-refresh | core.news_filter:_load_historical:237 - loaded 162 matching events from historical calendar data\historical_news.json
2026-08-29 04:48:40.086 | SUCCESS  | news-filter-refresh | core.news_filter:update_calendar:177 - using local historical calendar data/historical_news.json (fallback after network failure)
2026-08-29 04:48:41.415 | WARNING  | news-filter-refresh | core.news_filter:update_calendar:168 - calendar fetch failed (HTTP 429); falling back to historical file
2026-08-29 04:48:41.423 | INFO     | news-filter-refresh | core.news_filter:_load_historical:237 - loaded 162 matching events from historical calendar data\historical_news.json
2026-08-29 04:48:41.425 | SUCCESS  | news-filter-refresh | core.news_filter:update_calendar:177 - using local historical calendar data/historical_news.json (fallback after network failure)
2026-08-29 04:48:42.746 | WARNING  | news-filter-refresh | core.news_filter:update_calendar:168 - calendar fetch failed (HTTP 429); falling back to historical file
2026-08-29 04:48:42.750 | INFO     | news-filter-refresh | core.news_filter:_load_historical:237 - loaded 162 matching events from historical calendar data\historical_news.json
2026-08-29 04:48:42.752 | SUCCESS  | news-filter-refresh | core.news_filter:update_calendar:177 - using local historical calendar data/historical_news.json (fallback after network failure)
2026-08-29 04:48:44.092 | WARNING  | news-filter-refresh | core.news_filter:update_calendar:168 - calendar fetch failed (HTTP 429); falling back to historical file
2026-08-29 04:48:44.096 | INFO     | news-filter-refresh | core.news_filter:_load_historical:237 - loaded 162 matching events from historical calendar data\historical_news.json
2026-08-29 04:48:44.098 | SUCCESS  | news-filter-refresh | core.news_filter:update_calendar:177 - using local historical calendar data/historical_news.json (fallback after network failure)
2026-08-29 04:48:47.387 | WARNING  | news-filter-refresh | core.news_filter:update_calendar:168 - calendar fetch failed (HTTP 429); falling back to historical file
2026-08-29 04:48:47.397 | INFO     | news-filter-refresh | core.news_filter:_load_historical:237 - loaded 162 matching events from historical calendar data\historical_news.json
2026-08-29 04:48:47.399 | SUCCESS  | news-filter-refresh | core.news_filter:update_calendar:177 - using local historical calendar data/historical_news.json (fallback after network failure)
2026-08-29 04:48:48.708 | WARNING  | news-filter-refresh | core.news_filter:update_calendar:168 - calendar fetch failed (HTTP 429); falling back to historical file
2026-08-29 04:48:48.713 | INFO     | news-filter-refresh | core.news_filter:_load_historical:237 - loaded 162 matching events from historical calendar data\historical_news.json
2026-08-29 04:48:48.715 | SUCCESS  | news-filter-refresh | core.news_filter:update_calendar:177 - using local historical calendar data/historical_news.json (fallback after network failure)
2026-08-29 04:48:50.024 | WARNING  | news-filter-refresh | core.news_filter:update_calendar:168 - calendar fetch failed (HTTP 429); falling back to historical file
2026-08-29 04:48:50.028 | INFO     | news-filter-refresh | core.news_filter:_load_historical:237 - loaded 162 matching events from historical calendar data\historical_news.json
2026-08-29 04:48:50.032 | SUCCESS  | news-filter-refresh | core.news_filter:update_calendar:177 - using local historical calendar data/historical_news.json (fallback after network failure)
2026-08-29 04:48:51.355 | WARNING  | news-filter-refresh | core.news_filter:update_calendar:168 - calendar fetch failed (HTTP 429); falling back to historical file
2026-08-29 04:48:51.359 | INFO     | news-filter-refresh | core.news_filter:_load_historical:237 - loaded 162 matching events from historical calendar data\historical_news.json
2026-08-29 04:48:51.360 | SUCCESS  | news-filter-refresh | core.news_filter:update_calendar:177 - using local historical calendar data/historical_news.json (fallback after network failure)
2026-08-29 04:48:52.661 | WARNING  | news-filter-refresh | core.news_filter:update_calendar:168 - calendar fetch failed (HTTP 429); falling back to historical file
2026-08-29 04:48:52.665 | INFO     | news-filter-refresh | core.news_filter:_load_historical:237 - loaded 162 matching events from historical calendar data\historical_news.json
2026-08-29 04:48:52.667 | SUCCESS  | news-filter-refresh | core.news_filter:update_calendar:177 - using local historical calendar data/historical_news.json (fallback after network failure)
2026-08-29 04:48:53.965 | WARNING  | news-filter-refresh | core.news_filter:update_calendar:168 - calendar fetch failed (HTTP 429); falling back to historical file
2026-08-29 04:48:53.969 | INFO     | news-filter-refresh | core.news_filter:_load_historical:237 - loaded 162 matching events from historical calendar data\historical_news.json
2026-08-29 04:48:53.971 | SUCCESS  | news-filter-refresh | core.news_filter:update_calendar:177 - using local historical calendar data/historical_news.json (fallback after network failure)
2026-08-29 04:48:55.286 | WARNING  | news-filter-refresh | core.news_filter:update_calendar:168 - calendar fetch failed (HTTP 429); falling back to historical file
2026-08-29 04:48:55.290 | INFO     | news-filter-refresh | core.news_filter:_load_historical:237 - loaded 162 matching events from historical calendar data\historical_news.json
2026-08-29 04:48:55.292 | SUCCESS  | news-filter-refresh | core.news_filter:update_calendar:177 - using local historical calendar data/historical_news.json (fallback after network failure)
2026-08-29 04:48:56.595 | WARNING  | news-filter-refresh | core.news_filter:update_calendar:168 - calendar fetch failed (HTTP 429); falling back to historical file
2026-08-29 04:48:56.599 | INFO     | news-filter-refresh | core.news_filter:_load_historical:237 - loaded 162 matching events from historical calendar data\historical_news.json
2026-08-29 04:48:56.601 | SUCCESS  | news-filter-refresh | core.news_filter:update_calendar:177 - using local historical calendar data/historical_news.json (fallback after network failure)
2026-08-29 04:48:57.999 | WARNING  | news-filter-refresh | core.news_filter:update_calendar:168 - calendar fetch failed (HTTP 429); falling back to historical file
2026-08-29 04:48:58.003 | INFO     | news-filter-refresh | core.news_filter:_load_historical:237 - loaded 162 matching events from historical calendar data\historical_news.json
2026-08-29 04:48:58.005 | SUCCESS  | news-filter-refresh | core.news_filter:update_calendar:177 - using local historical calendar data/historical_news.json (fallback after network failure)
2026-08-29 04:48:59.329 | WARNING  | news-filter-refresh | core.news_filter:update_calendar:168 - calendar fetch failed (HTTP 429); falling back to historical file
2026-08-29 04:48:59.334 | INFO     | news-filter-refresh | core.news_filter:_load_historical:237 - loaded 162 matching events from historical calendar data\historical_news.json
2026-08-29 04:48:59.336 | SUCCESS  | news-filter-refresh | core.news_filter:update_calendar:177 - using local historical calendar data/historical_news.json (fallback after network failure)
2026-08-29 04:49:00.632 | WARNING  | news-filter-refresh | core.news_filter:update_calendar:168 - calendar fetch failed (HTTP 429); falling back to historical file
2026-08-29 04:49:00.636 | INFO     | news-filter-refresh | core.news_filter:_load_historical:237 - loaded 162 matching events from historical calendar data\historical_news.json
2026-08-29 04:49:00.638 | SUCCESS  | news-filter-refresh | core.news_filter:update_calendar:177 - using local historical calendar data/historical_news.json (fallback after network failure)
2026-08-29 04:49:01.932 | WARNING  | news-filter-refresh | core.news_filter:update_calendar:168 - calendar fetch failed (HTTP 429); falling back to historical file
2026-08-29 04:49:01.936 | INFO     | news-filter-refresh | core.news_filter:_load_historical:237 - loaded 162 matching events from historical calendar data\historical_news.json
2026-08-29 04:49:01.938 | SUCCESS  | news-filter-refresh | core.news_filter:update_calendar:177 - using local historical calendar data/historical_news.json (fallback after network failure)
2026-08-29 04:49:03.420 | WARNING  | news-filter-refresh | core.news_filter:update_calendar:168 - calendar fetch failed (HTTP 429); falling back to historical file
2026-08-29 04:49:03.424 | INFO     | news-filter-refresh | core.news_filter:_load_historical:237 - loaded 162 matching events from historical calendar data\historical_news.json
2026-08-29 04:49:03.426 | SUCCESS  | news-filter-refresh | core.news_filter:update_calendar:177 - using local historical calendar data/historical_news.json (fallback after network failure)
2026-08-29 04:49:04.761 | WARNING  | news-filter-refresh | core.news_filter:update_calendar:168 - calendar fetch failed (HTTP 429); falling back to historical file
2026-08-29 04:49:04.765 | INFO     | news-filter-refresh | core.news_filter:_load_historical:237 - loaded 162 matching events from historical calendar data\historical_news.json
2026-08-29 04:49:04.767 | SUCCESS  | news-filter-refresh | core.news_filter:update_calendar:177 - using local historical calendar data/historical_news.json (fallback after network failure)
2026-08-29 04:49:06.064 | WARNING  | news-filter-refresh | core.news_filter:update_calendar:168 - calendar fetch failed (HTTP 429); falling back to historical file
2026-08-29 04:49:06.068 | INFO     | news-filter-refresh | core.news_filter:_load_historical:237 - loaded 162 matching events from historical calendar data\historical_news.json
2026-08-29 04:49:06.072 | SUCCESS  | news-filter-refresh | core.news_filter:update_calendar:177 - using local historical calendar data/historical_news.json (fallback after network failure)
2026-08-29 04:49:07.401 | WARNING  | news-filter-refresh | core.news_filter:update_calendar:168 - calendar fetch failed (HTTP 429); falling back to historical file
2026-08-29 04:49:07.406 | INFO     | news-filter-refresh | core.news_filter:_load_historical:237 - loaded 162 matching events from historical calendar data\historical_news.json
2026-08-29 04:49:07.408 | SUCCESS  | news-filter-refresh | core.news_filter:update_calendar:177 - using local historical calendar data/historical_news.json (fallback after network failure)
2026-08-29 04:49:08.743 | WARNING  | news-filter-refresh | core.news_filter:update_calendar:168 - calendar fetch failed (HTTP 429); falling back to historical file
2026-08-29 04:49:08.747 | INFO     | news-filter-refresh | core.news_filter:_load_historical:237 - loaded 162 matching events from historical calendar data\historical_news.json
2026-08-29 04:49:08.751 | SUCCESS  | news-filter-refresh | core.news_filter:update_calendar:177 - using local historical calendar data/historical_news.json (fallback after network failure)
2026-08-29 04:49:10.079 | WARNING  | news-filter-refresh | core.news_filter:update_calendar:168 - calendar fetch failed (HTTP 429); falling back to historical file
2026-08-29 04:49:10.083 | INFO     | news-filter-refresh | core.news_filter:_load_historical:237 - loaded 162 matching events from historical calendar data\historical_news.json
2026-08-29 04:49:10.087 | SUCCESS  | news-filter-refresh | core.news_filter:update_calendar:177 - using local historical calendar data/historical_news.json (fallback after network failure)
2026-08-29 04:49:11.425 | WARNING  | news-filter-refresh | core.news_filter:update_calendar:168 - calendar fetch failed (HTTP 429); falling back to historical file
2026-08-29 04:49:11.430 | INFO     | news-filter-refresh | core.news_filter:_load_historical:237 - loaded 162 matching events from historical calendar data\historical_news.json
2026-08-29 04:49:11.432 | SUCCESS  | news-filter-refresh | core.news_filter:update_calendar:177 - using local historical calendar data/historical_news.json (fallback after network failure)
2026-08-29 04:49:12.726 | WARNING  | news-filter-refresh | core.news_filter:update_calendar:168 - calendar fetch failed (HTTP 429); falling back to historical file
2026-08-29 04:49:12.731 | INFO     | news-filter-refresh | core.news_filter:_load_historical:237 - loaded 162 matching events from historical calendar data\historical_news.json
2026-08-29 04:49:12.733 | SUCCESS  | news-filter-refresh | core.news_filter:update_calendar:177 - using local historical calendar data/historical_news.json (fallback after network failure)
2026-08-29 04:49:14.030 | WARNING  | news-filter-refresh | core.news_filter:update_calendar:168 - calendar fetch failed (HTTP 429); falling back to historical file
2026-08-29 04:49:14.034 | INFO     | news-filter-refresh | core.news_filter:_load_historical:237 - loaded 162 matching events from historical calendar data\historical_news.json
2026-08-29 04:49:14.038 | SUCCESS  | news-filter-refresh | core.news_filter:update_calendar:177 - using local historical calendar data/historical_news.json (fallback after network failure)
2026-08-29 04:49:15.337 | WARNING  | news-filter-refresh | core.news_filter:update_calendar:168 - calendar fetch failed (HTTP 429); falling back to historical file
2026-08-29 04:49:15.341 | INFO     | news-filter-refresh | core.news_filter:_load_historical:237 - loaded 162 matching events from historical calendar data\historical_news.json
2026-08-29 04:49:15.345 | SUCCESS  | news-filter-refresh | core.news_filter:update_calendar:177 - using local historical calendar data/historical_news.json (fallback after network failure)
2026-08-29 04:49:16.647 | WARNING  | news-filter-refresh | core.news_filter:update_calendar:168 - calendar fetch failed (HTTP 429); falling back to historical file
2026-08-29 04:49:16.651 | INFO     | news-filter-refresh | core.news_filter:_load_historical:237 - loaded 162 matching events from historical calendar data\historical_news.json
2026-08-29 04:49:16.653 | SUCCESS  | news-filter-refresh | core.news_filter:update_calendar:177 - using local historical calendar data/historical_news.json (fallback after network failure)
2026-08-29 04:49:17.954 | WARNING  | news-filter-refresh | core.news_filter:update_calendar:168 - calendar fetch failed (HTTP 429); falling back to historical file
2026-08-29 04:49:17.958 | INFO     | news-filter-refresh | core.news_filter:_load_historical:237 - loaded 162 matching events from historical calendar data\historical_news.json
2026-08-29 04:49:17.959 | SUCCESS  | news-filter-refresh | core.news_filter:update_calendar:177 - using local historical calendar data/historical_news.json (fallback after network failure)
2026-08-29 04:49:19.266 | WARNING  | news-filter-refresh | core.news_filter:update_calendar:168 - calendar fetch failed (HTTP 429); falling back to historical file
2026-08-29 04:49:19.270 | INFO     | news-filter-refresh | core.news_filter:_load_historical:237 - loaded 162 matching events from historical calendar data\historical_news.json
2026-08-29 04:49:19.274 | SUCCESS  | news-filter-refresh | core.news_filter:update_calendar:177 - using local historical calendar data/historical_news.json (fallback after network failure)
2026-08-29 04:49:20.590 | WARNING  | news-filter-refresh | core.news_filter:update_calendar:168 - calendar fetch failed (HTTP 429); falling back to historical file
2026-08-29 04:49:20.594 | INFO     | news-filter-refresh | core.news_filter:_load_historical:237 - loaded 162 matching events from historical calendar data\historical_news.json
2026-08-29 04:49:20.598 | SUCCESS  | news-filter-refresh | core.news_filter:update_calendar:177 - using local historical calendar data/historical_news.json (fallback after network failure)
2026-08-29 04:49:21.895 | WARNING  | news-filter-refresh | core.news_filter:update_calendar:168 - calendar fetch failed (HTTP 429); falling back to historical file
2026-08-29 04:49:21.899 | INFO     | news-filter-refresh | core.news_filter:_load_historical:237 - loaded 162 matching events from historical calendar data\historical_news.json
2026-08-29 04:49:21.901 | SUCCESS  | news-filter-refresh | core.news_filter:update_calendar:177 - using local historical calendar data/historical_news.json (fallback after network failure)
2026-08-29 04:49:23.206 | WARNING  | news-filter-refresh | core.news_filter:update_calendar:168 - calendar fetch failed (HTTP 429); falling back to historical file
2026-08-29 04:49:23.211 | INFO     | news-filter-refresh | core.news_filter:_load_historical:237 - loaded 162 matching events from historical calendar data\historical_news.json
2026-08-29 04:49:23.215 | SUCCESS  | news-filter-refresh | core.news_filter:update_calendar:177 - using local historical calendar data/historical_news.json (fallback after network failure)
2026-08-29 04:49:24.525 | WARNING  | news-filter-refresh | core.news_filter:update_calendar:168 - calendar fetch failed (HTTP 429); falling back to historical file
2026-08-29 04:49:24.529 | INFO     | news-filter-refresh | core.news_filter:_load_historical:237 - loaded 162 matching events from historical calendar data\historical_news.json
2026-08-29 04:49:24.531 | SUCCESS  | news-filter-refresh | core.news_filter:update_calendar:177 - using local historical calendar data/historical_news.json (fallback after network failure)
2026-08-29 04:49:25.830 | WARNING  | news-filter-refresh | core.news_filter:update_calendar:168 - calendar fetch failed (HTTP 429); falling back to historical file
2026-08-29 04:49:25.834 | INFO     | news-filter-refresh | core.news_filter:_load_historical:237 - loaded 162 matching events from historical calendar data\historical_news.json
2026-08-29 04:49:25.839 | SUCCESS  | news-filter-refresh | core.news_filter:update_calendar:177 - using local historical calendar data/historical_news.json (fallback after network failure)
2026-08-29 04:49:27.149 | WARNING  | news-filter-refresh | core.news_filter:update_calendar:168 - calendar fetch failed (HTTP 429); falling back to historical file
2026-08-29 04:49:27.153 | INFO     | news-filter-refresh | core.news_filter:_load_historical:237 - loaded 162 matching events from historical calendar data\historical_news.json
2026-08-29 04:49:27.157 | SUCCESS  | news-filter-refresh | core.news_filter:update_calendar:177 - using local historical calendar data/historical_news.json (fallback after network failure)
2026-08-29 04:49:28.489 | WARNING  | news-filter-refresh | core.news_filter:update_calendar:168 - calendar fetch failed (HTTP 429); falling back to historical file
2026-08-29 04:49:28.493 | INFO     | news-filter-refresh | core.news_filter:_load_historical:237 - loaded 162 matching events from historical calendar data\historical_news.json
2026-08-29 04:49:28.495 | SUCCESS  | news-filter-refresh | core.news_filter:update_calendar:177 - using local historical calendar data/historical_news.json (fallback after network failure)
2026-08-29 04:49:29.806 | WARNING  | news-filter-refresh | core.news_filter:update_calendar:168 - calendar fetch failed (HTTP 429); falling back to historical file
2026-08-29 04:49:29.810 | INFO     | news-filter-refresh | core.news_filter:_load_historical:237 - loaded 162 matching events from historical calendar data\historical_news.json
2026-08-29 04:49:29.814 | SUCCESS  | news-filter-refresh | core.news_filter:update_calendar:177 - using local historical calendar data/historical_news.json (fallback after network failure)
2026-08-29 04:49:31.161 | WARNING  | news-filter-refresh | core.news_filter:update_calendar:168 - calendar fetch failed (HTTP 429); falling back to historical file
2026-08-29 04:49:31.165 | INFO     | news-filter-refresh | core.news_filter:_load_historical:237 - loaded 162 matching events from historical calendar data\historical_news.json
2026-08-29 04:49:31.169 | SUCCESS  | news-filter-refresh | core.news_filter:update_calendar:177 - using local historical calendar data/historical_news.json (fallback after network failure)
2026-08-29 04:49:32.475 | WARNING  | news-filter-refresh | core.news_filter:update_calendar:168 - calendar fetch failed (HTTP 429); falling back to historical file
2026-08-29 04:49:32.481 | INFO     | news-filter-refresh | core.news_filter:_load_historical:237 - loaded 162 matching events from historical calendar data\historical_news.json
2026-08-29 04:49:32.484 | SUCCESS  | news-filter-refresh | core.news_filter:update_calendar:177 - using local historical calendar data/historical_news.json (fallback after network failure)
2026-08-29 04:49:33.812 | WARNING  | news-filter-refresh | core.news_filter:update_calendar:168 - calendar fetch failed (HTTP 429); falling back to historical file
2026-08-29 04:49:33.816 | INFO     | news-filter-refresh | core.news_filter:_load_historical:237 - loaded 162 matching events from historical calendar data\historical_news.json
2026-08-29 04:49:33.818 | SUCCESS  | news-filter-refresh | core.news_filter:update_calendar:177 - using local historical calendar data/historical_news.json (fallback after network failure)
2026-08-29 04:49:35.120 | WARNING  | news-filter-refresh | core.news_filter:update_calendar:168 - calendar fetch failed (HTTP 429); falling back to historical file
2026-08-29 04:49:35.124 | INFO     | news-filter-refresh | core.news_filter:_load_historical:237 - loaded 162 matching events from historical calendar data\historical_news.json
2026-08-29 04:49:35.126 | SUCCESS  | news-filter-refresh | core.news_filter:update_calendar:177 - using local historical calendar data/historical_news.json (fallback after network failure)
2026-08-29 04:49:36.429 | WARNING  | news-filter-refresh | core.news_filter:update_calendar:168 - calendar fetch failed (HTTP 429); falling back to historical file
2026-08-29 04:49:36.435 | INFO     | news-filter-refresh | core.news_filter:_load_historical:237 - loaded 162 matching events from historical calendar data\historical_news.json
2026-08-29 04:49:36.437 | SUCCESS  | news-filter-refresh | core.news_filter:update_calendar:177 - using local historical calendar data/historical_news.json (fallback after network failure)
2026-08-29 04:49:37.741 | WARNING  | news-filter-refresh | core.news_filter:update_calendar:168 - calendar fetch failed (HTTP 429); falling back to historical file
2026-08-29 04:49:37.745 | INFO     | news-filter-refresh | core.news_filter:_load_historical:237 - loaded 162 matching events from historical calendar data\historical_news.json
2026-08-29 04:49:37.749 | SUCCESS  | news-filter-refresh | core.news_filter:update_calendar:177 - using local historical calendar data/historical_news.json (fallback after network failure)
2026-08-29 04:49:39.067 | SUCCESS  | news-filter-refresh | core.news_filter:update_calendar:160 - calendar refreshed: 4 high-impact USD events loaded (network)
2026-08-29 04:49:40.366 | SUCCESS  | news-filter-refresh | core.news_filter:update_calendar:160 - calendar refreshed: 4 high-impact USD events loaded (network)
2026-08-29 04:49:41.670 | WARNING  | news-filter-refresh | core.news_filter:update_calendar:168 - calendar fetch failed (HTTP 429); falling back to historical file
2026-08-29 04:49:41.674 | INFO     | news-filter-refresh | core.news_filter:_load_historical:237 - loaded 162 matching events from historical calendar data\historical_news.json
2026-08-29 04:49:41.676 | SUCCESS  | news-filter-refresh | core.news_filter:update_calendar:177 - using local historical calendar data/historical_news.json (fallback after network failure)
2026-08-29 04:49:42.983 | WARNING  | news-filter-refresh | core.news_filter:update_calendar:168 - calendar fetch failed (HTTP 429); falling back to historical file
2026-08-29 04:49:42.988 | INFO     | news-filter-refresh | core.news_filter:_load_historical:237 - loaded 162 matching events from historical calendar data\historical_news.json
2026-08-29 04:49:42.991 | SUCCESS  | news-filter-refresh | core.news_filter:update_calendar:177 - using local historical calendar data/historical_news.json (fallback after network failure)
2026-08-29 04:49:44.294 | WARNING  | news-filter-refresh | core.news_filter:update_calendar:168 - calendar fetch failed (HTTP 429); falling back to historical file
2026-08-29 04:49:44.300 | INFO     | news-filter-refresh | core.news_filter:_load_historical:237 - loaded 162 matching events from historical calendar data\historical_news.json
2026-08-29 04:49:44.305 | SUCCESS  | news-filter-refresh | core.news_filter:update_calendar:177 - using local historical calendar data/historical_news.json (fallback after network failure)
2026-08-29 04:49:45.593 | WARNING  | news-filter-refresh | core.news_filter:update_calendar:168 - calendar fetch failed (HTTP 429); falling back to historical file
2026-08-29 04:49:45.597 | INFO     | news-filter-refresh | core.news_filter:_load_historical:237 - loaded 162 matching events from historical calendar data\historical_news.json
2026-08-29 04:49:45.599 | SUCCESS  | news-filter-refresh | core.news_filter:update_calendar:177 - using local historical calendar data/historical_news.json (fallback after network failure)
2026-08-29 04:49:46.917 | WARNING  | news-filter-refresh | core.news_filter:update_calendar:168 - calendar fetch failed (HTTP 429); falling back to historical file
2026-08-29 04:49:46.923 | INFO     | news-filter-refresh | core.news_filter:_load_historical:237 - loaded 162 matching events from historical calendar data\historical_news.json
2026-08-29 04:49:46.925 | SUCCESS  | news-filter-refresh | core.news_filter:update_calendar:177 - using local historical calendar data/historical_news.json (fallback after network failure)
2026-08-29 04:49:48.221 | WARNING  | news-filter-refresh | core.news_filter:update_calendar:168 - calendar fetch failed (HTTP 429); falling back to historical file
2026-08-29 04:49:48.225 | INFO     | news-filter-refresh | core.news_filter:_load_historical:237 - loaded 162 matching events from historical calendar data\historical_news.json
2026-08-29 04:49:48.231 | SUCCESS  | news-filter-refresh | core.news_filter:update_calendar:177 - using local historical calendar data/historical_news.json (fallback after network failure)
2026-08-29 04:49:49.543 | WARNING  | news-filter-refresh | core.news_filter:update_calendar:168 - calendar fetch failed (HTTP 429); falling back to historical file
2026-08-29 04:49:49.547 | INFO     | news-filter-refresh | core.news_filter:_load_historical:237 - loaded 162 matching events from historical calendar data\historical_news.json
2026-08-29 04:49:49.549 | SUCCESS  | news-filter-refresh | core.news_filter:update_calendar:177 - using local historical calendar data/historical_news.json (fallback after network failure)
2026-08-29 04:49:50.856 | WARNING  | news-filter-refresh | core.news_filter:update_calendar:168 - calendar fetch failed (HTTP 429); falling back to historical file
2026-08-29 04:49:50.860 | INFO     | news-filter-refresh | core.news_filter:_load_historical:237 - loaded 162 matching events from historical calendar data\historical_news.json
2026-08-29 04:49:50.863 | SUCCESS  | news-filter-refresh | core.news_filter:update_calendar:177 - using local historical calendar data/historical_news.json (fallback after network failure)
2026-08-29 04:49:52.173 | WARNING  | news-filter-refresh | core.news_filter:update_calendar:168 - calendar fetch failed (HTTP 429); falling back to historical file
2026-08-29 04:49:52.179 | INFO     | news-filter-refresh | core.news_filter:_load_historical:237 - loaded 162 matching events from historical calendar data\historical_news.json
2026-08-29 04:49:52.183 | SUCCESS  | news-filter-refresh | core.news_filter:update_calendar:177 - using local historical calendar data/historical_news.json (fallback after network failure)
2026-08-29 04:49:53.484 | WARNING  | news-filter-refresh | core.news_filter:update_calendar:168 - calendar fetch failed (HTTP 429); falling back to historical file
2026-08-29 04:49:53.490 | INFO     | news-filter-refresh | core.news_filter:_load_historical:237 - loaded 162 matching events from historical calendar data\historical_news.json
2026-08-29 04:49:53.493 | SUCCESS  | news-filter-refresh | core.news_filter:update_calendar:177 - using local historical calendar data/historical_news.json (fallback after network failure)
2026-08-29 04:49:54.788 | WARNING  | news-filter-refresh | core.news_filter:update_calendar:168 - calendar fetch failed (HTTP 429); falling back to historical file
2026-08-29 04:49:54.794 | INFO     | news-filter-refresh | core.news_filter:_load_historical:237 - loaded 162 matching events from historical calendar data\historical_news.json
2026-08-29 04:49:54.804 | SUCCESS  | news-filter-refresh | core.news_filter:update_calendar:177 - using local historical calendar data/historical_news.json (fallback after network failure)
2026-08-29 04:49:56.116 | WARNING  | news-filter-refresh | core.news_filter:update_calendar:168 - calendar fetch failed (HTTP 429); falling back to historical file
2026-08-29 04:49:56.120 | INFO     | news-filter-refresh | core.news_filter:_load_historical:237 - loaded 162 matching events from historical calendar data\historical_news.json
2026-08-29 04:49:56.124 | SUCCESS  | news-filter-refresh | core.news_filter:update_calendar:177 - using local historical calendar data/historical_news.json (fallback after network failure)
2026-08-29 04:49:57.428 | WARNING  | news-filter-refresh | core.news_filter:update_calendar:168 - calendar fetch failed (HTTP 429); falling back to historical file
2026-08-29 04:49:57.433 | INFO     | news-filter-refresh | core.news_filter:_load_historical:237 - loaded 162 matching events from historical calendar data\historical_news.json
2026-08-29 04:49:57.435 | SUCCESS  | news-filter-refresh | core.news_filter:update_calendar:177 - using local historical calendar data/historical_news.json (fallback after network failure)
2026-08-29 04:49:58.723 | WARNING  | news-filter-refresh | core.news_filter:update_calendar:168 - calendar fetch failed (HTTP 429); falling back to historical file
2026-08-29 04:49:58.729 | INFO     | news-filter-refresh | core.news_filter:_load_historical:237 - loaded 162 matching events from historical calendar data\historical_news.json
2026-08-29 04:49:58.731 | SUCCESS  | news-filter-refresh | core.news_filter:update_calendar:177 - using local historical calendar data/historical_news.json (fallback after network failure)
2026-08-29 04:50:00.085 | WARNING  | news-filter-refresh | core.news_filter:update_calendar:168 - calendar fetch failed (HTTP 429); falling back to historical file
2026-08-29 04:50:00.091 | INFO     | news-filter-refresh | core.news_filter:_load_historical:237 - loaded 162 matching events from historical calendar data\historical_news.json
2026-08-29 04:50:00.093 | SUCCESS  | news-filter-refresh | core.news_filter:update_calendar:177 - using local historical calendar data/historical_news.json (fallback after network failure)
2026-08-29 04:50:01.396 | WARNING  | news-filter-refresh | core.news_filter:update_calendar:168 - calendar fetch failed (HTTP 429); falling back to historical file
2026-08-29 04:50:01.399 | INFO     | news-filter-refresh | core.news_filter:_load_historical:237 - loaded 162 matching events from historical calendar data\historical_news.json
2026-08-29 04:50:01.401 | SUCCESS  | news-filter-refresh | core.news_filter:update_calendar:177 - using local historical calendar data/historical_news.json (fallback after network failure)
2026-08-29 04:50:02.703 | WARNING  | news-filter-refresh | core.news_filter:update_calendar:168 - calendar fetch failed (HTTP 429); falling back to historical file
2026-08-29 04:50:02.707 | INFO     | news-filter-refresh | core.news_filter:_load_historical:237 - loaded 162 matching events from historical calendar data\historical_news.json
2026-08-29 04:50:02.710 | SUCCESS  | news-filter-refresh | core.news_filter:update_calendar:177 - using local historical calendar data/historical_news.json (fallback after network failure)
2026-08-29 04:50:04.018 | WARNING  | news-filter-refresh | core.news_filter:update_calendar:168 - calendar fetch failed (HTTP 429); falling back to historical file
2026-08-29 04:50:04.022 | INFO     | news-filter-refresh | core.news_filter:_load_historical:237 - loaded 162 matching events from historical calendar data\historical_news.json
2026-08-29 04:50:04.024 | SUCCESS  | news-filter-refresh | core.news_filter:update_calendar:177 - using local historical calendar data/historical_news.json (fallback after network failure)
2026-08-29 04:50:05.327 | WARNING  | news-filter-refresh | core.news_filter:update_calendar:168 - calendar fetch failed (HTTP 429); falling back to historical file
2026-08-29 04:50:05.331 | INFO     | news-filter-refresh | core.news_filter:_load_historical:237 - loaded 162 matching events from historical calendar data\historical_news.json
2026-08-29 04:50:05.335 | SUCCESS  | news-filter-refresh | core.news_filter:update_calendar:177 - using local historical calendar data/historical_news.json (fallback after network failure)
2026-08-29 04:50:06.638 | WARNING  | news-filter-refresh | core.news_filter:update_calendar:168 - calendar fetch failed (HTTP 429); falling back to historical file
2026-08-29 04:50:06.642 | INFO     | news-filter-refresh | core.news_filter:_load_historical:237 - loaded 162 matching events from historical calendar data\historical_news.json
2026-08-29 04:50:06.644 | SUCCESS  | news-filter-refresh | core.news_filter:update_calendar:177 - using local historical calendar data/historical_news.json (fallback after network failure)
2026-08-29 04:50:07.939 | WARNING  | news-filter-refresh | core.news_filter:update_calendar:168 - calendar fetch failed (HTTP 429); falling back to historical file
2026-08-29 04:50:07.943 | INFO     | news-filter-refresh | core.news_filter:_load_historical:237 - loaded 162 matching events from historical calendar data\historical_news.json
2026-08-29 04:50:07.947 | SUCCESS  | news-filter-refresh | core.news_filter:update_calendar:177 - using local historical calendar data/historical_news.json (fallback after network failure)
2026-08-29 04:50:09.241 | WARNING  | news-filter-refresh | core.news_filter:update_calendar:168 - calendar fetch failed (HTTP 429); falling back to historical file
2026-08-29 04:50:09.245 | INFO     | news-filter-refresh | core.news_filter:_load_historical:237 - loaded 162 matching events from historical calendar data\historical_news.json
2026-08-29 04:50:09.249 | SUCCESS  | news-filter-refresh | core.news_filter:update_calendar:177 - using local historical calendar data/historical_news.json (fallback after network failure)
2026-08-29 04:50:10.558 | WARNING  | news-filter-refresh | core.news_filter:update_calendar:168 - calendar fetch failed (HTTP 429); falling back to historical file
2026-08-29 04:50:10.562 | INFO     | news-filter-refresh | core.news_filter:_load_historical:237 - loaded 162 matching events from historical calendar data\historical_news.json
2026-08-29 04:50:10.570 | SUCCESS  | news-filter-refresh | core.news_filter:update_calendar:177 - using local historical calendar data/historical_news.json (fallback after network failure)
2026-08-29 04:50:11.872 | WARNING  | news-filter-refresh | core.news_filter:update_calendar:168 - calendar fetch failed (HTTP 429); falling back to historical file
2026-08-29 04:50:11.876 | INFO     | news-filter-refresh | core.news_filter:_load_historical:237 - loaded 162 matching events from historical calendar data\historical_news.json
2026-08-29 04:50:11.880 | SUCCESS  | news-filter-refresh | core.news_filter:update_calendar:177 - using local historical calendar data/historical_news.json (fallback after network failure)
2026-08-29 04:50:13.181 | WARNING  | news-filter-refresh | core.news_filter:update_calendar:168 - calendar fetch failed (HTTP 429); falling back to historical file
2026-08-29 04:50:13.185 | INFO     | news-filter-refresh | core.news_filter:_load_historical:237 - loaded 162 matching events from historical calendar data\historical_news.json
2026-08-29 04:50:13.189 | SUCCESS  | news-filter-refresh | core.news_filter:update_calendar:177 - using local historical calendar data/historical_news.json (fallback after network failure)
2026-08-29 04:50:14.505 | WARNING  | news-filter-refresh | core.news_filter:update_calendar:168 - calendar fetch failed (HTTP 429); falling back to historical file
2026-08-29 04:50:14.509 | INFO     | news-filter-refresh | core.news_filter:_load_historical:237 - loaded 162 matching events from historical calendar data\historical_news.json
2026-08-29 04:50:14.513 | SUCCESS  | news-filter-refresh | core.news_filter:update_calendar:177 - using local historical calendar data/historical_news.json (fallback after network failure)
2026-08-29 04:50:15.818 | WARNING  | news-filter-refresh | core.news_filter:update_calendar:168 - calendar fetch failed (HTTP 429); falling back to historical file
2026-08-29 04:50:15.822 | INFO     | news-filter-refresh | core.news_filter:_load_historical:237 - loaded 162 matching events from historical calendar data\historical_news.json
2026-08-29 04:50:15.824 | SUCCESS  | news-filter-refresh | core.news_filter:update_calendar:177 - using local historical calendar data/historical_news.json (fallback after network failure)
2026-08-29 04:50:17.214 | WARNING  | news-filter-refresh | core.news_filter:update_calendar:168 - calendar fetch failed (HTTP 429); falling back to historical file
2026-08-29 04:50:17.218 | INFO     | news-filter-refresh | core.news_filter:_load_historical:237 - loaded 162 matching events from historical calendar data\historical_news.json
2026-08-29 04:50:17.222 | SUCCESS  | news-filter-refresh | core.news_filter:update_calendar:177 - using local historical calendar data/historical_news.json (fallback after network failure)
2026-08-29 04:50:18.537 | WARNING  | news-filter-refresh | core.news_filter:update_calendar:168 - calendar fetch failed (HTTP 429); falling back to historical file
2026-08-29 04:50:18.541 | INFO     | news-filter-refresh | core.news_filter:_load_historical:237 - loaded 162 matching events from historical calendar data\historical_news.json
2026-08-29 04:50:18.545 | SUCCESS  | news-filter-refresh | core.news_filter:update_calendar:177 - using local historical calendar data/historical_news.json (fallback after network failure)
2026-08-29 04:50:19.838 | WARNING  | news-filter-refresh | core.news_filter:update_calendar:168 - calendar fetch failed (HTTP 429); falling back to historical file
2026-08-29 04:50:19.842 | INFO     | news-filter-refresh | core.news_filter:_load_historical:237 - loaded 162 matching events from historical calendar data\historical_news.json
2026-08-29 04:50:19.844 | SUCCESS  | news-filter-refresh | core.news_filter:update_calendar:177 - using local historical calendar data/historical_news.json (fallback after network failure)
2026-08-29 04:50:21.136 | WARNING  | news-filter-refresh | core.news_filter:update_calendar:168 - calendar fetch failed (HTTP 429); falling back to historical file
2026-08-29 04:50:21.140 | INFO     | news-filter-refresh | core.news_filter:_load_historical:237 - loaded 162 matching events from historical calendar data\historical_news.json
2026-08-29 04:50:21.142 | SUCCESS  | news-filter-refresh | core.news_filter:update_calendar:177 - using local historical calendar data/historical_news.json (fallback after network failure)
2026-08-29 04:50:22.471 | WARNING  | news-filter-refresh | core.news_filter:update_calendar:168 - calendar fetch failed (HTTP 429); falling back to historical file
2026-08-29 04:50:22.473 | INFO     | news-filter-refresh | core.news_filter:_load_historical:237 - loaded 162 matching events from historical calendar data\historical_news.json
2026-08-29 04:50:22.477 | SUCCESS  | news-filter-refresh | core.news_filter:update_calendar:177 - using local historical calendar data/historical_news.json (fallback after network failure)
2026-08-29 04:50:23.777 | WARNING  | news-filter-refresh | core.news_filter:update_calendar:168 - calendar fetch failed (HTTP 429); falling back to historical file
2026-08-29 04:50:23.781 | INFO     | news-filter-refresh | core.news_filter:_load_historical:237 - loaded 162 matching events from historical calendar data\historical_news.json
2026-08-29 04:50:23.785 | SUCCESS  | news-filter-refresh | core.news_filter:update_calendar:177 - using local historical calendar data/historical_news.json (fallback after network failure)
2026-08-29 04:50:25.087 | WARNING  | news-filter-refresh | core.news_filter:update_calendar:168 - calendar fetch failed (HTTP 429); falling back to historical file
2026-08-29 04:50:25.092 | INFO     | news-filter-refresh | core.news_filter:_load_historical:237 - loaded 162 matching events from historical calendar data\historical_news.json
2026-08-29 04:50:25.094 | SUCCESS  | news-filter-refresh | core.news_filter:update_calendar:177 - using local historical calendar data/historical_news.json (fallback after network failure)
2026-08-29 04:50:26.425 | WARNING  | news-filter-refresh | core.news_filter:update_calendar:168 - calendar fetch failed (HTTP 429); falling back to historical file
2026-08-29 04:50:26.429 | INFO     | news-filter-refresh | core.news_filter:_load_historical:237 - loaded 162 matching events from historical calendar data\historical_news.json
2026-08-29 04:50:26.431 | SUCCESS  | news-filter-refresh | core.news_filter:update_calendar:177 - using local historical calendar data/historical_news.json (fallback after network failure)
2026-08-29 04:50:27.772 | WARNING  | news-filter-refresh | core.news_filter:update_calendar:168 - calendar fetch failed (HTTP 429); falling back to historical file
2026-08-29 04:50:27.778 | INFO     | news-filter-refresh | core.news_filter:_load_historical:237 - loaded 162 matching events from historical calendar data\historical_news.json
2026-08-29 04:50:27.780 | SUCCESS  | news-filter-refresh | core.news_filter:update_calendar:177 - using local historical calendar data/historical_news.json (fallback after network failure)
2026-08-29 04:50:29.074 | WARNING  | news-filter-refresh | core.news_filter:update_calendar:168 - calendar fetch failed (HTTP 429); falling back to historical file
2026-08-29 04:50:29.078 | INFO     | news-filter-refresh | core.news_filter:_load_historical:237 - loaded 162 matching events from historical calendar data\historical_news.json
2026-08-29 04:50:29.082 | SUCCESS  | news-filter-refresh | core.news_filter:update_calendar:177 - using local historical calendar data/historical_news.json (fallback after network failure)
2026-08-29 04:50:30.404 | WARNING  | news-filter-refresh | core.news_filter:update_calendar:168 - calendar fetch failed (HTTP 429); falling back to historical file
2026-08-29 04:50:30.408 | INFO     | news-filter-refresh | core.news_filter:_load_historical:237 - loaded 162 matching events from historical calendar data\historical_news.json
2026-08-29 04:50:30.410 | SUCCESS  | news-filter-refresh | core.news_filter:update_calendar:177 - using local historical calendar data/historical_news.json (fallback after network failure)
2026-08-29 04:50:31.724 | WARNING  | news-filter-refresh | core.news_filter:update_calendar:168 - calendar fetch failed (HTTP 429); falling back to historical file
2026-08-29 04:50:31.729 | INFO     | news-filter-refresh | core.news_filter:_load_historical:237 - loaded 162 matching events from historical calendar data\historical_news.json
2026-08-29 04:50:31.733 | SUCCESS  | news-filter-refresh | core.news_filter:update_calendar:177 - using local historical calendar data/historical_news.json (fallback after network failure)
2026-08-29 04:50:33.023 | WARNING  | news-filter-refresh | core.news_filter:update_calendar:168 - calendar fetch failed (HTTP 429); falling back to historical file
2026-08-29 04:50:33.027 | INFO     | news-filter-refresh | core.news_filter:_load_historical:237 - loaded 162 matching events from historical calendar data\historical_news.json
2026-08-29 04:50:33.031 | SUCCESS  | news-filter-refresh | core.news_filter:update_calendar:177 - using local historical calendar data/historical_news.json (fallback after network failure)
2026-08-29 04:50:34.354 | WARNING  | news-filter-refresh | core.news_filter:update_calendar:168 - calendar fetch failed (HTTP 429); falling back to historical file
2026-08-29 04:50:34.362 | INFO     | news-filter-refresh | core.news_filter:_load_historical:237 - loaded 162 matching events from historical calendar data\historical_news.json
2026-08-29 04:50:34.364 | SUCCESS  | news-filter-refresh | core.news_filter:update_calendar:177 - using local historical calendar data/historical_news.json (fallback after network failure)
2026-08-29 04:50:36.226 | WARNING  | news-filter-refresh | core.news_filter:update_calendar:168 - calendar fetch failed (HTTP 429); falling back to historical file
2026-08-29 04:50:36.230 | INFO     | news-filter-refresh | core.news_filter:_load_historical:237 - loaded 162 matching events from historical calendar data\historical_news.json
2026-08-29 04:50:36.232 | SUCCESS  | news-filter-refresh | core.news_filter:update_calendar:177 - using local historical calendar data/historical_news.json (fallback after network failure)
2026-08-29 04:50:37.627 | WARNING  | news-filter-refresh | core.news_filter:update_calendar:168 - calendar fetch failed (HTTP 429); falling back to historical file
2026-08-29 04:50:37.633 | INFO     | news-filter-refresh | core.news_filter:_load_historical:237 - loaded 162 matching events from historical calendar data\historical_news.json
2026-08-29 04:50:37.635 | SUCCESS  | news-filter-refresh | core.news_filter:update_calendar:177 - using local historical calendar data/historical_news.json (fallback after network failure)
2026-08-29 04:50:38.947 | WARNING  | news-filter-refresh | core.news_filter:update_calendar:168 - calendar fetch failed (HTTP 429); falling back to historical file
2026-08-29 04:50:38.951 | INFO     | news-filter-refresh | core.news_filter:_load_historical:237 - loaded 162 matching events from historical calendar data\historical_news.json
2026-08-29 04:50:38.955 | SUCCESS  | news-filter-refresh | core.news_filter:update_calendar:177 - using local historical calendar data/historical_news.json (fallback after network failure)
2026-08-29 04:50:40.248 | WARNING  | news-filter-refresh | core.news_filter:update_calendar:168 - calendar fetch failed (HTTP 429); falling back to historical file
2026-08-29 04:50:40.252 | INFO     | news-filter-refresh | core.news_filter:_load_historical:237 - loaded 162 matching events from historical calendar data\historical_news.json
2026-08-29 04:50:40.254 | SUCCESS  | news-filter-refresh | core.news_filter:update_calendar:177 - using local historical calendar data/historical_news.json (fallback after network failure)
2026-08-29 04:50:41.555 | WARNING  | news-filter-refresh | core.news_filter:update_calendar:168 - calendar fetch failed (HTTP 429); falling back to historical file
2026-08-29 04:50:41.559 | INFO     | news-filter-refresh | core.news_filter:_load_historical:237 - loaded 162 matching events from historical calendar data\historical_news.json
2026-08-29 04:50:41.562 | SUCCESS  | news-filter-refresh | core.news_filter:update_calendar:177 - using local historical calendar data/historical_news.json (fallback after network failure)
2026-08-29 04:50:42.887 | WARNING  | news-filter-refresh | core.news_filter:update_calendar:168 - calendar fetch failed (HTTP 429); falling back to historical file
2026-08-29 04:50:42.893 | INFO     | news-filter-refresh | core.news_filter:_load_historical:237 - loaded 162 matching events from historical calendar data\historical_news.json
2026-08-29 04:50:42.895 | SUCCESS  | news-filter-refresh | core.news_filter:update_calendar:177 - using local historical calendar data/historical_news.json (fallback after network failure)
2026-08-29 04:50:44.197 | WARNING  | news-filter-refresh | core.news_filter:update_calendar:168 - calendar fetch failed (HTTP 429); falling back to historical file
2026-08-29 04:50:44.201 | INFO     | news-filter-refresh | core.news_filter:_load_historical:237 - loaded 162 matching events from historical calendar data\historical_news.json
2026-08-29 04:50:44.203 | SUCCESS  | news-filter-refresh | core.news_filter:update_calendar:177 - using local historical calendar data/historical_news.json (fallback after network failure)
2026-08-29 04:50:45.513 | WARNING  | news-filter-refresh | core.news_filter:update_calendar:168 - calendar fetch failed (HTTP 429); falling back to historical file
2026-08-29 04:50:45.517 | INFO     | news-filter-refresh | core.news_filter:_load_historical:237 - loaded 162 matching events from historical calendar data\historical_news.json
2026-08-29 04:50:45.521 | SUCCESS  | news-filter-refresh | core.news_filter:update_calendar:177 - using local historical calendar data/historical_news.json (fallback after network failure)
2026-08-29 04:50:46.812 | WARNING  | news-filter-refresh | core.news_filter:update_calendar:168 - calendar fetch failed (HTTP 429); falling back to historical file
2026-08-29 04:50:46.821 | INFO     | news-filter-refresh | core.news_filter:_load_historical:237 - loaded 162 matching events from historical calendar data\historical_news.json
2026-08-29 04:50:46.823 | SUCCESS  | news-filter-refresh | core.news_filter:update_calendar:177 - using local historical calendar data/historical_news.json (fallback after network failure)
2026-08-29 04:50:48.136 | WARNING  | news-filter-refresh | core.news_filter:update_calendar:168 - calendar fetch failed (HTTP 429); falling back to historical file
2026-08-29 04:50:48.142 | INFO     | news-filter-refresh | core.news_filter:_load_historical:237 - loaded 162 matching events from historical calendar data\historical_news.json
2026-08-29 04:50:48.147 | SUCCESS  | news-filter-refresh | core.news_filter:update_calendar:177 - using local historical calendar data/historical_news.json (fallback after network failure)
2026-08-29 04:50:49.438 | WARNING  | news-filter-refresh | core.news_filter:update_calendar:168 - calendar fetch failed (HTTP 429); falling back to historical file
2026-08-29 04:50:49.442 | INFO     | news-filter-refresh | core.news_filter:_load_historical:237 - loaded 162 matching events from historical calendar data\historical_news.json
2026-08-29 04:50:49.444 | SUCCESS  | news-filter-refresh | core.news_filter:update_calendar:177 - using local historical calendar data/historical_news.json (fallback after network failure)
2026-08-29 04:50:50.814 | WARNING  | news-filter-refresh | core.news_filter:update_calendar:168 - calendar fetch failed (HTTP 429); falling back to historical file
2026-08-29 04:50:50.818 | INFO     | news-filter-refresh | core.news_filter:_load_historical:237 - loaded 162 matching events from historical calendar data\historical_news.json
2026-08-29 04:50:50.824 | SUCCESS  | news-filter-refresh | core.news_filter:update_calendar:177 - using local historical calendar data/historical_news.json (fallback after network failure)
2026-08-29 04:50:52.165 | WARNING  | news-filter-refresh | core.news_filter:update_calendar:168 - calendar fetch failed (HTTP 429); falling back to historical file
2026-08-29 04:50:52.171 | INFO     | news-filter-refresh | core.news_filter:_load_historical:237 - loaded 162 matching events from historical calendar data\historical_news.json
2026-08-29 04:50:52.173 | SUCCESS  | news-filter-refresh | core.news_filter:update_calendar:177 - using local historical calendar data/historical_news.json (fallback after network failure)
2026-08-29 04:50:53.501 | WARNING  | news-filter-refresh | core.news_filter:update_calendar:168 - calendar fetch failed (HTTP 429); falling back to historical file
2026-08-29 04:50:53.507 | INFO     | news-filter-refresh | core.news_filter:_load_historical:237 - loaded 162 matching events from historical calendar data\historical_news.json
2026-08-29 04:50:53.509 | SUCCESS  | news-filter-refresh | core.news_filter:update_calendar:177 - using local historical calendar data/historical_news.json (fallback after network failure)
2026-08-29 04:50:54.827 | WARNING  | news-filter-refresh | core.news_filter:update_calendar:168 - calendar fetch failed (HTTP 429); falling back to historical file
2026-08-29 04:50:54.831 | INFO     | news-filter-refresh | core.news_filter:_load_historical:237 - loaded 162 matching events from historical calendar data\historical_news.json
2026-08-29 04:50:54.835 | SUCCESS  | news-filter-refresh | core.news_filter:update_calendar:177 - using local historical calendar data/historical_news.json (fallback after network failure)
2026-08-29 04:50:56.139 | WARNING  | news-filter-refresh | core.news_filter:update_calendar:168 - calendar fetch failed (HTTP 429); falling back to historical file
2026-08-29 04:50:56.143 | INFO     | news-filter-refresh | core.news_filter:_load_historical:237 - loaded 162 matching events from historical calendar data\historical_news.json
2026-08-29 04:50:56.145 | SUCCESS  | news-filter-refresh | core.news_filter:update_calendar:177 - using local historical calendar data/historical_news.json (fallback after network failure)
2026-08-29 04:50:57.461 | WARNING  | news-filter-refresh | core.news_filter:update_calendar:168 - calendar fetch failed (HTTP 429); falling back to historical file
2026-08-29 04:50:57.468 | INFO     | news-filter-refresh | core.news_filter:_load_historical:237 - loaded 162 matching events from historical calendar data\historical_news.json
2026-08-29 04:50:57.470 | SUCCESS  | news-filter-refresh | core.news_filter:update_calendar:177 - using local historical calendar data/historical_news.json (fallback after network failure)
2026-08-29 04:50:58.824 | WARNING  | news-filter-refresh | core.news_filter:update_calendar:168 - calendar fetch failed (HTTP 429); falling back to historical file
2026-08-29 04:50:58.828 | INFO     | news-filter-refresh | core.news_filter:_load_historical:237 - loaded 162 matching events from historical calendar data\historical_news.json
2026-08-29 04:50:58.832 | SUCCESS  | news-filter-refresh | core.news_filter:update_calendar:177 - using local historical calendar data/historical_news.json (fallback after network failure)
2026-08-29 04:51:00.196 | WARNING  | news-filter-refresh | core.news_filter:update_calendar:168 - calendar fetch failed (HTTP 429); falling back to historical file
2026-08-29 04:51:00.202 | INFO     | news-filter-refresh | core.news_filter:_load_historical:237 - loaded 162 matching events from historical calendar data\historical_news.json
2026-08-29 04:51:00.204 | SUCCESS  | news-filter-refresh | core.news_filter:update_calendar:177 - using local historical calendar data/historical_news.json (fallback after network failure)
2026-08-29 04:51:01.526 | WARNING  | news-filter-refresh | core.news_filter:update_calendar:168 - calendar fetch failed (HTTP 429); falling back to historical file
2026-08-29 04:51:01.532 | INFO     | news-filter-refresh | core.news_filter:_load_historical:237 - loaded 162 matching events from historical calendar data\historical_news.json
2026-08-29 04:51:01.536 | SUCCESS  | news-filter-refresh | core.news_filter:update_calendar:177 - using local historical calendar data/historical_news.json (fallback after network failure)
2026-08-29 04:51:02.854 | WARNING  | news-filter-refresh | core.news_filter:update_calendar:168 - calendar fetch failed (HTTP 429); falling back to historical file
2026-08-29 04:51:02.862 | INFO     | news-filter-refresh | core.news_filter:_load_historical:237 - loaded 162 matching events from historical calendar data\historical_news.json
2026-08-29 04:51:02.864 | SUCCESS  | news-filter-refresh | core.news_filter:update_calendar:177 - using local historical calendar data/historical_news.json (fallback after network failure)
2026-08-29 04:51:04.188 | WARNING  | news-filter-refresh | core.news_filter:update_calendar:168 - calendar fetch failed (HTTP 429); falling back to historical file
2026-08-29 04:51:04.207 | INFO     | news-filter-refresh | core.news_filter:_load_historical:237 - loaded 162 matching events from historical calendar data\historical_news.json
2026-08-29 04:51:04.220 | SUCCESS  | news-filter-refresh | core.news_filter:update_calendar:177 - using local historical calendar data/historical_news.json (fallback after network failure)
2026-08-29 04:51:05.613 | WARNING  | news-filter-refresh | core.news_filter:update_calendar:168 - calendar fetch failed (HTTP 429); falling back to historical file
2026-08-29 04:51:05.618 | INFO     | news-filter-refresh | core.news_filter:_load_historical:237 - loaded 162 matching events from historical calendar data\historical_news.json
2026-08-29 04:51:05.624 | SUCCESS  | news-filter-refresh | core.news_filter:update_calendar:177 - using local historical calendar data/historical_news.json (fallback after network failure)
2026-08-29 04:51:06.945 | WARNING  | news-filter-refresh | core.news_filter:update_calendar:168 - calendar fetch failed (HTTP 429); falling back to historical file
2026-08-29 04:51:06.947 | INFO     | news-filter-refresh | core.news_filter:_load_historical:237 - loaded 162 matching events from historical calendar data\historical_news.json
2026-08-29 04:51:06.951 | SUCCESS  | news-filter-refresh | core.news_filter:update_calendar:177 - using local historical calendar data/historical_news.json (fallback after network failure)
2026-08-29 04:51:08.317 | WARNING  | news-filter-refresh | core.news_filter:update_calendar:168 - calendar fetch failed (HTTP 429); falling back to historical file
2026-08-29 04:51:08.321 | INFO     | news-filter-refresh | core.news_filter:_load_historical:237 - loaded 162 matching events from historical calendar data\historical_news.json
2026-08-29 04:51:08.325 | SUCCESS  | news-filter-refresh | core.news_filter:update_calendar:177 - using local historical calendar data/historical_news.json (fallback after network failure)
2026-08-29 04:51:09.624 | WARNING  | news-filter-refresh | core.news_filter:update_calendar:168 - calendar fetch failed (HTTP 429); falling back to historical file
2026-08-29 04:51:09.630 | INFO     | news-filter-refresh | core.news_filter:_load_historical:237 - loaded 162 matching events from historical calendar data\historical_news.json
2026-08-29 04:51:09.632 | SUCCESS  | news-filter-refresh | core.news_filter:update_calendar:177 - using local historical calendar data/historical_news.json (fallback after network failure)
2026-08-29 04:51:10.942 | WARNING  | news-filter-refresh | core.news_filter:update_calendar:168 - calendar fetch failed (HTTP 429); falling back to historical file
2026-08-29 04:51:10.947 | INFO     | news-filter-refresh | core.news_filter:_load_historical:237 - loaded 162 matching events from historical calendar data\historical_news.json
2026-08-29 04:51:10.949 | SUCCESS  | news-filter-refresh | core.news_filter:update_calendar:177 - using local historical calendar data/historical_news.json (fallback after network failure)
2026-08-29 04:51:16.427 | WARNING  | news-filter-refresh | core.news_filter:update_calendar:168 - calendar fetch failed (HTTP 429); falling back to historical file
2026-08-29 04:51:16.445 | INFO     | news-filter-refresh | core.news_filter:_load_historical:237 - loaded 162 matching events from historical calendar data\historical_news.json
2026-08-29 04:51:16.447 | SUCCESS  | news-filter-refresh | core.news_filter:update_calendar:177 - using local historical calendar data/historical_news.json (fallback after network failure)
2026-08-29 04:51:17.745 | WARNING  | news-filter-refresh | core.news_filter:update_calendar:168 - calendar fetch failed (HTTP 429); falling back to historical file
2026-08-29 04:51:17.751 | INFO     | news-filter-refresh | core.news_filter:_load_historical:237 - loaded 162 matching events from historical calendar data\historical_news.json
2026-08-29 04:51:17.751 | SUCCESS  | news-filter-refresh | core.news_filter:update_calendar:177 - using local historical calendar data/historical_news.json (fallback after network failure)
2026-08-29 04:51:19.058 | WARNING  | news-filter-refresh | core.news_filter:update_calendar:168 - calendar fetch failed (HTTP 429); falling back to historical file
2026-08-29 04:51:19.066 | INFO     | news-filter-refresh | core.news_filter:_load_historical:237 - loaded 162 matching events from historical calendar data\historical_news.json
2026-08-29 04:51:19.066 | SUCCESS  | news-filter-refresh | core.news_filter:update_calendar:177 - using local historical calendar data/historical_news.json (fallback after network failure)
2026-08-29 04:51:20.392 | WARNING  | news-filter-refresh | core.news_filter:update_calendar:168 - calendar fetch failed (HTTP 429); falling back to historical file
2026-08-29 04:51:20.396 | INFO     | news-filter-refresh | core.news_filter:_load_historical:237 - loaded 162 matching events from historical calendar data\historical_news.json
2026-08-29 04:51:20.398 | SUCCESS  | news-filter-refresh | core.news_filter:update_calendar:177 - using local historical calendar data/historical_news.json (fallback after network failure)
2026-08-29 04:51:21.691 | WARNING  | news-filter-refresh | core.news_filter:update_calendar:168 - calendar fetch failed (HTTP 429); falling back to historical file
2026-08-29 04:51:21.695 | INFO     | news-filter-refresh | core.news_filter:_load_historical:237 - loaded 162 matching events from historical calendar data\historical_news.json
2026-08-29 04:51:21.697 | SUCCESS  | news-filter-refresh | core.news_filter:update_calendar:177 - using local historical calendar data/historical_news.json (fallback after network failure)
2026-08-29 04:51:22.984 | WARNING  | news-filter-refresh | core.news_filter:update_calendar:168 - calendar fetch failed (HTTP 429); falling back to historical file
2026-08-29 04:51:22.988 | INFO     | news-filter-refresh | core.news_filter:_load_historical:237 - loaded 162 matching events from historical calendar data\historical_news.json
2026-08-29 04:51:22.990 | SUCCESS  | news-filter-refresh | core.news_filter:update_calendar:177 - using local historical calendar data/historical_news.json (fallback after network failure)
2026-08-29 04:51:24.293 | WARNING  | news-filter-refresh | core.news_filter:update_calendar:168 - calendar fetch failed (HTTP 429); falling back to historical file
2026-08-29 04:51:24.295 | INFO     | news-filter-refresh | core.news_filter:_load_historical:237 - loaded 162 matching events from historical calendar data\historical_news.json
2026-08-29 04:51:24.297 | SUCCESS  | news-filter-refresh | core.news_filter:update_calendar:177 - using local historical calendar data/historical_news.json (fallback after network failure)
2026-08-29 04:51:25.069 | WARNING  | MainThread | __main__:stop:751 - shutdown requested
2026-08-29 04:51:25.078 | INFO     | MainThread | __main__:shutdown:755 - shutting down…
2026-08-29 04:51:25.610 | WARNING  | news-filter-refresh | core.news_filter:update_calendar:168 - calendar fetch failed (HTTP 429); falling back to historical file
2026-08-29 04:51:25.628 | INFO     | news-filter-refresh | core.news_filter:_load_historical:237 - loaded 162 matching events from historical calendar data\historical_news.json
2026-08-29 04:51:25.634 | SUCCESS  | news-filter-refresh | core.news_filter:update_calendar:177 - using local historical calendar data/historical_news.json (fallback after network failure)
2026-08-29 04:51:26.941 | WARNING  | news-filter-refresh | core.news_filter:update_calendar:168 - calendar fetch failed (HTTP 429); falling back to historical file
2026-08-29 04:51:26.949 | INFO     | news-filter-refresh | core.news_filter:_load_historical:237 - loaded 162 matching events from historical calendar data\historical_news.json
2026-08-29 04:51:26.951 | SUCCESS  | news-filter-refresh | core.news_filter:update_calendar:177 - using local historical calendar data/historical_news.json (fallback after network failure)
2026-08-29 04:51:27.411 | INFO     | telegram-loop | core.telegram_bot:_thread_main:197 - telegram event loop closed
2026-08-29 04:51:27.417 | INFO     | MainThread | core.telegram_bot:stop:176 - telegram controller stopped
2026-08-29 04:51:27.425 | INFO     | MainThread | core.mt5_client:shutdown:292 - MT5 client shut down
2026-08-29 04:51:27.474 | SUCCESS  | MainThread | __main__:shutdown:762 - clean shutdown complete
2026-08-29 04:54:33.189 | INFO     | MainThread | core.database:__init__:159 - subscription database ready at C:\Users\Administrator\gold-3strategies\subscriptions_ichimoku.db
2026-08-29 04:54:33.308 | INFO     | MainThread | core.news_filter:start:101 - news filter cold-start: fetching calendar synchronously...
2026-08-29 04:54:33.639 | WARNING  | MainThread | core.news_filter:update_calendar:168 - calendar fetch failed (HTTP 429); falling back to historical file
2026-08-29 04:54:33.647 | INFO     | MainThread | core.news_filter:_load_historical:237 - loaded 162 matching events from historical calendar data\historical_news.json
2026-08-29 04:54:33.649 | SUCCESS  | MainThread | core.news_filter:update_calendar:177 - using local historical calendar data/historical_news.json (fallback after network failure)
2026-08-29 04:54:33.651 | SUCCESS  | MainThread | core.news_filter:start:105 - cold-start successful: calendar loaded
2026-08-29 04:54:33.651 | INFO     | news-filter-refresh | core.news_filter:_background_refresh:390 - news network refresh failed (1 consecutive); next try in 2s (historical fallback active in the meantime)
2026-08-29 04:54:33.653 | INFO     | MainThread | core.news_filter:start:120 - news filter background refresh started (interval: 1.0h)
2026-08-29 04:54:33.667 | INFO     | MainThread | __main__:run:687 - ========================================================================
2026-08-29 04:54:33.667 | INFO     | MainThread | __main__:run:688 - GOLD M5 BOT starting | risk 1.00% | lots 0.01-0.1 | SL/TP 1.6x/3.0xATR(14) | BE 1.0xATR+5pts | trail 1.3x/0.8xATR
2026-08-29 04:54:33.667 | INFO     | MainThread | __main__:run:689 - ========================================================================
2026-08-29 04:54:33.681 | SUCCESS  | MainThread | core.mt5_client:connect:232 - MT5 connected | login=111468044 server=MetaQuotes-Demo balance=675.32 USD | symbol=XAUUSD | algo_trading=True
2026-08-29 04:54:33.681 | WARNING  | MainThread | core.risk_manager:from_mt5:58 - broker tick_value 0.1000 implausible vs tick_size*contract_size 1.0000; using computed value (sizing guard)
2026-08-29 04:54:33.681 | INFO     | MainThread | __main__:_sync_daily:489 - daily guard init | realized today=$-23.81 | day-start balance=$699.13 | cap -10%/$69.91
2026-08-29 04:54:33.683 | INFO     | MainThread | core.mt5_client:start_heartbeat:336 - heartbeat thread started (30s)
2026-08-29 04:54:34.840 | SUCCESS  | MainThread | core.telegram_bot:start:165 - telegram controller online as @MatrixGolden_bot
2026-08-29 04:54:34.849 | INFO     | MainThread | __main__:run:714 - entering main loop (1.0s cadence, 300s bars)
2026-08-29 04:54:36.046 | WARNING  | news-filter-refresh | core.news_filter:update_calendar:168 - calendar fetch failed (HTTP 429); falling back to historical file
2026-08-29 04:54:36.052 | INFO     | news-filter-refresh | core.news_filter:_load_historical:237 - loaded 162 matching events from historical calendar data\historical_news.json
2026-08-29 04:54:36.052 | SUCCESS  | news-filter-refresh | core.news_filter:update_calendar:177 - using local historical calendar data/historical_news.json (fallback after network failure)
2026-08-29 04:54:36.056 | INFO     | news-filter-refresh | core.news_filter:_background_refresh:390 - news network refresh failed (2 consecutive); next try in 4s (historical fallback active in the meantime)
2026-08-29 04:54:40.343 | WARNING  | news-filter-refresh | core.news_filter:update_calendar:168 - calendar fetch failed (HTTP 429); falling back to historical file
2026-08-29 04:54:40.349 | INFO     | news-filter-refresh | core.news_filter:_load_historical:237 - loaded 162 matching events from historical calendar data\historical_news.json
2026-08-29 04:54:40.351 | SUCCESS  | news-filter-refresh | core.news_filter:update_calendar:177 - using local historical calendar data/historical_news.json (fallback after network failure)
2026-08-29 04:54:40.353 | INFO     | news-filter-refresh | core.news_filter:_background_refresh:390 - news network refresh failed (3 consecutive); next try in 8s (historical fallback active in the meantime)
2026-08-29 04:54:48.644 | SUCCESS  | news-filter-refresh | core.news_filter:update_calendar:160 - calendar refreshed: 4 high-impact USD events loaded (network)
2026-08-29 05:02:19.931 | INFO     | MainThread | core.database:__init__:159 - subscription database ready at C:\Users\Administrator\gold-3strategies\subscriptions_ichimoku.db
2026-08-29 05:02:20.044 | INFO     | MainThread | core.news_filter:start:101 - news filter cold-start: fetching calendar synchronously...
2026-08-29 05:02:20.394 | SUCCESS  | MainThread | core.news_filter:update_calendar:160 - calendar refreshed: 4 high-impact USD events loaded (network)
2026-08-29 05:02:20.398 | SUCCESS  | MainThread | core.news_filter:start:105 - cold-start successful: calendar loaded
2026-08-29 05:02:20.413 | INFO     | MainThread | core.news_filter:start:120 - news filter background refresh started (interval: 1.0h)
2026-08-29 05:02:20.435 | INFO     | MainThread | __main__:run:687 - ========================================================================
2026-08-29 05:02:20.437 | INFO     | MainThread | __main__:run:688 - GOLD M5 BOT starting | risk 1.00% | lots 0.01-0.1 | SL/TP 1.6x/3.0xATR(14) | BE 1.0xATR+5pts | trail 1.3x/0.8xATR
2026-08-29 05:02:20.437 | INFO     | MainThread | __main__:run:689 - ========================================================================
2026-08-29 05:02:20.453 | SUCCESS  | MainThread | core.mt5_client:connect:232 - MT5 connected | login=111468044 server=MetaQuotes-Demo balance=675.32 USD | symbol=XAUUSD | algo_trading=True
2026-08-29 05:02:20.457 | WARNING  | MainThread | core.risk_manager:from_mt5:58 - broker tick_value 0.1000 implausible vs tick_size*contract_size 1.0000; using computed value (sizing guard)
2026-08-29 05:02:20.459 | INFO     | MainThread | __main__:_sync_daily:489 - daily guard init | realized today=$-23.81 | day-start balance=$699.13 | cap -10%/$69.91
2026-08-29 05:02:20.461 | INFO     | MainThread | core.mt5_client:start_heartbeat:336 - heartbeat thread started (30s)
2026-08-29 05:02:21.601 | SUCCESS  | MainThread | core.telegram_bot:start:165 - telegram controller online as @MatrixGolden_bot
2026-08-29 05:02:21.606 | INFO     | MainThread | __main__:run:714 - entering main loop (1.0s cadence, 300s bars)
2026-08-29 05:08:50.974 | WARNING  | MainThread | __main__:stop:751 - shutdown requested
2026-08-29 05:08:50.976 | INFO     | MainThread | __main__:shutdown:755 - shutting down…
2026-08-29 05:08:53.247 | INFO     | telegram-loop | core.telegram_bot:_thread_main:197 - telegram event loop closed
2026-08-29 05:08:53.249 | INFO     | MainThread | core.telegram_bot:stop:176 - telegram controller stopped
2026-08-29 05:08:53.251 | INFO     | MainThread | core.mt5_client:shutdown:292 - MT5 client shut down
2026-08-29 05:08:53.251 | SUCCESS  | MainThread | __main__:shutdown:762 - clean shutdown complete
2026-08-29 05:19:39.740 | INFO     | MainThread | core.database:__init__:159 - subscription database ready at C:\Users\Administrator\gold-3strategies\subscriptions_ichimoku.db
2026-08-29 05:19:39.990 | INFO     | MainThread | core.news_filter:start:101 - news filter cold-start: fetching calendar synchronously...
2026-08-29 05:19:40.407 | SUCCESS  | MainThread | core.news_filter:update_calendar:160 - calendar refreshed: 4 high-impact USD events loaded (network)
2026-08-29 05:19:40.415 | SUCCESS  | MainThread | core.news_filter:start:105 - cold-start successful: calendar loaded
2026-08-29 05:19:40.415 | INFO     | MainThread | core.news_filter:start:120 - news filter background refresh started (interval: 1.0h)
2026-08-29 05:19:40.421 | INFO     | MainThread | __main__:run:687 - ========================================================================
2026-08-29 05:19:40.423 | INFO     | MainThread | __main__:run:688 - GOLD M5 BOT starting | risk 1.00% | lots 0.01-0.1 | SL/TP 1.6x/3.0xATR(14) | BE 1.0xATR+5pts | trail 1.3x/0.8xATR
2026-08-29 05:19:40.423 | INFO     | MainThread | __main__:run:689 - ========================================================================
2026-08-29 05:20:00.849 | SUCCESS  | MainThread | core.mt5_client:connect:232 - MT5 connected | login=111468044 server=MetaQuotes-Demo balance=675.32 USD | symbol=XAUUSD | algo_trading=True
2026-08-29 05:20:01.011 | WARNING  | MainThread | core.risk_manager:from_mt5:58 - broker tick_value 0.1000 implausible vs tick_size*contract_size 1.0000; using computed value (sizing guard)
2026-08-29 05:20:01.017 | INFO     | MainThread | __main__:_sync_daily:489 - daily guard init | realized today=$-23.81 | day-start balance=$699.13 | cap -10%/$69.91
2026-08-29 05:20:01.027 | INFO     | MainThread | core.mt5_client:start_heartbeat:336 - heartbeat thread started (30s)
2026-08-29 05:20:02.227 | SUCCESS  | MainThread | core.telegram_bot:start:165 - telegram controller online as @MatrixGolden_bot
2026-08-29 05:20:02.235 | INFO     | MainThread | __main__:run:714 - entering main loop (1.0s cadence, 300s bars)
2026-08-29 05:53:53.843 | WARNING  | MainThread | __main__:stop:751 - shutdown requested
2026-08-29 05:53:53.906 | INFO     | MainThread | __main__:shutdown:755 - shutting down…
2026-08-29 05:53:56.242 | INFO     | telegram-loop | core.telegram_bot:_thread_main:197 - telegram event loop closed
2026-08-29 05:53:56.249 | INFO     | MainThread | core.telegram_bot:stop:176 - telegram controller stopped
2026-08-29 05:53:56.249 | INFO     | MainThread | core.mt5_client:shutdown:292 - MT5 client shut down
2026-08-29 05:53:56.310 | SUCCESS  | MainThread | __main__:shutdown:762 - clean shutdown complete
2026-08-29 05:54:33.749 | INFO     | MainThread | core.database:__init__:159 - subscription database ready at C:\Users\Administrator\gold-3strategies\subscriptions_ichimoku.db
2026-08-29 05:54:34.017 | INFO     | MainThread | core.news_filter:start:101 - news filter cold-start: fetching calendar synchronously...
2026-08-29 05:54:34.395 | SUCCESS  | MainThread | core.news_filter:update_calendar:160 - calendar refreshed: 4 high-impact USD events loaded (network)
2026-08-29 05:54:34.401 | SUCCESS  | MainThread | core.news_filter:start:105 - cold-start successful: calendar loaded
2026-08-29 05:54:34.403 | INFO     | MainThread | core.news_filter:start:120 - news filter background refresh started (interval: 1.0h)
2026-08-29 05:54:34.409 | INFO     | MainThread | __main__:run:687 - ========================================================================
2026-08-29 05:54:34.409 | INFO     | MainThread | __main__:run:688 - GOLD M5 BOT starting | risk 1.00% | lots 0.01-0.1 | SL/TP 1.6x/3.0xATR(14) | BE 1.0xATR+5pts | trail 1.3x/0.8xATR
2026-08-29 05:54:34.409 | INFO     | MainThread | __main__:run:689 - ========================================================================
2026-08-29 05:54:34.422 | SUCCESS  | MainThread | core.mt5_client:connect:232 - MT5 connected | login=111468044 server=MetaQuotes-Demo balance=675.32 USD | symbol=XAUUSD | algo_trading=True
2026-08-29 05:54:34.422 | WARNING  | MainThread | core.risk_manager:from_mt5:58 - broker tick_value 0.1000 implausible vs tick_size*contract_size 1.0000; using computed value (sizing guard)
2026-08-29 05:54:34.426 | INFO     | MainThread | __main__:_sync_daily:489 - daily guard init | realized today=$-23.81 | day-start balance=$699.13 | cap -10%/$69.91
2026-08-29 05:54:34.426 | INFO     | MainThread | core.mt5_client:start_heartbeat:336 - heartbeat thread started (30s)
2026-08-29 05:54:35.811 | SUCCESS  | MainThread | core.telegram_bot:start:165 - telegram controller online as @MatrixGolden_bot
2026-08-29 05:54:35.819 | INFO     | MainThread | __main__:run:714 - entering main loop (1.0s cadence, 300s bars)
2026-08-29 06:54:35.147 | SUCCESS  | news-filter-refresh | core.news_filter:update_calendar:160 - calendar refreshed: 4 high-impact USD events loaded (network)
2026-08-29 07:14:33.466 | INFO     | MainThread | core.database:__init__:159 - subscription database ready at C:\Users\Administrator\gold-3strategies\subscriptions_ichimoku.db
2026-08-29 07:14:33.879 | INFO     | MainThread | core.news_filter:start:106 - news filter cold-start: fetching calendar synchronously...
2026-08-29 07:14:34.474 | SUCCESS  | MainThread | core.news_filter:update_calendar:165 - calendar refreshed: 4 high-impact USD events loaded (network)
2026-08-29 07:14:34.480 | SUCCESS  | MainThread | core.news_filter:start:110 - cold-start successful: calendar loaded
2026-08-29 07:14:34.481 | INFO     | MainThread | core.news_filter:start:125 - news filter background refresh started (interval: 1.0h)
2026-08-29 07:14:34.488 | INFO     | MainThread | __main__:run:688 - ========================================================================
2026-08-29 07:14:34.488 | INFO     | MainThread | __main__:run:689 - GOLD M5 BOT starting | risk 1.00% | lots 0.01-0.1 | SL/TP 1.6x/3.0xATR(14) | BE 1.0xATR+5pts | trail 1.3x/0.8xATR
2026-08-29 07:14:34.488 | INFO     | MainThread | __main__:run:690 - ========================================================================
2026-08-29 07:14:34.575 | SUCCESS  | MainThread | core.mt5_client:connect:232 - MT5 connected | login=111468044 server=MetaQuotes-Demo balance=675.32 USD | symbol=XAUUSD | algo_trading=True
2026-08-29 07:14:34.575 | WARNING  | MainThread | core.risk_manager:from_mt5:58 - broker tick_value 0.1000 implausible vs tick_size*contract_size 1.0000; using computed value (sizing guard)
2026-08-29 07:14:34.580 | INFO     | MainThread | __main__:_sync_daily:490 - daily guard init | realized today=$-23.81 | day-start balance=$699.13 | cap -10%/$69.91
2026-08-29 07:14:34.581 | INFO     | MainThread | core.mt5_client:start_heartbeat:336 - heartbeat thread started (30s)
2026-08-29 07:14:35.931 | SUCCESS  | MainThread | core.telegram_bot:start:165 - telegram controller online as @MatrixGolden_bot
2026-08-29 07:14:35.941 | INFO     | MainThread | __main__:run:715 - entering main loop (1.0s cadence, 300s bars)
2026-08-29 07:14:45.954 | WARNING  | MainThread | __main__:stop:751 - shutdown requested
2026-08-29 07:14:45.973 | INFO     | MainThread | __main__:shutdown:755 - shutting down…
2026-08-29 07:14:46.019 | WARNING  | MainThread | __main__:stop:751 - shutdown requested
2026-08-29 07:14:46.145 | WARNING  | MainThread | __main__:stop:751 - shutdown requested
2026-08-29 07:14:46.400 | WARNING  | MainThread | __main__:stop:751 - shutdown requested
2026-08-29 07:14:46.545 | WARNING  | MainThread | __main__:stop:751 - shutdown requested
2026-08-29 07:14:46.713 | WARNING  | MainThread | __main__:stop:751 - shutdown requested
2026-08-29 07:14:48.278 | INFO     | telegram-loop | core.telegram_bot:_thread_main:197 - telegram event loop closed
2026-08-29 07:14:48.285 | INFO     | MainThread | core.telegram_bot:stop:176 - telegram controller stopped
2026-08-29 07:14:48.285 | INFO     | MainThread | core.mt5_client:shutdown:292 - MT5 client shut down
2026-08-29 07:14:48.292 | SUCCESS  | MainThread | __main__:shutdown:762 - clean shutdown complete
2026-08-29 07:15:00.259 | WARNING  | MainThread | __main__:stop:752 - shutdown requested
2026-08-29 07:15:00.259 | INFO     | MainThread | __main__:shutdown:756 - shutting down…
2026-08-29 07:15:02.533 | INFO     | telegram-loop | core.telegram_bot:_thread_main:197 - telegram event loop closed
2026-08-29 07:15:02.539 | INFO     | MainThread | core.telegram_bot:stop:176 - telegram controller stopped
2026-08-29 07:15:02.539 | INFO     | MainThread | core.mt5_client:shutdown:292 - MT5 client shut down
2026-08-29 07:15:02.551 | SUCCESS  | MainThread | __main__:shutdown:763 - clean shutdown complete
2026-08-29 07:19:33.126 | INFO     | MainThread | core.database:__init__:159 - subscription database ready at C:\Users\Administrator\gold-3strategies\subscriptions_ichimoku.db
2026-08-29 07:19:33.303 | INFO     | MainThread | core.news_filter:start:106 - news filter cold-start: fetching calendar synchronously...
2026-08-29 07:19:33.659 | SUCCESS  | MainThread | core.news_filter:update_calendar:165 - calendar refreshed: 4 high-impact USD events loaded (network)
2026-08-29 07:19:33.665 | SUCCESS  | MainThread | core.news_filter:start:110 - cold-start successful: calendar loaded
2026-08-29 07:19:33.667 | INFO     | MainThread | core.news_filter:start:125 - news filter background refresh started (interval: 1.0h)
2026-08-29 07:19:33.673 | INFO     | MainThread | __main__:run:688 - ========================================================================
2026-08-29 07:19:33.675 | INFO     | MainThread | __main__:run:689 - GOLD M5 BOT starting | risk 1.00% | lots 0.01-0.1 | SL/TP 1.6x/3.0xATR(14) | BE 1.0xATR+5pts | trail 1.3x/0.8xATR
2026-08-29 07:19:33.675 | INFO     | MainThread | __main__:run:690 - ========================================================================
2026-08-29 07:19:33.694 | SUCCESS  | MainThread | core.mt5_client:connect:232 - MT5 connected | login=111468044 server=MetaQuotes-Demo balance=675.32 USD | symbol=XAUUSD | algo_trading=True
2026-08-29 07:19:33.696 | WARNING  | MainThread | core.risk_manager:from_mt5:58 - broker tick_value 0.1000 implausible vs tick_size*contract_size 1.0000; using computed value (sizing guard)
2026-08-29 07:19:33.696 | INFO     | MainThread | __main__:_sync_daily:490 - daily guard init | realized today=$-23.81 | day-start balance=$699.13 | cap -10%/$69.91
2026-08-29 07:19:33.698 | INFO     | MainThread | core.mt5_client:start_heartbeat:336 - heartbeat thread started (30s)
2026-08-29 07:19:35.321 | SUCCESS  | MainThread | core.telegram_bot:start:165 - telegram controller online as @MatrixGolden_bot
2026-08-29 07:19:35.329 | INFO     | MainThread | __main__:run:715 - entering main loop (1.0s cadence, 300s bars)
2026-08-29 08:19:34.067 | SUCCESS  | news-filter-refresh | core.news_filter:update_calendar:165 - calendar refreshed: 4 high-impact USD events loaded (network)
2026-08-29 08:39:45.467 | INFO     | MainThread | core.database:__init__:159 - subscription database ready at C:\Users\Administrator\gold-3strategies\subscriptions_ichimoku.db
2026-08-29 08:39:45.750 | INFO     | MainThread | core.news_filter:start:106 - news filter cold-start: fetching calendar synchronously...
2026-08-29 08:39:46.153 | SUCCESS  | MainThread | core.news_filter:update_calendar:165 - calendar refreshed: 4 high-impact USD events loaded (network)
2026-08-29 08:39:46.159 | SUCCESS  | MainThread | core.news_filter:start:110 - cold-start successful: calendar loaded
2026-08-29 08:39:46.161 | INFO     | MainThread | core.news_filter:start:125 - news filter background refresh started (interval: 1.0h)
2026-08-29 08:39:46.168 | INFO     | MainThread | __main__:run:688 - ========================================================================
2026-08-29 08:39:46.168 | INFO     | MainThread | __main__:run:689 - GOLD M5 BOT starting | risk 1.00% | lots 0.01-0.1 | SL/TP 1.6x/3.0xATR(14) | BE 1.0xATR+5pts | trail 1.3x/0.8xATR
2026-08-29 08:39:46.168 | INFO     | MainThread | __main__:run:690 - ========================================================================
2026-08-29 08:40:11.881 | SUCCESS  | MainThread | core.mt5_client:connect:232 - MT5 connected | login=111468044 server=MetaQuotes-Demo balance=675.32 USD | symbol=XAUUSD | algo_trading=True
2026-08-29 08:40:11.887 | WARNING  | MainThread | core.risk_manager:from_mt5:58 - broker tick_value 0.1000 implausible vs tick_size*contract_size 1.0000; using computed value (sizing guard)
2026-08-29 08:40:11.887 | INFO     | MainThread | __main__:_sync_daily:490 - daily guard init | realized today=$-23.81 | day-start balance=$699.13 | cap -10%/$69.91
2026-08-29 08:40:11.889 | INFO     | MainThread | core.mt5_client:start_heartbeat:336 - heartbeat thread started (30s)
2026-08-29 08:40:13.347 | SUCCESS  | MainThread | core.telegram_bot:start:165 - telegram controller online as @MatrixGolden_bot
2026-08-29 08:40:13.355 | INFO     | MainThread | __main__:run:715 - entering main loop (1.0s cadence, 300s bars)
2026-08-29 08:47:33.519 | INFO     | asyncio_0 | backtest.engine:__init__:89 - loaded 162 historical news events for backtesting blackout
2026-08-29 08:47:33.525 | INFO     | asyncio_0 | backtest.engine:run:374 - backtest start | strategy=ichimoku_m15 bars=25000 spread=8.0pts commission=$0.0/lot news_filter=True
2026-08-29 08:47:33.876 | WARNING  | asyncio_0 | core.risk_manager:calculate_lot:262 - risk budget $5.33 implies 0.0046 lots (< min 0.01); trading min lot risks $11.56 (2.17% of balance)
2026-08-29 08:47:33.883 | WARNING  | asyncio_0 | core.risk_manager:calculate_lot:262 - risk budget $5.33 implies 0.0037 lots (< min 0.01); trading min lot risks $14.37 (2.70% of balance)
2026-08-29 08:47:33.883 | WARNING  | asyncio_0 | core.risk_manager:calculate_lot:262 - risk budget $5.41 implies 0.0045 lots (< min 0.01); trading min lot risks $12.13 (2.24% of balance)
2026-08-29 08:47:33.883 | WARNING  | asyncio_0 | core.risk_manager:calculate_lot:262 - risk budget $5.51 implies 0.0042 lots (< min 0.01); trading min lot risks $13.01 (2.36% of balance)
2026-08-29 08:47:33.885 | WARNING  | asyncio_0 | core.risk_manager:calculate_lot:262 - risk budget $5.38 implies 0.0037 lots (< min 0.01); trading min lot risks $14.66 (2.73% of balance)
2026-08-29 08:47:33.885 | WARNING  | asyncio_0 | core.risk_manager:calculate_lot:262 - risk budget $5.23 implies 0.0037 lots (< min 0.01); trading min lot risks $14.20 (2.71% of balance)
2026-08-29 08:47:33.887 | WARNING  | asyncio_0 | core.risk_manager:calculate_lot:262 - risk budget $5.34 implies 0.0025 lots (< min 0.01); trading min lot risks $21.35 (4.00% of balance)
2026-08-29 08:47:33.887 | WARNING  | asyncio_0 | core.risk_manager:calculate_lot:262 - risk budget $5.13 implies 0.0023 lots (< min 0.01); trading min lot risks $22.05 (4.30% of balance)
2026-08-29 08:47:33.889 | WARNING  | asyncio_0 | core.risk_manager:calculate_lot:262 - risk budget $5.28 implies 0.0049 lots (< min 0.01); trading min lot risks $10.74 (2.03% of balance)
2026-08-29 08:47:33.889 | WARNING  | asyncio_0 | core.risk_manager:calculate_lot:262 - risk budget $5.32 implies 0.0038 lots (< min 0.01); trading min lot risks $14.01 (2.63% of balance)
2026-08-29 08:47:33.891 | WARNING  | asyncio_0 | core.risk_manager:calculate_lot:262 - risk budget $5.32 implies 0.0024 lots (< min 0.01); trading min lot risks $21.90 (4.11% of balance)
2026-08-29 08:47:33.891 | WARNING  | asyncio_0 | core.risk_manager:calculate_lot:262 - risk budget $5.43 implies 0.0039 lots (< min 0.01); trading min lot risks $13.81 (2.54% of balance)
2026-08-29 08:47:33.891 | WARNING  | asyncio_0 | core.risk_manager:calculate_lot:262 - risk budget $5.29 implies 0.0028 lots (< min 0.01); trading min lot risks $19.08 (3.61% of balance)
2026-08-29 08:47:33.893 | WARNING  | asyncio_0 | core.risk_manager:calculate_lot:262 - risk budget $5.10 implies 0.0036 lots (< min 0.01); trading min lot risks $14.01 (2.75% of balance)
2026-08-29 08:47:33.893 | WARNING  | asyncio_0 | core.risk_manager:calculate_lot:262 - risk budget $4.96 implies 0.0044 lots (< min 0.01); trading min lot risks $11.31 (2.28% of balance)
2026-08-29 08:47:33.895 | WARNING  | asyncio_0 | core.risk_manager:calculate_lot:262 - risk budget $4.85 implies 0.0030 lots (< min 0.01); trading min lot risks $15.94 (3.29% of balance)
2026-08-29 08:47:33.895 | WARNING  | asyncio_0 | core.risk_manager:calculate_lot:262 - risk budget $4.69 implies 0.0030 lots (< min 0.01); trading min lot risks $15.39 (3.28% of balance)
2026-08-29 08:47:33.897 | WARNING  | asyncio_0 | core.risk_manager:calculate_lot:262 - risk budget $4.74 implies 0.0029 lots (< min 0.01); trading min lot risks $16.43 (3.47% of balance)
2026-08-29 08:47:33.897 | WARNING  | asyncio_0 | core.risk_manager:calculate_lot:262 - risk budget $4.80 implies 0.0020 lots (< min 0.01); trading min lot risks $23.90 (4.97% of balance)
2026-08-29 08:47:33.897 | WARNING  | asyncio_0 | core.risk_manager:calculate_lot:262 - risk budget $4.93 implies 0.0040 lots (< min 0.01); trading min lot risks $12.40 (2.52% of balance)
2026-08-29 08:47:33.899 | WARNING  | asyncio_0 | core.risk_manager:calculate_lot:262 - risk budget $4.80 implies 0.0032 lots (< min 0.01); trading min lot risks $14.80 (3.08% of balance)
2026-08-29 08:47:33.901 | WARNING  | asyncio_0 | core.risk_manager:calculate_lot:262 - risk budget $4.80 implies 0.0022 lots (< min 0.01); trading min lot risks $21.71 (4.52% of balance)
2026-08-29 08:47:33.901 | WARNING  | asyncio_0 | core.risk_manager:calculate_lot:262 - risk budget $4.81 implies 0.0036 lots (< min 0.01); trading min lot risks $13.52 (2.81% of balance)
2026-08-29 08:47:33.901 | WARNING  | asyncio_0 | core.risk_manager:calculate_lot:262 - risk budget $4.67 implies 0.0033 lots (< min 0.01); trading min lot risks $14.24 (3.05% of balance)
2026-08-29 08:47:33.903 | WARNING  | asyncio_0 | core.risk_manager:calculate_lot:262 - risk budget $4.67 implies 0.0031 lots (< min 0.01); trading min lot risks $15.08 (3.23% of balance)
2026-08-29 08:47:33.903 | WARNING  | asyncio_0 | core.risk_manager:calculate_lot:262 - risk budget $4.52 implies 0.0029 lots (< min 0.01); trading min lot risks $15.39 (3.41% of balance)
2026-08-29 08:47:33.905 | WARNING  | asyncio_0 | core.risk_manager:calculate_lot:262 - risk budget $4.58 implies 0.0029 lots (< min 0.01); trading min lot risks $15.64 (3.42% of balance)
2026-08-29 08:47:33.905 | WARNING  | asyncio_0 | core.risk_manager:calculate_lot:262 - risk budget $4.58 implies 0.0028 lots (< min 0.01); trading min lot risks $16.08 (3.51% of balance)
2026-08-29 08:47:33.905 | WARNING  | asyncio_0 | core.risk_manager:calculate_lot:262 - risk budget $4.70 implies 0.0024 lots (< min 0.01); trading min lot risks $19.77 (4.20% of balance)
2026-08-29 08:47:33.907 | WARNING  | asyncio_0 | core.risk_manager:calculate_lot:262 - risk budget $4.50 implies 0.0025 lots (< min 0.01); trading min lot risks $17.88 (3.97% of balance)
2026-08-29 08:47:33.907 | WARNING  | asyncio_0 | core.risk_manager:calculate_lot:262 - risk budget $4.50 implies 0.0023 lots (< min 0.01); trading min lot risks $19.23 (4.27% of balance)
2026-08-29 08:47:33.914 | WARNING  | asyncio_0 | core.risk_manager:calculate_lot:262 - risk budget $4.76 implies 0.0032 lots (< min 0.01); trading min lot risks $14.90 (3.13% of balance)
2026-08-29 08:47:33.918 | WARNING  | asyncio_0 | core.risk_manager:calculate_lot:262 - risk budget $4.84 implies 0.0034 lots (< min 0.01); trading min lot risks $14.34 (2.96% of balance)
2026-08-29 08:47:33.918 | WARNING  | asyncio_0 | core.risk_manager:calculate_lot:262 - risk budget $4.70 implies 0.0039 lots (< min 0.01); trading min lot risks $11.93 (2.54% of balance)
2026-08-29 08:47:33.920 | WARNING  | asyncio_0 | core.risk_manager:calculate_lot:262 - risk budget $4.83 implies 0.0034 lots (< min 0.01); trading min lot risks $14.02 (2.90% of balance)
2026-08-29 08:47:33.920 | WARNING  | asyncio_0 | core.risk_manager:calculate_lot:262 - risk budget $4.69 implies 0.0024 lots (< min 0.01); trading min lot risks $19.75 (4.21% of balance)
2026-08-29 08:47:33.922 | WARNING  | asyncio_0 | core.risk_manager:calculate_lot:262 - risk budget $5.06 implies 0.0039 lots (< min 0.01); trading min lot risks $13.08 (2.58% of balance)
2026-08-29 08:47:33.922 | WARNING  | asyncio_0 | core.risk_manager:calculate_lot:262 - risk budget $4.93 implies 0.0040 lots (< min 0.01); trading min lot risks $12.18 (2.47% of balance)
2026-08-29 08:47:33.922 | WARNING  | asyncio_0 | core.risk_manager:calculate_lot:262 - risk budget $5.06 implies 0.0035 lots (< min 0.01); trading min lot risks $14.44 (2.85% of balance)
2026-08-29 08:47:33.924 | WARNING  | asyncio_0 | core.risk_manager:calculate_lot:262 - risk budget $4.92 implies 0.0033 lots (< min 0.01); trading min lot risks $15.08 (3.06% of balance)
2026-08-29 08:47:33.924 | WARNING  | asyncio_0 | core.risk_manager:calculate_lot:262 - risk budget $4.77 implies 0.0033 lots (< min 0.01); trading min lot risks $14.67 (3.08% of balance)
2026-08-29 08:47:33.924 | WARNING  | asyncio_0 | core.risk_manager:calculate_lot:262 - risk budget $4.62 implies 0.0026 lots (< min 0.01); trading min lot risks $17.45 (3.78% of balance)
2026-08-29 08:47:33.926 | WARNING  | asyncio_0 | core.risk_manager:calculate_lot:262 - risk budget $4.71 implies 0.0031 lots (< min 0.01); trading min lot risks $15.29 (3.25% of balance)
2026-08-29 08:47:33.926 | WARNING  | asyncio_0 | core.risk_manager:calculate_lot:262 - risk budget $4.80 implies 0.0024 lots (< min 0.01); trading min lot risks $20.29 (4.23% of balance)
2026-08-29 08:47:33.928 | WARNING  | asyncio_0 | core.risk_manager:calculate_lot:262 - risk budget $4.80 implies 0.0024 lots (< min 0.01); trading min lot risks $19.83 (4.13% of balance)
2026-08-29 08:47:33.928 | WARNING  | asyncio_0 | core.risk_manager:calculate_lot:262 - risk budget $5.17 implies 0.0031 lots (< min 0.01); trading min lot risks $16.73 (3.24% of balance)
2026-08-29 08:47:33.930 | WARNING  | asyncio_0 | core.risk_manager:calculate_lot:262 - risk budget $5.22 implies 0.0034 lots (< min 0.01); trading min lot risks $15.20 (2.91% of balance)
2026-08-29 08:47:33.930 | WARNING  | asyncio_0 | core.risk_manager:calculate_lot:262 - risk budget $5.07 implies 0.0029 lots (< min 0.01); trading min lot risks $17.45 (3.44% of balance)
2026-08-29 08:47:33.930 | WARNING  | asyncio_0 | core.risk_manager:calculate_lot:262 - risk budget $5.40 implies 0.0036 lots (< min 0.01); trading min lot risks $14.84 (2.75% of balance)
2026-08-29 08:47:33.932 | WARNING  | asyncio_0 | core.risk_manager:calculate_lot:262 - risk budget $5.25 implies 0.0033 lots (< min 0.01); trading min lot risks $15.90 (3.03% of balance)
2026-08-29 08:47:33.932 | WARNING  | asyncio_0 | core.risk_manager:calculate_lot:262 - risk budget $5.55 implies 0.0033 lots (< min 0.01); trading min lot risks $16.89 (3.04% of balance)
2026-08-29 08:47:33.932 | WARNING  | asyncio_0 | core.risk_manager:calculate_lot:262 - risk budget $5.38 implies 0.0034 lots (< min 0.01); trading min lot risks $15.96 (2.97% of balance)
2026-08-29 08:47:33.934 | WARNING  | asyncio_0 | core.risk_manager:calculate_lot:262 - risk budget $5.22 implies 0.0044 lots (< min 0.01); trading min lot risks $11.88 (2.28% of balance)
2026-08-29 08:47:33.934 | WARNING  | asyncio_0 | core.risk_manager:calculate_lot:262 - risk budget $5.26 implies 0.0038 lots (< min 0.01); trading min lot risks $13.81 (2.62% of balance)
2026-08-29 08:47:33.936 | WARNING  | asyncio_0 | core.risk_manager:calculate_lot:262 - risk budget $5.27 implies 0.0028 lots (< min 0.01); trading min lot risks $18.52 (3.52% of balance)
2026-08-29 08:47:33.936 | WARNING  | asyncio_0 | core.risk_manager:calculate_lot:262 - risk budget $5.27 implies 0.0045 lots (< min 0.01); trading min lot risks $11.66 (2.21% of balance)
2026-08-29 08:47:33.936 | WARNING  | asyncio_0 | core.risk_manager:calculate_lot:262 - risk budget $5.15 implies 0.0039 lots (< min 0.01); trading min lot risks $13.32 (2.59% of balance)
2026-08-29 08:47:33.938 | WARNING  | asyncio_0 | core.risk_manager:calculate_lot:262 - risk budget $5.02 implies 0.0037 lots (< min 0.01); trading min lot risks $13.45 (2.68% of balance)
2026-08-29 08:47:33.938 | WARNING  | asyncio_0 | core.risk_manager:calculate_lot:262 - risk budget $4.88 implies 0.0030 lots (< min 0.01); trading min lot risks $16.24 (3.33% of balance)
2026-08-29 08:47:33.938 | WARNING  | asyncio_0 | core.risk_manager:calculate_lot:262 - risk budget $4.72 implies 0.0038 lots (< min 0.01); trading min lot risks $12.56 (2.66% of balance)
2026-08-29 08:47:33.962 | WARNING  | asyncio_0 | core.risk_manager:calculate_lot:262 - risk budget $4.59 implies 0.0044 lots (< min 0.01); trading min lot risks $10.49 (2.28% of balance)
2026-08-29 08:47:33.964 | WARNING  | asyncio_0 | core.risk_manager:calculate_lot:262 - risk budget $4.63 implies 0.0061 lots (< min 0.01); trading min lot risks $7.61 (1.64% of balance)
2026-08-29 08:47:33.964 | WARNING  | asyncio_0 | core.risk_manager:calculate_lot:262 - risk budget $4.63 implies 0.0043 lots (< min 0.01); trading min lot risks $10.82 (2.34% of balance)
2026-08-29 08:47:33.964 | WARNING  | asyncio_0 | core.risk_manager:calculate_lot:262 - risk budget $4.52 implies 0.0032 lots (< min 0.01); trading min lot risks $14.23 (3.15% of balance)
2026-08-29 08:47:33.966 | WARNING  | asyncio_0 | core.risk_manager:calculate_lot:262 - risk budget $4.52 implies 0.0029 lots (< min 0.01); trading min lot risks $15.50 (3.43% of balance)
2026-08-29 08:47:33.966 | WARNING  | asyncio_0 | core.risk_manager:calculate_lot:262 - risk budget $4.52 implies 0.0037 lots (< min 0.01); trading min lot risks $12.10 (2.68% of balance)
2026-08-29 08:47:33.966 | WARNING  | asyncio_0 | core.risk_manager:calculate_lot:262 - risk budget $4.63 implies 0.0023 lots (< min 0.01); trading min lot risks $19.93 (4.30% of balance)
2026-08-29 08:47:33.968 | WARNING  | asyncio_0 | core.risk_manager:calculate_lot:262 - risk budget $5.01 implies 0.0037 lots (< min 0.01); trading min lot risks $13.68 (2.73% of balance)
2026-08-29 08:47:33.968 | WARNING  | asyncio_0 | core.risk_manager:calculate_lot:262 - risk budget $5.15 implies 0.0035 lots (< min 0.01); trading min lot risks $14.86 (2.89% of balance)
2026-08-29 08:47:33.970 | WARNING  | asyncio_0 | core.risk_manager:calculate_lot:262 - risk budget $5.00 implies 0.0044 lots (< min 0.01); trading min lot risks $11.37 (2.28% of balance)
2026-08-29 08:47:33.970 | WARNING  | asyncio_0 | core.risk_manager:calculate_lot:262 - risk budget $5.12 implies 0.0039 lots (< min 0.01); trading min lot risks $13.29 (2.59% of balance)
2026-08-29 08:47:33.986 | WARNING  | asyncio_0 | core.risk_manager:calculate_lot:262 - risk budget $5.12 implies 0.0045 lots (< min 0.01); trading min lot risks $11.48 (2.24% of balance)
2026-08-29 08:47:33.986 | WARNING  | asyncio_0 | core.risk_manager:calculate_lot:262 - risk budget $5.12 implies 0.0039 lots (< min 0.01); trading min lot risks $13.20 (2.58% of balance)
2026-08-29 08:47:33.988 | WARNING  | asyncio_0 | core.risk_manager:calculate_lot:262 - risk budget $5.12 implies 0.0029 lots (< min 0.01); trading min lot risks $17.70 (3.45% of balance)
2026-08-29 08:47:33.988 | WARNING  | asyncio_0 | core.risk_manager:calculate_lot:262 - risk budget $5.46 implies 0.0035 lots (< min 0.01); trading min lot risks $15.50 (2.84% of balance)
2026-08-29 08:47:33.990 | WARNING  | asyncio_0 | core.risk_manager:calculate_lot:262 - risk budget $5.59 implies 0.0037 lots (< min 0.01); trading min lot risks $14.96 (2.67% of balance)
2026-08-29 08:47:33.990 | WARNING  | asyncio_0 | core.risk_manager:calculate_lot:262 - risk budget $5.45 implies 0.0054 lots (< min 0.01); trading min lot risks $10.08 (1.85% of balance)
2026-08-29 08:47:33.990 | WARNING  | asyncio_0 | core.risk_manager:calculate_lot:262 - risk budget $5.34 implies 0.0036 lots (< min 0.01); trading min lot risks $15.01 (2.81% of balance)
2026-08-29 08:47:33.992 | WARNING  | asyncio_0 | core.risk_manager:calculate_lot:262 - risk budget $5.19 implies 0.0039 lots (< min 0.01); trading min lot risks $13.35 (2.57% of balance)
2026-08-29 08:47:33.992 | WARNING  | asyncio_0 | core.risk_manager:calculate_lot:262 - risk budget $5.24 implies 0.0034 lots (< min 0.01); trading min lot risks $15.38 (2.94% of balance)
2026-08-29 08:47:33.993 | WARNING  | asyncio_0 | core.risk_manager:calculate_lot:262 - risk budget $5.41 implies 0.0027 lots (< min 0.01); trading min lot risks $19.74 (3.65% of balance)
2026-08-29 08:47:33.993 | WARNING  | asyncio_0 | core.risk_manager:calculate_lot:262 - risk budget $5.41 implies 0.0043 lots (< min 0.01); trading min lot risks $12.62 (2.33% of balance)
2026-08-29 08:47:33.995 | WARNING  | asyncio_0 | core.risk_manager:calculate_lot:262 - risk budget $5.28 implies 0.0040 lots (< min 0.01); trading min lot risks $13.07 (2.47% of balance)
2026-08-29 08:47:33.995 | WARNING  | asyncio_0 | core.risk_manager:calculate_lot:262 - risk budget $5.53 implies 0.0048 lots (< min 0.01); trading min lot risks $11.59 (2.10% of balance)
2026-08-29 08:47:33.995 | WARNING  | asyncio_0 | core.risk_manager:calculate_lot:262 - risk budget $5.67 implies 0.0047 lots (< min 0.01); trading min lot risks $12.14 (2.14% of balance)
2026-08-29 08:47:33.997 | WARNING  | asyncio_0 | core.risk_manager:calculate_lot:262 - risk budget $5.71 implies 0.0045 lots (< min 0.01); trading min lot risks $12.67 (2.22% of balance)
2026-08-29 08:47:33.997 | WARNING  | asyncio_0 | core.risk_manager:calculate_lot:262 - risk budget $5.76 implies 0.0027 lots (< min 0.01); trading min lot risks $21.26 (3.69% of balance)
2026-08-29 08:47:33.997 | WARNING  | asyncio_0 | core.risk_manager:calculate_lot:262 - risk budget $5.85 implies 0.0028 lots (< min 0.01); trading min lot risks $20.77 (3.55% of balance)
2026-08-29 08:47:34.000 | WARNING  | asyncio_0 | core.risk_manager:calculate_lot:262 - risk budget $5.64 implies 0.0028 lots (< min 0.01); trading min lot risks $19.87 (3.52% of balance)
2026-08-29 08:47:34.002 | WARNING  | asyncio_0 | core.risk_manager:calculate_lot:262 - risk budget $5.70 implies 0.0033 lots (< min 0.01); trading min lot risks $17.53 (3.08% of balance)
2026-08-29 08:47:34.018 | WARNING  | asyncio_0 | core.risk_manager:calculate_lot:262 - risk budget $6.03 implies 0.0026 lots (< min 0.01); trading min lot risks $23.46 (3.89% of balance)
2026-08-29 08:47:34.018 | WARNING  | asyncio_0 | core.risk_manager:calculate_lot:262 - risk budget $6.18 implies 0.0024 lots (< min 0.01); trading min lot risks $25.84 (4.18% of balance)
2026-08-29 08:47:34.018 | WARNING  | asyncio_0 | core.risk_manager:calculate_lot:262 - risk budget $6.37 implies 0.0022 lots (< min 0.01); trading min lot risks $28.70 (4.51% of balance)
2026-08-29 08:47:34.020 | WARNING  | asyncio_0 | core.risk_manager:calculate_lot:262 - risk budget $6.37 implies 0.0021 lots (< min 0.01); trading min lot risks $29.95 (4.70% of balance)
2026-08-29 08:47:34.020 | WARNING  | asyncio_0 | core.risk_manager:calculate_lot:262 - risk budget $6.07 implies 0.0035 lots (< min 0.01); trading min lot risks $17.44 (2.87% of balance)
2026-08-29 08:47:34.020 | WARNING  | asyncio_0 | core.risk_manager:calculate_lot:262 - risk budget $6.07 implies 0.0027 lots (< min 0.01); trading min lot risks $22.43 (3.69% of balance)
2026-08-29 08:47:34.022 | WARNING  | asyncio_0 | core.risk_manager:calculate_lot:262 - risk budget $5.85 implies 0.0026 lots (< min 0.01); trading min lot risks $22.31 (3.82% of balance)
2026-08-29 08:47:34.022 | WARNING  | asyncio_0 | core.risk_manager:calculate_lot:262 - risk budget $6.05 implies 0.0022 lots (< min 0.01); trading min lot risks $27.55 (4.55% of balance)
2026-08-29 08:47:34.024 | WARNING  | asyncio_0 | core.risk_manager:calculate_lot:262 - risk budget $6.31 implies 0.0047 lots (< min 0.01); trading min lot risks $13.35 (2.12% of balance)
2026-08-29 08:47:34.024 | WARNING  | asyncio_0 | core.risk_manager:calculate_lot:262 - risk budget $6.56 implies 0.0053 lots (< min 0.01); trading min lot risks $12.29 (1.87% of balance)
2026-08-29 08:47:34.025 | WARNING  | asyncio_0 | core.risk_manager:calculate_lot:262 - risk budget $6.62 implies 0.0068 lots (< min 0.01); trading min lot risks $9.67 (1.46% of balance)
2026-08-29 08:47:34.025 | WARNING  | asyncio_0 | core.risk_manager:calculate_lot:262 - risk budget $6.70 implies 0.0056 lots (< min 0.01); trading min lot risks $12.08 (1.80% of balance)
2026-08-29 08:47:34.027 | WARNING  | asyncio_0 | core.risk_manager:calculate_lot:262 - risk budget $6.58 implies 0.0037 lots (< min 0.01); trading min lot risks $17.88 (2.72% of balance)
2026-08-29 08:47:34.029 | WARNING  | asyncio_0 | core.risk_manager:calculate_lot:262 - risk budget $6.67 implies 0.0048 lots (< min 0.01); trading min lot risks $14.03 (2.10% of balance)
2026-08-29 08:47:34.029 | WARNING  | asyncio_0 | core.risk_manager:calculate_lot:262 - risk budget $6.75 implies 0.0054 lots (< min 0.01); trading min lot risks $12.39 (1.84% of balance)
2026-08-29 08:47:34.029 | WARNING  | asyncio_0 | core.risk_manager:calculate_lot:262 - risk budget $6.63 implies 0.0042 lots (< min 0.01); trading min lot risks $15.70 (2.37% of balance)
2026-08-29 08:47:34.031 | WARNING  | asyncio_0 | core.risk_manager:calculate_lot:262 - risk budget $6.74 implies 0.0059 lots (< min 0.01); trading min lot risks $11.39 (1.69% of balance)
2026-08-29 08:47:34.031 | WARNING  | asyncio_0 | core.risk_manager:calculate_lot:262 - risk budget $6.78 implies 0.0065 lots (< min 0.01); trading min lot risks $10.41 (1.54% of balance)
2026-08-29 08:47:34.031 | WARNING  | asyncio_0 | core.risk_manager:calculate_lot:262 - risk budget $6.68 implies 0.0046 lots (< min 0.01); trading min lot risks $14.46 (2.17% of balance)
2026-08-29 08:47:34.047 | WARNING  | asyncio_0 | core.risk_manager:calculate_lot:262 - risk budget $6.84 implies 0.0043 lots (< min 0.01); trading min lot risks $15.90 (2.33% of balance)
2026-08-29 08:47:34.049 | WARNING  | asyncio_0 | core.risk_manager:calculate_lot:262 - risk budget $7.02 implies 0.0038 lots (< min 0.01); trading min lot risks $18.73 (2.67% of balance)
2026-08-29 08:47:34.049 | WARNING  | asyncio_0 | core.risk_manager:calculate_lot:262 - risk budget $7.21 implies 0.0027 lots (< min 0.01); trading min lot risks $27.16 (3.77% of balance)
2026-08-29 08:47:34.051 | WARNING  | asyncio_0 | core.risk_manager:calculate_lot:262 - risk budget $7.39 implies 0.0030 lots (< min 0.01); trading min lot risks $24.74 (3.35% of balance)
2026-08-29 08:47:34.051 | WARNING  | asyncio_0 | core.risk_manager:calculate_lot:262 - risk budget $7.14 implies 0.0032 lots (< min 0.01); trading min lot risks $22.08 (3.09% of balance)
2026-08-29 08:47:34.051 | WARNING  | asyncio_0 | core.risk_manager:calculate_lot:262 - risk budget $7.27 implies 0.0030 lots (< min 0.01); trading min lot risks $24.44 (3.36% of balance)
2026-08-29 08:47:34.053 | WARNING  | asyncio_0 | core.risk_manager:calculate_lot:262 - risk budget $7.02 implies 0.0044 lots (< min 0.01); trading min lot risks $15.81 (2.25% of balance)
2026-08-29 08:47:34.053 | WARNING  | asyncio_0 | core.risk_manager:calculate_lot:262 - risk budget $6.86 implies 0.0056 lots (< min 0.01); trading min lot risks $12.35 (1.80% of balance)
2026-08-29 08:47:34.055 | WARNING  | asyncio_0 | core.risk_manager:calculate_lot:262 - risk budget $6.74 implies 0.0045 lots (< min 0.01); trading min lot risks $15.00 (2.23% of balance)
2026-08-29 08:47:34.055 | WARNING  | asyncio_0 | core.risk_manager:calculate_lot:262 - risk budget $7.02 implies 0.0046 lots (< min 0.01); trading min lot risks $15.25 (2.17% of balance)
2026-08-29 08:47:34.057 | WARNING  | asyncio_0 | core.risk_manager:calculate_lot:262 - risk budget $7.18 implies 0.0039 lots (< min 0.01); trading min lot risks $18.28 (2.54% of balance)
2026-08-29 08:47:34.057 | WARNING  | asyncio_0 | core.risk_manager:calculate_lot:262 - risk budget $7.28 implies 0.0060 lots (< min 0.01); trading min lot risks $12.23 (1.68% of balance)
2026-08-29 08:47:34.057 | WARNING  | asyncio_0 | core.risk_manager:calculate_lot:262 - risk budget $7.35 implies 0.0060 lots (< min 0.01); trading min lot risks $12.17 (1.66% of balance)
2026-08-29 08:47:34.059 | WARNING  | asyncio_0 | core.risk_manager:calculate_lot:262 - risk budget $7.58 implies 0.0037 lots (< min 0.01); trading min lot risks $20.25 (2.67% of balance)
2026-08-29 08:47:34.059 | WARNING  | asyncio_0 | core.risk_manager:calculate_lot:262 - risk budget $7.64 implies 0.0044 lots (< min 0.01); trading min lot risks $17.35 (2.27% of balance)
2026-08-29 08:47:34.061 | WARNING  | asyncio_0 | core.risk_manager:calculate_lot:262 - risk budget $7.75 implies 0.0050 lots (< min 0.01); trading min lot risks $15.65 (2.02% of balance)
2026-08-29 08:47:34.061 | WARNING  | asyncio_0 | core.risk_manager:calculate_lot:262 - risk budget $7.84 implies 0.0057 lots (< min 0.01); trading min lot risks $13.65 (1.74% of balance)
2026-08-29 08:47:34.061 | WARNING  | asyncio_0 | core.risk_manager:calculate_lot:262 - risk budget $7.91 implies 0.0053 lots (< min 0.01); trading min lot risks $14.86 (1.88% of balance)
2026-08-29 08:47:34.063 | WARNING  | asyncio_0 | core.risk_manager:calculate_lot:262 - risk budget $7.76 implies 0.0037 lots (< min 0.01); trading min lot risks $20.76 (2.68% of balance)
2026-08-29 08:47:34.081 | WARNING  | asyncio_0 | core.risk_manager:calculate_lot:262 - risk budget $7.55 implies 0.0059 lots (< min 0.01); trading min lot risks $12.77 (1.69% of balance)
2026-08-29 08:47:34.083 | WARNING  | asyncio_0 | core.risk_manager:calculate_lot:262 - risk budget $7.59 implies 0.0073 lots (< min 0.01); trading min lot risks $10.36 (1.37% of balance)
2026-08-29 08:47:34.083 | WARNING  | asyncio_0 | core.risk_manager:calculate_lot:262 - risk budget $7.64 implies 0.0059 lots (< min 0.01); trading min lot risks $13.02 (1.70% of balance)
2026-08-29 08:47:34.085 | WARNING  | asyncio_0 | core.risk_manager:calculate_lot:262 - risk budget $7.73 implies 0.0085 lots (< min 0.01); trading min lot risks $9.14 (1.18% of balance)
2026-08-29 08:47:34.085 | WARNING  | asyncio_0 | core.risk_manager:calculate_lot:262 - risk budget $7.64 implies 0.0063 lots (< min 0.01); trading min lot risks $12.15 (1.59% of balance)
2026-08-29 08:47:34.085 | WARNING  | asyncio_0 | core.risk_manager:calculate_lot:262 - risk budget $7.70 implies 0.0066 lots (< min 0.01); trading min lot risks $11.58 (1.50% of balance)
2026-08-29 08:47:34.085 | WARNING  | asyncio_0 | core.risk_manager:calculate_lot:262 - risk budget $7.59 implies 0.0060 lots (< min 0.01); trading min lot risks $12.61 (1.66% of balance)
2026-08-29 08:47:34.087 | WARNING  | asyncio_0 | core.risk_manager:calculate_lot:262 - risk budget $7.46 implies 0.0044 lots (< min 0.01); trading min lot risks $17.11 (2.29% of balance)
2026-08-29 08:47:34.087 | WARNING  | asyncio_0 | core.risk_manager:calculate_lot:262 - risk budget $7.29 implies 0.0046 lots (< min 0.01); trading min lot risks $15.98 (2.19% of balance)
2026-08-29 08:47:34.088 | WARNING  | asyncio_0 | core.risk_manager:calculate_lot:262 - risk budget $7.49 implies 0.0039 lots (< min 0.01); trading min lot risks $19.31 (2.58% of balance)
2026-08-29 08:47:34.088 | WARNING  | asyncio_0 | core.risk_manager:calculate_lot:262 - risk budget $7.85 implies 0.0058 lots (< min 0.01); trading min lot risks $13.51 (1.72% of balance)
2026-08-29 08:47:34.090 | WARNING  | asyncio_0 | core.risk_manager:calculate_lot:262 - risk budget $7.92 implies 0.0052 lots (< min 0.01); trading min lot risks $15.30 (1.93% of balance)
2026-08-29 08:47:34.090 | WARNING  | asyncio_0 | core.risk_manager:calculate_lot:262 - risk budget $7.99 implies 0.0068 lots (< min 0.01); trading min lot risks $11.83 (1.48% of balance)
2026-08-29 08:47:34.092 | WARNING  | asyncio_0 | core.risk_manager:calculate_lot:262 - risk budget $7.87 implies 0.0088 lots (< min 0.01); trading min lot risks $8.94 (1.14% of balance)
2026-08-29 08:47:34.092 | WARNING  | asyncio_0 | core.risk_manager:calculate_lot:262 - risk budget $7.91 implies 0.0067 lots (< min 0.01); trading min lot risks $11.85 (1.50% of balance)
2026-08-29 08:47:34.092 | WARNING  | asyncio_0 | core.risk_manager:calculate_lot:262 - risk budget $7.98 implies 0.0045 lots (< min 0.01); trading min lot risks $17.84 (2.24% of balance)
2026-08-29 08:47:34.092 | WARNING  | asyncio_0 | core.risk_manager:calculate_lot:262 - risk budget $7.80 implies 0.0052 lots (< min 0.01); trading min lot risks $14.90 (1.91% of balance)
2026-08-29 08:47:34.094 | WARNING  | asyncio_0 | core.risk_manager:calculate_lot:262 - risk budget $7.86 implies 0.0045 lots (< min 0.01); trading min lot risks $17.58 (2.24% of balance)
2026-08-29 08:47:34.094 | WARNING  | asyncio_0 | core.risk_manager:calculate_lot:262 - risk budget $7.97 implies 0.0052 lots (< min 0.01); trading min lot risks $15.33 (1.92% of balance)
2026-08-29 08:47:34.110 | WARNING  | asyncio_0 | core.risk_manager:calculate_lot:262 - risk budget $8.04 implies 0.0058 lots (< min 0.01); trading min lot risks $13.88 (1.73% of balance)
2026-08-29 08:47:34.114 | WARNING  | asyncio_0 | core.risk_manager:calculate_lot:262 - risk budget $8.30 implies 0.0064 lots (< min 0.01); trading min lot risks $13.01 (1.57% of balance)
2026-08-29 08:47:34.114 | WARNING  | asyncio_0 | core.risk_manager:calculate_lot:262 - risk budget $8.36 implies 0.0070 lots (< min 0.01); trading min lot risks $12.02 (1.44% of balance)
2026-08-29 08:47:34.116 | WARNING  | asyncio_0 | core.risk_manager:calculate_lot:262 - risk budget $8.24 implies 0.0081 lots (< min 0.01); trading min lot risks $10.16 (1.23% of balance)
2026-08-29 08:47:34.116 | WARNING  | asyncio_0 | core.risk_manager:calculate_lot:262 - risk budget $8.14 implies 0.0064 lots (< min 0.01); trading min lot risks $12.72 (1.56% of balance)
2026-08-29 08:47:34.116 | WARNING  | asyncio_0 | core.risk_manager:calculate_lot:262 - risk budget $8.38 implies 0.0042 lots (< min 0.01); trading min lot risks $20.06 (2.39% of balance)
2026-08-29 08:47:34.118 | WARNING  | asyncio_0 | core.risk_manager:calculate_lot:262 - risk budget $8.43 implies 0.0071 lots (< min 0.01); trading min lot risks $11.84 (1.40% of balance)
2026-08-29 08:47:34.118 | WARNING  | asyncio_0 | core.risk_manager:calculate_lot:262 - risk budget $8.51 implies 0.0081 lots (< min 0.01); trading min lot risks $10.45 (1.23% of balance)
2026-08-29 08:47:34.120 | WARNING  | asyncio_0 | core.risk_manager:calculate_lot:262 - risk budget $8.70 implies 0.0077 lots (< min 0.01); trading min lot risks $11.30 (1.30% of balance)
2026-08-29 08:47:34.120 | WARNING  | asyncio_0 | core.risk_manager:calculate_lot:262 - risk budget $8.74 implies 0.0078 lots (< min 0.01); trading min lot risks $11.17 (1.28% of balance)
2026-08-29 08:47:34.122 | WARNING  | asyncio_0 | core.risk_manager:calculate_lot:262 - risk budget $8.63 implies 0.0082 lots (< min 0.01); trading min lot risks $10.58 (1.23% of balance)
2026-08-29 08:47:34.122 | WARNING  | asyncio_0 | core.risk_manager:calculate_lot:262 - risk budget $8.52 implies 0.0082 lots (< min 0.01); trading min lot risks $10.45 (1.23% of balance)
2026-08-29 08:47:34.122 | WARNING  | asyncio_0 | core.risk_manager:calculate_lot:262 - risk budget $8.42 implies 0.0065 lots (< min 0.01); trading min lot risks $12.87 (1.53% of balance)
2026-08-29 08:47:34.124 | WARNING  | asyncio_0 | core.risk_manager:calculate_lot:262 - risk budget $8.51 implies 0.0083 lots (< min 0.01); trading min lot risks $10.24 (1.20% of balance)
2026-08-29 08:47:34.124 | WARNING  | asyncio_0 | core.risk_manager:calculate_lot:262 - risk budget $8.41 implies 0.0092 lots (< min 0.01); trading min lot risks $9.16 (1.09% of balance)
2026-08-29 08:47:34.126 | WARNING  | asyncio_0 | core.risk_manager:calculate_lot:262 - risk budget $8.41 implies 0.0093 lots (< min 0.01); trading min lot risks $9.06 (1.08% of balance)
2026-08-29 08:47:34.145 | WARNING  | asyncio_0 | core.risk_manager:calculate_lot:262 - risk budget $8.32 implies 0.0074 lots (< min 0.01); trading min lot risks $11.19 (1.35% of balance)
2026-08-29 08:47:34.147 | WARNING  | asyncio_0 | core.risk_manager:calculate_lot:262 - risk budget $8.20 implies 0.0078 lots (< min 0.01); trading min lot risks $10.56 (1.29% of balance)
2026-08-29 08:47:34.147 | WARNING  | asyncio_0 | core.risk_manager:calculate_lot:262 - risk budget $8.10 implies 0.0091 lots (< min 0.01); trading min lot risks $8.87 (1.10% of balance)
2026-08-29 08:47:34.149 | WARNING  | asyncio_0 | core.risk_manager:calculate_lot:262 - risk budget $8.20 implies 0.0073 lots (< min 0.01); trading min lot risks $11.27 (1.37% of balance)
2026-08-29 08:47:34.149 | WARNING  | asyncio_0 | core.risk_manager:calculate_lot:262 - risk budget $8.20 implies 0.0063 lots (< min 0.01); trading min lot risks $13.05 (1.59% of balance)
2026-08-29 08:47:34.149 | WARNING  | asyncio_0 | core.risk_manager:calculate_lot:262 - risk budget $8.07 implies 0.0084 lots (< min 0.01); trading min lot risks $9.59 (1.19% of balance)
2026-08-29 08:47:34.151 | WARNING  | asyncio_0 | core.risk_manager:calculate_lot:262 - risk budget $8.07 implies 0.0079 lots (< min 0.01); trading min lot risks $10.21 (1.27% of balance)
2026-08-29 08:47:34.151 | WARNING  | asyncio_0 | core.risk_manager:calculate_lot:262 - risk budget $8.05 implies 0.0066 lots (< min 0.01); trading min lot risks $12.23 (1.52% of balance)
2026-08-29 08:47:34.153 | WARNING  | asyncio_0 | core.risk_manager:calculate_lot:262 - risk budget $7.92 implies 0.0041 lots (< min 0.01); trading min lot risks $19.19 (2.42% of balance)
2026-08-29 08:47:34.153 | WARNING  | asyncio_0 | core.risk_manager:calculate_lot:262 - risk budget $7.73 implies 0.0023 lots (< min 0.01); trading min lot risks $33.36 (4.32% of balance)
2026-08-29 08:47:34.155 | WARNING  | asyncio_0 | core.risk_manager:calculate_lot:262 - risk budget $7.83 implies 0.0052 lots (< min 0.01); trading min lot risks $15.13 (1.93% of balance)
2026-08-29 08:47:34.155 | WARNING  | asyncio_0 | core.risk_manager:calculate_lot:262 - risk budget $7.97 implies 0.0037 lots (< min 0.01); trading min lot risks $21.77 (2.73% of balance)
2026-08-29 08:47:34.155 | WARNING  | asyncio_0 | core.risk_manager:calculate_lot:262 - risk budget $8.10 implies 0.0046 lots (< min 0.01); trading min lot risks $17.47 (2.16% of balance)
2026-08-29 08:47:34.175 | WARNING  | asyncio_0 | core.risk_manager:calculate_lot:262 - risk budget $7.92 implies 0.0075 lots (< min 0.01); trading min lot risks $10.60 (1.34% of balance)
2026-08-29 08:47:34.175 | WARNING  | asyncio_0 | core.risk_manager:calculate_lot:262 - risk budget $7.96 implies 0.0067 lots (< min 0.01); trading min lot risks $11.96 (1.50% of balance)
2026-08-29 08:47:34.177 | WARNING  | asyncio_0 | core.risk_manager:calculate_lot:262 - risk budget $8.10 implies 0.0089 lots (< min 0.01); trading min lot risks $9.09 (1.12% of balance)
2026-08-29 08:47:34.177 | WARNING  | asyncio_0 | core.risk_manager:calculate_lot:262 - risk budget $8.01 implies 0.0066 lots (< min 0.01); trading min lot risks $12.10 (1.51% of balance)
2026-08-29 08:47:34.179 | WARNING  | asyncio_0 | core.risk_manager:calculate_lot:262 - risk budget $8.11 implies 0.0066 lots (< min 0.01); trading min lot risks $12.22 (1.51% of balance)
2026-08-29 08:47:34.179 | WARNING  | asyncio_0 | core.risk_manager:calculate_lot:262 - risk budget $8.24 implies 0.0051 lots (< min 0.01); trading min lot risks $16.02 (1.94% of balance)
2026-08-29 08:47:34.179 | WARNING  | asyncio_0 | core.risk_manager:calculate_lot:262 - risk budget $8.29 implies 0.0060 lots (< min 0.01); trading min lot risks $13.83 (1.67% of balance)
2026-08-29 08:47:34.181 | WARNING  | asyncio_0 | core.risk_manager:calculate_lot:262 - risk budget $8.55 implies 0.0043 lots (< min 0.01); trading min lot risks $20.10 (2.35% of balance)
2026-08-29 08:47:34.183 | WARNING  | asyncio_0 | core.risk_manager:calculate_lot:262 - risk budget $8.55 implies 0.0054 lots (< min 0.01); trading min lot risks $15.82 (1.85% of balance)
2026-08-29 08:47:34.183 | WARNING  | asyncio_0 | core.risk_manager:calculate_lot:262 - risk budget $8.61 implies 0.0059 lots (< min 0.01); trading min lot risks $14.61 (1.70% of balance)
2026-08-29 08:47:34.185 | WARNING  | asyncio_0 | core.risk_manager:calculate_lot:262 - risk budget $8.88 implies 0.0036 lots (< min 0.01); trading min lot risks $24.74 (2.79% of balance)
2026-08-29 08:47:34.185 | WARNING  | asyncio_0 | core.risk_manager:calculate_lot:262 - risk budget $8.64 implies 0.0065 lots (< min 0.01); trading min lot risks $13.29 (1.54% of balance)
2026-08-29 08:47:34.185 | WARNING  | asyncio_0 | core.risk_manager:calculate_lot:262 - risk budget $8.70 implies 0.0053 lots (< min 0.01); trading min lot risks $16.49 (1.90% of balance)
2026-08-29 08:47:34.187 | WARNING  | asyncio_0 | core.risk_manager:calculate_lot:262 - risk budget $8.75 implies 0.0073 lots (< min 0.01); trading min lot risks $12.02 (1.37% of balance)
2026-08-29 08:47:34.189 | WARNING  | asyncio_0 | core.risk_manager:calculate_lot:262 - risk budget $8.90 implies 0.0083 lots (< min 0.01); trading min lot risks $10.79 (1.21% of balance)
2026-08-29 08:47:34.203 | WARNING  | asyncio_0 | core.risk_manager:calculate_lot:262 - risk budget $8.79 implies 0.0073 lots (< min 0.01); trading min lot risks $12.12 (1.38% of balance)
2026-08-29 08:47:34.205 | WARNING  | asyncio_0 | core.risk_manager:calculate_lot:262 - risk budget $8.67 implies 0.0051 lots (< min 0.01); trading min lot risks $17.07 (1.97% of balance)
2026-08-29 08:47:34.205 | WARNING  | asyncio_0 | core.risk_manager:calculate_lot:262 - risk budget $8.67 implies 0.0065 lots (< min 0.01); trading min lot risks $13.40 (1.55% of balance)
2026-08-29 08:47:34.207 | WARNING  | asyncio_0 | core.risk_manager:calculate_lot:262 - risk budget $8.73 implies 0.0066 lots (< min 0.01); trading min lot risks $13.26 (1.52% of balance)
2026-08-29 08:47:34.207 | WARNING  | asyncio_0 | core.risk_manager:calculate_lot:262 - risk budget $8.82 implies 0.0059 lots (< min 0.01); trading min lot risks $14.92 (1.69% of balance)
2026-08-29 08:47:34.209 | WARNING  | asyncio_0 | core.risk_manager:calculate_lot:262 - risk budget $8.94 implies 0.0070 lots (< min 0.01); trading min lot risks $12.70 (1.42% of balance)
2026-08-29 08:47:34.209 | WARNING  | asyncio_0 | core.risk_manager:calculate_lot:262 - risk budget $9.00 implies 0.0093 lots (< min 0.01); trading min lot risks $9.64 (1.07% of balance)
2026-08-29 08:47:34.211 | WARNING  | asyncio_0 | core.risk_manager:calculate_lot:262 - risk budget $8.90 implies 0.0085 lots (< min 0.01); trading min lot risks $10.51 (1.18% of balance)
2026-08-29 08:47:34.211 | WARNING  | asyncio_0 | core.risk_manager:calculate_lot:262 - risk budget $8.80 implies 0.0050 lots (< min 0.01); trading min lot risks $17.74 (2.02% of balance)
2026-08-29 08:47:34.211 | WARNING  | asyncio_0 | core.risk_manager:calculate_lot:262 - risk budget $8.80 implies 0.0067 lots (< min 0.01); trading min lot risks $13.07 (1.49% of balance)
2026-08-29 08:47:34.213 | WARNING  | asyncio_0 | core.risk_manager:calculate_lot:262 - risk budget $8.87 implies 0.0054 lots (< min 0.01); trading min lot risks $16.53 (1.86% of balance)
2026-08-29 08:47:34.215 | WARNING  | asyncio_0 | core.risk_manager:calculate_lot:262 - risk budget $8.93 implies 0.0061 lots (< min 0.01); trading min lot risks $14.57 (1.63% of balance)
2026-08-29 08:47:34.215 | WARNING  | asyncio_0 | core.risk_manager:calculate_lot:262 - risk budget $8.79 implies 0.0064 lots (< min 0.01); trading min lot risks $13.77 (1.57% of balance)
2026-08-29 08:47:34.215 | WARNING  | asyncio_0 | core.risk_manager:calculate_lot:262 - risk budget $8.95 implies 0.0057 lots (< min 0.01); trading min lot risks $15.80 (1.77% of balance)
2026-08-29 08:47:34.217 | WARNING  | asyncio_0 | core.risk_manager:calculate_lot:262 - risk budget $8.95 implies 0.0064 lots (< min 0.01); trading min lot risks $13.94 (1.56% of balance)
2026-08-29 08:47:34.217 | WARNING  | asyncio_0 | core.risk_manager:calculate_lot:262 - risk budget $9.01 implies 0.0054 lots (< min 0.01); trading min lot risks $16.78 (1.86% of balance)
2026-08-29 08:47:34.217 | WARNING  | asyncio_0 | core.risk_manager:calculate_lot:262 - risk budget $9.10 implies 0.0045 lots (< min 0.01); trading min lot risks $20.19 (2.22% of balance)
2026-08-29 08:47:34.219 | WARNING  | asyncio_0 | core.risk_manager:calculate_lot:262 - risk budget $9.48 implies 0.0069 lots (< min 0.01); trading min lot risks $13.68 (1.44% of balance)
2026-08-29 08:47:34.219 | WARNING  | asyncio_0 | core.risk_manager:calculate_lot:262 - risk budget $9.73 implies 0.0042 lots (< min 0.01); trading min lot risks $23.38 (2.40% of balance)
2026-08-29 08:47:34.219 | WARNING  | asyncio_0 | core.risk_manager:calculate_lot:262 - risk budget $9.80 implies 0.0052 lots (< min 0.01); trading min lot risks $18.93 (1.93% of balance)
2026-08-29 08:47:34.237 | WARNING  | asyncio_0 | core.risk_manager:calculate_lot:262 - risk budget $9.61 implies 0.0050 lots (< min 0.01); trading min lot risks $19.16 (1.99% of balance)
2026-08-29 08:47:34.239 | WARNING  | asyncio_0 | core.risk_manager:calculate_lot:262 - risk budget $9.79 implies 0.0059 lots (< min 0.01); trading min lot risks $16.69 (1.70% of balance)
2026-08-29 08:47:34.239 | WARNING  | asyncio_0 | core.risk_manager:calculate_lot:262 - risk budget $9.89 implies 0.0046 lots (< min 0.01); trading min lot risks $21.31 (2.16% of balance)
2026-08-29 08:47:34.241 | WARNING  | asyncio_0 | core.risk_manager:calculate_lot:262 - risk budget $9.89 implies 0.0091 lots (< min 0.01); trading min lot risks $10.91 (1.10% of balance)
2026-08-29 08:47:34.241 | WARNING  | asyncio_0 | core.risk_manager:calculate_lot:262 - risk budget $9.78 implies 0.0080 lots (< min 0.01); trading min lot risks $12.22 (1.25% of balance)
2026-08-29 08:47:34.243 | WARNING  | asyncio_0 | core.risk_manager:calculate_lot:262 - risk budget $9.83 implies 0.0053 lots (< min 0.01); trading min lot risks $18.52 (1.88% of balance)
2026-08-29 08:47:34.243 | WARNING  | asyncio_0 | core.risk_manager:calculate_lot:262 - risk budget $9.65 implies 0.0078 lots (< min 0.01); trading min lot risks $12.35 (1.28% of balance)
2026-08-29 08:47:34.243 | WARNING  | asyncio_0 | core.risk_manager:calculate_lot:262 - risk budget $9.72 implies 0.0076 lots (< min 0.01); trading min lot risks $12.72 (1.31% of balance)
2026-08-29 08:47:34.245 | WARNING  | asyncio_0 | core.risk_manager:calculate_lot:262 - risk budget $9.81 implies 0.0062 lots (< min 0.01); trading min lot risks $15.90 (1.62% of balance)
2026-08-29 08:47:34.246 | SUCCESS  | asyncio_0 | backtest.engine:run:538 - backtest done | 221 trades | net $432.09 | WR 65.6% | PF 1.39 | maxDD 18.55%
2026-08-29 09:39:46.542 | SUCCESS  | news-filter-refresh | core.news_filter:update_calendar:165 - calendar refreshed: 4 high-impact USD events loaded (network)
2026-08-29 10:39:46.907 | SUCCESS  | news-filter-refresh | core.news_filter:update_calendar:165 - calendar refreshed: 4 high-impact USD events loaded (network)
2026-08-29 11:39:47.274 | SUCCESS  | news-filter-refresh | core.news_filter:update_calendar:165 - calendar refreshed: 4 high-impact USD events loaded (network)
2026-08-29 12:39:47.876 | SUCCESS  | news-filter-refresh | core.news_filter:update_calendar:165 - calendar refreshed: 4 high-impact USD events loaded (network)
2026-08-29 13:39:48.393 | SUCCESS  | news-filter-refresh | core.news_filter:update_calendar:165 - calendar refreshed: 4 high-impact USD events loaded (network)
2026-08-29 14:39:48.760 | SUCCESS  | news-filter-refresh | core.news_filter:update_calendar:165 - calendar refreshed: 4 high-impact USD events loaded (network)
2026-08-29 15:39:49.175 | SUCCESS  | news-filter-refresh | core.news_filter:update_calendar:165 - calendar refreshed: 4 high-impact USD events loaded (network)
2026-08-29 16:39:49.591 | SUCCESS  | news-filter-refresh | core.news_filter:update_calendar:165 - calendar refreshed: 4 high-impact USD events loaded (network)
2026-08-29 17:39:50.001 | SUCCESS  | news-filter-refresh | core.news_filter:update_calendar:165 - calendar refreshed: 4 high-impact USD events loaded (network)
2026-08-29 18:39:50.365 | SUCCESS  | news-filter-refresh | core.news_filter:update_calendar:165 - calendar refreshed: 4 high-impact USD events loaded (network)
2026-08-29 19:39:50.738 | SUCCESS  | news-filter-refresh | core.news_filter:update_calendar:165 - calendar refreshed: 4 high-impact USD events loaded (network)
2026-08-29 20:39:51.115 | SUCCESS  | news-filter-refresh | core.news_filter:update_calendar:165 - calendar refreshed: 4 high-impact USD events loaded (network)
2026-08-29 20:51:20.801 | WARNING  | MainThread | core.mt5_client:reconnect:298 - reconnect attempt #1 starting
2026-08-29 20:51:26.062 | ERROR    | MainThread | core.mt5_client:_capture_error:366 - MT5 initialize failed: (-6) Terminal: Authorization failed
2026-08-29 20:51:26.070 | WARNING  | MainThread | core.mt5_client:reconnect:317 - reconnect attempt 1/5 failed
2026-08-29 20:51:36.076 | ERROR    | MainThread | core.mt5_client:_capture_error:366 - MT5 initialize failed: (-6) Terminal: Authorization failed
2026-08-29 20:51:36.087 | WARNING  | MainThread | core.mt5_client:reconnect:317 - reconnect attempt 2/5 failed
2026-08-29 20:51:56.094 | ERROR    | MainThread | core.mt5_client:_capture_error:366 - MT5 initialize failed: (-6) Terminal: Authorization failed
2026-08-29 20:51:56.100 | WARNING  | MainThread | core.mt5_client:reconnect:317 - reconnect attempt 3/5 failed
2026-08-29 20:52:36.106 | ERROR    | MainThread | core.mt5_client:_capture_error:366 - MT5 initialize failed: (-6) Terminal: Authorization failed
2026-08-29 20:52:36.114 | WARNING  | MainThread | core.mt5_client:reconnect:317 - reconnect attempt 4/5 failed
2026-08-29 20:53:36.120 | ERROR    | MainThread | core.mt5_client:_capture_error:366 - MT5 initialize failed: (-6) Terminal: Authorization failed
2026-08-29 20:53:36.128 | WARNING  | MainThread | core.mt5_client:reconnect:317 - reconnect attempt 5/5 failed
2026-08-29 20:53:36.129 | ERROR    | MainThread | core.mt5_client:reconnect:318 - reconnect exhausted backoff ladder; staying offline
2026-08-29 20:53:36.130 | ERROR    | MainThread | __main__:run:722 - offline; retrying in 10s
2026-08-29 20:53:36.130 | ERROR    | mt5-heartbeat | core.mt5_client:_heartbeat_loop:347 - heartbeat: link LOST
2026-08-29 20:53:46.137 | WARNING  | MainThread | core.mt5_client:reconnect:298 - reconnect attempt #2 starting
2026-08-29 20:53:51.152 | ERROR    | MainThread | core.mt5_client:_capture_error:366 - MT5 initialize failed: (-6) Terminal: Authorization failed
2026-08-29 20:53:51.161 | WARNING  | MainThread | core.mt5_client:reconnect:317 - reconnect attempt 1/5 failed
2026-08-29 20:54:01.166 | ERROR    | MainThread | core.mt5_client:_capture_error:366 - MT5 initialize failed: (-6) Terminal: Authorization failed
2026-08-29 20:54:01.174 | WARNING  | MainThread | core.mt5_client:reconnect:317 - reconnect attempt 2/5 failed
2026-08-29 20:54:21.179 | ERROR    | MainThread | core.mt5_client:_capture_error:366 - MT5 initialize failed: (-6) Terminal: Authorization failed
2026-08-29 20:54:21.186 | WARNING  | MainThread | core.mt5_client:reconnect:317 - reconnect attempt 3/5 failed
2026-08-29 20:55:01.192 | ERROR    | MainThread | core.mt5_client:_capture_error:366 - MT5 initialize failed: (-6) Terminal: Authorization failed
2026-08-29 20:55:01.198 | WARNING  | MainThread | core.mt5_client:reconnect:317 - reconnect attempt 4/5 failed
2026-08-29 20:56:01.208 | ERROR    | MainThread | core.mt5_client:_capture_error:366 - MT5 initialize failed: (-6) Terminal: Authorization failed
2026-08-29 20:56:01.212 | WARNING  | MainThread | core.mt5_client:reconnect:317 - reconnect attempt 5/5 failed
2026-08-29 20:56:01.214 | ERROR    | MainThread | core.mt5_client:reconnect:318 - reconnect exhausted backoff ladder; staying offline
2026-08-29 20:56:01.214 | ERROR    | MainThread | __main__:run:722 - offline; retrying in 10s
2026-08-29 20:56:11.219 | WARNING  | MainThread | core.mt5_client:reconnect:298 - reconnect attempt #3 starting
2026-08-29 20:56:16.235 | ERROR    | MainThread | core.mt5_client:_capture_error:366 - MT5 initialize failed: (-6) Terminal: Authorization failed
2026-08-29 20:56:16.243 | WARNING  | MainThread | core.mt5_client:reconnect:317 - reconnect attempt 1/5 failed
2026-08-29 20:56:26.249 | ERROR    | MainThread | core.mt5_client:_capture_error:366 - MT5 initialize failed: (-6) Terminal: Authorization failed
2026-08-29 20:56:26.256 | WARNING  | MainThread | core.mt5_client:reconnect:317 - reconnect attempt 2/5 failed
2026-08-29 20:56:46.263 | ERROR    | MainThread | core.mt5_client:_capture_error:366 - MT5 initialize failed: (-6) Terminal: Authorization failed
2026-08-29 20:56:46.269 | WARNING  | MainThread | core.mt5_client:reconnect:317 - reconnect attempt 3/5 failed
2026-08-29 20:57:26.275 | ERROR    | MainThread | core.mt5_client:_capture_error:366 - MT5 initialize failed: (-6) Terminal: Authorization failed
2026-08-29 20:57:26.283 | WARNING  | MainThread | core.mt5_client:reconnect:317 - reconnect attempt 4/5 failed
2026-08-29 20:58:26.376 | SUCCESS  | MainThread | core.mt5_client:connect:232 - MT5 connected | login=111468044 server=MetaQuotes-Demo balance=675.32 USD | symbol=XAUUSD | algo_trading=True
2026-08-29 20:58:26.384 | SUCCESS  | MainThread | core.mt5_client:reconnect:313 - reconnected after 5 attempt(s)
2026-08-29 20:58:26.432 | SUCCESS  | mt5-heartbeat | core.mt5_client:_heartbeat_loop:344 - heartbeat: link RESTORED
2026-08-29 21:00:26.429 | WARNING  | MainThread | core.mt5_client:reconnect:298 - reconnect attempt #4 starting
2026-08-29 21:00:31.446 | SUCCESS  | MainThread | core.mt5_client:connect:232 - MT5 connected | login=111468044 server=MetaQuotes-Demo balance=675.32 USD | symbol=XAUUSD | algo_trading=True
2026-08-29 21:00:31.466 | SUCCESS  | MainThread | core.mt5_client:reconnect:313 - reconnected after 1 attempt(s)
2026-08-29 21:39:51.499 | SUCCESS  | news-filter-refresh | core.news_filter:update_calendar:165 - calendar refreshed: 4 high-impact USD events loaded (network)
2026-08-29 22:09:03.060 | WARNING  | MainThread | core.mt5_client:reconnect:298 - reconnect attempt #5 starting
2026-08-29 22:09:08.091 | SUCCESS  | MainThread | core.mt5_client:connect:232 - MT5 connected | login=111468044 server=MetaQuotes-Demo balance=675.32 USD | symbol=XAUUSD | algo_trading=True
2026-08-29 22:09:08.115 | SUCCESS  | MainThread | core.mt5_client:reconnect:313 - reconnected after 1 attempt(s)
2026-08-29 22:39:51.858 | SUCCESS  | news-filter-refresh | core.news_filter:update_calendar:165 - calendar refreshed: 4 high-impact USD events loaded (network)
2026-08-29 23:39:52.234 | SUCCESS  | news-filter-refresh | core.news_filter:update_calendar:165 - calendar refreshed: 4 high-impact USD events loaded (network)
2026-08-30 00:39:52.628 | SUCCESS  | news-filter-refresh | core.news_filter:update_calendar:165 - calendar refreshed: 4 high-impact USD events loaded (network)
2026-08-30 01:39:52.988 | SUCCESS  | news-filter-refresh | core.news_filter:update_calendar:165 - calendar refreshed: 4 high-impact USD events loaded (network)
2026-08-30 02:39:53.358 | SUCCESS  | news-filter-refresh | core.news_filter:update_calendar:165 - calendar refreshed: 4 high-impact USD events loaded (network)
2026-08-30 03:39:53.741 | SUCCESS  | news-filter-refresh | core.news_filter:update_calendar:165 - calendar refreshed: 4 high-impact USD events loaded (network)
2026-08-30 04:39:54.115 | SUCCESS  | news-filter-refresh | core.news_filter:update_calendar:165 - calendar refreshed: 4 high-impact USD events loaded (network)
2026-08-30 05:39:54.475 | SUCCESS  | news-filter-refresh | core.news_filter:update_calendar:165 - calendar refreshed: 4 high-impact USD events loaded (network)
2026-08-30 06:39:54.844 | SUCCESS  | news-filter-refresh | core.news_filter:update_calendar:165 - calendar refreshed: 4 high-impact USD events loaded (network)
2026-08-30 07:39:55.250 | SUCCESS  | news-filter-refresh | core.news_filter:update_calendar:165 - calendar refreshed: 4 high-impact USD events loaded (network)
2026-08-30 08:39:55.626 | SUCCESS  | news-filter-refresh | core.news_filter:update_calendar:165 - calendar refreshed: 4 high-impact USD events loaded (network)
2026-08-30 09:39:56.101 | SUCCESS  | news-filter-refresh | core.news_filter:update_calendar:165 - calendar refreshed: 4 high-impact USD events loaded (network)
2026-08-30 10:39:56.497 | SUCCESS  | news-filter-refresh | core.news_filter:update_calendar:165 - calendar refreshed: 4 high-impact USD events loaded (network)
2026-08-30 11:39:56.880 | SUCCESS  | news-filter-refresh | core.news_filter:update_calendar:165 - calendar refreshed: 4 high-impact USD events loaded (network)
2026-08-30 12:39:57.270 | SUCCESS  | news-filter-refresh | core.news_filter:update_calendar:165 - calendar refreshed: 4 high-impact USD events loaded (network)
2026-08-30 13:39:57.634 | SUCCESS  | news-filter-refresh | core.news_filter:update_calendar:165 - calendar refreshed: 4 high-impact USD events loaded (network)
2026-08-30 14:39:58.001 | SUCCESS  | news-filter-refresh | core.news_filter:update_calendar:165 - calendar refreshed: 4 high-impact USD events loaded (network)
2026-08-30 15:00:11.801 | INFO     | MainThread | __main__:_sync_daily:508 - daily guard reset | new server day 2026-08-30 | balance=$675.32
2026-08-30 15:39:58.370 | SUCCESS  | news-filter-refresh | core.news_filter:update_calendar:165 - calendar refreshed: 4 high-impact USD events loaded (network)
2026-08-30 16:40:03.057 | SUCCESS  | news-filter-refresh | core.news_filter:update_calendar:165 - calendar refreshed: 4 high-impact USD events loaded (network)
2026-08-30 17:40:04.378 | SUCCESS  | news-filter-refresh | core.news_filter:update_calendar:165 - calendar refreshed: 4 high-impact USD events loaded (network)
2026-08-30 18:40:05.073 | SUCCESS  | news-filter-refresh | core.news_filter:update_calendar:165 - calendar refreshed: 4 high-impact USD events loaded (network)
2026-08-30 19:40:05.609 | SUCCESS  | news-filter-refresh | core.news_filter:update_calendar:165 - calendar refreshed: 4 high-impact USD events loaded (network)
2026-08-30 20:40:06.584 | SUCCESS  | news-filter-refresh | core.news_filter:update_calendar:165 - calendar refreshed: 4 high-impact USD events loaded (network)
2026-08-30 21:00:00.438 | INFO     | MainThread | __main__:_sync_daily:508 - daily guard reset | new server day 2026-08-31 | balance=$675.32
2026-08-30 21:40:07.375 | SUCCESS  | news-filter-refresh | core.news_filter:update_calendar:165 - calendar refreshed: 4 high-impact USD events loaded (network)
2026-08-30 22:40:08.313 | SUCCESS  | news-filter-refresh | core.news_filter:update_calendar:165 - calendar refreshed: 4 high-impact USD events loaded (network)
2026-08-30 23:40:08.788 | SUCCESS  | news-filter-refresh | core.news_filter:update_calendar:165 - calendar refreshed: 4 high-impact USD events loaded (network)
2026-08-31 00:40:09.460 | SUCCESS  | news-filter-refresh | core.news_filter:update_calendar:165 - calendar refreshed: 4 high-impact USD events loaded (network)
2026-08-31 01:40:09.894 | SUCCESS  | news-filter-refresh | core.news_filter:update_calendar:165 - calendar refreshed: 4 high-impact USD events loaded (network)
2026-08-31 02:40:10.384 | SUCCESS  | news-filter-refresh | core.news_filter:update_calendar:165 - calendar refreshed: 4 high-impact USD events loaded (network)
2026-08-31 03:40:11.472 | SUCCESS  | news-filter-refresh | core.news_filter:update_calendar:165 - calendar refreshed: 4 high-impact USD events loaded (network)
2026-08-31 04:40:13.779 | SUCCESS  | news-filter-refresh | core.news_filter:update_calendar:165 - calendar refreshed: 4 high-impact USD events loaded (network)
2026-08-31 05:40:14.944 | SUCCESS  | news-filter-refresh | core.news_filter:update_calendar:165 - calendar refreshed: 4 high-impact USD events loaded (network)
2026-08-31 06:23:14.534 | WARNING  | MainThread | core.mt5_client:reconnect:298 - reconnect attempt #6 starting
2026-08-31 06:23:20.226 | ERROR    | MainThread | core.mt5_client:_capture_error:366 - MT5 initialize failed: (-6) Terminal: Authorization failed
2026-08-31 06:23:20.244 | WARNING  | MainThread | core.mt5_client:reconnect:317 - reconnect attempt 1/5 failed
2026-08-31 06:23:30.253 | ERROR    | MainThread | core.mt5_client:_capture_error:366 - MT5 initialize failed: (-6) Terminal: Authorization failed
2026-08-31 06:23:30.259 | WARNING  | MainThread | core.mt5_client:reconnect:317 - reconnect attempt 2/5 failed
2026-08-31 06:23:50.265 | ERROR    | MainThread | core.mt5_client:_capture_error:366 - MT5 initialize failed: (-6) Terminal: Authorization failed
2026-08-31 06:23:50.274 | WARNING  | MainThread | core.mt5_client:reconnect:317 - reconnect attempt 3/5 failed
2026-08-31 06:24:30.282 | ERROR    | MainThread | core.mt5_client:_capture_error:366 - MT5 initialize failed: (-6) Terminal: Authorization failed
2026-08-31 06:24:30.290 | WARNING  | MainThread | core.mt5_client:reconnect:317 - reconnect attempt 4/5 failed
2026-08-31 06:25:30.295 | ERROR    | MainThread | core.mt5_client:_capture_error:366 - MT5 initialize failed: (-6) Terminal: Authorization failed
2026-08-31 06:25:30.304 | WARNING  | MainThread | core.mt5_client:reconnect:317 - reconnect attempt 5/5 failed
2026-08-31 06:25:30.304 | ERROR    | MainThread | core.mt5_client:reconnect:318 - reconnect exhausted backoff ladder; staying offline
2026-08-31 06:25:30.304 | ERROR    | MainThread | __main__:run:722 - offline; retrying in 10s
2026-08-31 06:25:30.304 | ERROR    | mt5-heartbeat | core.mt5_client:_heartbeat_loop:347 - heartbeat: link LOST
2026-08-31 06:25:40.326 | WARNING  | MainThread | core.mt5_client:reconnect:298 - reconnect attempt #7 starting
2026-08-31 06:25:45.358 | ERROR    | MainThread | core.mt5_client:_capture_error:366 - MT5 initialize failed: (-6) Terminal: Authorization failed
2026-08-31 06:25:45.365 | WARNING  | MainThread | core.mt5_client:reconnect:317 - reconnect attempt 1/5 failed
2026-08-31 06:25:55.374 | ERROR    | MainThread | core.mt5_client:_capture_error:366 - MT5 initialize failed: (-6) Terminal: Authorization failed
2026-08-31 06:25:55.380 | WARNING  | MainThread | core.mt5_client:reconnect:317 - reconnect attempt 2/5 failed
2026-08-31 06:26:15.385 | ERROR    | MainThread | core.mt5_client:_capture_error:366 - MT5 initialize failed: (-6) Terminal: Authorization failed
2026-08-31 06:26:15.393 | WARNING  | MainThread | core.mt5_client:reconnect:317 - reconnect attempt 3/5 failed
2026-08-31 06:26:55.401 | ERROR    | MainThread | core.mt5_client:_capture_error:366 - MT5 initialize failed: (-6) Terminal: Authorization failed
2026-08-31 06:26:55.410 | WARNING  | MainThread | core.mt5_client:reconnect:317 - reconnect attempt 4/5 failed
